scheduler,K,seed,n,quorum,surplus,T,steps,timeouts,decisions,retries,max_ballot,reached_step_cap,safety
uniform-budget-delay,105,1,25,13,12,100,256,1,1,1,2,false,false
uniform-budget-delay,105,2,25,13,12,100,256,1,1,1,2,false,false
uniform-budget-delay,105,3,25,13,12,100,256,1,1,1,2,false,false
uniform-budget-delay,105,4,25,13,12,100,256,1,1,1,2,false,false
uniform-budget-delay,105,5,25,13,12,100,256,1,1,1,2,false,false
uniform-budget-delay,105,6,25,13,12,100,256,1,1,1,2,false,false
uniform-budget-delay,105,7,25,13,12,100,256,1,1,1,2,false,false
uniform-budget-delay,105,8,25,13,12,100,256,1,1,1,2,false,false
uniform-budget-delay,105,9,25,13,12,100,256,1,1,1,2,false,false
uniform-budget-delay,105,10,25,13,12,100,256,1,1,1,2,false,false
uniform-budget-delay,105,11,25,13,12,100,256,1,1,1,2,false,false
uniform-budget-delay,105,12,25,13,12,100,256,1,1,1,2,false,false
uniform-budget-delay,105,13,25,13,12,100,256,1,1,1,2,false,false
uniform-budget-delay,105,14,25,13,12,100,256,1,1,1,2,false,false
uniform-budget-delay,105,15,25,13,12,100,256,1,1,1,2,false,false
uniform-budget-delay,105,16,25,13,12,100,256,1,1,1,2,false,false
uniform-budget-delay,105,17,25,13,12,100,256,1,1,1,2,false,false
uniform-budget-delay,105,18,25,13,12,100,256,1,1,1,2,false,false
uniform-budget-delay,105,19,25,13,12,100,256,1,1,1,2,false,false
uniform-budget-delay,105,20,25,13,12,100,256,1,1,1,2,false,false
uniform-budget-delay,105,21,25,13,12,100,256,1,1,1,2,false,false
uniform-budget-delay,105,22,25,13,12,100,256,1,1,1,2,false,false
uniform-budget-delay,105,23,25,13,12,100,256,1,1,1,2,false,false
uniform-budget-delay,105,24,25,13,12,100,256,1,1,1,2,false,false
uniform-budget-delay,105,25,25,13,12,100,256,1,1,1,2,false,false
uniform-budget-delay,105,26,25,13,12,100,256,1,1,1,2,false,false
uniform-budget-delay,105,27,25,13,12,100,256,1,1,1,2,false,false
uniform-budget-delay,105,28,25,13,12,100,256,1,1,1,2,false,false
uniform-budget-delay,105,29,25,13,12,100,256,1,1,1,2,false,false
uniform-budget-delay,105,30,25,13,12,100,256,1,1,1,2,false,false
uniform-budget-delay,105,31,25,13,12,100,256,1,1,1,2,false,false
uniform-budget-delay,105,32,25,13,12,100,256,1,1,1,2,false,false
uniform-budget-delay,105,33,25,13,12,100,256,1,1,1,2,false,false
uniform-budget-delay,105,34,25,13,12,100,256,1,1,1,2,false,false
uniform-budget-delay,105,35,25,13,12,100,256,1,1,1,2,false,false
uniform-budget-delay,105,36,25,13,12,100,256,1,1,1,2,false,false
uniform-budget-delay,105,37,25,13,12,100,256,1,1,1,2,false,false
uniform-budget-delay,105,38,25,13,12,100,256,1,1,1,2,false,false
uniform-budget-delay,105,39,25,13,12,100,256,1,1,1,2,false,false
uniform-budget-delay,105,40,25,13,12,100,256,1,1,1,2,false,false
uniform-budget-delay,105,41,25,13,12,100,256,1,1,1,2,false,false
uniform-budget-delay,105,42,25,13,12,100,256,1,1,1,2,false,false
uniform-budget-delay,105,43,25,13,12,100,256,1,1,1,2,false,false
uniform-budget-delay,105,44,25,13,12,100,256,1,1,1,2,false,false
uniform-budget-delay,105,45,25,13,12,100,256,1,1,1,2,false,false
uniform-budget-delay,105,46,25,13,12,100,256,1,1,1,2,false,false
uniform-budget-delay,105,47,25,13,12,100,256,1,1,1,2,false,false
uniform-budget-delay,105,48,25,13,12,100,256,1,1,1,2,false,false
uniform-budget-delay,105,49,25,13,12,100,256,1,1,1,2,false,false
uniform-budget-delay,105,50,25,13,12,100,256,1,1,1,2,false,false
uniform-budget-delay,105,51,25,13,12,100,256,1,1,1,2,false,false
uniform-budget-delay,105,52,25,13,12,100,256,1,1,1,2,false,false
uniform-budget-delay,105,53,25,13,12,100,256,1,1,1,2,false,false
uniform-budget-delay,105,54,25,13,12,100,256,1,1,1,2,false,false
uniform-budget-delay,105,55,25,13,12,100,256,1,1,1,2,false,false
uniform-budget-delay,105,56,25,13,12,100,256,1,1,1,2,false,false
uniform-budget-delay,105,57,25,13,12,100,256,1,1,1,2,false,false
uniform-budget-delay,105,58,25,13,12,100,256,1,1,1,2,false,false
uniform-budget-delay,105,59,25,13,12,100,256,1,1,1,2,false,false
uniform-budget-delay,105,60,25,13,12,100,256,1,1,1,2,false,false
uniform-budget-delay,105,61,25,13,12,100,256,1,1,1,2,false,false
uniform-budget-delay,105,62,25,13,12,100,256,1,1,1,2,false,false
uniform-budget-delay,105,63,25,13,12,100,256,1,1,1,2,false,false
uniform-budget-delay,105,64,25,13,12,100,256,1,1,1,2,false,false
uniform-budget-delay,105,65,25,13,12,100,256,1,1,1,2,false,false
uniform-budget-delay,105,66,25,13,12,100,256,1,1,1,2,false,false
uniform-budget-delay,105,67,25,13,12,100,256,1,1,1,2,false,false
uniform-budget-delay,105,68,25,13,12,100,256,1,1,1,2,false,false
uniform-budget-delay,105,69,25,13,12,100,256,1,1,1,2,false,false
uniform-budget-delay,105,70,25,13,12,100,256,1,1,1,2,false,false
uniform-budget-delay,105,71,25,13,12,100,256,1,1,1,2,false,false
uniform-budget-delay,105,72,25,13,12,100,256,1,1,1,2,false,false
uniform-budget-delay,105,73,25,13,12,100,256,1,1,1,2,false,false
uniform-budget-delay,105,74,25,13,12,100,256,1,1,1,2,false,false
uniform-budget-delay,105,75,25,13,12,100,256,1,1,1,2,false,false
uniform-budget-delay,105,76,25,13,12,100,256,1,1,1,2,false,false
uniform-budget-delay,105,77,25,13,12,100,256,1,1,1,2,false,false
uniform-budget-delay,105,78,25,13,12,100,256,1,1,1,2,false,false
uniform-budget-delay,105,79,25,13,12,100,256,1,1,1,2,false,false
uniform-budget-delay,105,80,25,13,12,100,256,1,1,1,2,false,false
uniform-budget-delay,105,81,25,13,12,100,256,1,1,1,2,false,false
uniform-budget-delay,105,82,25,13,12,100,256,1,1,1,2,false,false
uniform-budget-delay,105,83,25,13,12,100,256,1,1,1,2,false,false
uniform-budget-delay,105,84,25,13,12,100,256,1,1,1,2,false,false
uniform-budget-delay,105,85,25,13,12,100,256,1,1,1,2,false,false
uniform-budget-delay,105,86,25,13,12,100,256,1,1,1,2,false,false
uniform-budget-delay,105,87,25,13,12,100,256,1,1,1,2,false,false
uniform-budget-delay,105,88,25,13,12,100,256,1,1,1,2,false,false
uniform-budget-delay,105,89,25,13,12,100,256,1,1,1,2,false,false
uniform-budget-delay,105,90,25,13,12,100,256,1,1,1,2,false,false
uniform-budget-delay,105,91,25,13,12,100,256,1,1,1,2,false,false
uniform-budget-delay,105,92,25,13,12,100,256,1,1,1,2,false,false
uniform-budget-delay,105,93,25,13,12,100,256,1,1,1,2,false,false
uniform-budget-delay,105,94,25,13,12,100,256,1,1,1,2,false,false
uniform-budget-delay,105,95,25,13,12,100,256,1,1,1,2,false,false
uniform-budget-delay,105,96,25,13,12,100,256,1,1,1,2,false,false
uniform-budget-delay,105,97,25,13,12,100,256,1,1,1,2,false,false
uniform-budget-delay,105,98,25,13,12,100,256,1,1,1,2,false,false
uniform-budget-delay,105,99,25,13,12,100,256,1,1,1,2,false,false
uniform-budget-delay,105,100,25,13,12,100,256,1,1,1,2,false,false
uniform-budget-delay,105,101,25,13,12,100,256,1,1,1,2,false,false
uniform-budget-delay,105,102,25,13,12,100,256,1,1,1,2,false,false
uniform-budget-delay,105,103,25,13,12,100,256,1,1,1,2,false,false
uniform-budget-delay,105,104,25,13,12,100,256,1,1,1,2,false,false
uniform-budget-delay,105,105,25,13,12,100,256,1,1,1,2,false,false
uniform-budget-delay,105,106,25,13,12,100,256,1,1,1,2,false,false
uniform-budget-delay,105,107,25,13,12,100,256,1,1,1,2,false,false
uniform-budget-delay,105,108,25,13,12,100,256,1,1,1,2,false,false
uniform-budget-delay,105,109,25,13,12,100,256,1,1,1,2,false,false
uniform-budget-delay,105,110,25,13,12,100,256,1,1,1,2,false,false
uniform-budget-delay,105,111,25,13,12,100,256,1,1,1,2,false,false
uniform-budget-delay,105,112,25,13,12,100,256,1,1,1,2,false,false
uniform-budget-delay,105,113,25,13,12,100,256,1,1,1,2,false,false
uniform-budget-delay,105,114,25,13,12,100,256,1,1,1,2,false,false
uniform-budget-delay,105,115,25,13,12,100,256,1,1,1,2,false,false
uniform-budget-delay,105,116,25,13,12,100,256,1,1,1,2,false,false
uniform-budget-delay,105,117,25,13,12,100,256,1,1,1,2,false,false
uniform-budget-delay,105,118,25,13,12,100,256,1,1,1,2,false,false
uniform-budget-delay,105,119,25,13,12,100,256,1,1,1,2,false,false
uniform-budget-delay,105,120,25,13,12,100,256,1,1,1,2,false,false
uniform-budget-delay,105,121,25,13,12,100,256,1,1,1,2,false,false
uniform-budget-delay,105,122,25,13,12,100,256,1,1,1,2,false,false
uniform-budget-delay,105,123,25,13,12,100,256,1,1,1,2,false,false
uniform-budget-delay,105,124,25,13,12,100,256,1,1,1,2,false,false
uniform-budget-delay,105,125,25,13,12,100,256,1,1,1,2,false,false
uniform-budget-delay,105,126,25,13,12,100,256,1,1,1,2,false,false
uniform-budget-delay,105,127,25,13,12,100,256,1,1,1,2,false,false
uniform-budget-delay,105,128,25,13,12,100,256,1,1,1,2,false,false
uniform-budget-delay,105,129,25,13,12,100,256,1,1,1,2,false,false
uniform-budget-delay,105,130,25,13,12,100,256,1,1,1,2,false,false
uniform-budget-delay,105,131,25,13,12,100,256,1,1,1,2,false,false
uniform-budget-delay,105,132,25,13,12,100,256,1,1,1,2,false,false
uniform-budget-delay,105,133,25,13,12,100,256,1,1,1,2,false,false
uniform-budget-delay,105,134,25,13,12,100,256,1,1,1,2,false,false
uniform-budget-delay,105,135,25,13,12,100,256,1,1,1,2,false,false
uniform-budget-delay,105,136,25,13,12,100,256,1,1,1,2,false,false
uniform-budget-delay,105,137,25,13,12,100,256,1,1,1,2,false,false
uniform-budget-delay,105,138,25,13,12,100,256,1,1,1,2,false,false
uniform-budget-delay,105,139,25,13,12,100,256,1,1,1,2,false,false
uniform-budget-delay,105,140,25,13,12,100,256,1,1,1,2,false,false
uniform-budget-delay,105,141,25,13,12,100,256,1,1,1,2,false,false
uniform-budget-delay,105,142,25,13,12,100,256,1,1,1,2,false,false
uniform-budget-delay,105,143,25,13,12,100,256,1,1,1,2,false,false
uniform-budget-delay,105,144,25,13,12,100,256,1,1,1,2,false,false
uniform-budget-delay,105,145,25,13,12,100,256,1,1,1,2,false,false
uniform-budget-delay,105,146,25,13,12,100,256,1,1,1,2,false,false
uniform-budget-delay,105,147,25,13,12,100,256,1,1,1,2,false,false
uniform-budget-delay,105,148,25,13,12,100,256,1,1,1,2,false,false
uniform-budget-delay,105,149,25,13,12,100,256,1,1,1,2,false,false
uniform-budget-delay,105,150,25,13,12,100,256,1,1,1,2,false,false
uniform-budget-delay,105,151,25,13,12,100,256,1,1,1,2,false,false
uniform-budget-delay,105,152,25,13,12,100,256,1,1,1,2,false,false
uniform-budget-delay,105,153,25,13,12,100,256,1,1,1,2,false,false
uniform-budget-delay,105,154,25,13,12,100,256,1,1,1,2,false,false
uniform-budget-delay,105,155,25,13,12,100,256,1,1,1,2,false,false
uniform-budget-delay,105,156,25,13,12,100,256,1,1,1,2,false,false
uniform-budget-delay,105,157,25,13,12,100,256,1,1,1,2,false,false
uniform-budget-delay,105,158,25,13,12,100,256,1,1,1,2,false,false
uniform-budget-delay,105,159,25,13,12,100,256,1,1,1,2,false,false
uniform-budget-delay,105,160,25,13,12,100,256,1,1,1,2,false,false
uniform-budget-delay,105,161,25,13,12,100,256,1,1,1,2,false,false
uniform-budget-delay,105,162,25,13,12,100,256,1,1,1,2,false,false
uniform-budget-delay,105,163,25,13,12,100,256,1,1,1,2,false,false
uniform-budget-delay,105,164,25,13,12,100,256,1,1,1,2,false,false
uniform-budget-delay,105,165,25,13,12,100,256,1,1,1,2,false,false
uniform-budget-delay,105,166,25,13,12,100,256,1,1,1,2,false,false
uniform-budget-delay,105,167,25,13,12,100,256,1,1,1,2,false,false
uniform-budget-delay,105,168,25,13,12,100,256,1,1,1,2,false,false
uniform-budget-delay,105,169,25,13,12,100,256,1,1,1,2,false,false
uniform-budget-delay,105,170,25,13,12,100,256,1,1,1,2,false,false
uniform-budget-delay,105,171,25,13,12,100,256,1,1,1,2,false,false
uniform-budget-delay,105,172,25,13,12,100,256,1,1,1,2,false,false
uniform-budget-delay,105,173,25,13,12,100,256,1,1,1,2,false,false
uniform-budget-delay,105,174,25,13,12,100,256,1,1,1,2,false,false
uniform-budget-delay,105,175,25,13,12,100,256,1,1,1,2,false,false
uniform-budget-delay,105,176,25,13,12,100,256,1,1,1,2,false,false
uniform-budget-delay,105,177,25,13,12,100,256,1,1,1,2,false,false
uniform-budget-delay,105,178,25,13,12,100,256,1,1,1,2,false,false
uniform-budget-delay,105,179,25,13,12,100,256,1,1,1,2,false,false
uniform-budget-delay,105,180,25,13,12,100,256,1,1,1,2,false,false
uniform-budget-delay,105,181,25,13,12,100,256,1,1,1,2,false,false
uniform-budget-delay,105,182,25,13,12,100,256,1,1,1,2,false,false
uniform-budget-delay,105,183,25,13,12,100,256,1,1,1,2,false,false
uniform-budget-delay,105,184,25,13,12,100,256,1,1,1,2,false,false
uniform-budget-delay,105,185,25,13,12,100,256,1,1,1,2,false,false
uniform-budget-delay,105,186,25,13,12,100,256,1,1,1,2,false,false
uniform-budget-delay,105,187,25,13,12,100,256,1,1,1,2,false,false
uniform-budget-delay,105,188,25,13,12,100,256,1,1,1,2,false,false
uniform-budget-delay,105,189,25,13,12,100,256,1,1,1,2,false,false
uniform-budget-delay,105,190,25,13,12,100,256,1,1,1,2,false,false
uniform-budget-delay,105,191,25,13,12,100,256,1,1,1,2,false,false
uniform-budget-delay,105,192,25,13,12,100,256,1,1,1,2,false,false
uniform-budget-delay,105,193,25,13,12,100,256,1,1,1,2,false,false
uniform-budget-delay,105,194,25,13,12,100,256,1,1,1,2,false,false
uniform-budget-delay,105,195,25,13,12,100,256,1,1,1,2,false,false
uniform-budget-delay,105,196,25,13,12,100,256,1,1,1,2,false,false
uniform-budget-delay,105,197,25,13,12,100,256,1,1,1,2,false,false
uniform-budget-delay,105,198,25,13,12,100,256,1,1,1,2,false,false
uniform-budget-delay,105,199,25,13,12,100,256,1,1,1,2,false,false
uniform-budget-delay,105,200,25,13,12,100,256,1,1,1,2,false,false
progress-aware-quorum-delay,105,1,25,13,12,100,256,1,1,1,2,false,false
progress-aware-quorum-delay,105,2,25,13,12,100,256,1,1,1,2,false,false
progress-aware-quorum-delay,105,3,25,13,12,100,256,1,1,1,2,false,false
progress-aware-quorum-delay,105,4,25,13,12,100,256,1,1,1,2,false,false
progress-aware-quorum-delay,105,5,25,13,12,100,256,1,1,1,2,false,false
progress-aware-quorum-delay,105,6,25,13,12,100,256,1,1,1,2,false,false
progress-aware-quorum-delay,105,7,25,13,12,100,256,1,1,1,2,false,false
progress-aware-quorum-delay,105,8,25,13,12,100,256,1,1,1,2,false,false
progress-aware-quorum-delay,105,9,25,13,12,100,256,1,1,1,2,false,false
progress-aware-quorum-delay,105,10,25,13,12,100,256,1,1,1,2,false,false
progress-aware-quorum-delay,105,11,25,13,12,100,256,1,1,1,2,false,false
progress-aware-quorum-delay,105,12,25,13,12,100,256,1,1,1,2,false,false
progress-aware-quorum-delay,105,13,25,13,12,100,256,1,1,1,2,false,false
progress-aware-quorum-delay,105,14,25,13,12,100,256,1,1,1,2,false,false
progress-aware-quorum-delay,105,15,25,13,12,100,256,1,1,1,2,false,false
progress-aware-quorum-delay,105,16,25,13,12,100,256,1,1,1,2,false,false
progress-aware-quorum-delay,105,17,25,13,12,100,256,1,1,1,2,false,false
progress-aware-quorum-delay,105,18,25,13,12,100,256,1,1,1,2,false,false
progress-aware-quorum-delay,105,19,25,13,12,100,256,1,1,1,2,false,false
progress-aware-quorum-delay,105,20,25,13,12,100,256,1,1,1,2,false,false
progress-aware-quorum-delay,105,21,25,13,12,100,256,1,1,1,2,false,false
progress-aware-quorum-delay,105,22,25,13,12,100,256,1,1,1,2,false,false
progress-aware-quorum-delay,105,23,25,13,12,100,256,1,1,1,2,false,false
progress-aware-quorum-delay,105,24,25,13,12,100,256,1,1,1,2,false,false
progress-aware-quorum-delay,105,25,25,13,12,100,256,1,1,1,2,false,false
progress-aware-quorum-delay,105,26,25,13,12,100,256,1,1,1,2,false,false
progress-aware-quorum-delay,105,27,25,13,12,100,256,1,1,1,2,false,false
progress-aware-quorum-delay,105,28,25,13,12,100,256,1,1,1,2,false,false
progress-aware-quorum-delay,105,29,25,13,12,100,256,1,1,1,2,false,false
progress-aware-quorum-delay,105,30,25,13,12,100,256,1,1,1,2,false,false
progress-aware-quorum-delay,105,31,25,13,12,100,256,1,1,1,2,false,false
progress-aware-quorum-delay,105,32,25,13,12,100,256,1,1,1,2,false,false
progress-aware-quorum-delay,105,33,25,13,12,100,256,1,1,1,2,false,false
progress-aware-quorum-delay,105,34,25,13,12,100,256,1,1,1,2,false,false
progress-aware-quorum-delay,105,35,25,13,12,100,256,1,1,1,2,false,false
progress-aware-quorum-delay,105,36,25,13,12,100,256,1,1,1,2,false,false
progress-aware-quorum-delay,105,37,25,13,12,100,256,1,1,1,2,false,false
progress-aware-quorum-delay,105,38,25,13,12,100,256,1,1,1,2,false,false
progress-aware-quorum-delay,105,39,25,13,12,100,256,1,1,1,2,false,false
progress-aware-quorum-delay,105,40,25,13,12,100,256,1,1,1,2,false,false
progress-aware-quorum-delay,105,41,25,13,12,100,256,1,1,1,2,false,false
progress-aware-quorum-delay,105,42,25,13,12,100,256,1,1,1,2,false,false
progress-aware-quorum-delay,105,43,25,13,12,100,256,1,1,1,2,false,false
progress-aware-quorum-delay,105,44,25,13,12,100,256,1,1,1,2,false,false
progress-aware-quorum-delay,105,45,25,13,12,100,256,1,1,1,2,false,false
progress-aware-quorum-delay,105,46,25,13,12,100,256,1,1,1,2,false,false
progress-aware-quorum-delay,105,47,25,13,12,100,256,1,1,1,2,false,false
progress-aware-quorum-delay,105,48,25,13,12,100,256,1,1,1,2,false,false
progress-aware-quorum-delay,105,49,25,13,12,100,256,1,1,1,2,false,false
progress-aware-quorum-delay,105,50,25,13,12,100,256,1,1,1,2,false,false
progress-aware-quorum-delay,105,51,25,13,12,100,256,1,1,1,2,false,false
progress-aware-quorum-delay,105,52,25,13,12,100,256,1,1,1,2,false,false
progress-aware-quorum-delay,105,53,25,13,12,100,256,1,1,1,2,false,false
progress-aware-quorum-delay,105,54,25,13,12,100,256,1,1,1,2,false,false
progress-aware-quorum-delay,105,55,25,13,12,100,256,1,1,1,2,false,false
progress-aware-quorum-delay,105,56,25,13,12,100,256,1,1,1,2,false,false
progress-aware-quorum-delay,105,57,25,13,12,100,256,1,1,1,2,false,false
progress-aware-quorum-delay,105,58,25,13,12,100,256,1,1,1,2,false,false
progress-aware-quorum-delay,105,59,25,13,12,100,256,1,1,1,2,false,false
progress-aware-quorum-delay,105,60,25,13,12,100,256,1,1,1,2,false,false
progress-aware-quorum-delay,105,61,25,13,12,100,256,1,1,1,2,false,false
progress-aware-quorum-delay,105,62,25,13,12,100,256,1,1,1,2,false,false
progress-aware-quorum-delay,105,63,25,13,12,100,256,1,1,1,2,false,false
progress-aware-quorum-delay,105,64,25,13,12,100,256,1,1,1,2,false,false
progress-aware-quorum-delay,105,65,25,13,12,100,256,1,1,1,2,false,false
progress-aware-quorum-delay,105,66,25,13,12,100,256,1,1,1,2,false,false
progress-aware-quorum-delay,105,67,25,13,12,100,256,1,1,1,2,false,false
progress-aware-quorum-delay,105,68,25,13,12,100,256,1,1,1,2,false,false
progress-aware-quorum-delay,105,69,25,13,12,100,256,1,1,1,2,false,false
progress-aware-quorum-delay,105,70,25,13,12,100,256,1,1,1,2,false,false
progress-aware-quorum-delay,105,71,25,13,12,100,256,1,1,1,2,false,false
progress-aware-quorum-delay,105,72,25,13,12,100,256,1,1,1,2,false,false
progress-aware-quorum-delay,105,73,25,13,12,100,256,1,1,1,2,false,false
progress-aware-quorum-delay,105,74,25,13,12,100,256,1,1,1,2,false,false
progress-aware-quorum-delay,105,75,25,13,12,100,256,1,1,1,2,false,false
progress-aware-quorum-delay,105,76,25,13,12,100,256,1,1,1,2,false,false
progress-aware-quorum-delay,105,77,25,13,12,100,256,1,1,1,2,false,false
progress-aware-quorum-delay,105,78,25,13,12,100,256,1,1,1,2,false,false
progress-aware-quorum-delay,105,79,25,13,12,100,256,1,1,1,2,false,false
progress-aware-quorum-delay,105,80,25,13,12,100,256,1,1,1,2,false,false
progress-aware-quorum-delay,105,81,25,13,12,100,256,1,1,1,2,false,false
progress-aware-quorum-delay,105,82,25,13,12,100,256,1,1,1,2,false,false
progress-aware-quorum-delay,105,83,25,13,12,100,256,1,1,1,2,false,false
progress-aware-quorum-delay,105,84,25,13,12,100,256,1,1,1,2,false,false
progress-aware-quorum-delay,105,85,25,13,12,100,256,1,1,1,2,false,false
progress-aware-quorum-delay,105,86,25,13,12,100,256,1,1,1,2,false,false
progress-aware-quorum-delay,105,87,25,13,12,100,256,1,1,1,2,false,false
progress-aware-quorum-delay,105,88,25,13,12,100,256,1,1,1,2,false,false
progress-aware-quorum-delay,105,89,25,13,12,100,256,1,1,1,2,false,false
progress-aware-quorum-delay,105,90,25,13,12,100,256,1,1,1,2,false,false
progress-aware-quorum-delay,105,91,25,13,12,100,256,1,1,1,2,false,false
progress-aware-quorum-delay,105,92,25,13,12,100,256,1,1,1,2,false,false
progress-aware-quorum-delay,105,93,25,13,12,100,256,1,1,1,2,false,false
progress-aware-quorum-delay,105,94,25,13,12,100,256,1,1,1,2,false,false
progress-aware-quorum-delay,105,95,25,13,12,100,256,1,1,1,2,false,false
progress-aware-quorum-delay,105,96,25,13,12,100,256,1,1,1,2,false,false
progress-aware-quorum-delay,105,97,25,13,12,100,256,1,1,1,2,false,false
progress-aware-quorum-delay,105,98,25,13,12,100,256,1,1,1,2,false,false
progress-aware-quorum-delay,105,99,25,13,12,100,256,1,1,1,2,false,false
progress-aware-quorum-delay,105,100,25,13,12,100,256,1,1,1,2,false,false
progress-aware-quorum-delay,105,101,25,13,12,100,256,1,1,1,2,false,false
progress-aware-quorum-delay,105,102,25,13,12,100,256,1,1,1,2,false,false
progress-aware-quorum-delay,105,103,25,13,12,100,256,1,1,1,2,false,false
progress-aware-quorum-delay,105,104,25,13,12,100,256,1,1,1,2,false,false
progress-aware-quorum-delay,105,105,25,13,12,100,256,1,1,1,2,false,false
progress-aware-quorum-delay,105,106,25,13,12,100,256,1,1,1,2,false,false
progress-aware-quorum-delay,105,107,25,13,12,100,256,1,1,1,2,false,false
progress-aware-quorum-delay,105,108,25,13,12,100,256,1,1,1,2,false,false
progress-aware-quorum-delay,105,109,25,13,12,100,256,1,1,1,2,false,false
progress-aware-quorum-delay,105,110,25,13,12,100,256,1,1,1,2,false,false
progress-aware-quorum-delay,105,111,25,13,12,100,256,1,1,1,2,false,false
progress-aware-quorum-delay,105,112,25,13,12,100,256,1,1,1,2,false,false
progress-aware-quorum-delay,105,113,25,13,12,100,256,1,1,1,2,false,false
progress-aware-quorum-delay,105,114,25,13,12,100,256,1,1,1,2,false,false
progress-aware-quorum-delay,105,115,25,13,12,100,256,1,1,1,2,false,false
progress-aware-quorum-delay,105,116,25,13,12,100,256,1,1,1,2,false,false
progress-aware-quorum-delay,105,117,25,13,12,100,256,1,1,1,2,false,false
progress-aware-quorum-delay,105,118,25,13,12,100,256,1,1,1,2,false,false
progress-aware-quorum-delay,105,119,25,13,12,100,256,1,1,1,2,false,false
progress-aware-quorum-delay,105,120,25,13,12,100,256,1,1,1,2,false,false
progress-aware-quorum-delay,105,121,25,13,12,100,256,1,1,1,2,false,false
progress-aware-quorum-delay,105,122,25,13,12,100,256,1,1,1,2,false,false
progress-aware-quorum-delay,105,123,25,13,12,100,256,1,1,1,2,false,false
progress-aware-quorum-delay,105,124,25,13,12,100,256,1,1,1,2,false,false
progress-aware-quorum-delay,105,125,25,13,12,100,256,1,1,1,2,false,false
progress-aware-quorum-delay,105,126,25,13,12,100,256,1,1,1,2,false,false
progress-aware-quorum-delay,105,127,25,13,12,100,256,1,1,1,2,false,false
progress-aware-quorum-delay,105,128,25,13,12,100,256,1,1,1,2,false,false
progress-aware-quorum-delay,105,129,25,13,12,100,256,1,1,1,2,false,false
progress-aware-quorum-delay,105,130,25,13,12,100,256,1,1,1,2,false,false
progress-aware-quorum-delay,105,131,25,13,12,100,256,1,1,1,2,false,false
progress-aware-quorum-delay,105,132,25,13,12,100,256,1,1,1,2,false,false
progress-aware-quorum-delay,105,133,25,13,12,100,256,1,1,1,2,false,false
progress-aware-quorum-delay,105,134,25,13,12,100,256,1,1,1,2,false,false
progress-aware-quorum-delay,105,135,25,13,12,100,256,1,1,1,2,false,false
progress-aware-quorum-delay,105,136,25,13,12,100,256,1,1,1,2,false,false
progress-aware-quorum-delay,105,137,25,13,12,100,256,1,1,1,2,false,false
progress-aware-quorum-delay,105,138,25,13,12,100,256,1,1,1,2,false,false
progress-aware-quorum-delay,105,139,25,13,12,100,256,1,1,1,2,false,false
progress-aware-quorum-delay,105,140,25,13,12,100,256,1,1,1,2,false,false
progress-aware-quorum-delay,105,141,25,13,12,100,256,1,1,1,2,false,false
progress-aware-quorum-delay,105,142,25,13,12,100,256,1,1,1,2,false,false
progress-aware-quorum-delay,105,143,25,13,12,100,256,1,1,1,2,false,false
progress-aware-quorum-delay,105,144,25,13,12,100,256,1,1,1,2,false,false
progress-aware-quorum-delay,105,145,25,13,12,100,256,1,1,1,2,false,false
progress-aware-quorum-delay,105,146,25,13,12,100,256,1,1,1,2,false,false
progress-aware-quorum-delay,105,147,25,13,12,100,256,1,1,1,2,false,false
progress-aware-quorum-delay,105,148,25,13,12,100,256,1,1,1,2,false,false
progress-aware-quorum-delay,105,149,25,13,12,100,256,1,1,1,2,false,false
progress-aware-quorum-delay,105,150,25,13,12,100,256,1,1,1,2,false,false
progress-aware-quorum-delay,105,151,25,13,12,100,256,1,1,1,2,false,false
progress-aware-quorum-delay,105,152,25,13,12,100,256,1,1,1,2,false,false
progress-aware-quorum-delay,105,153,25,13,12,100,256,1,1,1,2,false,false
progress-aware-quorum-delay,105,154,25,13,12,100,256,1,1,1,2,false,false
progress-aware-quorum-delay,105,155,25,13,12,100,256,1,1,1,2,false,false
progress-aware-quorum-delay,105,156,25,13,12,100,256,1,1,1,2,false,false
progress-aware-quorum-delay,105,157,25,13,12,100,256,1,1,1,2,false,false
progress-aware-quorum-delay,105,158,25,13,12,100,256,1,1,1,2,false,false
progress-aware-quorum-delay,105,159,25,13,12,100,256,1,1,1,2,false,false
progress-aware-quorum-delay,105,160,25,13,12,100,256,1,1,1,2,false,false
progress-aware-quorum-delay,105,161,25,13,12,100,256,1,1,1,2,false,false
progress-aware-quorum-delay,105,162,25,13,12,100,256,1,1,1,2,false,false
progress-aware-quorum-delay,105,163,25,13,12,100,256,1,1,1,2,false,false
progress-aware-quorum-delay,105,164,25,13,12,100,256,1,1,1,2,false,false
progress-aware-quorum-delay,105,165,25,13,12,100,256,1,1,1,2,false,false
progress-aware-quorum-delay,105,166,25,13,12,100,256,1,1,1,2,false,false
progress-aware-quorum-delay,105,167,25,13,12,100,256,1,1,1,2,false,false
progress-aware-quorum-delay,105,168,25,13,12,100,256,1,1,1,2,false,false
progress-aware-quorum-delay,105,169,25,13,12,100,256,1,1,1,2,false,false
progress-aware-quorum-delay,105,170,25,13,12,100,256,1,1,1,2,false,false
progress-aware-quorum-delay,105,171,25,13,12,100,256,1,1,1,2,false,false
progress-aware-quorum-delay,105,172,25,13,12,100,256,1,1,1,2,false,false
progress-aware-quorum-delay,105,173,25,13,12,100,256,1,1,1,2,false,false
progress-aware-quorum-delay,105,174,25,13,12,100,256,1,1,1,2,false,false
progress-aware-quorum-delay,105,175,25,13,12,100,256,1,1,1,2,false,false
progress-aware-quorum-delay,105,176,25,13,12,100,256,1,1,1,2,false,false
progress-aware-quorum-delay,105,177,25,13,12,100,256,1,1,1,2,false,false
progress-aware-quorum-delay,105,178,25,13,12,100,256,1,1,1,2,false,false
progress-aware-quorum-delay,105,179,25,13,12,100,256,1,1,1,2,false,false
progress-aware-quorum-delay,105,180,25,13,12,100,256,1,1,1,2,false,false
progress-aware-quorum-delay,105,181,25,13,12,100,256,1,1,1,2,false,false
progress-aware-quorum-delay,105,182,25,13,12,100,256,1,1,1,2,false,false
progress-aware-quorum-delay,105,183,25,13,12,100,256,1,1,1,2,false,false
progress-aware-quorum-delay,105,184,25,13,12,100,256,1,1,1,2,false,false
progress-aware-quorum-delay,105,185,25,13,12,100,256,1,1,1,2,false,false
progress-aware-quorum-delay,105,186,25,13,12,100,256,1,1,1,2,false,false
progress-aware-quorum-delay,105,187,25,13,12,100,256,1,1,1,2,false,false
progress-aware-quorum-delay,105,188,25,13,12,100,256,1,1,1,2,false,false
progress-aware-quorum-delay,105,189,25,13,12,100,256,1,1,1,2,false,false
progress-aware-quorum-delay,105,190,25,13,12,100,256,1,1,1,2,false,false
progress-aware-quorum-delay,105,191,25,13,12,100,256,1,1,1,2,false,false
progress-aware-quorum-delay,105,192,25,13,12,100,256,1,1,1,2,false,false
progress-aware-quorum-delay,105,193,25,13,12,100,256,1,1,1,2,false,false
progress-aware-quorum-delay,105,194,25,13,12,100,256,1,1,1,2,false,false
progress-aware-quorum-delay,105,195,25,13,12,100,256,1,1,1,2,false,false
progress-aware-quorum-delay,105,196,25,13,12,100,256,1,1,1,2,false,false
progress-aware-quorum-delay,105,197,25,13,12,100,256,1,1,1,2,false,false
progress-aware-quorum-delay,105,198,25,13,12,100,256,1,1,1,2,false,false
progress-aware-quorum-delay,105,199,25,13,12,100,256,1,1,1,2,false,false
progress-aware-quorum-delay,105,200,25,13,12,100,256,1,1,1,2,false,false
uniform-budget-delay,110,1,25,13,12,100,261,1,1,1,2,false,false
uniform-budget-delay,110,2,25,13,12,100,261,1,1,1,2,false,false
uniform-budget-delay,110,3,25,13,12,100,261,1,1,1,2,false,false
uniform-budget-delay,110,4,25,13,12,100,261,1,1,1,2,false,false
uniform-budget-delay,110,5,25,13,12,100,261,1,1,1,2,false,false
uniform-budget-delay,110,6,25,13,12,100,261,1,1,1,2,false,false
uniform-budget-delay,110,7,25,13,12,100,261,1,1,1,2,false,false
uniform-budget-delay,110,8,25,13,12,100,261,1,1,1,2,false,false
uniform-budget-delay,110,9,25,13,12,100,261,1,1,1,2,false,false
uniform-budget-delay,110,10,25,13,12,100,261,1,1,1,2,false,false
uniform-budget-delay,110,11,25,13,12,100,261,1,1,1,2,false,false
uniform-budget-delay,110,12,25,13,12,100,261,1,1,1,2,false,false
uniform-budget-delay,110,13,25,13,12,100,261,1,1,1,2,false,false
uniform-budget-delay,110,14,25,13,12,100,261,1,1,1,2,false,false
uniform-budget-delay,110,15,25,13,12,100,261,1,1,1,2,false,false
uniform-budget-delay,110,16,25,13,12,100,261,1,1,1,2,false,false
uniform-budget-delay,110,17,25,13,12,100,261,1,1,1,2,false,false
uniform-budget-delay,110,18,25,13,12,100,261,1,1,1,2,false,false
uniform-budget-delay,110,19,25,13,12,100,261,1,1,1,2,false,false
uniform-budget-delay,110,20,25,13,12,100,261,1,1,1,2,false,false
uniform-budget-delay,110,21,25,13,12,100,261,1,1,1,2,false,false
uniform-budget-delay,110,22,25,13,12,100,261,1,1,1,2,false,false
uniform-budget-delay,110,23,25,13,12,100,261,1,1,1,2,false,false
uniform-budget-delay,110,24,25,13,12,100,261,1,1,1,2,false,false
uniform-budget-delay,110,25,25,13,12,100,261,1,1,1,2,false,false
uniform-budget-delay,110,26,25,13,12,100,261,1,1,1,2,false,false
uniform-budget-delay,110,27,25,13,12,100,261,1,1,1,2,false,false
uniform-budget-delay,110,28,25,13,12,100,261,1,1,1,2,false,false
uniform-budget-delay,110,29,25,13,12,100,261,1,1,1,2,false,false
uniform-budget-delay,110,30,25,13,12,100,261,1,1,1,2,false,false
uniform-budget-delay,110,31,25,13,12,100,261,1,1,1,2,false,false
uniform-budget-delay,110,32,25,13,12,100,261,1,1,1,2,false,false
uniform-budget-delay,110,33,25,13,12,100,261,1,1,1,2,false,false
uniform-budget-delay,110,34,25,13,12,100,261,1,1,1,2,false,false
uniform-budget-delay,110,35,25,13,12,100,261,1,1,1,2,false,false
uniform-budget-delay,110,36,25,13,12,100,261,1,1,1,2,false,false
uniform-budget-delay,110,37,25,13,12,100,261,1,1,1,2,false,false
uniform-budget-delay,110,38,25,13,12,100,261,1,1,1,2,false,false
uniform-budget-delay,110,39,25,13,12,100,261,1,1,1,2,false,false
uniform-budget-delay,110,40,25,13,12,100,261,1,1,1,2,false,false
uniform-budget-delay,110,41,25,13,12,100,261,1,1,1,2,false,false
uniform-budget-delay,110,42,25,13,12,100,261,1,1,1,2,false,false
uniform-budget-delay,110,43,25,13,12,100,261,1,1,1,2,false,false
uniform-budget-delay,110,44,25,13,12,100,261,1,1,1,2,false,false
uniform-budget-delay,110,45,25,13,12,100,261,1,1,1,2,false,false
uniform-budget-delay,110,46,25,13,12,100,261,1,1,1,2,false,false
uniform-budget-delay,110,47,25,13,12,100,261,1,1,1,2,false,false
uniform-budget-delay,110,48,25,13,12,100,261,1,1,1,2,false,false
uniform-budget-delay,110,49,25,13,12,100,261,1,1,1,2,false,false
uniform-budget-delay,110,50,25,13,12,100,261,1,1,1,2,false,false
uniform-budget-delay,110,51,25,13,12,100,261,1,1,1,2,false,false
uniform-budget-delay,110,52,25,13,12,100,261,1,1,1,2,false,false
uniform-budget-delay,110,53,25,13,12,100,261,1,1,1,2,false,false
uniform-budget-delay,110,54,25,13,12,100,261,1,1,1,2,false,false
uniform-budget-delay,110,55,25,13,12,100,261,1,1,1,2,false,false
uniform-budget-delay,110,56,25,13,12,100,261,1,1,1,2,false,false
uniform-budget-delay,110,57,25,13,12,100,261,1,1,1,2,false,false
uniform-budget-delay,110,58,25,13,12,100,261,1,1,1,2,false,false
uniform-budget-delay,110,59,25,13,12,100,261,1,1,1,2,false,false
uniform-budget-delay,110,60,25,13,12,100,261,1,1,1,2,false,false
uniform-budget-delay,110,61,25,13,12,100,261,1,1,1,2,false,false
uniform-budget-delay,110,62,25,13,12,100,261,1,1,1,2,false,false
uniform-budget-delay,110,63,25,13,12,100,261,1,1,1,2,false,false
uniform-budget-delay,110,64,25,13,12,100,261,1,1,1,2,false,false
uniform-budget-delay,110,65,25,13,12,100,261,1,1,1,2,false,false
uniform-budget-delay,110,66,25,13,12,100,261,1,1,1,2,false,false
uniform-budget-delay,110,67,25,13,12,100,261,1,1,1,2,false,false
uniform-budget-delay,110,68,25,13,12,100,261,1,1,1,2,false,false
uniform-budget-delay,110,69,25,13,12,100,261,1,1,1,2,false,false
uniform-budget-delay,110,70,25,13,12,100,261,1,1,1,2,false,false
uniform-budget-delay,110,71,25,13,12,100,261,1,1,1,2,false,false
uniform-budget-delay,110,72,25,13,12,100,261,1,1,1,2,false,false
uniform-budget-delay,110,73,25,13,12,100,261,1,1,1,2,false,false
uniform-budget-delay,110,74,25,13,12,100,261,1,1,1,2,false,false
uniform-budget-delay,110,75,25,13,12,100,261,1,1,1,2,false,false
uniform-budget-delay,110,76,25,13,12,100,261,1,1,1,2,false,false
uniform-budget-delay,110,77,25,13,12,100,261,1,1,1,2,false,false
uniform-budget-delay,110,78,25,13,12,100,261,1,1,1,2,false,false
uniform-budget-delay,110,79,25,13,12,100,261,1,1,1,2,false,false
uniform-budget-delay,110,80,25,13,12,100,261,1,1,1,2,false,false
uniform-budget-delay,110,81,25,13,12,100,261,1,1,1,2,false,false
uniform-budget-delay,110,82,25,13,12,100,261,1,1,1,2,false,false
uniform-budget-delay,110,83,25,13,12,100,261,1,1,1,2,false,false
uniform-budget-delay,110,84,25,13,12,100,261,1,1,1,2,false,false
uniform-budget-delay,110,85,25,13,12,100,261,1,1,1,2,false,false
uniform-budget-delay,110,86,25,13,12,100,261,1,1,1,2,false,false
uniform-budget-delay,110,87,25,13,12,100,261,1,1,1,2,false,false
uniform-budget-delay,110,88,25,13,12,100,261,1,1,1,2,false,false
uniform-budget-delay,110,89,25,13,12,100,261,1,1,1,2,false,false
uniform-budget-delay,110,90,25,13,12,100,261,1,1,1,2,false,false
uniform-budget-delay,110,91,25,13,12,100,261,1,1,1,2,false,false
uniform-budget-delay,110,92,25,13,12,100,261,1,1,1,2,false,false
uniform-budget-delay,110,93,25,13,12,100,261,1,1,1,2,false,false
uniform-budget-delay,110,94,25,13,12,100,261,1,1,1,2,false,false
uniform-budget-delay,110,95,25,13,12,100,261,1,1,1,2,false,false
uniform-budget-delay,110,96,25,13,12,100,261,1,1,1,2,false,false
uniform-budget-delay,110,97,25,13,12,100,261,1,1,1,2,false,false
uniform-budget-delay,110,98,25,13,12,100,261,1,1,1,2,false,false
uniform-budget-delay,110,99,25,13,12,100,261,1,1,1,2,false,false
uniform-budget-delay,110,100,25,13,12,100,261,1,1,1,2,false,false
uniform-budget-delay,110,101,25,13,12,100,261,1,1,1,2,false,false
uniform-budget-delay,110,102,25,13,12,100,261,1,1,1,2,false,false
uniform-budget-delay,110,103,25,13,12,100,261,1,1,1,2,false,false
uniform-budget-delay,110,104,25,13,12,100,261,1,1,1,2,false,false
uniform-budget-delay,110,105,25,13,12,100,261,1,1,1,2,false,false
uniform-budget-delay,110,106,25,13,12,100,261,1,1,1,2,false,false
uniform-budget-delay,110,107,25,13,12,100,261,1,1,1,2,false,false
uniform-budget-delay,110,108,25,13,12,100,261,1,1,1,2,false,false
uniform-budget-delay,110,109,25,13,12,100,261,1,1,1,2,false,false
uniform-budget-delay,110,110,25,13,12,100,261,1,1,1,2,false,false
uniform-budget-delay,110,111,25,13,12,100,261,1,1,1,2,false,false
uniform-budget-delay,110,112,25,13,12,100,261,1,1,1,2,false,false
uniform-budget-delay,110,113,25,13,12,100,261,1,1,1,2,false,false
uniform-budget-delay,110,114,25,13,12,100,261,1,1,1,2,false,false
uniform-budget-delay,110,115,25,13,12,100,261,1,1,1,2,false,false
uniform-budget-delay,110,116,25,13,12,100,261,1,1,1,2,false,false
uniform-budget-delay,110,117,25,13,12,100,261,1,1,1,2,false,false
uniform-budget-delay,110,118,25,13,12,100,261,1,1,1,2,false,false
uniform-budget-delay,110,119,25,13,12,100,261,1,1,1,2,false,false
uniform-budget-delay,110,120,25,13,12,100,261,1,1,1,2,false,false
uniform-budget-delay,110,121,25,13,12,100,261,1,1,1,2,false,false
uniform-budget-delay,110,122,25,13,12,100,261,1,1,1,2,false,false
uniform-budget-delay,110,123,25,13,12,100,261,1,1,1,2,false,false
uniform-budget-delay,110,124,25,13,12,100,261,1,1,1,2,false,false
uniform-budget-delay,110,125,25,13,12,100,261,1,1,1,2,false,false
uniform-budget-delay,110,126,25,13,12,100,261,1,1,1,2,false,false
uniform-budget-delay,110,127,25,13,12,100,261,1,1,1,2,false,false
uniform-budget-delay,110,128,25,13,12,100,261,1,1,1,2,false,false
uniform-budget-delay,110,129,25,13,12,100,261,1,1,1,2,false,false
uniform-budget-delay,110,130,25,13,12,100,261,1,1,1,2,false,false
uniform-budget-delay,110,131,25,13,12,100,261,1,1,1,2,false,false
uniform-budget-delay,110,132,25,13,12,100,261,1,1,1,2,false,false
uniform-budget-delay,110,133,25,13,12,100,261,1,1,1,2,false,false
uniform-budget-delay,110,134,25,13,12,100,261,1,1,1,2,false,false
uniform-budget-delay,110,135,25,13,12,100,261,1,1,1,2,false,false
uniform-budget-delay,110,136,25,13,12,100,261,1,1,1,2,false,false
uniform-budget-delay,110,137,25,13,12,100,261,1,1,1,2,false,false
uniform-budget-delay,110,138,25,13,12,100,261,1,1,1,2,false,false
uniform-budget-delay,110,139,25,13,12,100,261,1,1,1,2,false,false
uniform-budget-delay,110,140,25,13,12,100,261,1,1,1,2,false,false
uniform-budget-delay,110,141,25,13,12,100,261,1,1,1,2,false,false
uniform-budget-delay,110,142,25,13,12,100,261,1,1,1,2,false,false
uniform-budget-delay,110,143,25,13,12,100,261,1,1,1,2,false,false
uniform-budget-delay,110,144,25,13,12,100,261,1,1,1,2,false,false
uniform-budget-delay,110,145,25,13,12,100,261,1,1,1,2,false,false
uniform-budget-delay,110,146,25,13,12,100,261,1,1,1,2,false,false
uniform-budget-delay,110,147,25,13,12,100,261,1,1,1,2,false,false
uniform-budget-delay,110,148,25,13,12,100,261,1,1,1,2,false,false
uniform-budget-delay,110,149,25,13,12,100,261,1,1,1,2,false,false
uniform-budget-delay,110,150,25,13,12,100,261,1,1,1,2,false,false
uniform-budget-delay,110,151,25,13,12,100,261,1,1,1,2,false,false
uniform-budget-delay,110,152,25,13,12,100,261,1,1,1,2,false,false
uniform-budget-delay,110,153,25,13,12,100,261,1,1,1,2,false,false
uniform-budget-delay,110,154,25,13,12,100,261,1,1,1,2,false,false
uniform-budget-delay,110,155,25,13,12,100,261,1,1,1,2,false,false
uniform-budget-delay,110,156,25,13,12,100,261,1,1,1,2,false,false
uniform-budget-delay,110,157,25,13,12,100,261,1,1,1,2,false,false
uniform-budget-delay,110,158,25,13,12,100,261,1,1,1,2,false,false
uniform-budget-delay,110,159,25,13,12,100,261,1,1,1,2,false,false
uniform-budget-delay,110,160,25,13,12,100,261,1,1,1,2,false,false
uniform-budget-delay,110,161,25,13,12,100,261,1,1,1,2,false,false
uniform-budget-delay,110,162,25,13,12,100,261,1,1,1,2,false,false
uniform-budget-delay,110,163,25,13,12,100,261,1,1,1,2,false,false
uniform-budget-delay,110,164,25,13,12,100,261,1,1,1,2,false,false
uniform-budget-delay,110,165,25,13,12,100,261,1,1,1,2,false,false
uniform-budget-delay,110,166,25,13,12,100,261,1,1,1,2,false,false
uniform-budget-delay,110,167,25,13,12,100,261,1,1,1,2,false,false
uniform-budget-delay,110,168,25,13,12,100,261,1,1,1,2,false,false
uniform-budget-delay,110,169,25,13,12,100,261,1,1,1,2,false,false
uniform-budget-delay,110,170,25,13,12,100,261,1,1,1,2,false,false
uniform-budget-delay,110,171,25,13,12,100,261,1,1,1,2,false,false
uniform-budget-delay,110,172,25,13,12,100,261,1,1,1,2,false,false
uniform-budget-delay,110,173,25,13,12,100,261,1,1,1,2,false,false
uniform-budget-delay,110,174,25,13,12,100,261,1,1,1,2,false,false
uniform-budget-delay,110,175,25,13,12,100,261,1,1,1,2,false,false
uniform-budget-delay,110,176,25,13,12,100,261,1,1,1,2,false,false
uniform-budget-delay,110,177,25,13,12,100,261,1,1,1,2,false,false
uniform-budget-delay,110,178,25,13,12,100,261,1,1,1,2,false,false
uniform-budget-delay,110,179,25,13,12,100,261,1,1,1,2,false,false
uniform-budget-delay,110,180,25,13,12,100,261,1,1,1,2,false,false
uniform-budget-delay,110,181,25,13,12,100,261,1,1,1,2,false,false
uniform-budget-delay,110,182,25,13,12,100,261,1,1,1,2,false,false
uniform-budget-delay,110,183,25,13,12,100,261,1,1,1,2,false,false
uniform-budget-delay,110,184,25,13,12,100,261,1,1,1,2,false,false
uniform-budget-delay,110,185,25,13,12,100,261,1,1,1,2,false,false
uniform-budget-delay,110,186,25,13,12,100,261,1,1,1,2,false,false
uniform-budget-delay,110,187,25,13,12,100,261,1,1,1,2,false,false
uniform-budget-delay,110,188,25,13,12,100,261,1,1,1,2,false,false
uniform-budget-delay,110,189,25,13,12,100,261,1,1,1,2,false,false
uniform-budget-delay,110,190,25,13,12,100,261,1,1,1,2,false,false
uniform-budget-delay,110,191,25,13,12,100,261,1,1,1,2,false,false
uniform-budget-delay,110,192,25,13,12,100,261,1,1,1,2,false,false
uniform-budget-delay,110,193,25,13,12,100,261,1,1,1,2,false,false
uniform-budget-delay,110,194,25,13,12,100,261,1,1,1,2,false,false
uniform-budget-delay,110,195,25,13,12,100,261,1,1,1,2,false,false
uniform-budget-delay,110,196,25,13,12,100,261,1,1,1,2,false,false
uniform-budget-delay,110,197,25,13,12,100,261,1,1,1,2,false,false
uniform-budget-delay,110,198,25,13,12,100,261,1,1,1,2,false,false
uniform-budget-delay,110,199,25,13,12,100,261,1,1,1,2,false,false
uniform-budget-delay,110,200,25,13,12,100,261,1,1,1,2,false,false
progress-aware-quorum-delay,110,1,25,13,12,100,261,1,1,1,2,false,false
progress-aware-quorum-delay,110,2,25,13,12,100,261,1,1,1,2,false,false
progress-aware-quorum-delay,110,3,25,13,12,100,261,1,1,1,2,false,false
progress-aware-quorum-delay,110,4,25,13,12,100,261,1,1,1,2,false,false
progress-aware-quorum-delay,110,5,25,13,12,100,261,1,1,1,2,false,false
progress-aware-quorum-delay,110,6,25,13,12,100,261,1,1,1,2,false,false
progress-aware-quorum-delay,110,7,25,13,12,100,261,1,1,1,2,false,false
progress-aware-quorum-delay,110,8,25,13,12,100,261,1,1,1,2,false,false
progress-aware-quorum-delay,110,9,25,13,12,100,261,1,1,1,2,false,false
progress-aware-quorum-delay,110,10,25,13,12,100,261,1,1,1,2,false,false
progress-aware-quorum-delay,110,11,25,13,12,100,261,1,1,1,2,false,false
progress-aware-quorum-delay,110,12,25,13,12,100,261,1,1,1,2,false,false
progress-aware-quorum-delay,110,13,25,13,12,100,261,1,1,1,2,false,false
progress-aware-quorum-delay,110,14,25,13,12,100,261,1,1,1,2,false,false
progress-aware-quorum-delay,110,15,25,13,12,100,261,1,1,1,2,false,false
progress-aware-quorum-delay,110,16,25,13,12,100,261,1,1,1,2,false,false
progress-aware-quorum-delay,110,17,25,13,12,100,261,1,1,1,2,false,false
progress-aware-quorum-delay,110,18,25,13,12,100,261,1,1,1,2,false,false
progress-aware-quorum-delay,110,19,25,13,12,100,261,1,1,1,2,false,false
progress-aware-quorum-delay,110,20,25,13,12,100,261,1,1,1,2,false,false
progress-aware-quorum-delay,110,21,25,13,12,100,261,1,1,1,2,false,false
progress-aware-quorum-delay,110,22,25,13,12,100,261,1,1,1,2,false,false
progress-aware-quorum-delay,110,23,25,13,12,100,261,1,1,1,2,false,false
progress-aware-quorum-delay,110,24,25,13,12,100,261,1,1,1,2,false,false
progress-aware-quorum-delay,110,25,25,13,12,100,261,1,1,1,2,false,false
progress-aware-quorum-delay,110,26,25,13,12,100,261,1,1,1,2,false,false
progress-aware-quorum-delay,110,27,25,13,12,100,261,1,1,1,2,false,false
progress-aware-quorum-delay,110,28,25,13,12,100,261,1,1,1,2,false,false
progress-aware-quorum-delay,110,29,25,13,12,100,261,1,1,1,2,false,false
progress-aware-quorum-delay,110,30,25,13,12,100,261,1,1,1,2,false,false
progress-aware-quorum-delay,110,31,25,13,12,100,261,1,1,1,2,false,false
progress-aware-quorum-delay,110,32,25,13,12,100,261,1,1,1,2,false,false
progress-aware-quorum-delay,110,33,25,13,12,100,261,1,1,1,2,false,false
progress-aware-quorum-delay,110,34,25,13,12,100,261,1,1,1,2,false,false
progress-aware-quorum-delay,110,35,25,13,12,100,261,1,1,1,2,false,false
progress-aware-quorum-delay,110,36,25,13,12,100,261,1,1,1,2,false,false
progress-aware-quorum-delay,110,37,25,13,12,100,261,1,1,1,2,false,false
progress-aware-quorum-delay,110,38,25,13,12,100,261,1,1,1,2,false,false
progress-aware-quorum-delay,110,39,25,13,12,100,261,1,1,1,2,false,false
progress-aware-quorum-delay,110,40,25,13,12,100,261,1,1,1,2,false,false
progress-aware-quorum-delay,110,41,25,13,12,100,261,1,1,1,2,false,false
progress-aware-quorum-delay,110,42,25,13,12,100,261,1,1,1,2,false,false
progress-aware-quorum-delay,110,43,25,13,12,100,261,1,1,1,2,false,false
progress-aware-quorum-delay,110,44,25,13,12,100,261,1,1,1,2,false,false
progress-aware-quorum-delay,110,45,25,13,12,100,261,1,1,1,2,false,false
progress-aware-quorum-delay,110,46,25,13,12,100,261,1,1,1,2,false,false
progress-aware-quorum-delay,110,47,25,13,12,100,261,1,1,1,2,false,false
progress-aware-quorum-delay,110,48,25,13,12,100,261,1,1,1,2,false,false
progress-aware-quorum-delay,110,49,25,13,12,100,261,1,1,1,2,false,false
progress-aware-quorum-delay,110,50,25,13,12,100,261,1,1,1,2,false,false
progress-aware-quorum-delay,110,51,25,13,12,100,261,1,1,1,2,false,false
progress-aware-quorum-delay,110,52,25,13,12,100,261,1,1,1,2,false,false
progress-aware-quorum-delay,110,53,25,13,12,100,261,1,1,1,2,false,false
progress-aware-quorum-delay,110,54,25,13,12,100,261,1,1,1,2,false,false
progress-aware-quorum-delay,110,55,25,13,12,100,261,1,1,1,2,false,false
progress-aware-quorum-delay,110,56,25,13,12,100,261,1,1,1,2,false,false
progress-aware-quorum-delay,110,57,25,13,12,100,261,1,1,1,2,false,false
progress-aware-quorum-delay,110,58,25,13,12,100,261,1,1,1,2,false,false
progress-aware-quorum-delay,110,59,25,13,12,100,261,1,1,1,2,false,false
progress-aware-quorum-delay,110,60,25,13,12,100,261,1,1,1,2,false,false
progress-aware-quorum-delay,110,61,25,13,12,100,261,1,1,1,2,false,false
progress-aware-quorum-delay,110,62,25,13,12,100,261,1,1,1,2,false,false
progress-aware-quorum-delay,110,63,25,13,12,100,261,1,1,1,2,false,false
progress-aware-quorum-delay,110,64,25,13,12,100,261,1,1,1,2,false,false
progress-aware-quorum-delay,110,65,25,13,12,100,261,1,1,1,2,false,false
progress-aware-quorum-delay,110,66,25,13,12,100,261,1,1,1,2,false,false
progress-aware-quorum-delay,110,67,25,13,12,100,261,1,1,1,2,false,false
progress-aware-quorum-delay,110,68,25,13,12,100,261,1,1,1,2,false,false
progress-aware-quorum-delay,110,69,25,13,12,100,261,1,1,1,2,false,false
progress-aware-quorum-delay,110,70,25,13,12,100,261,1,1,1,2,false,false
progress-aware-quorum-delay,110,71,25,13,12,100,261,1,1,1,2,false,false
progress-aware-quorum-delay,110,72,25,13,12,100,261,1,1,1,2,false,false
progress-aware-quorum-delay,110,73,25,13,12,100,261,1,1,1,2,false,false
progress-aware-quorum-delay,110,74,25,13,12,100,261,1,1,1,2,false,false
progress-aware-quorum-delay,110,75,25,13,12,100,261,1,1,1,2,false,false
progress-aware-quorum-delay,110,76,25,13,12,100,261,1,1,1,2,false,false
progress-aware-quorum-delay,110,77,25,13,12,100,261,1,1,1,2,false,false
progress-aware-quorum-delay,110,78,25,13,12,100,261,1,1,1,2,false,false
progress-aware-quorum-delay,110,79,25,13,12,100,261,1,1,1,2,false,false
progress-aware-quorum-delay,110,80,25,13,12,100,261,1,1,1,2,false,false
progress-aware-quorum-delay,110,81,25,13,12,100,261,1,1,1,2,false,false
progress-aware-quorum-delay,110,82,25,13,12,100,261,1,1,1,2,false,false
progress-aware-quorum-delay,110,83,25,13,12,100,261,1,1,1,2,false,false
progress-aware-quorum-delay,110,84,25,13,12,100,261,1,1,1,2,false,false
progress-aware-quorum-delay,110,85,25,13,12,100,261,1,1,1,2,false,false
progress-aware-quorum-delay,110,86,25,13,12,100,261,1,1,1,2,false,false
progress-aware-quorum-delay,110,87,25,13,12,100,261,1,1,1,2,false,false
progress-aware-quorum-delay,110,88,25,13,12,100,261,1,1,1,2,false,false
progress-aware-quorum-delay,110,89,25,13,12,100,261,1,1,1,2,false,false
progress-aware-quorum-delay,110,90,25,13,12,100,261,1,1,1,2,false,false
progress-aware-quorum-delay,110,91,25,13,12,100,261,1,1,1,2,false,false
progress-aware-quorum-delay,110,92,25,13,12,100,261,1,1,1,2,false,false
progress-aware-quorum-delay,110,93,25,13,12,100,261,1,1,1,2,false,false
progress-aware-quorum-delay,110,94,25,13,12,100,261,1,1,1,2,false,false
progress-aware-quorum-delay,110,95,25,13,12,100,261,1,1,1,2,false,false
progress-aware-quorum-delay,110,96,25,13,12,100,261,1,1,1,2,false,false
progress-aware-quorum-delay,110,97,25,13,12,100,261,1,1,1,2,false,false
progress-aware-quorum-delay,110,98,25,13,12,100,261,1,1,1,2,false,false
progress-aware-quorum-delay,110,99,25,13,12,100,261,1,1,1,2,false,false
progress-aware-quorum-delay,110,100,25,13,12,100,261,1,1,1,2,false,false
progress-aware-quorum-delay,110,101,25,13,12,100,261,1,1,1,2,false,false
progress-aware-quorum-delay,110,102,25,13,12,100,261,1,1,1,2,false,false
progress-aware-quorum-delay,110,103,25,13,12,100,261,1,1,1,2,false,false
progress-aware-quorum-delay,110,104,25,13,12,100,261,1,1,1,2,false,false
progress-aware-quorum-delay,110,105,25,13,12,100,261,1,1,1,2,false,false
progress-aware-quorum-delay,110,106,25,13,12,100,261,1,1,1,2,false,false
progress-aware-quorum-delay,110,107,25,13,12,100,261,1,1,1,2,false,false
progress-aware-quorum-delay,110,108,25,13,12,100,261,1,1,1,2,false,false
progress-aware-quorum-delay,110,109,25,13,12,100,261,1,1,1,2,false,false
progress-aware-quorum-delay,110,110,25,13,12,100,261,1,1,1,2,false,false
progress-aware-quorum-delay,110,111,25,13,12,100,261,1,1,1,2,false,false
progress-aware-quorum-delay,110,112,25,13,12,100,261,1,1,1,2,false,false
progress-aware-quorum-delay,110,113,25,13,12,100,261,1,1,1,2,false,false
progress-aware-quorum-delay,110,114,25,13,12,100,261,1,1,1,2,false,false
progress-aware-quorum-delay,110,115,25,13,12,100,261,1,1,1,2,false,false
progress-aware-quorum-delay,110,116,25,13,12,100,261,1,1,1,2,false,false
progress-aware-quorum-delay,110,117,25,13,12,100,261,1,1,1,2,false,false
progress-aware-quorum-delay,110,118,25,13,12,100,261,1,1,1,2,false,false
progress-aware-quorum-delay,110,119,25,13,12,100,261,1,1,1,2,false,false
progress-aware-quorum-delay,110,120,25,13,12,100,261,1,1,1,2,false,false
progress-aware-quorum-delay,110,121,25,13,12,100,261,1,1,1,2,false,false
progress-aware-quorum-delay,110,122,25,13,12,100,261,1,1,1,2,false,false
progress-aware-quorum-delay,110,123,25,13,12,100,261,1,1,1,2,false,false
progress-aware-quorum-delay,110,124,25,13,12,100,261,1,1,1,2,false,false
progress-aware-quorum-delay,110,125,25,13,12,100,261,1,1,1,2,false,false
progress-aware-quorum-delay,110,126,25,13,12,100,261,1,1,1,2,false,false
progress-aware-quorum-delay,110,127,25,13,12,100,261,1,1,1,2,false,false
progress-aware-quorum-delay,110,128,25,13,12,100,261,1,1,1,2,false,false
progress-aware-quorum-delay,110,129,25,13,12,100,261,1,1,1,2,false,false
progress-aware-quorum-delay,110,130,25,13,12,100,261,1,1,1,2,false,false
progress-aware-quorum-delay,110,131,25,13,12,100,261,1,1,1,2,false,false
progress-aware-quorum-delay,110,132,25,13,12,100,261,1,1,1,2,false,false
progress-aware-quorum-delay,110,133,25,13,12,100,261,1,1,1,2,false,false
progress-aware-quorum-delay,110,134,25,13,12,100,261,1,1,1,2,false,false
progress-aware-quorum-delay,110,135,25,13,12,100,261,1,1,1,2,false,false
progress-aware-quorum-delay,110,136,25,13,12,100,261,1,1,1,2,false,false
progress-aware-quorum-delay,110,137,25,13,12,100,261,1,1,1,2,false,false
progress-aware-quorum-delay,110,138,25,13,12,100,261,1,1,1,2,false,false
progress-aware-quorum-delay,110,139,25,13,12,100,261,1,1,1,2,false,false
progress-aware-quorum-delay,110,140,25,13,12,100,261,1,1,1,2,false,false
progress-aware-quorum-delay,110,141,25,13,12,100,261,1,1,1,2,false,false
progress-aware-quorum-delay,110,142,25,13,12,100,261,1,1,1,2,false,false
progress-aware-quorum-delay,110,143,25,13,12,100,261,1,1,1,2,false,false
progress-aware-quorum-delay,110,144,25,13,12,100,261,1,1,1,2,false,false
progress-aware-quorum-delay,110,145,25,13,12,100,261,1,1,1,2,false,false
progress-aware-quorum-delay,110,146,25,13,12,100,261,1,1,1,2,false,false
progress-aware-quorum-delay,110,147,25,13,12,100,261,1,1,1,2,false,false
progress-aware-quorum-delay,110,148,25,13,12,100,261,1,1,1,2,false,false
progress-aware-quorum-delay,110,149,25,13,12,100,261,1,1,1,2,false,false
progress-aware-quorum-delay,110,150,25,13,12,100,261,1,1,1,2,false,false
progress-aware-quorum-delay,110,151,25,13,12,100,261,1,1,1,2,false,false
progress-aware-quorum-delay,110,152,25,13,12,100,261,1,1,1,2,false,false
progress-aware-quorum-delay,110,153,25,13,12,100,261,1,1,1,2,false,false
progress-aware-quorum-delay,110,154,25,13,12,100,261,1,1,1,2,false,false
progress-aware-quorum-delay,110,155,25,13,12,100,261,1,1,1,2,false,false
progress-aware-quorum-delay,110,156,25,13,12,100,261,1,1,1,2,false,false
progress-aware-quorum-delay,110,157,25,13,12,100,261,1,1,1,2,false,false
progress-aware-quorum-delay,110,158,25,13,12,100,261,1,1,1,2,false,false
progress-aware-quorum-delay,110,159,25,13,12,100,261,1,1,1,2,false,false
progress-aware-quorum-delay,110,160,25,13,12,100,261,1,1,1,2,false,false
progress-aware-quorum-delay,110,161,25,13,12,100,261,1,1,1,2,false,false
progress-aware-quorum-delay,110,162,25,13,12,100,261,1,1,1,2,false,false
progress-aware-quorum-delay,110,163,25,13,12,100,261,1,1,1,2,false,false
progress-aware-quorum-delay,110,164,25,13,12,100,261,1,1,1,2,false,false
progress-aware-quorum-delay,110,165,25,13,12,100,261,1,1,1,2,false,false
progress-aware-quorum-delay,110,166,25,13,12,100,261,1,1,1,2,false,false
progress-aware-quorum-delay,110,167,25,13,12,100,261,1,1,1,2,false,false
progress-aware-quorum-delay,110,168,25,13,12,100,261,1,1,1,2,false,false
progress-aware-quorum-delay,110,169,25,13,12,100,261,1,1,1,2,false,false
progress-aware-quorum-delay,110,170,25,13,12,100,261,1,1,1,2,false,false
progress-aware-quorum-delay,110,171,25,13,12,100,261,1,1,1,2,false,false
progress-aware-quorum-delay,110,172,25,13,12,100,261,1,1,1,2,false,false
progress-aware-quorum-delay,110,173,25,13,12,100,261,1,1,1,2,false,false
progress-aware-quorum-delay,110,174,25,13,12,100,261,1,1,1,2,false,false
progress-aware-quorum-delay,110,175,25,13,12,100,261,1,1,1,2,false,false
progress-aware-quorum-delay,110,176,25,13,12,100,261,1,1,1,2,false,false
progress-aware-quorum-delay,110,177,25,13,12,100,261,1,1,1,2,false,false
progress-aware-quorum-delay,110,178,25,13,12,100,261,1,1,1,2,false,false
progress-aware-quorum-delay,110,179,25,13,12,100,261,1,1,1,2,false,false
progress-aware-quorum-delay,110,180,25,13,12,100,261,1,1,1,2,false,false
progress-aware-quorum-delay,110,181,25,13,12,100,261,1,1,1,2,false,false
progress-aware-quorum-delay,110,182,25,13,12,100,261,1,1,1,2,false,false
progress-aware-quorum-delay,110,183,25,13,12,100,261,1,1,1,2,false,false
progress-aware-quorum-delay,110,184,25,13,12,100,261,1,1,1,2,false,false
progress-aware-quorum-delay,110,185,25,13,12,100,261,1,1,1,2,false,false
progress-aware-quorum-delay,110,186,25,13,12,100,261,1,1,1,2,false,false
progress-aware-quorum-delay,110,187,25,13,12,100,261,1,1,1,2,false,false
progress-aware-quorum-delay,110,188,25,13,12,100,261,1,1,1,2,false,false
progress-aware-quorum-delay,110,189,25,13,12,100,261,1,1,1,2,false,false
progress-aware-quorum-delay,110,190,25,13,12,100,261,1,1,1,2,false,false
progress-aware-quorum-delay,110,191,25,13,12,100,261,1,1,1,2,false,false
progress-aware-quorum-delay,110,192,25,13,12,100,261,1,1,1,2,false,false
progress-aware-quorum-delay,110,193,25,13,12,100,261,1,1,1,2,false,false
progress-aware-quorum-delay,110,194,25,13,12,100,261,1,1,1,2,false,false
progress-aware-quorum-delay,110,195,25,13,12,100,261,1,1,1,2,false,false
progress-aware-quorum-delay,110,196,25,13,12,100,261,1,1,1,2,false,false
progress-aware-quorum-delay,110,197,25,13,12,100,261,1,1,1,2,false,false
progress-aware-quorum-delay,110,198,25,13,12,100,261,1,1,1,2,false,false
progress-aware-quorum-delay,110,199,25,13,12,100,261,1,1,1,2,false,false
progress-aware-quorum-delay,110,200,25,13,12,100,261,1,1,1,2,false,false
uniform-budget-delay,115,1,25,13,12,100,266,1,1,1,2,false,false
uniform-budget-delay,115,2,25,13,12,100,266,1,1,1,2,false,false
uniform-budget-delay,115,3,25,13,12,100,266,1,1,1,2,false,false
uniform-budget-delay,115,4,25,13,12,100,266,1,1,1,2,false,false
uniform-budget-delay,115,5,25,13,12,100,266,1,1,1,2,false,false
uniform-budget-delay,115,6,25,13,12,100,266,1,1,1,2,false,false
uniform-budget-delay,115,7,25,13,12,100,266,1,1,1,2,false,false
uniform-budget-delay,115,8,25,13,12,100,266,1,1,1,2,false,false
uniform-budget-delay,115,9,25,13,12,100,266,1,1,1,2,false,false
uniform-budget-delay,115,10,25,13,12,100,266,1,1,1,2,false,false
uniform-budget-delay,115,11,25,13,12,100,266,1,1,1,2,false,false
uniform-budget-delay,115,12,25,13,12,100,266,1,1,1,2,false,false
uniform-budget-delay,115,13,25,13,12,100,266,1,1,1,2,false,false
uniform-budget-delay,115,14,25,13,12,100,266,1,1,1,2,false,false
uniform-budget-delay,115,15,25,13,12,100,266,1,1,1,2,false,false
uniform-budget-delay,115,16,25,13,12,100,266,1,1,1,2,false,false
uniform-budget-delay,115,17,25,13,12,100,266,1,1,1,2,false,false
uniform-budget-delay,115,18,25,13,12,100,266,1,1,1,2,false,false
uniform-budget-delay,115,19,25,13,12,100,266,1,1,1,2,false,false
uniform-budget-delay,115,20,25,13,12,100,266,1,1,1,2,false,false
uniform-budget-delay,115,21,25,13,12,100,266,1,1,1,2,false,false
uniform-budget-delay,115,22,25,13,12,100,266,1,1,1,2,false,false
uniform-budget-delay,115,23,25,13,12,100,266,1,1,1,2,false,false
uniform-budget-delay,115,24,25,13,12,100,266,1,1,1,2,false,false
uniform-budget-delay,115,25,25,13,12,100,266,1,1,1,2,false,false
uniform-budget-delay,115,26,25,13,12,100,266,1,1,1,2,false,false
uniform-budget-delay,115,27,25,13,12,100,266,1,1,1,2,false,false
uniform-budget-delay,115,28,25,13,12,100,266,1,1,1,2,false,false
uniform-budget-delay,115,29,25,13,12,100,266,1,1,1,2,false,false
uniform-budget-delay,115,30,25,13,12,100,266,1,1,1,2,false,false
uniform-budget-delay,115,31,25,13,12,100,266,1,1,1,2,false,false
uniform-budget-delay,115,32,25,13,12,100,266,1,1,1,2,false,false
uniform-budget-delay,115,33,25,13,12,100,266,1,1,1,2,false,false
uniform-budget-delay,115,34,25,13,12,100,266,1,1,1,2,false,false
uniform-budget-delay,115,35,25,13,12,100,266,1,1,1,2,false,false
uniform-budget-delay,115,36,25,13,12,100,266,1,1,1,2,false,false
uniform-budget-delay,115,37,25,13,12,100,266,1,1,1,2,false,false
uniform-budget-delay,115,38,25,13,12,100,266,1,1,1,2,false,false
uniform-budget-delay,115,39,25,13,12,100,266,1,1,1,2,false,false
uniform-budget-delay,115,40,25,13,12,100,266,1,1,1,2,false,false
uniform-budget-delay,115,41,25,13,12,100,266,1,1,1,2,false,false
uniform-budget-delay,115,42,25,13,12,100,266,1,1,1,2,false,false
uniform-budget-delay,115,43,25,13,12,100,266,1,1,1,2,false,false
uniform-budget-delay,115,44,25,13,12,100,266,1,1,1,2,false,false
uniform-budget-delay,115,45,25,13,12,100,266,1,1,1,2,false,false
uniform-budget-delay,115,46,25,13,12,100,266,1,1,1,2,false,false
uniform-budget-delay,115,47,25,13,12,100,266,1,1,1,2,false,false
uniform-budget-delay,115,48,25,13,12,100,266,1,1,1,2,false,false
uniform-budget-delay,115,49,25,13,12,100,266,1,1,1,2,false,false
uniform-budget-delay,115,50,25,13,12,100,316,2,1,2,3,false,false
uniform-budget-delay,115,51,25,13,12,100,266,1,1,1,2,false,false
uniform-budget-delay,115,52,25,13,12,100,266,1,1,1,2,false,false
uniform-budget-delay,115,53,25,13,12,100,266,1,1,1,2,false,false
uniform-budget-delay,115,54,25,13,12,100,266,1,1,1,2,false,false
uniform-budget-delay,115,55,25,13,12,100,266,1,1,1,2,false,false
uniform-budget-delay,115,56,25,13,12,100,266,1,1,1,2,false,false
uniform-budget-delay,115,57,25,13,12,100,266,1,1,1,2,false,false
uniform-budget-delay,115,58,25,13,12,100,266,1,1,1,2,false,false
uniform-budget-delay,115,59,25,13,12,100,266,1,1,1,2,false,false
uniform-budget-delay,115,60,25,13,12,100,266,1,1,1,2,false,false
uniform-budget-delay,115,61,25,13,12,100,266,1,1,1,2,false,false
uniform-budget-delay,115,62,25,13,12,100,266,1,1,1,2,false,false
uniform-budget-delay,115,63,25,13,12,100,266,1,1,1,2,false,false
uniform-budget-delay,115,64,25,13,12,100,266,1,1,1,2,false,false
uniform-budget-delay,115,65,25,13,12,100,266,1,1,1,2,false,false
uniform-budget-delay,115,66,25,13,12,100,266,1,1,1,2,false,false
uniform-budget-delay,115,67,25,13,12,100,266,1,1,1,2,false,false
uniform-budget-delay,115,68,25,13,12,100,266,1,1,1,2,false,false
uniform-budget-delay,115,69,25,13,12,100,266,1,1,1,2,false,false
uniform-budget-delay,115,70,25,13,12,100,266,1,1,1,2,false,false
uniform-budget-delay,115,71,25,13,12,100,266,1,1,1,2,false,false
uniform-budget-delay,115,72,25,13,12,100,266,1,1,1,2,false,false
uniform-budget-delay,115,73,25,13,12,100,266,1,1,1,2,false,false
uniform-budget-delay,115,74,25,13,12,100,266,1,1,1,2,false,false
uniform-budget-delay,115,75,25,13,12,100,266,1,1,1,2,false,false
uniform-budget-delay,115,76,25,13,12,100,266,1,1,1,2,false,false
uniform-budget-delay,115,77,25,13,12,100,266,1,1,1,2,false,false
uniform-budget-delay,115,78,25,13,12,100,266,1,1,1,2,false,false
uniform-budget-delay,115,79,25,13,12,100,266,1,1,1,2,false,false
uniform-budget-delay,115,80,25,13,12,100,266,1,1,1,2,false,false
uniform-budget-delay,115,81,25,13,12,100,266,1,1,1,2,false,false
uniform-budget-delay,115,82,25,13,12,100,266,1,1,1,2,false,false
uniform-budget-delay,115,83,25,13,12,100,266,1,1,1,2,false,false
uniform-budget-delay,115,84,25,13,12,100,266,1,1,1,2,false,false
uniform-budget-delay,115,85,25,13,12,100,266,1,1,1,2,false,false
uniform-budget-delay,115,86,25,13,12,100,266,1,1,1,2,false,false
uniform-budget-delay,115,87,25,13,12,100,266,1,1,1,2,false,false
uniform-budget-delay,115,88,25,13,12,100,266,1,1,1,2,false,false
uniform-budget-delay,115,89,25,13,12,100,266,1,1,1,2,false,false
uniform-budget-delay,115,90,25,13,12,100,266,1,1,1,2,false,false
uniform-budget-delay,115,91,25,13,12,100,266,1,1,1,2,false,false
uniform-budget-delay,115,92,25,13,12,100,266,1,1,1,2,false,false
uniform-budget-delay,115,93,25,13,12,100,266,1,1,1,2,false,false
uniform-budget-delay,115,94,25,13,12,100,316,2,1,2,3,false,false
uniform-budget-delay,115,95,25,13,12,100,266,1,1,1,2,false,false
uniform-budget-delay,115,96,25,13,12,100,266,1,1,1,2,false,false
uniform-budget-delay,115,97,25,13,12,100,266,1,1,1,2,false,false
uniform-budget-delay,115,98,25,13,12,100,266,1,1,1,2,false,false
uniform-budget-delay,115,99,25,13,12,100,266,1,1,1,2,false,false
uniform-budget-delay,115,100,25,13,12,100,266,1,1,1,2,false,false
uniform-budget-delay,115,101,25,13,12,100,266,1,1,1,2,false,false
uniform-budget-delay,115,102,25,13,12,100,266,1,1,1,2,false,false
uniform-budget-delay,115,103,25,13,12,100,266,1,1,1,2,false,false
uniform-budget-delay,115,104,25,13,12,100,266,1,1,1,2,false,false
uniform-budget-delay,115,105,25,13,12,100,266,1,1,1,2,false,false
uniform-budget-delay,115,106,25,13,12,100,266,1,1,1,2,false,false
uniform-budget-delay,115,107,25,13,12,100,266,1,1,1,2,false,false
uniform-budget-delay,115,108,25,13,12,100,266,1,1,1,2,false,false
uniform-budget-delay,115,109,25,13,12,100,266,1,1,1,2,false,false
uniform-budget-delay,115,110,25,13,12,100,266,1,1,1,2,false,false
uniform-budget-delay,115,111,25,13,12,100,266,1,1,1,2,false,false
uniform-budget-delay,115,112,25,13,12,100,266,1,1,1,2,false,false
uniform-budget-delay,115,113,25,13,12,100,266,1,1,1,2,false,false
uniform-budget-delay,115,114,25,13,12,100,266,1,1,1,2,false,false
uniform-budget-delay,115,115,25,13,12,100,266,1,1,1,2,false,false
uniform-budget-delay,115,116,25,13,12,100,266,1,1,1,2,false,false
uniform-budget-delay,115,117,25,13,12,100,266,1,1,1,2,false,false
uniform-budget-delay,115,118,25,13,12,100,266,1,1,1,2,false,false
uniform-budget-delay,115,119,25,13,12,100,266,1,1,1,2,false,false
uniform-budget-delay,115,120,25,13,12,100,266,1,1,1,2,false,false
uniform-budget-delay,115,121,25,13,12,100,266,1,1,1,2,false,false
uniform-budget-delay,115,122,25,13,12,100,266,1,1,1,2,false,false
uniform-budget-delay,115,123,25,13,12,100,266,1,1,1,2,false,false
uniform-budget-delay,115,124,25,13,12,100,266,1,1,1,2,false,false
uniform-budget-delay,115,125,25,13,12,100,266,1,1,1,2,false,false
uniform-budget-delay,115,126,25,13,12,100,266,1,1,1,2,false,false
uniform-budget-delay,115,127,25,13,12,100,266,1,1,1,2,false,false
uniform-budget-delay,115,128,25,13,12,100,266,1,1,1,2,false,false
uniform-budget-delay,115,129,25,13,12,100,266,1,1,1,2,false,false
uniform-budget-delay,115,130,25,13,12,100,266,1,1,1,2,false,false
uniform-budget-delay,115,131,25,13,12,100,266,1,1,1,2,false,false
uniform-budget-delay,115,132,25,13,12,100,266,1,1,1,2,false,false
uniform-budget-delay,115,133,25,13,12,100,266,1,1,1,2,false,false
uniform-budget-delay,115,134,25,13,12,100,266,1,1,1,2,false,false
uniform-budget-delay,115,135,25,13,12,100,266,1,1,1,2,false,false
uniform-budget-delay,115,136,25,13,12,100,266,1,1,1,2,false,false
uniform-budget-delay,115,137,25,13,12,100,266,1,1,1,2,false,false
uniform-budget-delay,115,138,25,13,12,100,266,1,1,1,2,false,false
uniform-budget-delay,115,139,25,13,12,100,266,1,1,1,2,false,false
uniform-budget-delay,115,140,25,13,12,100,266,1,1,1,2,false,false
uniform-budget-delay,115,141,25,13,12,100,266,1,1,1,2,false,false
uniform-budget-delay,115,142,25,13,12,100,266,1,1,1,2,false,false
uniform-budget-delay,115,143,25,13,12,100,266,1,1,1,2,false,false
uniform-budget-delay,115,144,25,13,12,100,266,1,1,1,2,false,false
uniform-budget-delay,115,145,25,13,12,100,266,1,1,1,2,false,false
uniform-budget-delay,115,146,25,13,12,100,266,1,1,1,2,false,false
uniform-budget-delay,115,147,25,13,12,100,266,1,1,1,2,false,false
uniform-budget-delay,115,148,25,13,12,100,266,1,1,1,2,false,false
uniform-budget-delay,115,149,25,13,12,100,266,1,1,1,2,false,false
uniform-budget-delay,115,150,25,13,12,100,266,1,1,1,2,false,false
uniform-budget-delay,115,151,25,13,12,100,266,1,1,1,2,false,false
uniform-budget-delay,115,152,25,13,12,100,266,1,1,1,2,false,false
uniform-budget-delay,115,153,25,13,12,100,266,1,1,1,2,false,false
uniform-budget-delay,115,154,25,13,12,100,266,1,1,1,2,false,false
uniform-budget-delay,115,155,25,13,12,100,266,1,1,1,2,false,false
uniform-budget-delay,115,156,25,13,12,100,266,1,1,1,2,false,false
uniform-budget-delay,115,157,25,13,12,100,266,1,1,1,2,false,false
uniform-budget-delay,115,158,25,13,12,100,266,1,1,1,2,false,false
uniform-budget-delay,115,159,25,13,12,100,266,1,1,1,2,false,false
uniform-budget-delay,115,160,25,13,12,100,266,1,1,1,2,false,false
uniform-budget-delay,115,161,25,13,12,100,266,1,1,1,2,false,false
uniform-budget-delay,115,162,25,13,12,100,266,1,1,1,2,false,false
uniform-budget-delay,115,163,25,13,12,100,266,1,1,1,2,false,false
uniform-budget-delay,115,164,25,13,12,100,266,1,1,1,2,false,false
uniform-budget-delay,115,165,25,13,12,100,266,1,1,1,2,false,false
uniform-budget-delay,115,166,25,13,12,100,266,1,1,1,2,false,false
uniform-budget-delay,115,167,25,13,12,100,266,1,1,1,2,false,false
uniform-budget-delay,115,168,25,13,12,100,266,1,1,1,2,false,false
uniform-budget-delay,115,169,25,13,12,100,266,1,1,1,2,false,false
uniform-budget-delay,115,170,25,13,12,100,266,1,1,1,2,false,false
uniform-budget-delay,115,171,25,13,12,100,266,1,1,1,2,false,false
uniform-budget-delay,115,172,25,13,12,100,266,1,1,1,2,false,false
uniform-budget-delay,115,173,25,13,12,100,266,1,1,1,2,false,false
uniform-budget-delay,115,174,25,13,12,100,266,1,1,1,2,false,false
uniform-budget-delay,115,175,25,13,12,100,266,1,1,1,2,false,false
uniform-budget-delay,115,176,25,13,12,100,266,1,1,1,2,false,false
uniform-budget-delay,115,177,25,13,12,100,266,1,1,1,2,false,false
uniform-budget-delay,115,178,25,13,12,100,266,1,1,1,2,false,false
uniform-budget-delay,115,179,25,13,12,100,266,1,1,1,2,false,false
uniform-budget-delay,115,180,25,13,12,100,266,1,1,1,2,false,false
uniform-budget-delay,115,181,25,13,12,100,266,1,1,1,2,false,false
uniform-budget-delay,115,182,25,13,12,100,266,1,1,1,2,false,false
uniform-budget-delay,115,183,25,13,12,100,266,1,1,1,2,false,false
uniform-budget-delay,115,184,25,13,12,100,266,1,1,1,2,false,false
uniform-budget-delay,115,185,25,13,12,100,266,1,1,1,2,false,false
uniform-budget-delay,115,186,25,13,12,100,266,1,1,1,2,false,false
uniform-budget-delay,115,187,25,13,12,100,266,1,1,1,2,false,false
uniform-budget-delay,115,188,25,13,12,100,266,1,1,1,2,false,false
uniform-budget-delay,115,189,25,13,12,100,266,1,1,1,2,false,false
uniform-budget-delay,115,190,25,13,12,100,266,1,1,1,2,false,false
uniform-budget-delay,115,191,25,13,12,100,266,1,1,1,2,false,false
uniform-budget-delay,115,192,25,13,12,100,266,1,1,1,2,false,false
uniform-budget-delay,115,193,25,13,12,100,266,1,1,1,2,false,false
uniform-budget-delay,115,194,25,13,12,100,266,1,1,1,2,false,false
uniform-budget-delay,115,195,25,13,12,100,266,1,1,1,2,false,false
uniform-budget-delay,115,196,25,13,12,100,266,1,1,1,2,false,false
uniform-budget-delay,115,197,25,13,12,100,266,1,1,1,2,false,false
uniform-budget-delay,115,198,25,13,12,100,266,1,1,1,2,false,false
uniform-budget-delay,115,199,25,13,12,100,266,1,1,1,2,false,false
uniform-budget-delay,115,200,25,13,12,100,266,1,1,1,2,false,false
progress-aware-quorum-delay,115,1,25,13,12,100,316,2,1,2,3,false,false
progress-aware-quorum-delay,115,2,25,13,12,100,316,2,1,2,3,false,false
progress-aware-quorum-delay,115,3,25,13,12,100,316,2,1,2,3,false,false
progress-aware-quorum-delay,115,4,25,13,12,100,316,2,1,2,3,false,false
progress-aware-quorum-delay,115,5,25,13,12,100,316,2,1,2,3,false,false
progress-aware-quorum-delay,115,6,25,13,12,100,316,2,1,2,3,false,false
progress-aware-quorum-delay,115,7,25,13,12,100,316,2,1,2,3,false,false
progress-aware-quorum-delay,115,8,25,13,12,100,316,2,1,2,3,false,false
progress-aware-quorum-delay,115,9,25,13,12,100,316,2,1,2,3,false,false
progress-aware-quorum-delay,115,10,25,13,12,100,316,2,1,2,3,false,false
progress-aware-quorum-delay,115,11,25,13,12,100,316,2,1,2,3,false,false
progress-aware-quorum-delay,115,12,25,13,12,100,316,2,1,2,3,false,false
progress-aware-quorum-delay,115,13,25,13,12,100,316,2,1,2,3,false,false
progress-aware-quorum-delay,115,14,25,13,12,100,316,2,1,2,3,false,false
progress-aware-quorum-delay,115,15,25,13,12,100,316,2,1,2,3,false,false
progress-aware-quorum-delay,115,16,25,13,12,100,316,2,1,2,3,false,false
progress-aware-quorum-delay,115,17,25,13,12,100,316,2,1,2,3,false,false
progress-aware-quorum-delay,115,18,25,13,12,100,316,2,1,2,3,false,false
progress-aware-quorum-delay,115,19,25,13,12,100,316,2,1,2,3,false,false
progress-aware-quorum-delay,115,20,25,13,12,100,316,2,1,2,3,false,false
progress-aware-quorum-delay,115,21,25,13,12,100,316,2,1,2,3,false,false
progress-aware-quorum-delay,115,22,25,13,12,100,316,2,1,2,3,false,false
progress-aware-quorum-delay,115,23,25,13,12,100,316,2,1,2,3,false,false
progress-aware-quorum-delay,115,24,25,13,12,100,316,2,1,2,3,false,false
progress-aware-quorum-delay,115,25,25,13,12,100,316,2,1,2,3,false,false
progress-aware-quorum-delay,115,26,25,13,12,100,316,2,1,2,3,false,false
progress-aware-quorum-delay,115,27,25,13,12,100,316,2,1,2,3,false,false
progress-aware-quorum-delay,115,28,25,13,12,100,316,2,1,2,3,false,false
progress-aware-quorum-delay,115,29,25,13,12,100,316,2,1,2,3,false,false
progress-aware-quorum-delay,115,30,25,13,12,100,316,2,1,2,3,false,false
progress-aware-quorum-delay,115,31,25,13,12,100,316,2,1,2,3,false,false
progress-aware-quorum-delay,115,32,25,13,12,100,316,2,1,2,3,false,false
progress-aware-quorum-delay,115,33,25,13,12,100,316,2,1,2,3,false,false
progress-aware-quorum-delay,115,34,25,13,12,100,316,2,1,2,3,false,false
progress-aware-quorum-delay,115,35,25,13,12,100,316,2,1,2,3,false,false
progress-aware-quorum-delay,115,36,25,13,12,100,316,2,1,2,3,false,false
progress-aware-quorum-delay,115,37,25,13,12,100,316,2,1,2,3,false,false
progress-aware-quorum-delay,115,38,25,13,12,100,316,2,1,2,3,false,false
progress-aware-quorum-delay,115,39,25,13,12,100,316,2,1,2,3,false,false
progress-aware-quorum-delay,115,40,25,13,12,100,316,2,1,2,3,false,false
progress-aware-quorum-delay,115,41,25,13,12,100,316,2,1,2,3,false,false
progress-aware-quorum-delay,115,42,25,13,12,100,316,2,1,2,3,false,false
progress-aware-quorum-delay,115,43,25,13,12,100,316,2,1,2,3,false,false
progress-aware-quorum-delay,115,44,25,13,12,100,316,2,1,2,3,false,false
progress-aware-quorum-delay,115,45,25,13,12,100,316,2,1,2,3,false,false
progress-aware-quorum-delay,115,46,25,13,12,100,316,2,1,2,3,false,false
progress-aware-quorum-delay,115,47,25,13,12,100,316,2,1,2,3,false,false
progress-aware-quorum-delay,115,48,25,13,12,100,316,2,1,2,3,false,false
progress-aware-quorum-delay,115,49,25,13,12,100,316,2,1,2,3,false,false
progress-aware-quorum-delay,115,50,25,13,12,100,316,2,1,2,3,false,false
progress-aware-quorum-delay,115,51,25,13,12,100,316,2,1,2,3,false,false
progress-aware-quorum-delay,115,52,25,13,12,100,316,2,1,2,3,false,false
progress-aware-quorum-delay,115,53,25,13,12,100,316,2,1,2,3,false,false
progress-aware-quorum-delay,115,54,25,13,12,100,316,2,1,2,3,false,false
progress-aware-quorum-delay,115,55,25,13,12,100,316,2,1,2,3,false,false
progress-aware-quorum-delay,115,56,25,13,12,100,316,2,1,2,3,false,false
progress-aware-quorum-delay,115,57,25,13,12,100,316,2,1,2,3,false,false
progress-aware-quorum-delay,115,58,25,13,12,100,316,2,1,2,3,false,false
progress-aware-quorum-delay,115,59,25,13,12,100,316,2,1,2,3,false,false
progress-aware-quorum-delay,115,60,25,13,12,100,316,2,1,2,3,false,false
progress-aware-quorum-delay,115,61,25,13,12,100,316,2,1,2,3,false,false
progress-aware-quorum-delay,115,62,25,13,12,100,316,2,1,2,3,false,false
progress-aware-quorum-delay,115,63,25,13,12,100,316,2,1,2,3,false,false
progress-aware-quorum-delay,115,64,25,13,12,100,316,2,1,2,3,false,false
progress-aware-quorum-delay,115,65,25,13,12,100,316,2,1,2,3,false,false
progress-aware-quorum-delay,115,66,25,13,12,100,316,2,1,2,3,false,false
progress-aware-quorum-delay,115,67,25,13,12,100,316,2,1,2,3,false,false
progress-aware-quorum-delay,115,68,25,13,12,100,316,2,1,2,3,false,false
progress-aware-quorum-delay,115,69,25,13,12,100,316,2,1,2,3,false,false
progress-aware-quorum-delay,115,70,25,13,12,100,316,2,1,2,3,false,false
progress-aware-quorum-delay,115,71,25,13,12,100,316,2,1,2,3,false,false
progress-aware-quorum-delay,115,72,25,13,12,100,316,2,1,2,3,false,false
progress-aware-quorum-delay,115,73,25,13,12,100,316,2,1,2,3,false,false
progress-aware-quorum-delay,115,74,25,13,12,100,316,2,1,2,3,false,false
progress-aware-quorum-delay,115,75,25,13,12,100,316,2,1,2,3,false,false
progress-aware-quorum-delay,115,76,25,13,12,100,316,2,1,2,3,false,false
progress-aware-quorum-delay,115,77,25,13,12,100,316,2,1,2,3,false,false
progress-aware-quorum-delay,115,78,25,13,12,100,316,2,1,2,3,false,false
progress-aware-quorum-delay,115,79,25,13,12,100,316,2,1,2,3,false,false
progress-aware-quorum-delay,115,80,25,13,12,100,316,2,1,2,3,false,false
progress-aware-quorum-delay,115,81,25,13,12,100,316,2,1,2,3,false,false
progress-aware-quorum-delay,115,82,25,13,12,100,316,2,1,2,3,false,false
progress-aware-quorum-delay,115,83,25,13,12,100,316,2,1,2,3,false,false
progress-aware-quorum-delay,115,84,25,13,12,100,316,2,1,2,3,false,false
progress-aware-quorum-delay,115,85,25,13,12,100,316,2,1,2,3,false,false
progress-aware-quorum-delay,115,86,25,13,12,100,316,2,1,2,3,false,false
progress-aware-quorum-delay,115,87,25,13,12,100,316,2,1,2,3,false,false
progress-aware-quorum-delay,115,88,25,13,12,100,316,2,1,2,3,false,false
progress-aware-quorum-delay,115,89,25,13,12,100,316,2,1,2,3,false,false
progress-aware-quorum-delay,115,90,25,13,12,100,316,2,1,2,3,false,false
progress-aware-quorum-delay,115,91,25,13,12,100,316,2,1,2,3,false,false
progress-aware-quorum-delay,115,92,25,13,12,100,316,2,1,2,3,false,false
progress-aware-quorum-delay,115,93,25,13,12,100,316,2,1,2,3,false,false
progress-aware-quorum-delay,115,94,25,13,12,100,316,2,1,2,3,false,false
progress-aware-quorum-delay,115,95,25,13,12,100,316,2,1,2,3,false,false
progress-aware-quorum-delay,115,96,25,13,12,100,316,2,1,2,3,false,false
progress-aware-quorum-delay,115,97,25,13,12,100,316,2,1,2,3,false,false
progress-aware-quorum-delay,115,98,25,13,12,100,316,2,1,2,3,false,false
progress-aware-quorum-delay,115,99,25,13,12,100,316,2,1,2,3,false,false
progress-aware-quorum-delay,115,100,25,13,12,100,316,2,1,2,3,false,false
progress-aware-quorum-delay,115,101,25,13,12,100,316,2,1,2,3,false,false
progress-aware-quorum-delay,115,102,25,13,12,100,316,2,1,2,3,false,false
progress-aware-quorum-delay,115,103,25,13,12,100,316,2,1,2,3,false,false
progress-aware-quorum-delay,115,104,25,13,12,100,316,2,1,2,3,false,false
progress-aware-quorum-delay,115,105,25,13,12,100,316,2,1,2,3,false,false
progress-aware-quorum-delay,115,106,25,13,12,100,316,2,1,2,3,false,false
progress-aware-quorum-delay,115,107,25,13,12,100,316,2,1,2,3,false,false
progress-aware-quorum-delay,115,108,25,13,12,100,316,2,1,2,3,false,false
progress-aware-quorum-delay,115,109,25,13,12,100,316,2,1,2,3,false,false
progress-aware-quorum-delay,115,110,25,13,12,100,316,2,1,2,3,false,false
progress-aware-quorum-delay,115,111,25,13,12,100,316,2,1,2,3,false,false
progress-aware-quorum-delay,115,112,25,13,12,100,316,2,1,2,3,false,false
progress-aware-quorum-delay,115,113,25,13,12,100,316,2,1,2,3,false,false
progress-aware-quorum-delay,115,114,25,13,12,100,316,2,1,2,3,false,false
progress-aware-quorum-delay,115,115,25,13,12,100,316,2,1,2,3,false,false
progress-aware-quorum-delay,115,116,25,13,12,100,316,2,1,2,3,false,false
progress-aware-quorum-delay,115,117,25,13,12,100,316,2,1,2,3,false,false
progress-aware-quorum-delay,115,118,25,13,12,100,316,2,1,2,3,false,false
progress-aware-quorum-delay,115,119,25,13,12,100,316,2,1,2,3,false,false
progress-aware-quorum-delay,115,120,25,13,12,100,316,2,1,2,3,false,false
progress-aware-quorum-delay,115,121,25,13,12,100,316,2,1,2,3,false,false
progress-aware-quorum-delay,115,122,25,13,12,100,316,2,1,2,3,false,false
progress-aware-quorum-delay,115,123,25,13,12,100,316,2,1,2,3,false,false
progress-aware-quorum-delay,115,124,25,13,12,100,316,2,1,2,3,false,false
progress-aware-quorum-delay,115,125,25,13,12,100,316,2,1,2,3,false,false
progress-aware-quorum-delay,115,126,25,13,12,100,316,2,1,2,3,false,false
progress-aware-quorum-delay,115,127,25,13,12,100,316,2,1,2,3,false,false
progress-aware-quorum-delay,115,128,25,13,12,100,316,2,1,2,3,false,false
progress-aware-quorum-delay,115,129,25,13,12,100,316,2,1,2,3,false,false
progress-aware-quorum-delay,115,130,25,13,12,100,316,2,1,2,3,false,false
progress-aware-quorum-delay,115,131,25,13,12,100,316,2,1,2,3,false,false
progress-aware-quorum-delay,115,132,25,13,12,100,316,2,1,2,3,false,false
progress-aware-quorum-delay,115,133,25,13,12,100,316,2,1,2,3,false,false
progress-aware-quorum-delay,115,134,25,13,12,100,316,2,1,2,3,false,false
progress-aware-quorum-delay,115,135,25,13,12,100,316,2,1,2,3,false,false
progress-aware-quorum-delay,115,136,25,13,12,100,316,2,1,2,3,false,false
progress-aware-quorum-delay,115,137,25,13,12,100,316,2,1,2,3,false,false
progress-aware-quorum-delay,115,138,25,13,12,100,316,2,1,2,3,false,false
progress-aware-quorum-delay,115,139,25,13,12,100,316,2,1,2,3,false,false
progress-aware-quorum-delay,115,140,25,13,12,100,316,2,1,2,3,false,false
progress-aware-quorum-delay,115,141,25,13,12,100,316,2,1,2,3,false,false
progress-aware-quorum-delay,115,142,25,13,12,100,316,2,1,2,3,false,false
progress-aware-quorum-delay,115,143,25,13,12,100,316,2,1,2,3,false,false
progress-aware-quorum-delay,115,144,25,13,12,100,316,2,1,2,3,false,false
progress-aware-quorum-delay,115,145,25,13,12,100,316,2,1,2,3,false,false
progress-aware-quorum-delay,115,146,25,13,12,100,316,2,1,2,3,false,false
progress-aware-quorum-delay,115,147,25,13,12,100,316,2,1,2,3,false,false
progress-aware-quorum-delay,115,148,25,13,12,100,316,2,1,2,3,false,false
progress-aware-quorum-delay,115,149,25,13,12,100,316,2,1,2,3,false,false
progress-aware-quorum-delay,115,150,25,13,12,100,316,2,1,2,3,false,false
progress-aware-quorum-delay,115,151,25,13,12,100,316,2,1,2,3,false,false
progress-aware-quorum-delay,115,152,25,13,12,100,316,2,1,2,3,false,false
progress-aware-quorum-delay,115,153,25,13,12,100,316,2,1,2,3,false,false
progress-aware-quorum-delay,115,154,25,13,12,100,316,2,1,2,3,false,false
progress-aware-quorum-delay,115,155,25,13,12,100,316,2,1,2,3,false,false
progress-aware-quorum-delay,115,156,25,13,12,100,316,2,1,2,3,false,false
progress-aware-quorum-delay,115,157,25,13,12,100,316,2,1,2,3,false,false
progress-aware-quorum-delay,115,158,25,13,12,100,316,2,1,2,3,false,false
progress-aware-quorum-delay,115,159,25,13,12,100,316,2,1,2,3,false,false
progress-aware-quorum-delay,115,160,25,13,12,100,316,2,1,2,3,false,false
progress-aware-quorum-delay,115,161,25,13,12,100,316,2,1,2,3,false,false
progress-aware-quorum-delay,115,162,25,13,12,100,316,2,1,2,3,false,false
progress-aware-quorum-delay,115,163,25,13,12,100,316,2,1,2,3,false,false
progress-aware-quorum-delay,115,164,25,13,12,100,316,2,1,2,3,false,false
progress-aware-quorum-delay,115,165,25,13,12,100,316,2,1,2,3,false,false
progress-aware-quorum-delay,115,166,25,13,12,100,316,2,1,2,3,false,false
progress-aware-quorum-delay,115,167,25,13,12,100,316,2,1,2,3,false,false
progress-aware-quorum-delay,115,168,25,13,12,100,316,2,1,2,3,false,false
progress-aware-quorum-delay,115,169,25,13,12,100,316,2,1,2,3,false,false
progress-aware-quorum-delay,115,170,25,13,12,100,316,2,1,2,3,false,false
progress-aware-quorum-delay,115,171,25,13,12,100,316,2,1,2,3,false,false
progress-aware-quorum-delay,115,172,25,13,12,100,316,2,1,2,3,false,false
progress-aware-quorum-delay,115,173,25,13,12,100,316,2,1,2,3,false,false
progress-aware-quorum-delay,115,174,25,13,12,100,316,2,1,2,3,false,false
progress-aware-quorum-delay,115,175,25,13,12,100,316,2,1,2,3,false,false
progress-aware-quorum-delay,115,176,25,13,12,100,316,2,1,2,3,false,false
progress-aware-quorum-delay,115,177,25,13,12,100,316,2,1,2,3,false,false
progress-aware-quorum-delay,115,178,25,13,12,100,316,2,1,2,3,false,false
progress-aware-quorum-delay,115,179,25,13,12,100,316,2,1,2,3,false,false
progress-aware-quorum-delay,115,180,25,13,12,100,316,2,1,2,3,false,false
progress-aware-quorum-delay,115,181,25,13,12,100,316,2,1,2,3,false,false
progress-aware-quorum-delay,115,182,25,13,12,100,316,2,1,2,3,false,false
progress-aware-quorum-delay,115,183,25,13,12,100,316,2,1,2,3,false,false
progress-aware-quorum-delay,115,184,25,13,12,100,316,2,1,2,3,false,false
progress-aware-quorum-delay,115,185,25,13,12,100,316,2,1,2,3,false,false
progress-aware-quorum-delay,115,186,25,13,12,100,316,2,1,2,3,false,false
progress-aware-quorum-delay,115,187,25,13,12,100,316,2,1,2,3,false,false
progress-aware-quorum-delay,115,188,25,13,12,100,316,2,1,2,3,false,false
progress-aware-quorum-delay,115,189,25,13,12,100,316,2,1,2,3,false,false
progress-aware-quorum-delay,115,190,25,13,12,100,316,2,1,2,3,false,false
progress-aware-quorum-delay,115,191,25,13,12,100,316,2,1,2,3,false,false
progress-aware-quorum-delay,115,192,25,13,12,100,316,2,1,2,3,false,false
progress-aware-quorum-delay,115,193,25,13,12,100,316,2,1,2,3,false,false
progress-aware-quorum-delay,115,194,25,13,12,100,316,2,1,2,3,false,false
progress-aware-quorum-delay,115,195,25,13,12,100,316,2,1,2,3,false,false
progress-aware-quorum-delay,115,196,25,13,12,100,316,2,1,2,3,false,false
progress-aware-quorum-delay,115,197,25,13,12,100,316,2,1,2,3,false,false
progress-aware-quorum-delay,115,198,25,13,12,100,316,2,1,2,3,false,false
progress-aware-quorum-delay,115,199,25,13,12,100,316,2,1,2,3,false,false
progress-aware-quorum-delay,115,200,25,13,12,100,316,2,1,2,3,false,false
uniform-budget-delay,120,1,25,13,12,100,321,2,1,2,3,false,false
uniform-budget-delay,120,2,25,13,12,100,271,1,1,1,2,false,false
uniform-budget-delay,120,3,25,13,12,100,271,1,1,1,2,false,false
uniform-budget-delay,120,4,25,13,12,100,271,1,1,1,2,false,false
uniform-budget-delay,120,5,25,13,12,100,271,1,1,1,2,false,false
uniform-budget-delay,120,6,25,13,12,100,271,1,1,1,2,false,false
uniform-budget-delay,120,7,25,13,12,100,271,1,1,1,2,false,false
uniform-budget-delay,120,8,25,13,12,100,271,1,1,1,2,false,false
uniform-budget-delay,120,9,25,13,12,100,321,2,1,2,3,false,false
uniform-budget-delay,120,10,25,13,12,100,271,1,1,1,2,false,false
uniform-budget-delay,120,11,25,13,12,100,271,1,1,1,2,false,false
uniform-budget-delay,120,12,25,13,12,100,271,1,1,1,2,false,false
uniform-budget-delay,120,13,25,13,12,100,321,2,1,2,3,false,false
uniform-budget-delay,120,14,25,13,12,100,271,1,1,1,2,false,false
uniform-budget-delay,120,15,25,13,12,100,271,1,1,1,2,false,false
uniform-budget-delay,120,16,25,13,12,100,271,1,1,1,2,false,false
uniform-budget-delay,120,17,25,13,12,100,271,1,1,1,2,false,false
uniform-budget-delay,120,18,25,13,12,100,321,2,1,2,3,false,false
uniform-budget-delay,120,19,25,13,12,100,321,2,1,2,3,false,false
uniform-budget-delay,120,20,25,13,12,100,271,1,1,1,2,false,false
uniform-budget-delay,120,21,25,13,12,100,271,1,1,1,2,false,false
uniform-budget-delay,120,22,25,13,12,100,271,1,1,1,2,false,false
uniform-budget-delay,120,23,25,13,12,100,271,1,1,1,2,false,false
uniform-budget-delay,120,24,25,13,12,100,321,2,1,2,3,false,false
uniform-budget-delay,120,25,25,13,12,100,271,1,1,1,2,false,false
uniform-budget-delay,120,26,25,13,12,100,271,1,1,1,2,false,false
uniform-budget-delay,120,27,25,13,12,100,271,1,1,1,2,false,false
uniform-budget-delay,120,28,25,13,12,100,321,2,1,2,3,false,false
uniform-budget-delay,120,29,25,13,12,100,271,1,1,1,2,false,false
uniform-budget-delay,120,30,25,13,12,100,321,2,1,2,3,false,false
uniform-budget-delay,120,31,25,13,12,100,271,1,1,1,2,false,false
uniform-budget-delay,120,32,25,13,12,100,271,1,1,1,2,false,false
uniform-budget-delay,120,33,25,13,12,100,271,1,1,1,2,false,false
uniform-budget-delay,120,34,25,13,12,100,271,1,1,1,2,false,false
uniform-budget-delay,120,35,25,13,12,100,271,1,1,1,2,false,false
uniform-budget-delay,120,36,25,13,12,100,271,1,1,1,2,false,false
uniform-budget-delay,120,37,25,13,12,100,271,1,1,1,2,false,false
uniform-budget-delay,120,38,25,13,12,100,321,2,1,2,3,false,false
uniform-budget-delay,120,39,25,13,12,100,271,1,1,1,2,false,false
uniform-budget-delay,120,40,25,13,12,100,271,1,1,1,2,false,false
uniform-budget-delay,120,41,25,13,12,100,271,1,1,1,2,false,false
uniform-budget-delay,120,42,25,13,12,100,271,1,1,1,2,false,false
uniform-budget-delay,120,43,25,13,12,100,271,1,1,1,2,false,false
uniform-budget-delay,120,44,25,13,12,100,271,1,1,1,2,false,false
uniform-budget-delay,120,45,25,13,12,100,321,2,1,2,3,false,false
uniform-budget-delay,120,46,25,13,12,100,321,2,1,2,3,false,false
uniform-budget-delay,120,47,25,13,12,100,321,2,1,2,3,false,false
uniform-budget-delay,120,48,25,13,12,100,271,1,1,1,2,false,false
uniform-budget-delay,120,49,25,13,12,100,271,1,1,1,2,false,false
uniform-budget-delay,120,50,25,13,12,100,321,2,1,2,3,false,false
uniform-budget-delay,120,51,25,13,12,100,321,2,1,2,3,false,false
uniform-budget-delay,120,52,25,13,12,100,271,1,1,1,2,false,false
uniform-budget-delay,120,53,25,13,12,100,271,1,1,1,2,false,false
uniform-budget-delay,120,54,25,13,12,100,271,1,1,1,2,false,false
uniform-budget-delay,120,55,25,13,12,100,271,1,1,1,2,false,false
uniform-budget-delay,120,56,25,13,12,100,271,1,1,1,2,false,false
uniform-budget-delay,120,57,25,13,12,100,271,1,1,1,2,false,false
uniform-budget-delay,120,58,25,13,12,100,271,1,1,1,2,false,false
uniform-budget-delay,120,59,25,13,12,100,321,2,1,2,3,false,false
uniform-budget-delay,120,60,25,13,12,100,321,2,1,2,3,false,false
uniform-budget-delay,120,61,25,13,12,100,271,1,1,1,2,false,false
uniform-budget-delay,120,62,25,13,12,100,271,1,1,1,2,false,false
uniform-budget-delay,120,63,25,13,12,100,271,1,1,1,2,false,false
uniform-budget-delay,120,64,25,13,12,100,321,2,1,2,3,false,false
uniform-budget-delay,120,65,25,13,12,100,321,2,1,2,3,false,false
uniform-budget-delay,120,66,25,13,12,100,271,1,1,1,2,false,false
uniform-budget-delay,120,67,25,13,12,100,321,2,1,2,3,false,false
uniform-budget-delay,120,68,25,13,12,100,321,2,1,2,3,false,false
uniform-budget-delay,120,69,25,13,12,100,271,1,1,1,2,false,false
uniform-budget-delay,120,70,25,13,12,100,321,2,1,2,3,false,false
uniform-budget-delay,120,71,25,13,12,100,271,1,1,1,2,false,false
uniform-budget-delay,120,72,25,13,12,100,321,2,1,2,3,false,false
uniform-budget-delay,120,73,25,13,12,100,321,2,1,2,3,false,false
uniform-budget-delay,120,74,25,13,12,100,271,1,1,1,2,false,false
uniform-budget-delay,120,75,25,13,12,100,271,1,1,1,2,false,false
uniform-budget-delay,120,76,25,13,12,100,271,1,1,1,2,false,false
uniform-budget-delay,120,77,25,13,12,100,271,1,1,1,2,false,false
uniform-budget-delay,120,78,25,13,12,100,321,2,1,2,3,false,false
uniform-budget-delay,120,79,25,13,12,100,271,1,1,1,2,false,false
uniform-budget-delay,120,80,25,13,12,100,271,1,1,1,2,false,false
uniform-budget-delay,120,81,25,13,12,100,271,1,1,1,2,false,false
uniform-budget-delay,120,82,25,13,12,100,271,1,1,1,2,false,false
uniform-budget-delay,120,83,25,13,12,100,271,1,1,1,2,false,false
uniform-budget-delay,120,84,25,13,12,100,321,2,1,2,3,false,false
uniform-budget-delay,120,85,25,13,12,100,321,2,1,2,3,false,false
uniform-budget-delay,120,86,25,13,12,100,321,2,1,2,3,false,false
uniform-budget-delay,120,87,25,13,12,100,271,1,1,1,2,false,false
uniform-budget-delay,120,88,25,13,12,100,271,1,1,1,2,false,false
uniform-budget-delay,120,89,25,13,12,100,271,1,1,1,2,false,false
uniform-budget-delay,120,90,25,13,12,100,271,1,1,1,2,false,false
uniform-budget-delay,120,91,25,13,12,100,271,1,1,1,2,false,false
uniform-budget-delay,120,92,25,13,12,100,321,2,1,2,3,false,false
uniform-budget-delay,120,93,25,13,12,100,271,1,1,1,2,false,false
uniform-budget-delay,120,94,25,13,12,100,271,1,1,1,2,false,false
uniform-budget-delay,120,95,25,13,12,100,321,2,1,2,3,false,false
uniform-budget-delay,120,96,25,13,12,100,321,2,1,2,3,false,false
uniform-budget-delay,120,97,25,13,12,100,271,1,1,1,2,false,false
uniform-budget-delay,120,98,25,13,12,100,271,1,1,1,2,false,false
uniform-budget-delay,120,99,25,13,12,100,271,1,1,1,2,false,false
uniform-budget-delay,120,100,25,13,12,100,271,1,1,1,2,false,false
uniform-budget-delay,120,101,25,13,12,100,271,1,1,1,2,false,false
uniform-budget-delay,120,102,25,13,12,100,271,1,1,1,2,false,false
uniform-budget-delay,120,103,25,13,12,100,271,1,1,1,2,false,false
uniform-budget-delay,120,104,25,13,12,100,321,2,1,2,3,false,false
uniform-budget-delay,120,105,25,13,12,100,321,2,1,2,3,false,false
uniform-budget-delay,120,106,25,13,12,100,321,2,1,2,3,false,false
uniform-budget-delay,120,107,25,13,12,100,271,1,1,1,2,false,false
uniform-budget-delay,120,108,25,13,12,100,271,1,1,1,2,false,false
uniform-budget-delay,120,109,25,13,12,100,321,2,1,2,3,false,false
uniform-budget-delay,120,110,25,13,12,100,271,1,1,1,2,false,false
uniform-budget-delay,120,111,25,13,12,100,321,2,1,2,3,false,false
uniform-budget-delay,120,112,25,13,12,100,271,1,1,1,2,false,false
uniform-budget-delay,120,113,25,13,12,100,271,1,1,1,2,false,false
uniform-budget-delay,120,114,25,13,12,100,271,1,1,1,2,false,false
uniform-budget-delay,120,115,25,13,12,100,271,1,1,1,2,false,false
uniform-budget-delay,120,116,25,13,12,100,271,1,1,1,2,false,false
uniform-budget-delay,120,117,25,13,12,100,271,1,1,1,2,false,false
uniform-budget-delay,120,118,25,13,12,100,271,1,1,1,2,false,false
uniform-budget-delay,120,119,25,13,12,100,271,1,1,1,2,false,false
uniform-budget-delay,120,120,25,13,12,100,271,1,1,1,2,false,false
uniform-budget-delay,120,121,25,13,12,100,321,2,1,2,3,false,false
uniform-budget-delay,120,122,25,13,12,100,321,2,1,2,3,false,false
uniform-budget-delay,120,123,25,13,12,100,271,1,1,1,2,false,false
uniform-budget-delay,120,124,25,13,12,100,271,1,1,1,2,false,false
uniform-budget-delay,120,125,25,13,12,100,271,1,1,1,2,false,false
uniform-budget-delay,120,126,25,13,12,100,271,1,1,1,2,false,false
uniform-budget-delay,120,127,25,13,12,100,271,1,1,1,2,false,false
uniform-budget-delay,120,128,25,13,12,100,321,2,1,2,3,false,false
uniform-budget-delay,120,129,25,13,12,100,321,2,1,2,3,false,false
uniform-budget-delay,120,130,25,13,12,100,321,2,1,2,3,false,false
uniform-budget-delay,120,131,25,13,12,100,271,1,1,1,2,false,false
uniform-budget-delay,120,132,25,13,12,100,271,1,1,1,2,false,false
uniform-budget-delay,120,133,25,13,12,100,271,1,1,1,2,false,false
uniform-budget-delay,120,134,25,13,12,100,271,1,1,1,2,false,false
uniform-budget-delay,120,135,25,13,12,100,271,1,1,1,2,false,false
uniform-budget-delay,120,136,25,13,12,100,321,2,1,2,3,false,false
uniform-budget-delay,120,137,25,13,12,100,271,1,1,1,2,false,false
uniform-budget-delay,120,138,25,13,12,100,271,1,1,1,2,false,false
uniform-budget-delay,120,139,25,13,12,100,321,2,1,2,3,false,false
uniform-budget-delay,120,140,25,13,12,100,321,2,1,2,3,false,false
uniform-budget-delay,120,141,25,13,12,100,271,1,1,1,2,false,false
uniform-budget-delay,120,142,25,13,12,100,271,1,1,1,2,false,false
uniform-budget-delay,120,143,25,13,12,100,321,2,1,2,3,false,false
uniform-budget-delay,120,144,25,13,12,100,271,1,1,1,2,false,false
uniform-budget-delay,120,145,25,13,12,100,271,1,1,1,2,false,false
uniform-budget-delay,120,146,25,13,12,100,271,1,1,1,2,false,false
uniform-budget-delay,120,147,25,13,12,100,321,2,1,2,3,false,false
uniform-budget-delay,120,148,25,13,12,100,321,2,1,2,3,false,false
uniform-budget-delay,120,149,25,13,12,100,271,1,1,1,2,false,false
uniform-budget-delay,120,150,25,13,12,100,321,2,1,2,3,false,false
uniform-budget-delay,120,151,25,13,12,100,271,1,1,1,2,false,false
uniform-budget-delay,120,152,25,13,12,100,271,1,1,1,2,false,false
uniform-budget-delay,120,153,25,13,12,100,271,1,1,1,2,false,false
uniform-budget-delay,120,154,25,13,12,100,271,1,1,1,2,false,false
uniform-budget-delay,120,155,25,13,12,100,271,1,1,1,2,false,false
uniform-budget-delay,120,156,25,13,12,100,271,1,1,1,2,false,false
uniform-budget-delay,120,157,25,13,12,100,271,1,1,1,2,false,false
uniform-budget-delay,120,158,25,13,12,100,321,2,1,2,3,false,false
uniform-budget-delay,120,159,25,13,12,100,271,1,1,1,2,false,false
uniform-budget-delay,120,160,25,13,12,100,271,1,1,1,2,false,false
uniform-budget-delay,120,161,25,13,12,100,271,1,1,1,2,false,false
uniform-budget-delay,120,162,25,13,12,100,321,2,1,2,3,false,false
uniform-budget-delay,120,163,25,13,12,100,271,1,1,1,2,false,false
uniform-budget-delay,120,164,25,13,12,100,271,1,1,1,2,false,false
uniform-budget-delay,120,165,25,13,12,100,321,2,1,2,3,false,false
uniform-budget-delay,120,166,25,13,12,100,271,1,1,1,2,false,false
uniform-budget-delay,120,167,25,13,12,100,271,1,1,1,2,false,false
uniform-budget-delay,120,168,25,13,12,100,271,1,1,1,2,false,false
uniform-budget-delay,120,169,25,13,12,100,321,2,1,2,3,false,false
uniform-budget-delay,120,170,25,13,12,100,271,1,1,1,2,false,false
uniform-budget-delay,120,171,25,13,12,100,271,1,1,1,2,false,false
uniform-budget-delay,120,172,25,13,12,100,271,1,1,1,2,false,false
uniform-budget-delay,120,173,25,13,12,100,321,2,1,2,3,false,false
uniform-budget-delay,120,174,25,13,12,100,321,2,1,2,3,false,false
uniform-budget-delay,120,175,25,13,12,100,271,1,1,1,2,false,false
uniform-budget-delay,120,176,25,13,12,100,321,2,1,2,3,false,false
uniform-budget-delay,120,177,25,13,12,100,271,1,1,1,2,false,false
uniform-budget-delay,120,178,25,13,12,100,271,1,1,1,2,false,false
uniform-budget-delay,120,179,25,13,12,100,321,2,1,2,3,false,false
uniform-budget-delay,120,180,25,13,12,100,271,1,1,1,2,false,false
uniform-budget-delay,120,181,25,13,12,100,271,1,1,1,2,false,false
uniform-budget-delay,120,182,25,13,12,100,271,1,1,1,2,false,false
uniform-budget-delay,120,183,25,13,12,100,271,1,1,1,2,false,false
uniform-budget-delay,120,184,25,13,12,100,321,2,1,2,3,false,false
uniform-budget-delay,120,185,25,13,12,100,271,1,1,1,2,false,false
uniform-budget-delay,120,186,25,13,12,100,271,1,1,1,2,false,false
uniform-budget-delay,120,187,25,13,12,100,271,1,1,1,2,false,false
uniform-budget-delay,120,188,25,13,12,100,271,1,1,1,2,false,false
uniform-budget-delay,120,189,25,13,12,100,271,1,1,1,2,false,false
uniform-budget-delay,120,190,25,13,12,100,321,2,1,2,3,false,false
uniform-budget-delay,120,191,25,13,12,100,271,1,1,1,2,false,false
uniform-budget-delay,120,192,25,13,12,100,271,1,1,1,2,false,false
uniform-budget-delay,120,193,25,13,12,100,271,1,1,1,2,false,false
uniform-budget-delay,120,194,25,13,12,100,271,1,1,1,2,false,false
uniform-budget-delay,120,195,25,13,12,100,271,1,1,1,2,false,false
uniform-budget-delay,120,196,25,13,12,100,271,1,1,1,2,false,false
uniform-budget-delay,120,197,25,13,12,100,271,1,1,1,2,false,false
uniform-budget-delay,120,198,25,13,12,100,321,2,1,2,3,false,false
uniform-budget-delay,120,199,25,13,12,100,271,1,1,1,2,false,false
uniform-budget-delay,120,200,25,13,12,100,271,1,1,1,2,false,false
progress-aware-quorum-delay,120,1,25,13,12,100,321,2,1,2,3,false,false
progress-aware-quorum-delay,120,2,25,13,12,100,321,2,1,2,3,false,false
progress-aware-quorum-delay,120,3,25,13,12,100,321,2,1,2,3,false,false
progress-aware-quorum-delay,120,4,25,13,12,100,321,2,1,2,3,false,false
progress-aware-quorum-delay,120,5,25,13,12,100,321,2,1,2,3,false,false
progress-aware-quorum-delay,120,6,25,13,12,100,321,2,1,2,3,false,false
progress-aware-quorum-delay,120,7,25,13,12,100,321,2,1,2,3,false,false
progress-aware-quorum-delay,120,8,25,13,12,100,321,2,1,2,3,false,false
progress-aware-quorum-delay,120,9,25,13,12,100,321,2,1,2,3,false,false
progress-aware-quorum-delay,120,10,25,13,12,100,321,2,1,2,3,false,false
progress-aware-quorum-delay,120,11,25,13,12,100,321,2,1,2,3,false,false
progress-aware-quorum-delay,120,12,25,13,12,100,321,2,1,2,3,false,false
progress-aware-quorum-delay,120,13,25,13,12,100,321,2,1,2,3,false,false
progress-aware-quorum-delay,120,14,25,13,12,100,321,2,1,2,3,false,false
progress-aware-quorum-delay,120,15,25,13,12,100,321,2,1,2,3,false,false
progress-aware-quorum-delay,120,16,25,13,12,100,321,2,1,2,3,false,false
progress-aware-quorum-delay,120,17,25,13,12,100,321,2,1,2,3,false,false
progress-aware-quorum-delay,120,18,25,13,12,100,321,2,1,2,3,false,false
progress-aware-quorum-delay,120,19,25,13,12,100,321,2,1,2,3,false,false
progress-aware-quorum-delay,120,20,25,13,12,100,321,2,1,2,3,false,false
progress-aware-quorum-delay,120,21,25,13,12,100,321,2,1,2,3,false,false
progress-aware-quorum-delay,120,22,25,13,12,100,321,2,1,2,3,false,false
progress-aware-quorum-delay,120,23,25,13,12,100,321,2,1,2,3,false,false
progress-aware-quorum-delay,120,24,25,13,12,100,321,2,1,2,3,false,false
progress-aware-quorum-delay,120,25,25,13,12,100,321,2,1,2,3,false,false
progress-aware-quorum-delay,120,26,25,13,12,100,321,2,1,2,3,false,false
progress-aware-quorum-delay,120,27,25,13,12,100,321,2,1,2,3,false,false
progress-aware-quorum-delay,120,28,25,13,12,100,321,2,1,2,3,false,false
progress-aware-quorum-delay,120,29,25,13,12,100,321,2,1,2,3,false,false
progress-aware-quorum-delay,120,30,25,13,12,100,321,2,1,2,3,false,false
progress-aware-quorum-delay,120,31,25,13,12,100,321,2,1,2,3,false,false
progress-aware-quorum-delay,120,32,25,13,12,100,321,2,1,2,3,false,false
progress-aware-quorum-delay,120,33,25,13,12,100,321,2,1,2,3,false,false
progress-aware-quorum-delay,120,34,25,13,12,100,321,2,1,2,3,false,false
progress-aware-quorum-delay,120,35,25,13,12,100,321,2,1,2,3,false,false
progress-aware-quorum-delay,120,36,25,13,12,100,321,2,1,2,3,false,false
progress-aware-quorum-delay,120,37,25,13,12,100,321,2,1,2,3,false,false
progress-aware-quorum-delay,120,38,25,13,12,100,321,2,1,2,3,false,false
progress-aware-quorum-delay,120,39,25,13,12,100,321,2,1,2,3,false,false
progress-aware-quorum-delay,120,40,25,13,12,100,321,2,1,2,3,false,false
progress-aware-quorum-delay,120,41,25,13,12,100,321,2,1,2,3,false,false
progress-aware-quorum-delay,120,42,25,13,12,100,321,2,1,2,3,false,false
progress-aware-quorum-delay,120,43,25,13,12,100,321,2,1,2,3,false,false
progress-aware-quorum-delay,120,44,25,13,12,100,321,2,1,2,3,false,false
progress-aware-quorum-delay,120,45,25,13,12,100,321,2,1,2,3,false,false
progress-aware-quorum-delay,120,46,25,13,12,100,321,2,1,2,3,false,false
progress-aware-quorum-delay,120,47,25,13,12,100,321,2,1,2,3,false,false
progress-aware-quorum-delay,120,48,25,13,12,100,321,2,1,2,3,false,false
progress-aware-quorum-delay,120,49,25,13,12,100,321,2,1,2,3,false,false
progress-aware-quorum-delay,120,50,25,13,12,100,321,2,1,2,3,false,false
progress-aware-quorum-delay,120,51,25,13,12,100,321,2,1,2,3,false,false
progress-aware-quorum-delay,120,52,25,13,12,100,321,2,1,2,3,false,false
progress-aware-quorum-delay,120,53,25,13,12,100,321,2,1,2,3,false,false
progress-aware-quorum-delay,120,54,25,13,12,100,321,2,1,2,3,false,false
progress-aware-quorum-delay,120,55,25,13,12,100,321,2,1,2,3,false,false
progress-aware-quorum-delay,120,56,25,13,12,100,321,2,1,2,3,false,false
progress-aware-quorum-delay,120,57,25,13,12,100,321,2,1,2,3,false,false
progress-aware-quorum-delay,120,58,25,13,12,100,321,2,1,2,3,false,false
progress-aware-quorum-delay,120,59,25,13,12,100,321,2,1,2,3,false,false
progress-aware-quorum-delay,120,60,25,13,12,100,321,2,1,2,3,false,false
progress-aware-quorum-delay,120,61,25,13,12,100,321,2,1,2,3,false,false
progress-aware-quorum-delay,120,62,25,13,12,100,321,2,1,2,3,false,false
progress-aware-quorum-delay,120,63,25,13,12,100,321,2,1,2,3,false,false
progress-aware-quorum-delay,120,64,25,13,12,100,321,2,1,2,3,false,false
progress-aware-quorum-delay,120,65,25,13,12,100,321,2,1,2,3,false,false
progress-aware-quorum-delay,120,66,25,13,12,100,321,2,1,2,3,false,false
progress-aware-quorum-delay,120,67,25,13,12,100,321,2,1,2,3,false,false
progress-aware-quorum-delay,120,68,25,13,12,100,321,2,1,2,3,false,false
progress-aware-quorum-delay,120,69,25,13,12,100,321,2,1,2,3,false,false
progress-aware-quorum-delay,120,70,25,13,12,100,321,2,1,2,3,false,false
progress-aware-quorum-delay,120,71,25,13,12,100,321,2,1,2,3,false,false
progress-aware-quorum-delay,120,72,25,13,12,100,321,2,1,2,3,false,false
progress-aware-quorum-delay,120,73,25,13,12,100,321,2,1,2,3,false,false
progress-aware-quorum-delay,120,74,25,13,12,100,321,2,1,2,3,false,false
progress-aware-quorum-delay,120,75,25,13,12,100,321,2,1,2,3,false,false
progress-aware-quorum-delay,120,76,25,13,12,100,321,2,1,2,3,false,false
progress-aware-quorum-delay,120,77,25,13,12,100,321,2,1,2,3,false,false
progress-aware-quorum-delay,120,78,25,13,12,100,321,2,1,2,3,false,false
progress-aware-quorum-delay,120,79,25,13,12,100,321,2,1,2,3,false,false
progress-aware-quorum-delay,120,80,25,13,12,100,321,2,1,2,3,false,false
progress-aware-quorum-delay,120,81,25,13,12,100,321,2,1,2,3,false,false
progress-aware-quorum-delay,120,82,25,13,12,100,321,2,1,2,3,false,false
progress-aware-quorum-delay,120,83,25,13,12,100,321,2,1,2,3,false,false
progress-aware-quorum-delay,120,84,25,13,12,100,321,2,1,2,3,false,false
progress-aware-quorum-delay,120,85,25,13,12,100,321,2,1,2,3,false,false
progress-aware-quorum-delay,120,86,25,13,12,100,321,2,1,2,3,false,false
progress-aware-quorum-delay,120,87,25,13,12,100,321,2,1,2,3,false,false
progress-aware-quorum-delay,120,88,25,13,12,100,321,2,1,2,3,false,false
progress-aware-quorum-delay,120,89,25,13,12,100,321,2,1,2,3,false,false
progress-aware-quorum-delay,120,90,25,13,12,100,321,2,1,2,3,false,false
progress-aware-quorum-delay,120,91,25,13,12,100,321,2,1,2,3,false,false
progress-aware-quorum-delay,120,92,25,13,12,100,321,2,1,2,3,false,false
progress-aware-quorum-delay,120,93,25,13,12,100,321,2,1,2,3,false,false
progress-aware-quorum-delay,120,94,25,13,12,100,321,2,1,2,3,false,false
progress-aware-quorum-delay,120,95,25,13,12,100,321,2,1,2,3,false,false
progress-aware-quorum-delay,120,96,25,13,12,100,321,2,1,2,3,false,false
progress-aware-quorum-delay,120,97,25,13,12,100,321,2,1,2,3,false,false
progress-aware-quorum-delay,120,98,25,13,12,100,321,2,1,2,3,false,false
progress-aware-quorum-delay,120,99,25,13,12,100,321,2,1,2,3,false,false
progress-aware-quorum-delay,120,100,25,13,12,100,321,2,1,2,3,false,false
progress-aware-quorum-delay,120,101,25,13,12,100,321,2,1,2,3,false,false
progress-aware-quorum-delay,120,102,25,13,12,100,321,2,1,2,3,false,false
progress-aware-quorum-delay,120,103,25,13,12,100,321,2,1,2,3,false,false
progress-aware-quorum-delay,120,104,25,13,12,100,321,2,1,2,3,false,false
progress-aware-quorum-delay,120,105,25,13,12,100,321,2,1,2,3,false,false
progress-aware-quorum-delay,120,106,25,13,12,100,321,2,1,2,3,false,false
progress-aware-quorum-delay,120,107,25,13,12,100,321,2,1,2,3,false,false
progress-aware-quorum-delay,120,108,25,13,12,100,321,2,1,2,3,false,false
progress-aware-quorum-delay,120,109,25,13,12,100,321,2,1,2,3,false,false
progress-aware-quorum-delay,120,110,25,13,12,100,321,2,1,2,3,false,false
progress-aware-quorum-delay,120,111,25,13,12,100,321,2,1,2,3,false,false
progress-aware-quorum-delay,120,112,25,13,12,100,321,2,1,2,3,false,false
progress-aware-quorum-delay,120,113,25,13,12,100,321,2,1,2,3,false,false
progress-aware-quorum-delay,120,114,25,13,12,100,321,2,1,2,3,false,false
progress-aware-quorum-delay,120,115,25,13,12,100,321,2,1,2,3,false,false
progress-aware-quorum-delay,120,116,25,13,12,100,321,2,1,2,3,false,false
progress-aware-quorum-delay,120,117,25,13,12,100,321,2,1,2,3,false,false
progress-aware-quorum-delay,120,118,25,13,12,100,321,2,1,2,3,false,false
progress-aware-quorum-delay,120,119,25,13,12,100,321,2,1,2,3,false,false
progress-aware-quorum-delay,120,120,25,13,12,100,321,2,1,2,3,false,false
progress-aware-quorum-delay,120,121,25,13,12,100,321,2,1,2,3,false,false
progress-aware-quorum-delay,120,122,25,13,12,100,321,2,1,2,3,false,false
progress-aware-quorum-delay,120,123,25,13,12,100,321,2,1,2,3,false,false
progress-aware-quorum-delay,120,124,25,13,12,100,321,2,1,2,3,false,false
progress-aware-quorum-delay,120,125,25,13,12,100,321,2,1,2,3,false,false
progress-aware-quorum-delay,120,126,25,13,12,100,321,2,1,2,3,false,false
progress-aware-quorum-delay,120,127,25,13,12,100,321,2,1,2,3,false,false
progress-aware-quorum-delay,120,128,25,13,12,100,321,2,1,2,3,false,false
progress-aware-quorum-delay,120,129,25,13,12,100,321,2,1,2,3,false,false
progress-aware-quorum-delay,120,130,25,13,12,100,321,2,1,2,3,false,false
progress-aware-quorum-delay,120,131,25,13,12,100,321,2,1,2,3,false,false
progress-aware-quorum-delay,120,132,25,13,12,100,321,2,1,2,3,false,false
progress-aware-quorum-delay,120,133,25,13,12,100,321,2,1,2,3,false,false
progress-aware-quorum-delay,120,134,25,13,12,100,321,2,1,2,3,false,false
progress-aware-quorum-delay,120,135,25,13,12,100,321,2,1,2,3,false,false
progress-aware-quorum-delay,120,136,25,13,12,100,321,2,1,2,3,false,false
progress-aware-quorum-delay,120,137,25,13,12,100,321,2,1,2,3,false,false
progress-aware-quorum-delay,120,138,25,13,12,100,321,2,1,2,3,false,false
progress-aware-quorum-delay,120,139,25,13,12,100,321,2,1,2,3,false,false
progress-aware-quorum-delay,120,140,25,13,12,100,321,2,1,2,3,false,false
progress-aware-quorum-delay,120,141,25,13,12,100,321,2,1,2,3,false,false
progress-aware-quorum-delay,120,142,25,13,12,100,321,2,1,2,3,false,false
progress-aware-quorum-delay,120,143,25,13,12,100,321,2,1,2,3,false,false
progress-aware-quorum-delay,120,144,25,13,12,100,321,2,1,2,3,false,false
progress-aware-quorum-delay,120,145,25,13,12,100,321,2,1,2,3,false,false
progress-aware-quorum-delay,120,146,25,13,12,100,321,2,1,2,3,false,false
progress-aware-quorum-delay,120,147,25,13,12,100,321,2,1,2,3,false,false
progress-aware-quorum-delay,120,148,25,13,12,100,321,2,1,2,3,false,false
progress-aware-quorum-delay,120,149,25,13,12,100,321,2,1,2,3,false,false
progress-aware-quorum-delay,120,150,25,13,12,100,321,2,1,2,3,false,false
progress-aware-quorum-delay,120,151,25,13,12,100,321,2,1,2,3,false,false
progress-aware-quorum-delay,120,152,25,13,12,100,321,2,1,2,3,false,false
progress-aware-quorum-delay,120,153,25,13,12,100,321,2,1,2,3,false,false
progress-aware-quorum-delay,120,154,25,13,12,100,321,2,1,2,3,false,false
progress-aware-quorum-delay,120,155,25,13,12,100,321,2,1,2,3,false,false
progress-aware-quorum-delay,120,156,25,13,12,100,321,2,1,2,3,false,false
progress-aware-quorum-delay,120,157,25,13,12,100,321,2,1,2,3,false,false
progress-aware-quorum-delay,120,158,25,13,12,100,321,2,1,2,3,false,false
progress-aware-quorum-delay,120,159,25,13,12,100,321,2,1,2,3,false,false
progress-aware-quorum-delay,120,160,25,13,12,100,321,2,1,2,3,false,false
progress-aware-quorum-delay,120,161,25,13,12,100,321,2,1,2,3,false,false
progress-aware-quorum-delay,120,162,25,13,12,100,321,2,1,2,3,false,false
progress-aware-quorum-delay,120,163,25,13,12,100,321,2,1,2,3,false,false
progress-aware-quorum-delay,120,164,25,13,12,100,321,2,1,2,3,false,false
progress-aware-quorum-delay,120,165,25,13,12,100,321,2,1,2,3,false,false
progress-aware-quorum-delay,120,166,25,13,12,100,321,2,1,2,3,false,false
progress-aware-quorum-delay,120,167,25,13,12,100,321,2,1,2,3,false,false
progress-aware-quorum-delay,120,168,25,13,12,100,321,2,1,2,3,false,false
progress-aware-quorum-delay,120,169,25,13,12,100,321,2,1,2,3,false,false
progress-aware-quorum-delay,120,170,25,13,12,100,321,2,1,2,3,false,false
progress-aware-quorum-delay,120,171,25,13,12,100,321,2,1,2,3,false,false
progress-aware-quorum-delay,120,172,25,13,12,100,321,2,1,2,3,false,false
progress-aware-quorum-delay,120,173,25,13,12,100,321,2,1,2,3,false,false
progress-aware-quorum-delay,120,174,25,13,12,100,321,2,1,2,3,false,false
progress-aware-quorum-delay,120,175,25,13,12,100,321,2,1,2,3,false,false
progress-aware-quorum-delay,120,176,25,13,12,100,321,2,1,2,3,false,false
progress-aware-quorum-delay,120,177,25,13,12,100,321,2,1,2,3,false,false
progress-aware-quorum-delay,120,178,25,13,12,100,321,2,1,2,3,false,false
progress-aware-quorum-delay,120,179,25,13,12,100,321,2,1,2,3,false,false
progress-aware-quorum-delay,120,180,25,13,12,100,321,2,1,2,3,false,false
progress-aware-quorum-delay,120,181,25,13,12,100,321,2,1,2,3,false,false
progress-aware-quorum-delay,120,182,25,13,12,100,321,2,1,2,3,false,false
progress-aware-quorum-delay,120,183,25,13,12,100,321,2,1,2,3,false,false
progress-aware-quorum-delay,120,184,25,13,12,100,321,2,1,2,3,false,false
progress-aware-quorum-delay,120,185,25,13,12,100,321,2,1,2,3,false,false
progress-aware-quorum-delay,120,186,25,13,12,100,321,2,1,2,3,false,false
progress-aware-quorum-delay,120,187,25,13,12,100,321,2,1,2,3,false,false
progress-aware-quorum-delay,120,188,25,13,12,100,321,2,1,2,3,false,false
progress-aware-quorum-delay,120,189,25,13,12,100,321,2,1,2,3,false,false
progress-aware-quorum-delay,120,190,25,13,12,100,321,2,1,2,3,false,false
progress-aware-quorum-delay,120,191,25,13,12,100,321,2,1,2,3,false,false
progress-aware-quorum-delay,120,192,25,13,12,100,321,2,1,2,3,false,false
progress-aware-quorum-delay,120,193,25,13,12,100,321,2,1,2,3,false,false
progress-aware-quorum-delay,120,194,25,13,12,100,321,2,1,2,3,false,false
progress-aware-quorum-delay,120,195,25,13,12,100,321,2,1,2,3,false,false
progress-aware-quorum-delay,120,196,25,13,12,100,321,2,1,2,3,false,false
progress-aware-quorum-delay,120,197,25,13,12,100,321,2,1,2,3,false,false
progress-aware-quorum-delay,120,198,25,13,12,100,321,2,1,2,3,false,false
progress-aware-quorum-delay,120,199,25,13,12,100,321,2,1,2,3,false,false
progress-aware-quorum-delay,120,200,25,13,12,100,321,2,1,2,3,false,false
uniform-budget-delay,125,1,25,13,12,100,326,2,1,2,3,false,false
uniform-budget-delay,125,2,25,13,12,100,326,2,1,2,3,false,false
uniform-budget-delay,125,3,25,13,12,100,326,2,1,2,3,false,false
uniform-budget-delay,125,4,25,13,12,100,326,2,1,2,3,false,false
uniform-budget-delay,125,5,25,13,12,100,326,2,1,2,3,false,false
uniform-budget-delay,125,6,25,13,12,100,326,2,1,2,3,false,false
uniform-budget-delay,125,7,25,13,12,100,326,2,1,2,3,false,false
uniform-budget-delay,125,8,25,13,12,100,326,2,1,2,3,false,false
uniform-budget-delay,125,9,25,13,12,100,326,2,1,2,3,false,false
uniform-budget-delay,125,10,25,13,12,100,326,2,1,2,3,false,false
uniform-budget-delay,125,11,25,13,12,100,326,2,1,2,3,false,false
uniform-budget-delay,125,12,25,13,12,100,326,2,1,2,3,false,false
uniform-budget-delay,125,13,25,13,12,100,326,2,1,2,3,false,false
uniform-budget-delay,125,14,25,13,12,100,326,2,1,2,3,false,false
uniform-budget-delay,125,15,25,13,12,100,326,2,1,2,3,false,false
uniform-budget-delay,125,16,25,13,12,100,326,2,1,2,3,false,false
uniform-budget-delay,125,17,25,13,12,100,326,2,1,2,3,false,false
uniform-budget-delay,125,18,25,13,12,100,326,2,1,2,3,false,false
uniform-budget-delay,125,19,25,13,12,100,326,2,1,2,3,false,false
uniform-budget-delay,125,20,25,13,12,100,326,2,1,2,3,false,false
uniform-budget-delay,125,21,25,13,12,100,326,2,1,2,3,false,false
uniform-budget-delay,125,22,25,13,12,100,326,2,1,2,3,false,false
uniform-budget-delay,125,23,25,13,12,100,326,2,1,2,3,false,false
uniform-budget-delay,125,24,25,13,12,100,276,1,1,1,2,false,false
uniform-budget-delay,125,25,25,13,12,100,326,2,1,2,3,false,false
uniform-budget-delay,125,26,25,13,12,100,326,2,1,2,3,false,false
uniform-budget-delay,125,27,25,13,12,100,276,1,1,1,2,false,false
uniform-budget-delay,125,28,25,13,12,100,326,2,1,2,3,false,false
uniform-budget-delay,125,29,25,13,12,100,326,2,1,2,3,false,false
uniform-budget-delay,125,30,25,13,12,100,326,2,1,2,3,false,false
uniform-budget-delay,125,31,25,13,12,100,326,2,1,2,3,false,false
uniform-budget-delay,125,32,25,13,12,100,326,2,1,2,3,false,false
uniform-budget-delay,125,33,25,13,12,100,326,2,1,2,3,false,false
uniform-budget-delay,125,34,25,13,12,100,326,2,1,2,3,false,false
uniform-budget-delay,125,35,25,13,12,100,326,2,1,2,3,false,false
uniform-budget-delay,125,36,25,13,12,100,326,2,1,2,3,false,false
uniform-budget-delay,125,37,25,13,12,100,276,1,1,1,2,false,false
uniform-budget-delay,125,38,25,13,12,100,326,2,1,2,3,false,false
uniform-budget-delay,125,39,25,13,12,100,326,2,1,2,3,false,false
uniform-budget-delay,125,40,25,13,12,100,326,2,1,2,3,false,false
uniform-budget-delay,125,41,25,13,12,100,326,2,1,2,3,false,false
uniform-budget-delay,125,42,25,13,12,100,326,2,1,2,3,false,false
uniform-budget-delay,125,43,25,13,12,100,326,2,1,2,3,false,false
uniform-budget-delay,125,44,25,13,12,100,326,2,1,2,3,false,false
uniform-budget-delay,125,45,25,13,12,100,326,2,1,2,3,false,false
uniform-budget-delay,125,46,25,13,12,100,326,2,1,2,3,false,false
uniform-budget-delay,125,47,25,13,12,100,326,2,1,2,3,false,false
uniform-budget-delay,125,48,25,13,12,100,276,1,1,1,2,false,false
uniform-budget-delay,125,49,25,13,12,100,326,2,1,2,3,false,false
uniform-budget-delay,125,50,25,13,12,100,326,2,1,2,3,false,false
uniform-budget-delay,125,51,25,13,12,100,326,2,1,2,3,false,false
uniform-budget-delay,125,52,25,13,12,100,326,2,1,2,3,false,false
uniform-budget-delay,125,53,25,13,12,100,326,2,1,2,3,false,false
uniform-budget-delay,125,54,25,13,12,100,326,2,1,2,3,false,false
uniform-budget-delay,125,55,25,13,12,100,326,2,1,2,3,false,false
uniform-budget-delay,125,56,25,13,12,100,326,2,1,2,3,false,false
uniform-budget-delay,125,57,25,13,12,100,326,2,1,2,3,false,false
uniform-budget-delay,125,58,25,13,12,100,276,1,1,1,2,false,false
uniform-budget-delay,125,59,25,13,12,100,326,2,1,2,3,false,false
uniform-budget-delay,125,60,25,13,12,100,326,2,1,2,3,false,false
uniform-budget-delay,125,61,25,13,12,100,326,2,1,2,3,false,false
uniform-budget-delay,125,62,25,13,12,100,326,2,1,2,3,false,false
uniform-budget-delay,125,63,25,13,12,100,326,2,1,2,3,false,false
uniform-budget-delay,125,64,25,13,12,100,326,2,1,2,3,false,false
uniform-budget-delay,125,65,25,13,12,100,276,1,1,1,2,false,false
uniform-budget-delay,125,66,25,13,12,100,326,2,1,2,3,false,false
uniform-budget-delay,125,67,25,13,12,100,326,2,1,2,3,false,false
uniform-budget-delay,125,68,25,13,12,100,276,1,1,1,2,false,false
uniform-budget-delay,125,69,25,13,12,100,326,2,1,2,3,false,false
uniform-budget-delay,125,70,25,13,12,100,326,2,1,2,3,false,false
uniform-budget-delay,125,71,25,13,12,100,276,1,1,1,2,false,false
uniform-budget-delay,125,72,25,13,12,100,326,2,1,2,3,false,false
uniform-budget-delay,125,73,25,13,12,100,326,2,1,2,3,false,false
uniform-budget-delay,125,74,25,13,12,100,276,1,1,1,2,false,false
uniform-budget-delay,125,75,25,13,12,100,326,2,1,2,3,false,false
uniform-budget-delay,125,76,25,13,12,100,326,2,1,2,3,false,false
uniform-budget-delay,125,77,25,13,12,100,326,2,1,2,3,false,false
uniform-budget-delay,125,78,25,13,12,100,326,2,1,2,3,false,false
uniform-budget-delay,125,79,25,13,12,100,326,2,1,2,3,false,false
uniform-budget-delay,125,80,25,13,12,100,326,2,1,2,3,false,false
uniform-budget-delay,125,81,25,13,12,100,326,2,1,2,3,false,false
uniform-budget-delay,125,82,25,13,12,100,326,2,1,2,3,false,false
uniform-budget-delay,125,83,25,13,12,100,276,1,1,1,2,false,false
uniform-budget-delay,125,84,25,13,12,100,326,2,1,2,3,false,false
uniform-budget-delay,125,85,25,13,12,100,326,2,1,2,3,false,false
uniform-budget-delay,125,86,25,13,12,100,326,2,1,2,3,false,false
uniform-budget-delay,125,87,25,13,12,100,326,2,1,2,3,false,false
uniform-budget-delay,125,88,25,13,12,100,326,2,1,2,3,false,false
uniform-budget-delay,125,89,25,13,12,100,326,2,1,2,3,false,false
uniform-budget-delay,125,90,25,13,12,100,326,2,1,2,3,false,false
uniform-budget-delay,125,91,25,13,12,100,326,2,1,2,3,false,false
uniform-budget-delay,125,92,25,13,12,100,326,2,1,2,3,false,false
uniform-budget-delay,125,93,25,13,12,100,326,2,1,2,3,false,false
uniform-budget-delay,125,94,25,13,12,100,326,2,1,2,3,false,false
uniform-budget-delay,125,95,25,13,12,100,326,2,1,2,3,false,false
uniform-budget-delay,125,96,25,13,12,100,326,2,1,2,3,false,false
uniform-budget-delay,125,97,25,13,12,100,326,2,1,2,3,false,false
uniform-budget-delay,125,98,25,13,12,100,326,2,1,2,3,false,false
uniform-budget-delay,125,99,25,13,12,100,326,2,1,2,3,false,false
uniform-budget-delay,125,100,25,13,12,100,326,2,1,2,3,false,false
uniform-budget-delay,125,101,25,13,12,100,326,2,1,2,3,false,false
uniform-budget-delay,125,102,25,13,12,100,326,2,1,2,3,false,false
uniform-budget-delay,125,103,25,13,12,100,326,2,1,2,3,false,false
uniform-budget-delay,125,104,25,13,12,100,326,2,1,2,3,false,false
uniform-budget-delay,125,105,25,13,12,100,326,2,1,2,3,false,false
uniform-budget-delay,125,106,25,13,12,100,326,2,1,2,3,false,false
uniform-budget-delay,125,107,25,13,12,100,326,2,1,2,3,false,false
uniform-budget-delay,125,108,25,13,12,100,326,2,1,2,3,false,false
uniform-budget-delay,125,109,25,13,12,100,326,2,1,2,3,false,false
uniform-budget-delay,125,110,25,13,12,100,326,2,1,2,3,false,false
uniform-budget-delay,125,111,25,13,12,100,326,2,1,2,3,false,false
uniform-budget-delay,125,112,25,13,12,100,326,2,1,2,3,false,false
uniform-budget-delay,125,113,25,13,12,100,326,2,1,2,3,false,false
uniform-budget-delay,125,114,25,13,12,100,326,2,1,2,3,false,false
uniform-budget-delay,125,115,25,13,12,100,326,2,1,2,3,false,false
uniform-budget-delay,125,116,25,13,12,100,326,2,1,2,3,false,false
uniform-budget-delay,125,117,25,13,12,100,326,2,1,2,3,false,false
uniform-budget-delay,125,118,25,13,12,100,326,2,1,2,3,false,false
uniform-budget-delay,125,119,25,13,12,100,326,2,1,2,3,false,false
uniform-budget-delay,125,120,25,13,12,100,326,2,1,2,3,false,false
uniform-budget-delay,125,121,25,13,12,100,326,2,1,2,3,false,false
uniform-budget-delay,125,122,25,13,12,100,326,2,1,2,3,false,false
uniform-budget-delay,125,123,25,13,12,100,326,2,1,2,3,false,false
uniform-budget-delay,125,124,25,13,12,100,326,2,1,2,3,false,false
uniform-budget-delay,125,125,25,13,12,100,326,2,1,2,3,false,false
uniform-budget-delay,125,126,25,13,12,100,326,2,1,2,3,false,false
uniform-budget-delay,125,127,25,13,12,100,326,2,1,2,3,false,false
uniform-budget-delay,125,128,25,13,12,100,326,2,1,2,3,false,false
uniform-budget-delay,125,129,25,13,12,100,326,2,1,2,3,false,false
uniform-budget-delay,125,130,25,13,12,100,276,1,1,1,2,false,false
uniform-budget-delay,125,131,25,13,12,100,326,2,1,2,3,false,false
uniform-budget-delay,125,132,25,13,12,100,326,2,1,2,3,false,false
uniform-budget-delay,125,133,25,13,12,100,326,2,1,2,3,false,false
uniform-budget-delay,125,134,25,13,12,100,276,1,1,1,2,false,false
uniform-budget-delay,125,135,25,13,12,100,326,2,1,2,3,false,false
uniform-budget-delay,125,136,25,13,12,100,326,2,1,2,3,false,false
uniform-budget-delay,125,137,25,13,12,100,326,2,1,2,3,false,false
uniform-budget-delay,125,138,25,13,12,100,326,2,1,2,3,false,false
uniform-budget-delay,125,139,25,13,12,100,326,2,1,2,3,false,false
uniform-budget-delay,125,140,25,13,12,100,326,2,1,2,3,false,false
uniform-budget-delay,125,141,25,13,12,100,326,2,1,2,3,false,false
uniform-budget-delay,125,142,25,13,12,100,326,2,1,2,3,false,false
uniform-budget-delay,125,143,25,13,12,100,326,2,1,2,3,false,false
uniform-budget-delay,125,144,25,13,12,100,326,2,1,2,3,false,false
uniform-budget-delay,125,145,25,13,12,100,326,2,1,2,3,false,false
uniform-budget-delay,125,146,25,13,12,100,276,1,1,1,2,false,false
uniform-budget-delay,125,147,25,13,12,100,326,2,1,2,3,false,false
uniform-budget-delay,125,148,25,13,12,100,326,2,1,2,3,false,false
uniform-budget-delay,125,149,25,13,12,100,326,2,1,2,3,false,false
uniform-budget-delay,125,150,25,13,12,100,276,1,1,1,2,false,false
uniform-budget-delay,125,151,25,13,12,100,326,2,1,2,3,false,false
uniform-budget-delay,125,152,25,13,12,100,326,2,1,2,3,false,false
uniform-budget-delay,125,153,25,13,12,100,326,2,1,2,3,false,false
uniform-budget-delay,125,154,25,13,12,100,326,2,1,2,3,false,false
uniform-budget-delay,125,155,25,13,12,100,326,2,1,2,3,false,false
uniform-budget-delay,125,156,25,13,12,100,276,1,1,1,2,false,false
uniform-budget-delay,125,157,25,13,12,100,326,2,1,2,3,false,false
uniform-budget-delay,125,158,25,13,12,100,326,2,1,2,3,false,false
uniform-budget-delay,125,159,25,13,12,100,326,2,1,2,3,false,false
uniform-budget-delay,125,160,25,13,12,100,326,2,1,2,3,false,false
uniform-budget-delay,125,161,25,13,12,100,326,2,1,2,3,false,false
uniform-budget-delay,125,162,25,13,12,100,326,2,1,2,3,false,false
uniform-budget-delay,125,163,25,13,12,100,276,1,1,1,2,false,false
uniform-budget-delay,125,164,25,13,12,100,326,2,1,2,3,false,false
uniform-budget-delay,125,165,25,13,12,100,326,2,1,2,3,false,false
uniform-budget-delay,125,166,25,13,12,100,326,2,1,2,3,false,false
uniform-budget-delay,125,167,25,13,12,100,326,2,1,2,3,false,false
uniform-budget-delay,125,168,25,13,12,100,326,2,1,2,3,false,false
uniform-budget-delay,125,169,25,13,12,100,326,2,1,2,3,false,false
uniform-budget-delay,125,170,25,13,12,100,276,1,1,1,2,false,false
uniform-budget-delay,125,171,25,13,12,100,326,2,1,2,3,false,false
uniform-budget-delay,125,172,25,13,12,100,326,2,1,2,3,false,false
uniform-budget-delay,125,173,25,13,12,100,326,2,1,2,3,false,false
uniform-budget-delay,125,174,25,13,12,100,326,2,1,2,3,false,false
uniform-budget-delay,125,175,25,13,12,100,326,2,1,2,3,false,false
uniform-budget-delay,125,176,25,13,12,100,326,2,1,2,3,false,false
uniform-budget-delay,125,177,25,13,12,100,326,2,1,2,3,false,false
uniform-budget-delay,125,178,25,13,12,100,326,2,1,2,3,false,false
uniform-budget-delay,125,179,25,13,12,100,326,2,1,2,3,false,false
uniform-budget-delay,125,180,25,13,12,100,326,2,1,2,3,false,false
uniform-budget-delay,125,181,25,13,12,100,326,2,1,2,3,false,false
uniform-budget-delay,125,182,25,13,12,100,326,2,1,2,3,false,false
uniform-budget-delay,125,183,25,13,12,100,326,2,1,2,3,false,false
uniform-budget-delay,125,184,25,13,12,100,326,2,1,2,3,false,false
uniform-budget-delay,125,185,25,13,12,100,326,2,1,2,3,false,false
uniform-budget-delay,125,186,25,13,12,100,326,2,1,2,3,false,false
uniform-budget-delay,125,187,25,13,12,100,326,2,1,2,3,false,false
uniform-budget-delay,125,188,25,13,12,100,326,2,1,2,3,false,false
uniform-budget-delay,125,189,25,13,12,100,276,1,1,1,2,false,false
uniform-budget-delay,125,190,25,13,12,100,326,2,1,2,3,false,false
uniform-budget-delay,125,191,25,13,12,100,326,2,1,2,3,false,false
uniform-budget-delay,125,192,25,13,12,100,326,2,1,2,3,false,false
uniform-budget-delay,125,193,25,13,12,100,326,2,1,2,3,false,false
uniform-budget-delay,125,194,25,13,12,100,326,2,1,2,3,false,false
uniform-budget-delay,125,195,25,13,12,100,326,2,1,2,3,false,false
uniform-budget-delay,125,196,25,13,12,100,326,2,1,2,3,false,false
uniform-budget-delay,125,197,25,13,12,100,326,2,1,2,3,false,false
uniform-budget-delay,125,198,25,13,12,100,276,1,1,1,2,false,false
uniform-budget-delay,125,199,25,13,12,100,326,2,1,2,3,false,false
uniform-budget-delay,125,200,25,13,12,100,326,2,1,2,3,false,false
progress-aware-quorum-delay,125,1,25,13,12,100,326,2,1,2,3,false,false
progress-aware-quorum-delay,125,2,25,13,12,100,326,2,1,2,3,false,false
progress-aware-quorum-delay,125,3,25,13,12,100,326,2,1,2,3,false,false
progress-aware-quorum-delay,125,4,25,13,12,100,326,2,1,2,3,false,false
progress-aware-quorum-delay,125,5,25,13,12,100,326,2,1,2,3,false,false
progress-aware-quorum-delay,125,6,25,13,12,100,326,2,1,2,3,false,false
progress-aware-quorum-delay,125,7,25,13,12,100,326,2,1,2,3,false,false
progress-aware-quorum-delay,125,8,25,13,12,100,326,2,1,2,3,false,false
progress-aware-quorum-delay,125,9,25,13,12,100,326,2,1,2,3,false,false
progress-aware-quorum-delay,125,10,25,13,12,100,326,2,1,2,3,false,false
progress-aware-quorum-delay,125,11,25,13,12,100,326,2,1,2,3,false,false
progress-aware-quorum-delay,125,12,25,13,12,100,326,2,1,2,3,false,false
progress-aware-quorum-delay,125,13,25,13,12,100,326,2,1,2,3,false,false
progress-aware-quorum-delay,125,14,25,13,12,100,326,2,1,2,3,false,false
progress-aware-quorum-delay,125,15,25,13,12,100,326,2,1,2,3,false,false
progress-aware-quorum-delay,125,16,25,13,12,100,326,2,1,2,3,false,false
progress-aware-quorum-delay,125,17,25,13,12,100,326,2,1,2,3,false,false
progress-aware-quorum-delay,125,18,25,13,12,100,326,2,1,2,3,false,false
progress-aware-quorum-delay,125,19,25,13,12,100,326,2,1,2,3,false,false
progress-aware-quorum-delay,125,20,25,13,12,100,326,2,1,2,3,false,false
progress-aware-quorum-delay,125,21,25,13,12,100,326,2,1,2,3,false,false
progress-aware-quorum-delay,125,22,25,13,12,100,326,2,1,2,3,false,false
progress-aware-quorum-delay,125,23,25,13,12,100,326,2,1,2,3,false,false
progress-aware-quorum-delay,125,24,25,13,12,100,326,2,1,2,3,false,false
progress-aware-quorum-delay,125,25,25,13,12,100,326,2,1,2,3,false,false
progress-aware-quorum-delay,125,26,25,13,12,100,326,2,1,2,3,false,false
progress-aware-quorum-delay,125,27,25,13,12,100,326,2,1,2,3,false,false
progress-aware-quorum-delay,125,28,25,13,12,100,326,2,1,2,3,false,false
progress-aware-quorum-delay,125,29,25,13,12,100,326,2,1,2,3,false,false
progress-aware-quorum-delay,125,30,25,13,12,100,326,2,1,2,3,false,false
progress-aware-quorum-delay,125,31,25,13,12,100,326,2,1,2,3,false,false
progress-aware-quorum-delay,125,32,25,13,12,100,326,2,1,2,3,false,false
progress-aware-quorum-delay,125,33,25,13,12,100,326,2,1,2,3,false,false
progress-aware-quorum-delay,125,34,25,13,12,100,326,2,1,2,3,false,false
progress-aware-quorum-delay,125,35,25,13,12,100,326,2,1,2,3,false,false
progress-aware-quorum-delay,125,36,25,13,12,100,326,2,1,2,3,false,false
progress-aware-quorum-delay,125,37,25,13,12,100,326,2,1,2,3,false,false
progress-aware-quorum-delay,125,38,25,13,12,100,326,2,1,2,3,false,false
progress-aware-quorum-delay,125,39,25,13,12,100,326,2,1,2,3,false,false
progress-aware-quorum-delay,125,40,25,13,12,100,326,2,1,2,3,false,false
progress-aware-quorum-delay,125,41,25,13,12,100,326,2,1,2,3,false,false
progress-aware-quorum-delay,125,42,25,13,12,100,326,2,1,2,3,false,false
progress-aware-quorum-delay,125,43,25,13,12,100,326,2,1,2,3,false,false
progress-aware-quorum-delay,125,44,25,13,12,100,326,2,1,2,3,false,false
progress-aware-quorum-delay,125,45,25,13,12,100,326,2,1,2,3,false,false
progress-aware-quorum-delay,125,46,25,13,12,100,326,2,1,2,3,false,false
progress-aware-quorum-delay,125,47,25,13,12,100,326,2,1,2,3,false,false
progress-aware-quorum-delay,125,48,25,13,12,100,326,2,1,2,3,false,false
progress-aware-quorum-delay,125,49,25,13,12,100,326,2,1,2,3,false,false
progress-aware-quorum-delay,125,50,25,13,12,100,326,2,1,2,3,false,false
progress-aware-quorum-delay,125,51,25,13,12,100,326,2,1,2,3,false,false
progress-aware-quorum-delay,125,52,25,13,12,100,326,2,1,2,3,false,false
progress-aware-quorum-delay,125,53,25,13,12,100,326,2,1,2,3,false,false
progress-aware-quorum-delay,125,54,25,13,12,100,326,2,1,2,3,false,false
progress-aware-quorum-delay,125,55,25,13,12,100,326,2,1,2,3,false,false
progress-aware-quorum-delay,125,56,25,13,12,100,326,2,1,2,3,false,false
progress-aware-quorum-delay,125,57,25,13,12,100,326,2,1,2,3,false,false
progress-aware-quorum-delay,125,58,25,13,12,100,326,2,1,2,3,false,false
progress-aware-quorum-delay,125,59,25,13,12,100,326,2,1,2,3,false,false
progress-aware-quorum-delay,125,60,25,13,12,100,326,2,1,2,3,false,false
progress-aware-quorum-delay,125,61,25,13,12,100,326,2,1,2,3,false,false
progress-aware-quorum-delay,125,62,25,13,12,100,326,2,1,2,3,false,false
progress-aware-quorum-delay,125,63,25,13,12,100,326,2,1,2,3,false,false
progress-aware-quorum-delay,125,64,25,13,12,100,326,2,1,2,3,false,false
progress-aware-quorum-delay,125,65,25,13,12,100,326,2,1,2,3,false,false
progress-aware-quorum-delay,125,66,25,13,12,100,326,2,1,2,3,false,false
progress-aware-quorum-delay,125,67,25,13,12,100,326,2,1,2,3,false,false
progress-aware-quorum-delay,125,68,25,13,12,100,326,2,1,2,3,false,false
progress-aware-quorum-delay,125,69,25,13,12,100,326,2,1,2,3,false,false
progress-aware-quorum-delay,125,70,25,13,12,100,326,2,1,2,3,false,false
progress-aware-quorum-delay,125,71,25,13,12,100,326,2,1,2,3,false,false
progress-aware-quorum-delay,125,72,25,13,12,100,326,2,1,2,3,false,false
progress-aware-quorum-delay,125,73,25,13,12,100,326,2,1,2,3,false,false
progress-aware-quorum-delay,125,74,25,13,12,100,326,2,1,2,3,false,false
progress-aware-quorum-delay,125,75,25,13,12,100,326,2,1,2,3,false,false
progress-aware-quorum-delay,125,76,25,13,12,100,326,2,1,2,3,false,false
progress-aware-quorum-delay,125,77,25,13,12,100,326,2,1,2,3,false,false
progress-aware-quorum-delay,125,78,25,13,12,100,326,2,1,2,3,false,false
progress-aware-quorum-delay,125,79,25,13,12,100,326,2,1,2,3,false,false
progress-aware-quorum-delay,125,80,25,13,12,100,326,2,1,2,3,false,false
progress-aware-quorum-delay,125,81,25,13,12,100,326,2,1,2,3,false,false
progress-aware-quorum-delay,125,82,25,13,12,100,326,2,1,2,3,false,false
progress-aware-quorum-delay,125,83,25,13,12,100,326,2,1,2,3,false,false
progress-aware-quorum-delay,125,84,25,13,12,100,326,2,1,2,3,false,false
progress-aware-quorum-delay,125,85,25,13,12,100,326,2,1,2,3,false,false
progress-aware-quorum-delay,125,86,25,13,12,100,326,2,1,2,3,false,false
progress-aware-quorum-delay,125,87,25,13,12,100,326,2,1,2,3,false,false
progress-aware-quorum-delay,125,88,25,13,12,100,326,2,1,2,3,false,false
progress-aware-quorum-delay,125,89,25,13,12,100,326,2,1,2,3,false,false
progress-aware-quorum-delay,125,90,25,13,12,100,326,2,1,2,3,false,false
progress-aware-quorum-delay,125,91,25,13,12,100,326,2,1,2,3,false,false
progress-aware-quorum-delay,125,92,25,13,12,100,326,2,1,2,3,false,false
progress-aware-quorum-delay,125,93,25,13,12,100,326,2,1,2,3,false,false
progress-aware-quorum-delay,125,94,25,13,12,100,326,2,1,2,3,false,false
progress-aware-quorum-delay,125,95,25,13,12,100,326,2,1,2,3,false,false
progress-aware-quorum-delay,125,96,25,13,12,100,326,2,1,2,3,false,false
progress-aware-quorum-delay,125,97,25,13,12,100,326,2,1,2,3,false,false
progress-aware-quorum-delay,125,98,25,13,12,100,326,2,1,2,3,false,false
progress-aware-quorum-delay,125,99,25,13,12,100,326,2,1,2,3,false,false
progress-aware-quorum-delay,125,100,25,13,12,100,326,2,1,2,3,false,false
progress-aware-quorum-delay,125,101,25,13,12,100,326,2,1,2,3,false,false
progress-aware-quorum-delay,125,102,25,13,12,100,326,2,1,2,3,false,false
progress-aware-quorum-delay,125,103,25,13,12,100,326,2,1,2,3,false,false
progress-aware-quorum-delay,125,104,25,13,12,100,326,2,1,2,3,false,false
progress-aware-quorum-delay,125,105,25,13,12,100,326,2,1,2,3,false,false
progress-aware-quorum-delay,125,106,25,13,12,100,326,2,1,2,3,false,false
progress-aware-quorum-delay,125,107,25,13,12,100,326,2,1,2,3,false,false
progress-aware-quorum-delay,125,108,25,13,12,100,326,2,1,2,3,false,false
progress-aware-quorum-delay,125,109,25,13,12,100,326,2,1,2,3,false,false
progress-aware-quorum-delay,125,110,25,13,12,100,326,2,1,2,3,false,false
progress-aware-quorum-delay,125,111,25,13,12,100,326,2,1,2,3,false,false
progress-aware-quorum-delay,125,112,25,13,12,100,326,2,1,2,3,false,false
progress-aware-quorum-delay,125,113,25,13,12,100,326,2,1,2,3,false,false
progress-aware-quorum-delay,125,114,25,13,12,100,326,2,1,2,3,false,false
progress-aware-quorum-delay,125,115,25,13,12,100,326,2,1,2,3,false,false
progress-aware-quorum-delay,125,116,25,13,12,100,326,2,1,2,3,false,false
progress-aware-quorum-delay,125,117,25,13,12,100,326,2,1,2,3,false,false
progress-aware-quorum-delay,125,118,25,13,12,100,326,2,1,2,3,false,false
progress-aware-quorum-delay,125,119,25,13,12,100,326,2,1,2,3,false,false
progress-aware-quorum-delay,125,120,25,13,12,100,326,2,1,2,3,false,false
progress-aware-quorum-delay,125,121,25,13,12,100,326,2,1,2,3,false,false
progress-aware-quorum-delay,125,122,25,13,12,100,326,2,1,2,3,false,false
progress-aware-quorum-delay,125,123,25,13,12,100,326,2,1,2,3,false,false
progress-aware-quorum-delay,125,124,25,13,12,100,326,2,1,2,3,false,false
progress-aware-quorum-delay,125,125,25,13,12,100,326,2,1,2,3,false,false
progress-aware-quorum-delay,125,126,25,13,12,100,326,2,1,2,3,false,false
progress-aware-quorum-delay,125,127,25,13,12,100,326,2,1,2,3,false,false
progress-aware-quorum-delay,125,128,25,13,12,100,326,2,1,2,3,false,false
progress-aware-quorum-delay,125,129,25,13,12,100,326,2,1,2,3,false,false
progress-aware-quorum-delay,125,130,25,13,12,100,326,2,1,2,3,false,false
progress-aware-quorum-delay,125,131,25,13,12,100,326,2,1,2,3,false,false
progress-aware-quorum-delay,125,132,25,13,12,100,326,2,1,2,3,false,false
progress-aware-quorum-delay,125,133,25,13,12,100,326,2,1,2,3,false,false
progress-aware-quorum-delay,125,134,25,13,12,100,326,2,1,2,3,false,false
progress-aware-quorum-delay,125,135,25,13,12,100,326,2,1,2,3,false,false
progress-aware-quorum-delay,125,136,25,13,12,100,326,2,1,2,3,false,false
progress-aware-quorum-delay,125,137,25,13,12,100,326,2,1,2,3,false,false
progress-aware-quorum-delay,125,138,25,13,12,100,326,2,1,2,3,false,false
progress-aware-quorum-delay,125,139,25,13,12,100,326,2,1,2,3,false,false
progress-aware-quorum-delay,125,140,25,13,12,100,326,2,1,2,3,false,false
progress-aware-quorum-delay,125,141,25,13,12,100,326,2,1,2,3,false,false
progress-aware-quorum-delay,125,142,25,13,12,100,326,2,1,2,3,false,false
progress-aware-quorum-delay,125,143,25,13,12,100,326,2,1,2,3,false,false
progress-aware-quorum-delay,125,144,25,13,12,100,326,2,1,2,3,false,false
progress-aware-quorum-delay,125,145,25,13,12,100,326,2,1,2,3,false,false
progress-aware-quorum-delay,125,146,25,13,12,100,326,2,1,2,3,false,false
progress-aware-quorum-delay,125,147,25,13,12,100,326,2,1,2,3,false,false
progress-aware-quorum-delay,125,148,25,13,12,100,326,2,1,2,3,false,false
progress-aware-quorum-delay,125,149,25,13,12,100,326,2,1,2,3,false,false
progress-aware-quorum-delay,125,150,25,13,12,100,326,2,1,2,3,false,false
progress-aware-quorum-delay,125,151,25,13,12,100,326,2,1,2,3,false,false
progress-aware-quorum-delay,125,152,25,13,12,100,326,2,1,2,3,false,false
progress-aware-quorum-delay,125,153,25,13,12,100,326,2,1,2,3,false,false
progress-aware-quorum-delay,125,154,25,13,12,100,326,2,1,2,3,false,false
progress-aware-quorum-delay,125,155,25,13,12,100,326,2,1,2,3,false,false
progress-aware-quorum-delay,125,156,25,13,12,100,326,2,1,2,3,false,false
progress-aware-quorum-delay,125,157,25,13,12,100,326,2,1,2,3,false,false
progress-aware-quorum-delay,125,158,25,13,12,100,326,2,1,2,3,false,false
progress-aware-quorum-delay,125,159,25,13,12,100,326,2,1,2,3,false,false
progress-aware-quorum-delay,125,160,25,13,12,100,326,2,1,2,3,false,false
progress-aware-quorum-delay,125,161,25,13,12,100,326,2,1,2,3,false,false
progress-aware-quorum-delay,125,162,25,13,12,100,326,2,1,2,3,false,false
progress-aware-quorum-delay,125,163,25,13,12,100,326,2,1,2,3,false,false
progress-aware-quorum-delay,125,164,25,13,12,100,326,2,1,2,3,false,false
progress-aware-quorum-delay,125,165,25,13,12,100,326,2,1,2,3,false,false
progress-aware-quorum-delay,125,166,25,13,12,100,326,2,1,2,3,false,false
progress-aware-quorum-delay,125,167,25,13,12,100,326,2,1,2,3,false,false
progress-aware-quorum-delay,125,168,25,13,12,100,326,2,1,2,3,false,false
progress-aware-quorum-delay,125,169,25,13,12,100,326,2,1,2,3,false,false
progress-aware-quorum-delay,125,170,25,13,12,100,326,2,1,2,3,false,false
progress-aware-quorum-delay,125,171,25,13,12,100,326,2,1,2,3,false,false
progress-aware-quorum-delay,125,172,25,13,12,100,326,2,1,2,3,false,false
progress-aware-quorum-delay,125,173,25,13,12,100,326,2,1,2,3,false,false
progress-aware-quorum-delay,125,174,25,13,12,100,326,2,1,2,3,false,false
progress-aware-quorum-delay,125,175,25,13,12,100,326,2,1,2,3,false,false
progress-aware-quorum-delay,125,176,25,13,12,100,326,2,1,2,3,false,false
progress-aware-quorum-delay,125,177,25,13,12,100,326,2,1,2,3,false,false
progress-aware-quorum-delay,125,178,25,13,12,100,326,2,1,2,3,false,false
progress-aware-quorum-delay,125,179,25,13,12,100,326,2,1,2,3,false,false
progress-aware-quorum-delay,125,180,25,13,12,100,326,2,1,2,3,false,false
progress-aware-quorum-delay,125,181,25,13,12,100,326,2,1,2,3,false,false
progress-aware-quorum-delay,125,182,25,13,12,100,326,2,1,2,3,false,false
progress-aware-quorum-delay,125,183,25,13,12,100,326,2,1,2,3,false,false
progress-aware-quorum-delay,125,184,25,13,12,100,326,2,1,2,3,false,false
progress-aware-quorum-delay,125,185,25,13,12,100,326,2,1,2,3,false,false
progress-aware-quorum-delay,125,186,25,13,12,100,326,2,1,2,3,false,false
progress-aware-quorum-delay,125,187,25,13,12,100,326,2,1,2,3,false,false
progress-aware-quorum-delay,125,188,25,13,12,100,326,2,1,2,3,false,false
progress-aware-quorum-delay,125,189,25,13,12,100,326,2,1,2,3,false,false
progress-aware-quorum-delay,125,190,25,13,12,100,326,2,1,2,3,false,false
progress-aware-quorum-delay,125,191,25,13,12,100,326,2,1,2,3,false,false
progress-aware-quorum-delay,125,192,25,13,12,100,326,2,1,2,3,false,false
progress-aware-quorum-delay,125,193,25,13,12,100,326,2,1,2,3,false,false
progress-aware-quorum-delay,125,194,25,13,12,100,326,2,1,2,3,false,false
progress-aware-quorum-delay,125,195,25,13,12,100,326,2,1,2,3,false,false
progress-aware-quorum-delay,125,196,25,13,12,100,326,2,1,2,3,false,false
progress-aware-quorum-delay,125,197,25,13,12,100,326,2,1,2,3,false,false
progress-aware-quorum-delay,125,198,25,13,12,100,326,2,1,2,3,false,false
progress-aware-quorum-delay,125,199,25,13,12,100,326,2,1,2,3,false,false
progress-aware-quorum-delay,125,200,25,13,12,100,326,2,1,2,3,false,false
uniform-budget-delay,130,1,25,13,12,100,331,2,1,2,3,false,false
uniform-budget-delay,130,2,25,13,12,100,331,2,1,2,3,false,false
uniform-budget-delay,130,3,25,13,12,100,331,2,1,2,3,false,false
uniform-budget-delay,130,4,25,13,12,100,331,2,1,2,3,false,false
uniform-budget-delay,130,5,25,13,12,100,331,2,1,2,3,false,false
uniform-budget-delay,130,6,25,13,12,100,331,2,1,2,3,false,false
uniform-budget-delay,130,7,25,13,12,100,331,2,1,2,3,false,false
uniform-budget-delay,130,8,25,13,12,100,331,2,1,2,3,false,false
uniform-budget-delay,130,9,25,13,12,100,331,2,1,2,3,false,false
uniform-budget-delay,130,10,25,13,12,100,331,2,1,2,3,false,false
uniform-budget-delay,130,11,25,13,12,100,331,2,1,2,3,false,false
uniform-budget-delay,130,12,25,13,12,100,331,2,1,2,3,false,false
uniform-budget-delay,130,13,25,13,12,100,331,2,1,2,3,false,false
uniform-budget-delay,130,14,25,13,12,100,331,2,1,2,3,false,false
uniform-budget-delay,130,15,25,13,12,100,331,2,1,2,3,false,false
uniform-budget-delay,130,16,25,13,12,100,331,2,1,2,3,false,false
uniform-budget-delay,130,17,25,13,12,100,331,2,1,2,3,false,false
uniform-budget-delay,130,18,25,13,12,100,331,2,1,2,3,false,false
uniform-budget-delay,130,19,25,13,12,100,331,2,1,2,3,false,false
uniform-budget-delay,130,20,25,13,12,100,331,2,1,2,3,false,false
uniform-budget-delay,130,21,25,13,12,100,331,2,1,2,3,false,false
uniform-budget-delay,130,22,25,13,12,100,331,2,1,2,3,false,false
uniform-budget-delay,130,23,25,13,12,100,331,2,1,2,3,false,false
uniform-budget-delay,130,24,25,13,12,100,331,2,1,2,3,false,false
uniform-budget-delay,130,25,25,13,12,100,331,2,1,2,3,false,false
uniform-budget-delay,130,26,25,13,12,100,331,2,1,2,3,false,false
uniform-budget-delay,130,27,25,13,12,100,331,2,1,2,3,false,false
uniform-budget-delay,130,28,25,13,12,100,331,2,1,2,3,false,false
uniform-budget-delay,130,29,25,13,12,100,331,2,1,2,3,false,false
uniform-budget-delay,130,30,25,13,12,100,331,2,1,2,3,false,false
uniform-budget-delay,130,31,25,13,12,100,331,2,1,2,3,false,false
uniform-budget-delay,130,32,25,13,12,100,331,2,1,2,3,false,false
uniform-budget-delay,130,33,25,13,12,100,331,2,1,2,3,false,false
uniform-budget-delay,130,34,25,13,12,100,331,2,1,2,3,false,false
uniform-budget-delay,130,35,25,13,12,100,331,2,1,2,3,false,false
uniform-budget-delay,130,36,25,13,12,100,331,2,1,2,3,false,false
uniform-budget-delay,130,37,25,13,12,100,331,2,1,2,3,false,false
uniform-budget-delay,130,38,25,13,12,100,331,2,1,2,3,false,false
uniform-budget-delay,130,39,25,13,12,100,331,2,1,2,3,false,false
uniform-budget-delay,130,40,25,13,12,100,331,2,1,2,3,false,false
uniform-budget-delay,130,41,25,13,12,100,331,2,1,2,3,false,false
uniform-budget-delay,130,42,25,13,12,100,331,2,1,2,3,false,false
uniform-budget-delay,130,43,25,13,12,100,331,2,1,2,3,false,false
uniform-budget-delay,130,44,25,13,12,100,331,2,1,2,3,false,false
uniform-budget-delay,130,45,25,13,12,100,331,2,1,2,3,false,false
uniform-budget-delay,130,46,25,13,12,100,331,2,1,2,3,false,false
uniform-budget-delay,130,47,25,13,12,100,331,2,1,2,3,false,false
uniform-budget-delay,130,48,25,13,12,100,331,2,1,2,3,false,false
uniform-budget-delay,130,49,25,13,12,100,331,2,1,2,3,false,false
uniform-budget-delay,130,50,25,13,12,100,331,2,1,2,3,false,false
uniform-budget-delay,130,51,25,13,12,100,331,2,1,2,3,false,false
uniform-budget-delay,130,52,25,13,12,100,331,2,1,2,3,false,false
uniform-budget-delay,130,53,25,13,12,100,331,2,1,2,3,false,false
uniform-budget-delay,130,54,25,13,12,100,331,2,1,2,3,false,false
uniform-budget-delay,130,55,25,13,12,100,331,2,1,2,3,false,false
uniform-budget-delay,130,56,25,13,12,100,331,2,1,2,3,false,false
uniform-budget-delay,130,57,25,13,12,100,331,2,1,2,3,false,false
uniform-budget-delay,130,58,25,13,12,100,331,2,1,2,3,false,false
uniform-budget-delay,130,59,25,13,12,100,331,2,1,2,3,false,false
uniform-budget-delay,130,60,25,13,12,100,331,2,1,2,3,false,false
uniform-budget-delay,130,61,25,13,12,100,331,2,1,2,3,false,false
uniform-budget-delay,130,62,25,13,12,100,331,2,1,2,3,false,false
uniform-budget-delay,130,63,25,13,12,100,331,2,1,2,3,false,false
uniform-budget-delay,130,64,25,13,12,100,331,2,1,2,3,false,false
uniform-budget-delay,130,65,25,13,12,100,331,2,1,2,3,false,false
uniform-budget-delay,130,66,25,13,12,100,331,2,1,2,3,false,false
uniform-budget-delay,130,67,25,13,12,100,331,2,1,2,3,false,false
uniform-budget-delay,130,68,25,13,12,100,331,2,1,2,3,false,false
uniform-budget-delay,130,69,25,13,12,100,331,2,1,2,3,false,false
uniform-budget-delay,130,70,25,13,12,100,331,2,1,2,3,false,false
uniform-budget-delay,130,71,25,13,12,100,331,2,1,2,3,false,false
uniform-budget-delay,130,72,25,13,12,100,331,2,1,2,3,false,false
uniform-budget-delay,130,73,25,13,12,100,331,2,1,2,3,false,false
uniform-budget-delay,130,74,25,13,12,100,331,2,1,2,3,false,false
uniform-budget-delay,130,75,25,13,12,100,331,2,1,2,3,false,false
uniform-budget-delay,130,76,25,13,12,100,331,2,1,2,3,false,false
uniform-budget-delay,130,77,25,13,12,100,331,2,1,2,3,false,false
uniform-budget-delay,130,78,25,13,12,100,331,2,1,2,3,false,false
uniform-budget-delay,130,79,25,13,12,100,331,2,1,2,3,false,false
uniform-budget-delay,130,80,25,13,12,100,331,2,1,2,3,false,false
uniform-budget-delay,130,81,25,13,12,100,331,2,1,2,3,false,false
uniform-budget-delay,130,82,25,13,12,100,331,2,1,2,3,false,false
uniform-budget-delay,130,83,25,13,12,100,331,2,1,2,3,false,false
uniform-budget-delay,130,84,25,13,12,100,331,2,1,2,3,false,false
uniform-budget-delay,130,85,25,13,12,100,331,2,1,2,3,false,false
uniform-budget-delay,130,86,25,13,12,100,331,2,1,2,3,false,false
uniform-budget-delay,130,87,25,13,12,100,331,2,1,2,3,false,false
uniform-budget-delay,130,88,25,13,12,100,331,2,1,2,3,false,false
uniform-budget-delay,130,89,25,13,12,100,331,2,1,2,3,false,false
uniform-budget-delay,130,90,25,13,12,100,331,2,1,2,3,false,false
uniform-budget-delay,130,91,25,13,12,100,331,2,1,2,3,false,false
uniform-budget-delay,130,92,25,13,12,100,331,2,1,2,3,false,false
uniform-budget-delay,130,93,25,13,12,100,331,2,1,2,3,false,false
uniform-budget-delay,130,94,25,13,12,100,331,2,1,2,3,false,false
uniform-budget-delay,130,95,25,13,12,100,331,2,1,2,3,false,false
uniform-budget-delay,130,96,25,13,12,100,331,2,1,2,3,false,false
uniform-budget-delay,130,97,25,13,12,100,331,2,1,2,3,false,false
uniform-budget-delay,130,98,25,13,12,100,331,2,1,2,3,false,false
uniform-budget-delay,130,99,25,13,12,100,331,2,1,2,3,false,false
uniform-budget-delay,130,100,25,13,12,100,331,2,1,2,3,false,false
uniform-budget-delay,130,101,25,13,12,100,331,2,1,2,3,false,false
uniform-budget-delay,130,102,25,13,12,100,331,2,1,2,3,false,false
uniform-budget-delay,130,103,25,13,12,100,331,2,1,2,3,false,false
uniform-budget-delay,130,104,25,13,12,100,331,2,1,2,3,false,false
uniform-budget-delay,130,105,25,13,12,100,331,2,1,2,3,false,false
uniform-budget-delay,130,106,25,13,12,100,331,2,1,2,3,false,false
uniform-budget-delay,130,107,25,13,12,100,331,2,1,2,3,false,false
uniform-budget-delay,130,108,25,13,12,100,331,2,1,2,3,false,false
uniform-budget-delay,130,109,25,13,12,100,331,2,1,2,3,false,false
uniform-budget-delay,130,110,25,13,12,100,331,2,1,2,3,false,false
uniform-budget-delay,130,111,25,13,12,100,331,2,1,2,3,false,false
uniform-budget-delay,130,112,25,13,12,100,331,2,1,2,3,false,false
uniform-budget-delay,130,113,25,13,12,100,331,2,1,2,3,false,false
uniform-budget-delay,130,114,25,13,12,100,331,2,1,2,3,false,false
uniform-budget-delay,130,115,25,13,12,100,331,2,1,2,3,false,false
uniform-budget-delay,130,116,25,13,12,100,331,2,1,2,3,false,false
uniform-budget-delay,130,117,25,13,12,100,331,2,1,2,3,false,false
uniform-budget-delay,130,118,25,13,12,100,331,2,1,2,3,false,false
uniform-budget-delay,130,119,25,13,12,100,331,2,1,2,3,false,false
uniform-budget-delay,130,120,25,13,12,100,331,2,1,2,3,false,false
uniform-budget-delay,130,121,25,13,12,100,331,2,1,2,3,false,false
uniform-budget-delay,130,122,25,13,12,100,331,2,1,2,3,false,false
uniform-budget-delay,130,123,25,13,12,100,331,2,1,2,3,false,false
uniform-budget-delay,130,124,25,13,12,100,331,2,1,2,3,false,false
uniform-budget-delay,130,125,25,13,12,100,331,2,1,2,3,false,false
uniform-budget-delay,130,126,25,13,12,100,331,2,1,2,3,false,false
uniform-budget-delay,130,127,25,13,12,100,331,2,1,2,3,false,false
uniform-budget-delay,130,128,25,13,12,100,331,2,1,2,3,false,false
uniform-budget-delay,130,129,25,13,12,100,331,2,1,2,3,false,false
uniform-budget-delay,130,130,25,13,12,100,331,2,1,2,3,false,false
uniform-budget-delay,130,131,25,13,12,100,331,2,1,2,3,false,false
uniform-budget-delay,130,132,25,13,12,100,331,2,1,2,3,false,false
uniform-budget-delay,130,133,25,13,12,100,331,2,1,2,3,false,false
uniform-budget-delay,130,134,25,13,12,100,331,2,1,2,3,false,false
uniform-budget-delay,130,135,25,13,12,100,331,2,1,2,3,false,false
uniform-budget-delay,130,136,25,13,12,100,331,2,1,2,3,false,false
uniform-budget-delay,130,137,25,13,12,100,331,2,1,2,3,false,false
uniform-budget-delay,130,138,25,13,12,100,331,2,1,2,3,false,false
uniform-budget-delay,130,139,25,13,12,100,331,2,1,2,3,false,false
uniform-budget-delay,130,140,25,13,12,100,331,2,1,2,3,false,false
uniform-budget-delay,130,141,25,13,12,100,331,2,1,2,3,false,false
uniform-budget-delay,130,142,25,13,12,100,331,2,1,2,3,false,false
uniform-budget-delay,130,143,25,13,12,100,331,2,1,2,3,false,false
uniform-budget-delay,130,144,25,13,12,100,331,2,1,2,3,false,false
uniform-budget-delay,130,145,25,13,12,100,331,2,1,2,3,false,false
uniform-budget-delay,130,146,25,13,12,100,331,2,1,2,3,false,false
uniform-budget-delay,130,147,25,13,12,100,331,2,1,2,3,false,false
uniform-budget-delay,130,148,25,13,12,100,331,2,1,2,3,false,false
uniform-budget-delay,130,149,25,13,12,100,331,2,1,2,3,false,false
uniform-budget-delay,130,150,25,13,12,100,331,2,1,2,3,false,false
uniform-budget-delay,130,151,25,13,12,100,331,2,1,2,3,false,false
uniform-budget-delay,130,152,25,13,12,100,331,2,1,2,3,false,false
uniform-budget-delay,130,153,25,13,12,100,331,2,1,2,3,false,false
uniform-budget-delay,130,154,25,13,12,100,331,2,1,2,3,false,false
uniform-budget-delay,130,155,25,13,12,100,331,2,1,2,3,false,false
uniform-budget-delay,130,156,25,13,12,100,331,2,1,2,3,false,false
uniform-budget-delay,130,157,25,13,12,100,331,2,1,2,3,false,false
uniform-budget-delay,130,158,25,13,12,100,331,2,1,2,3,false,false
uniform-budget-delay,130,159,25,13,12,100,331,2,1,2,3,false,false
uniform-budget-delay,130,160,25,13,12,100,331,2,1,2,3,false,false
uniform-budget-delay,130,161,25,13,12,100,331,2,1,2,3,false,false
uniform-budget-delay,130,162,25,13,12,100,331,2,1,2,3,false,false
uniform-budget-delay,130,163,25,13,12,100,331,2,1,2,3,false,false
uniform-budget-delay,130,164,25,13,12,100,331,2,1,2,3,false,false
uniform-budget-delay,130,165,25,13,12,100,331,2,1,2,3,false,false
uniform-budget-delay,130,166,25,13,12,100,331,2,1,2,3,false,false
uniform-budget-delay,130,167,25,13,12,100,331,2,1,2,3,false,false
uniform-budget-delay,130,168,25,13,12,100,331,2,1,2,3,false,false
uniform-budget-delay,130,169,25,13,12,100,331,2,1,2,3,false,false
uniform-budget-delay,130,170,25,13,12,100,331,2,1,2,3,false,false
uniform-budget-delay,130,171,25,13,12,100,331,2,1,2,3,false,false
uniform-budget-delay,130,172,25,13,12,100,331,2,1,2,3,false,false
uniform-budget-delay,130,173,25,13,12,100,331,2,1,2,3,false,false
uniform-budget-delay,130,174,25,13,12,100,331,2,1,2,3,false,false
uniform-budget-delay,130,175,25,13,12,100,331,2,1,2,3,false,false
uniform-budget-delay,130,176,25,13,12,100,331,2,1,2,3,false,false
uniform-budget-delay,130,177,25,13,12,100,331,2,1,2,3,false,false
uniform-budget-delay,130,178,25,13,12,100,331,2,1,2,3,false,false
uniform-budget-delay,130,179,25,13,12,100,331,2,1,2,3,false,false
uniform-budget-delay,130,180,25,13,12,100,331,2,1,2,3,false,false
uniform-budget-delay,130,181,25,13,12,100,331,2,1,2,3,false,false
uniform-budget-delay,130,182,25,13,12,100,331,2,1,2,3,false,false
uniform-budget-delay,130,183,25,13,12,100,331,2,1,2,3,false,false
uniform-budget-delay,130,184,25,13,12,100,331,2,1,2,3,false,false
uniform-budget-delay,130,185,25,13,12,100,331,2,1,2,3,false,false
uniform-budget-delay,130,186,25,13,12,100,331,2,1,2,3,false,false
uniform-budget-delay,130,187,25,13,12,100,331,2,1,2,3,false,false
uniform-budget-delay,130,188,25,13,12,100,331,2,1,2,3,false,false
uniform-budget-delay,130,189,25,13,12,100,331,2,1,2,3,false,false
uniform-budget-delay,130,190,25,13,12,100,331,2,1,2,3,false,false
uniform-budget-delay,130,191,25,13,12,100,331,2,1,2,3,false,false
uniform-budget-delay,130,192,25,13,12,100,331,2,1,2,3,false,false
uniform-budget-delay,130,193,25,13,12,100,331,2,1,2,3,false,false
uniform-budget-delay,130,194,25,13,12,100,331,2,1,2,3,false,false
uniform-budget-delay,130,195,25,13,12,100,331,2,1,2,3,false,false
uniform-budget-delay,130,196,25,13,12,100,331,2,1,2,3,false,false
uniform-budget-delay,130,197,25,13,12,100,331,2,1,2,3,false,false
uniform-budget-delay,130,198,25,13,12,100,331,2,1,2,3,false,false
uniform-budget-delay,130,199,25,13,12,100,331,2,1,2,3,false,false
uniform-budget-delay,130,200,25,13,12,100,331,2,1,2,3,false,false
progress-aware-quorum-delay,130,1,25,13,12,100,331,2,1,2,3,false,false
progress-aware-quorum-delay,130,2,25,13,12,100,331,2,1,2,3,false,false
progress-aware-quorum-delay,130,3,25,13,12,100,331,2,1,2,3,false,false
progress-aware-quorum-delay,130,4,25,13,12,100,331,2,1,2,3,false,false
progress-aware-quorum-delay,130,5,25,13,12,100,331,2,1,2,3,false,false
progress-aware-quorum-delay,130,6,25,13,12,100,331,2,1,2,3,false,false
progress-aware-quorum-delay,130,7,25,13,12,100,331,2,1,2,3,false,false
progress-aware-quorum-delay,130,8,25,13,12,100,331,2,1,2,3,false,false
progress-aware-quorum-delay,130,9,25,13,12,100,331,2,1,2,3,false,false
progress-aware-quorum-delay,130,10,25,13,12,100,331,2,1,2,3,false,false
progress-aware-quorum-delay,130,11,25,13,12,100,331,2,1,2,3,false,false
progress-aware-quorum-delay,130,12,25,13,12,100,331,2,1,2,3,false,false
progress-aware-quorum-delay,130,13,25,13,12,100,331,2,1,2,3,false,false
progress-aware-quorum-delay,130,14,25,13,12,100,331,2,1,2,3,false,false
progress-aware-quorum-delay,130,15,25,13,12,100,331,2,1,2,3,false,false
progress-aware-quorum-delay,130,16,25,13,12,100,331,2,1,2,3,false,false
progress-aware-quorum-delay,130,17,25,13,12,100,331,2,1,2,3,false,false
progress-aware-quorum-delay,130,18,25,13,12,100,331,2,1,2,3,false,false
progress-aware-quorum-delay,130,19,25,13,12,100,331,2,1,2,3,false,false
progress-aware-quorum-delay,130,20,25,13,12,100,331,2,1,2,3,false,false
progress-aware-quorum-delay,130,21,25,13,12,100,331,2,1,2,3,false,false
progress-aware-quorum-delay,130,22,25,13,12,100,331,2,1,2,3,false,false
progress-aware-quorum-delay,130,23,25,13,12,100,331,2,1,2,3,false,false
progress-aware-quorum-delay,130,24,25,13,12,100,331,2,1,2,3,false,false
progress-aware-quorum-delay,130,25,25,13,12,100,331,2,1,2,3,false,false
progress-aware-quorum-delay,130,26,25,13,12,100,331,2,1,2,3,false,false
progress-aware-quorum-delay,130,27,25,13,12,100,331,2,1,2,3,false,false
progress-aware-quorum-delay,130,28,25,13,12,100,331,2,1,2,3,false,false
progress-aware-quorum-delay,130,29,25,13,12,100,331,2,1,2,3,false,false
progress-aware-quorum-delay,130,30,25,13,12,100,331,2,1,2,3,false,false
progress-aware-quorum-delay,130,31,25,13,12,100,331,2,1,2,3,false,false
progress-aware-quorum-delay,130,32,25,13,12,100,331,2,1,2,3,false,false
progress-aware-quorum-delay,130,33,25,13,12,100,331,2,1,2,3,false,false
progress-aware-quorum-delay,130,34,25,13,12,100,331,2,1,2,3,false,false
progress-aware-quorum-delay,130,35,25,13,12,100,331,2,1,2,3,false,false
progress-aware-quorum-delay,130,36,25,13,12,100,331,2,1,2,3,false,false
progress-aware-quorum-delay,130,37,25,13,12,100,331,2,1,2,3,false,false
progress-aware-quorum-delay,130,38,25,13,12,100,331,2,1,2,3,false,false
progress-aware-quorum-delay,130,39,25,13,12,100,331,2,1,2,3,false,false
progress-aware-quorum-delay,130,40,25,13,12,100,331,2,1,2,3,false,false
progress-aware-quorum-delay,130,41,25,13,12,100,331,2,1,2,3,false,false
progress-aware-quorum-delay,130,42,25,13,12,100,331,2,1,2,3,false,false
progress-aware-quorum-delay,130,43,25,13,12,100,331,2,1,2,3,false,false
progress-aware-quorum-delay,130,44,25,13,12,100,331,2,1,2,3,false,false
progress-aware-quorum-delay,130,45,25,13,12,100,331,2,1,2,3,false,false
progress-aware-quorum-delay,130,46,25,13,12,100,331,2,1,2,3,false,false
progress-aware-quorum-delay,130,47,25,13,12,100,331,2,1,2,3,false,false
progress-aware-quorum-delay,130,48,25,13,12,100,331,2,1,2,3,false,false
progress-aware-quorum-delay,130,49,25,13,12,100,331,2,1,2,3,false,false
progress-aware-quorum-delay,130,50,25,13,12,100,331,2,1,2,3,false,false
progress-aware-quorum-delay,130,51,25,13,12,100,331,2,1,2,3,false,false
progress-aware-quorum-delay,130,52,25,13,12,100,331,2,1,2,3,false,false
progress-aware-quorum-delay,130,53,25,13,12,100,331,2,1,2,3,false,false
progress-aware-quorum-delay,130,54,25,13,12,100,331,2,1,2,3,false,false
progress-aware-quorum-delay,130,55,25,13,12,100,331,2,1,2,3,false,false
progress-aware-quorum-delay,130,56,25,13,12,100,331,2,1,2,3,false,false
progress-aware-quorum-delay,130,57,25,13,12,100,331,2,1,2,3,false,false
progress-aware-quorum-delay,130,58,25,13,12,100,331,2,1,2,3,false,false
progress-aware-quorum-delay,130,59,25,13,12,100,331,2,1,2,3,false,false
progress-aware-quorum-delay,130,60,25,13,12,100,331,2,1,2,3,false,false
progress-aware-quorum-delay,130,61,25,13,12,100,331,2,1,2,3,false,false
progress-aware-quorum-delay,130,62,25,13,12,100,331,2,1,2,3,false,false
progress-aware-quorum-delay,130,63,25,13,12,100,331,2,1,2,3,false,false
progress-aware-quorum-delay,130,64,25,13,12,100,331,2,1,2,3,false,false
progress-aware-quorum-delay,130,65,25,13,12,100,331,2,1,2,3,false,false
progress-aware-quorum-delay,130,66,25,13,12,100,331,2,1,2,3,false,false
progress-aware-quorum-delay,130,67,25,13,12,100,331,2,1,2,3,false,false
progress-aware-quorum-delay,130,68,25,13,12,100,331,2,1,2,3,false,false
progress-aware-quorum-delay,130,69,25,13,12,100,331,2,1,2,3,false,false
progress-aware-quorum-delay,130,70,25,13,12,100,331,2,1,2,3,false,false
progress-aware-quorum-delay,130,71,25,13,12,100,331,2,1,2,3,false,false
progress-aware-quorum-delay,130,72,25,13,12,100,331,2,1,2,3,false,false
progress-aware-quorum-delay,130,73,25,13,12,100,331,2,1,2,3,false,false
progress-aware-quorum-delay,130,74,25,13,12,100,331,2,1,2,3,false,false
progress-aware-quorum-delay,130,75,25,13,12,100,331,2,1,2,3,false,false
progress-aware-quorum-delay,130,76,25,13,12,100,331,2,1,2,3,false,false
progress-aware-quorum-delay,130,77,25,13,12,100,331,2,1,2,3,false,false
progress-aware-quorum-delay,130,78,25,13,12,100,331,2,1,2,3,false,false
progress-aware-quorum-delay,130,79,25,13,12,100,331,2,1,2,3,false,false
progress-aware-quorum-delay,130,80,25,13,12,100,331,2,1,2,3,false,false
progress-aware-quorum-delay,130,81,25,13,12,100,331,2,1,2,3,false,false
progress-aware-quorum-delay,130,82,25,13,12,100,331,2,1,2,3,false,false
progress-aware-quorum-delay,130,83,25,13,12,100,331,2,1,2,3,false,false
progress-aware-quorum-delay,130,84,25,13,12,100,331,2,1,2,3,false,false
progress-aware-quorum-delay,130,85,25,13,12,100,331,2,1,2,3,false,false
progress-aware-quorum-delay,130,86,25,13,12,100,331,2,1,2,3,false,false
progress-aware-quorum-delay,130,87,25,13,12,100,331,2,1,2,3,false,false
progress-aware-quorum-delay,130,88,25,13,12,100,331,2,1,2,3,false,false
progress-aware-quorum-delay,130,89,25,13,12,100,331,2,1,2,3,false,false
progress-aware-quorum-delay,130,90,25,13,12,100,331,2,1,2,3,false,false
progress-aware-quorum-delay,130,91,25,13,12,100,331,2,1,2,3,false,false
progress-aware-quorum-delay,130,92,25,13,12,100,331,2,1,2,3,false,false
progress-aware-quorum-delay,130,93,25,13,12,100,331,2,1,2,3,false,false
progress-aware-quorum-delay,130,94,25,13,12,100,331,2,1,2,3,false,false
progress-aware-quorum-delay,130,95,25,13,12,100,331,2,1,2,3,false,false
progress-aware-quorum-delay,130,96,25,13,12,100,331,2,1,2,3,false,false
progress-aware-quorum-delay,130,97,25,13,12,100,331,2,1,2,3,false,false
progress-aware-quorum-delay,130,98,25,13,12,100,331,2,1,2,3,false,false
progress-aware-quorum-delay,130,99,25,13,12,100,331,2,1,2,3,false,false
progress-aware-quorum-delay,130,100,25,13,12,100,331,2,1,2,3,false,false
progress-aware-quorum-delay,130,101,25,13,12,100,331,2,1,2,3,false,false
progress-aware-quorum-delay,130,102,25,13,12,100,331,2,1,2,3,false,false
progress-aware-quorum-delay,130,103,25,13,12,100,331,2,1,2,3,false,false
progress-aware-quorum-delay,130,104,25,13,12,100,331,2,1,2,3,false,false
progress-aware-quorum-delay,130,105,25,13,12,100,331,2,1,2,3,false,false
progress-aware-quorum-delay,130,106,25,13,12,100,331,2,1,2,3,false,false
progress-aware-quorum-delay,130,107,25,13,12,100,331,2,1,2,3,false,false
progress-aware-quorum-delay,130,108,25,13,12,100,331,2,1,2,3,false,false
progress-aware-quorum-delay,130,109,25,13,12,100,331,2,1,2,3,false,false
progress-aware-quorum-delay,130,110,25,13,12,100,331,2,1,2,3,false,false
progress-aware-quorum-delay,130,111,25,13,12,100,331,2,1,2,3,false,false
progress-aware-quorum-delay,130,112,25,13,12,100,331,2,1,2,3,false,false
progress-aware-quorum-delay,130,113,25,13,12,100,331,2,1,2,3,false,false
progress-aware-quorum-delay,130,114,25,13,12,100,331,2,1,2,3,false,false
progress-aware-quorum-delay,130,115,25,13,12,100,331,2,1,2,3,false,false
progress-aware-quorum-delay,130,116,25,13,12,100,331,2,1,2,3,false,false
progress-aware-quorum-delay,130,117,25,13,12,100,331,2,1,2,3,false,false
progress-aware-quorum-delay,130,118,25,13,12,100,331,2,1,2,3,false,false
progress-aware-quorum-delay,130,119,25,13,12,100,331,2,1,2,3,false,false
progress-aware-quorum-delay,130,120,25,13,12,100,331,2,1,2,3,false,false
progress-aware-quorum-delay,130,121,25,13,12,100,331,2,1,2,3,false,false
progress-aware-quorum-delay,130,122,25,13,12,100,331,2,1,2,3,false,false
progress-aware-quorum-delay,130,123,25,13,12,100,331,2,1,2,3,false,false
progress-aware-quorum-delay,130,124,25,13,12,100,331,2,1,2,3,false,false
progress-aware-quorum-delay,130,125,25,13,12,100,331,2,1,2,3,false,false
progress-aware-quorum-delay,130,126,25,13,12,100,331,2,1,2,3,false,false
progress-aware-quorum-delay,130,127,25,13,12,100,331,2,1,2,3,false,false
progress-aware-quorum-delay,130,128,25,13,12,100,331,2,1,2,3,false,false
progress-aware-quorum-delay,130,129,25,13,12,100,331,2,1,2,3,false,false
progress-aware-quorum-delay,130,130,25,13,12,100,331,2,1,2,3,false,false
progress-aware-quorum-delay,130,131,25,13,12,100,331,2,1,2,3,false,false
progress-aware-quorum-delay,130,132,25,13,12,100,331,2,1,2,3,false,false
progress-aware-quorum-delay,130,133,25,13,12,100,331,2,1,2,3,false,false
progress-aware-quorum-delay,130,134,25,13,12,100,331,2,1,2,3,false,false
progress-aware-quorum-delay,130,135,25,13,12,100,331,2,1,2,3,false,false
progress-aware-quorum-delay,130,136,25,13,12,100,331,2,1,2,3,false,false
progress-aware-quorum-delay,130,137,25,13,12,100,331,2,1,2,3,false,false
progress-aware-quorum-delay,130,138,25,13,12,100,331,2,1,2,3,false,false
progress-aware-quorum-delay,130,139,25,13,12,100,331,2,1,2,3,false,false
progress-aware-quorum-delay,130,140,25,13,12,100,331,2,1,2,3,false,false
progress-aware-quorum-delay,130,141,25,13,12,100,331,2,1,2,3,false,false
progress-aware-quorum-delay,130,142,25,13,12,100,331,2,1,2,3,false,false
progress-aware-quorum-delay,130,143,25,13,12,100,331,2,1,2,3,false,false
progress-aware-quorum-delay,130,144,25,13,12,100,331,2,1,2,3,false,false
progress-aware-quorum-delay,130,145,25,13,12,100,331,2,1,2,3,false,false
progress-aware-quorum-delay,130,146,25,13,12,100,331,2,1,2,3,false,false
progress-aware-quorum-delay,130,147,25,13,12,100,331,2,1,2,3,false,false
progress-aware-quorum-delay,130,148,25,13,12,100,331,2,1,2,3,false,false
progress-aware-quorum-delay,130,149,25,13,12,100,331,2,1,2,3,false,false
progress-aware-quorum-delay,130,150,25,13,12,100,331,2,1,2,3,false,false
progress-aware-quorum-delay,130,151,25,13,12,100,331,2,1,2,3,false,false
progress-aware-quorum-delay,130,152,25,13,12,100,331,2,1,2,3,false,false
progress-aware-quorum-delay,130,153,25,13,12,100,331,2,1,2,3,false,false
progress-aware-quorum-delay,130,154,25,13,12,100,331,2,1,2,3,false,false
progress-aware-quorum-delay,130,155,25,13,12,100,331,2,1,2,3,false,false
progress-aware-quorum-delay,130,156,25,13,12,100,331,2,1,2,3,false,false
progress-aware-quorum-delay,130,157,25,13,12,100,331,2,1,2,3,false,false
progress-aware-quorum-delay,130,158,25,13,12,100,331,2,1,2,3,false,false
progress-aware-quorum-delay,130,159,25,13,12,100,331,2,1,2,3,false,false
progress-aware-quorum-delay,130,160,25,13,12,100,331,2,1,2,3,false,false
progress-aware-quorum-delay,130,161,25,13,12,100,331,2,1,2,3,false,false
progress-aware-quorum-delay,130,162,25,13,12,100,331,2,1,2,3,false,false
progress-aware-quorum-delay,130,163,25,13,12,100,331,2,1,2,3,false,false
progress-aware-quorum-delay,130,164,25,13,12,100,331,2,1,2,3,false,false
progress-aware-quorum-delay,130,165,25,13,12,100,331,2,1,2,3,false,false
progress-aware-quorum-delay,130,166,25,13,12,100,331,2,1,2,3,false,false
progress-aware-quorum-delay,130,167,25,13,12,100,331,2,1,2,3,false,false
progress-aware-quorum-delay,130,168,25,13,12,100,331,2,1,2,3,false,false
progress-aware-quorum-delay,130,169,25,13,12,100,331,2,1,2,3,false,false
progress-aware-quorum-delay,130,170,25,13,12,100,331,2,1,2,3,false,false
progress-aware-quorum-delay,130,171,25,13,12,100,331,2,1,2,3,false,false
progress-aware-quorum-delay,130,172,25,13,12,100,331,2,1,2,3,false,false
progress-aware-quorum-delay,130,173,25,13,12,100,331,2,1,2,3,false,false
progress-aware-quorum-delay,130,174,25,13,12,100,331,2,1,2,3,false,false
progress-aware-quorum-delay,130,175,25,13,12,100,331,2,1,2,3,false,false
progress-aware-quorum-delay,130,176,25,13,12,100,331,2,1,2,3,false,false
progress-aware-quorum-delay,130,177,25,13,12,100,331,2,1,2,3,false,false
progress-aware-quorum-delay,130,178,25,13,12,100,331,2,1,2,3,false,false
progress-aware-quorum-delay,130,179,25,13,12,100,331,2,1,2,3,false,false
progress-aware-quorum-delay,130,180,25,13,12,100,331,2,1,2,3,false,false
progress-aware-quorum-delay,130,181,25,13,12,100,331,2,1,2,3,false,false
progress-aware-quorum-delay,130,182,25,13,12,100,331,2,1,2,3,false,false
progress-aware-quorum-delay,130,183,25,13,12,100,331,2,1,2,3,false,false
progress-aware-quorum-delay,130,184,25,13,12,100,331,2,1,2,3,false,false
progress-aware-quorum-delay,130,185,25,13,12,100,331,2,1,2,3,false,false
progress-aware-quorum-delay,130,186,25,13,12,100,331,2,1,2,3,false,false
progress-aware-quorum-delay,130,187,25,13,12,100,331,2,1,2,3,false,false
progress-aware-quorum-delay,130,188,25,13,12,100,331,2,1,2,3,false,false
progress-aware-quorum-delay,130,189,25,13,12,100,331,2,1,2,3,false,false
progress-aware-quorum-delay,130,190,25,13,12,100,331,2,1,2,3,false,false
progress-aware-quorum-delay,130,191,25,13,12,100,331,2,1,2,3,false,false
progress-aware-quorum-delay,130,192,25,13,12,100,331,2,1,2,3,false,false
progress-aware-quorum-delay,130,193,25,13,12,100,331,2,1,2,3,false,false
progress-aware-quorum-delay,130,194,25,13,12,100,331,2,1,2,3,false,false
progress-aware-quorum-delay,130,195,25,13,12,100,331,2,1,2,3,false,false
progress-aware-quorum-delay,130,196,25,13,12,100,331,2,1,2,3,false,false
progress-aware-quorum-delay,130,197,25,13,12,100,331,2,1,2,3,false,false
progress-aware-quorum-delay,130,198,25,13,12,100,331,2,1,2,3,false,false
progress-aware-quorum-delay,130,199,25,13,12,100,331,2,1,2,3,false,false
progress-aware-quorum-delay,130,200,25,13,12,100,331,2,1,2,3,false,false
uniform-budget-delay,135,1,25,13,12,100,336,2,1,2,3,false,false
uniform-budget-delay,135,2,25,13,12,100,336,2,1,2,3,false,false
uniform-budget-delay,135,3,25,13,12,100,336,2,1,2,3,false,false
uniform-budget-delay,135,4,25,13,12,100,336,2,1,2,3,false,false
uniform-budget-delay,135,5,25,13,12,100,336,2,1,2,3,false,false
uniform-budget-delay,135,6,25,13,12,100,336,2,1,2,3,false,false
uniform-budget-delay,135,7,25,13,12,100,336,2,1,2,3,false,false
uniform-budget-delay,135,8,25,13,12,100,336,2,1,2,3,false,false
uniform-budget-delay,135,9,25,13,12,100,336,2,1,2,3,false,false
uniform-budget-delay,135,10,25,13,12,100,336,2,1,2,3,false,false
uniform-budget-delay,135,11,25,13,12,100,336,2,1,2,3,false,false
uniform-budget-delay,135,12,25,13,12,100,336,2,1,2,3,false,false
uniform-budget-delay,135,13,25,13,12,100,336,2,1,2,3,false,false
uniform-budget-delay,135,14,25,13,12,100,336,2,1,2,3,false,false
uniform-budget-delay,135,15,25,13,12,100,336,2,1,2,3,false,false
uniform-budget-delay,135,16,25,13,12,100,336,2,1,2,3,false,false
uniform-budget-delay,135,17,25,13,12,100,336,2,1,2,3,false,false
uniform-budget-delay,135,18,25,13,12,100,336,2,1,2,3,false,false
uniform-budget-delay,135,19,25,13,12,100,336,2,1,2,3,false,false
uniform-budget-delay,135,20,25,13,12,100,336,2,1,2,3,false,false
uniform-budget-delay,135,21,25,13,12,100,336,2,1,2,3,false,false
uniform-budget-delay,135,22,25,13,12,100,336,2,1,2,3,false,false
uniform-budget-delay,135,23,25,13,12,100,336,2,1,2,3,false,false
uniform-budget-delay,135,24,25,13,12,100,336,2,1,2,3,false,false
uniform-budget-delay,135,25,25,13,12,100,336,2,1,2,3,false,false
uniform-budget-delay,135,26,25,13,12,100,336,2,1,2,3,false,false
uniform-budget-delay,135,27,25,13,12,100,336,2,1,2,3,false,false
uniform-budget-delay,135,28,25,13,12,100,336,2,1,2,3,false,false
uniform-budget-delay,135,29,25,13,12,100,336,2,1,2,3,false,false
uniform-budget-delay,135,30,25,13,12,100,336,2,1,2,3,false,false
uniform-budget-delay,135,31,25,13,12,100,336,2,1,2,3,false,false
uniform-budget-delay,135,32,25,13,12,100,336,2,1,2,3,false,false
uniform-budget-delay,135,33,25,13,12,100,336,2,1,2,3,false,false
uniform-budget-delay,135,34,25,13,12,100,336,2,1,2,3,false,false
uniform-budget-delay,135,35,25,13,12,100,336,2,1,2,3,false,false
uniform-budget-delay,135,36,25,13,12,100,336,2,1,2,3,false,false
uniform-budget-delay,135,37,25,13,12,100,336,2,1,2,3,false,false
uniform-budget-delay,135,38,25,13,12,100,336,2,1,2,3,false,false
uniform-budget-delay,135,39,25,13,12,100,336,2,1,2,3,false,false
uniform-budget-delay,135,40,25,13,12,100,336,2,1,2,3,false,false
uniform-budget-delay,135,41,25,13,12,100,336,2,1,2,3,false,false
uniform-budget-delay,135,42,25,13,12,100,336,2,1,2,3,false,false
uniform-budget-delay,135,43,25,13,12,100,336,2,1,2,3,false,false
uniform-budget-delay,135,44,25,13,12,100,336,2,1,2,3,false,false
uniform-budget-delay,135,45,25,13,12,100,336,2,1,2,3,false,false
uniform-budget-delay,135,46,25,13,12,100,336,2,1,2,3,false,false
uniform-budget-delay,135,47,25,13,12,100,336,2,1,2,3,false,false
uniform-budget-delay,135,48,25,13,12,100,336,2,1,2,3,false,false
uniform-budget-delay,135,49,25,13,12,100,336,2,1,2,3,false,false
uniform-budget-delay,135,50,25,13,12,100,336,2,1,2,3,false,false
uniform-budget-delay,135,51,25,13,12,100,336,2,1,2,3,false,false
uniform-budget-delay,135,52,25,13,12,100,336,2,1,2,3,false,false
uniform-budget-delay,135,53,25,13,12,100,336,2,1,2,3,false,false
uniform-budget-delay,135,54,25,13,12,100,336,2,1,2,3,false,false
uniform-budget-delay,135,55,25,13,12,100,336,2,1,2,3,false,false
uniform-budget-delay,135,56,25,13,12,100,336,2,1,2,3,false,false
uniform-budget-delay,135,57,25,13,12,100,336,2,1,2,3,false,false
uniform-budget-delay,135,58,25,13,12,100,336,2,1,2,3,false,false
uniform-budget-delay,135,59,25,13,12,100,336,2,1,2,3,false,false
uniform-budget-delay,135,60,25,13,12,100,336,2,1,2,3,false,false
uniform-budget-delay,135,61,25,13,12,100,336,2,1,2,3,false,false
uniform-budget-delay,135,62,25,13,12,100,336,2,1,2,3,false,false
uniform-budget-delay,135,63,25,13,12,100,336,2,1,2,3,false,false
uniform-budget-delay,135,64,25,13,12,100,336,2,1,2,3,false,false
uniform-budget-delay,135,65,25,13,12,100,336,2,1,2,3,false,false
uniform-budget-delay,135,66,25,13,12,100,336,2,1,2,3,false,false
uniform-budget-delay,135,67,25,13,12,100,336,2,1,2,3,false,false
uniform-budget-delay,135,68,25,13,12,100,336,2,1,2,3,false,false
uniform-budget-delay,135,69,25,13,12,100,336,2,1,2,3,false,false
uniform-budget-delay,135,70,25,13,12,100,336,2,1,2,3,false,false
uniform-budget-delay,135,71,25,13,12,100,336,2,1,2,3,false,false
uniform-budget-delay,135,72,25,13,12,100,336,2,1,2,3,false,false
uniform-budget-delay,135,73,25,13,12,100,336,2,1,2,3,false,false
uniform-budget-delay,135,74,25,13,12,100,336,2,1,2,3,false,false
uniform-budget-delay,135,75,25,13,12,100,336,2,1,2,3,false,false
uniform-budget-delay,135,76,25,13,12,100,336,2,1,2,3,false,false
uniform-budget-delay,135,77,25,13,12,100,336,2,1,2,3,false,false
uniform-budget-delay,135,78,25,13,12,100,336,2,1,2,3,false,false
uniform-budget-delay,135,79,25,13,12,100,336,2,1,2,3,false,false
uniform-budget-delay,135,80,25,13,12,100,336,2,1,2,3,false,false
uniform-budget-delay,135,81,25,13,12,100,336,2,1,2,3,false,false
uniform-budget-delay,135,82,25,13,12,100,336,2,1,2,3,false,false
uniform-budget-delay,135,83,25,13,12,100,336,2,1,2,3,false,false
uniform-budget-delay,135,84,25,13,12,100,336,2,1,2,3,false,false
uniform-budget-delay,135,85,25,13,12,100,336,2,1,2,3,false,false
uniform-budget-delay,135,86,25,13,12,100,336,2,1,2,3,false,false
uniform-budget-delay,135,87,25,13,12,100,336,2,1,2,3,false,false
uniform-budget-delay,135,88,25,13,12,100,336,2,1,2,3,false,false
uniform-budget-delay,135,89,25,13,12,100,336,2,1,2,3,false,false
uniform-budget-delay,135,90,25,13,12,100,336,2,1,2,3,false,false
uniform-budget-delay,135,91,25,13,12,100,336,2,1,2,3,false,false
uniform-budget-delay,135,92,25,13,12,100,336,2,1,2,3,false,false
uniform-budget-delay,135,93,25,13,12,100,336,2,1,2,3,false,false
uniform-budget-delay,135,94,25,13,12,100,336,2,1,2,3,false,false
uniform-budget-delay,135,95,25,13,12,100,336,2,1,2,3,false,false
uniform-budget-delay,135,96,25,13,12,100,336,2,1,2,3,false,false
uniform-budget-delay,135,97,25,13,12,100,336,2,1,2,3,false,false
uniform-budget-delay,135,98,25,13,12,100,336,2,1,2,3,false,false
uniform-budget-delay,135,99,25,13,12,100,336,2,1,2,3,false,false
uniform-budget-delay,135,100,25,13,12,100,336,2,1,2,3,false,false
uniform-budget-delay,135,101,25,13,12,100,336,2,1,2,3,false,false
uniform-budget-delay,135,102,25,13,12,100,336,2,1,2,3,false,false
uniform-budget-delay,135,103,25,13,12,100,336,2,1,2,3,false,false
uniform-budget-delay,135,104,25,13,12,100,336,2,1,2,3,false,false
uniform-budget-delay,135,105,25,13,12,100,336,2,1,2,3,false,false
uniform-budget-delay,135,106,25,13,12,100,336,2,1,2,3,false,false
uniform-budget-delay,135,107,25,13,12,100,336,2,1,2,3,false,false
uniform-budget-delay,135,108,25,13,12,100,336,2,1,2,3,false,false
uniform-budget-delay,135,109,25,13,12,100,336,2,1,2,3,false,false
uniform-budget-delay,135,110,25,13,12,100,336,2,1,2,3,false,false
uniform-budget-delay,135,111,25,13,12,100,336,2,1,2,3,false,false
uniform-budget-delay,135,112,25,13,12,100,336,2,1,2,3,false,false
uniform-budget-delay,135,113,25,13,12,100,336,2,1,2,3,false,false
uniform-budget-delay,135,114,25,13,12,100,336,2,1,2,3,false,false
uniform-budget-delay,135,115,25,13,12,100,336,2,1,2,3,false,false
uniform-budget-delay,135,116,25,13,12,100,336,2,1,2,3,false,false
uniform-budget-delay,135,117,25,13,12,100,336,2,1,2,3,false,false
uniform-budget-delay,135,118,25,13,12,100,336,2,1,2,3,false,false
uniform-budget-delay,135,119,25,13,12,100,336,2,1,2,3,false,false
uniform-budget-delay,135,120,25,13,12,100,336,2,1,2,3,false,false
uniform-budget-delay,135,121,25,13,12,100,336,2,1,2,3,false,false
uniform-budget-delay,135,122,25,13,12,100,336,2,1,2,3,false,false
uniform-budget-delay,135,123,25,13,12,100,336,2,1,2,3,false,false
uniform-budget-delay,135,124,25,13,12,100,336,2,1,2,3,false,false
uniform-budget-delay,135,125,25,13,12,100,336,2,1,2,3,false,false
uniform-budget-delay,135,126,25,13,12,100,336,2,1,2,3,false,false
uniform-budget-delay,135,127,25,13,12,100,336,2,1,2,3,false,false
uniform-budget-delay,135,128,25,13,12,100,336,2,1,2,3,false,false
uniform-budget-delay,135,129,25,13,12,100,336,2,1,2,3,false,false
uniform-budget-delay,135,130,25,13,12,100,336,2,1,2,3,false,false
uniform-budget-delay,135,131,25,13,12,100,336,2,1,2,3,false,false
uniform-budget-delay,135,132,25,13,12,100,336,2,1,2,3,false,false
uniform-budget-delay,135,133,25,13,12,100,336,2,1,2,3,false,false
uniform-budget-delay,135,134,25,13,12,100,336,2,1,2,3,false,false
uniform-budget-delay,135,135,25,13,12,100,336,2,1,2,3,false,false
uniform-budget-delay,135,136,25,13,12,100,336,2,1,2,3,false,false
uniform-budget-delay,135,137,25,13,12,100,336,2,1,2,3,false,false
uniform-budget-delay,135,138,25,13,12,100,336,2,1,2,3,false,false
uniform-budget-delay,135,139,25,13,12,100,336,2,1,2,3,false,false
uniform-budget-delay,135,140,25,13,12,100,336,2,1,2,3,false,false
uniform-budget-delay,135,141,25,13,12,100,336,2,1,2,3,false,false
uniform-budget-delay,135,142,25,13,12,100,336,2,1,2,3,false,false
uniform-budget-delay,135,143,25,13,12,100,336,2,1,2,3,false,false
uniform-budget-delay,135,144,25,13,12,100,336,2,1,2,3,false,false
uniform-budget-delay,135,145,25,13,12,100,336,2,1,2,3,false,false
uniform-budget-delay,135,146,25,13,12,100,336,2,1,2,3,false,false
uniform-budget-delay,135,147,25,13,12,100,336,2,1,2,3,false,false
uniform-budget-delay,135,148,25,13,12,100,336,2,1,2,3,false,false
uniform-budget-delay,135,149,25,13,12,100,336,2,1,2,3,false,false
uniform-budget-delay,135,150,25,13,12,100,336,2,1,2,3,false,false
uniform-budget-delay,135,151,25,13,12,100,336,2,1,2,3,false,false
uniform-budget-delay,135,152,25,13,12,100,336,2,1,2,3,false,false
uniform-budget-delay,135,153,25,13,12,100,336,2,1,2,3,false,false
uniform-budget-delay,135,154,25,13,12,100,336,2,1,2,3,false,false
uniform-budget-delay,135,155,25,13,12,100,336,2,1,2,3,false,false
uniform-budget-delay,135,156,25,13,12,100,336,2,1,2,3,false,false
uniform-budget-delay,135,157,25,13,12,100,336,2,1,2,3,false,false
uniform-budget-delay,135,158,25,13,12,100,336,2,1,2,3,false,false
uniform-budget-delay,135,159,25,13,12,100,336,2,1,2,3,false,false
uniform-budget-delay,135,160,25,13,12,100,336,2,1,2,3,false,false
uniform-budget-delay,135,161,25,13,12,100,336,2,1,2,3,false,false
uniform-budget-delay,135,162,25,13,12,100,336,2,1,2,3,false,false
uniform-budget-delay,135,163,25,13,12,100,336,2,1,2,3,false,false
uniform-budget-delay,135,164,25,13,12,100,336,2,1,2,3,false,false
uniform-budget-delay,135,165,25,13,12,100,336,2,1,2,3,false,false
uniform-budget-delay,135,166,25,13,12,100,336,2,1,2,3,false,false
uniform-budget-delay,135,167,25,13,12,100,336,2,1,2,3,false,false
uniform-budget-delay,135,168,25,13,12,100,336,2,1,2,3,false,false
uniform-budget-delay,135,169,25,13,12,100,336,2,1,2,3,false,false
uniform-budget-delay,135,170,25,13,12,100,336,2,1,2,3,false,false
uniform-budget-delay,135,171,25,13,12,100,336,2,1,2,3,false,false
uniform-budget-delay,135,172,25,13,12,100,336,2,1,2,3,false,false
uniform-budget-delay,135,173,25,13,12,100,336,2,1,2,3,false,false
uniform-budget-delay,135,174,25,13,12,100,336,2,1,2,3,false,false
uniform-budget-delay,135,175,25,13,12,100,336,2,1,2,3,false,false
uniform-budget-delay,135,176,25,13,12,100,336,2,1,2,3,false,false
uniform-budget-delay,135,177,25,13,12,100,336,2,1,2,3,false,false
uniform-budget-delay,135,178,25,13,12,100,336,2,1,2,3,false,false
uniform-budget-delay,135,179,25,13,12,100,336,2,1,2,3,false,false
uniform-budget-delay,135,180,25,13,12,100,336,2,1,2,3,false,false
uniform-budget-delay,135,181,25,13,12,100,336,2,1,2,3,false,false
uniform-budget-delay,135,182,25,13,12,100,336,2,1,2,3,false,false
uniform-budget-delay,135,183,25,13,12,100,336,2,1,2,3,false,false
uniform-budget-delay,135,184,25,13,12,100,336,2,1,2,3,false,false
uniform-budget-delay,135,185,25,13,12,100,336,2,1,2,3,false,false
uniform-budget-delay,135,186,25,13,12,100,336,2,1,2,3,false,false
uniform-budget-delay,135,187,25,13,12,100,336,2,1,2,3,false,false
uniform-budget-delay,135,188,25,13,12,100,336,2,1,2,3,false,false
uniform-budget-delay,135,189,25,13,12,100,336,2,1,2,3,false,false
uniform-budget-delay,135,190,25,13,12,100,336,2,1,2,3,false,false
uniform-budget-delay,135,191,25,13,12,100,336,2,1,2,3,false,false
uniform-budget-delay,135,192,25,13,12,100,336,2,1,2,3,false,false
uniform-budget-delay,135,193,25,13,12,100,336,2,1,2,3,false,false
uniform-budget-delay,135,194,25,13,12,100,336,2,1,2,3,false,false
uniform-budget-delay,135,195,25,13,12,100,336,2,1,2,3,false,false
uniform-budget-delay,135,196,25,13,12,100,336,2,1,2,3,false,false
uniform-budget-delay,135,197,25,13,12,100,336,2,1,2,3,false,false
uniform-budget-delay,135,198,25,13,12,100,336,2,1,2,3,false,false
uniform-budget-delay,135,199,25,13,12,100,336,2,1,2,3,false,false
uniform-budget-delay,135,200,25,13,12,100,336,2,1,2,3,false,false
progress-aware-quorum-delay,135,1,25,13,12,100,336,2,1,2,3,false,false
progress-aware-quorum-delay,135,2,25,13,12,100,336,2,1,2,3,false,false
progress-aware-quorum-delay,135,3,25,13,12,100,336,2,1,2,3,false,false
progress-aware-quorum-delay,135,4,25,13,12,100,336,2,1,2,3,false,false
progress-aware-quorum-delay,135,5,25,13,12,100,336,2,1,2,3,false,false
progress-aware-quorum-delay,135,6,25,13,12,100,336,2,1,2,3,false,false
progress-aware-quorum-delay,135,7,25,13,12,100,336,2,1,2,3,false,false
progress-aware-quorum-delay,135,8,25,13,12,100,336,2,1,2,3,false,false
progress-aware-quorum-delay,135,9,25,13,12,100,336,2,1,2,3,false,false
progress-aware-quorum-delay,135,10,25,13,12,100,336,2,1,2,3,false,false
progress-aware-quorum-delay,135,11,25,13,12,100,336,2,1,2,3,false,false
progress-aware-quorum-delay,135,12,25,13,12,100,336,2,1,2,3,false,false
progress-aware-quorum-delay,135,13,25,13,12,100,336,2,1,2,3,false,false
progress-aware-quorum-delay,135,14,25,13,12,100,336,2,1,2,3,false,false
progress-aware-quorum-delay,135,15,25,13,12,100,336,2,1,2,3,false,false
progress-aware-quorum-delay,135,16,25,13,12,100,336,2,1,2,3,false,false
progress-aware-quorum-delay,135,17,25,13,12,100,336,2,1,2,3,false,false
progress-aware-quorum-delay,135,18,25,13,12,100,336,2,1,2,3,false,false
progress-aware-quorum-delay,135,19,25,13,12,100,336,2,1,2,3,false,false
progress-aware-quorum-delay,135,20,25,13,12,100,336,2,1,2,3,false,false
progress-aware-quorum-delay,135,21,25,13,12,100,336,2,1,2,3,false,false
progress-aware-quorum-delay,135,22,25,13,12,100,336,2,1,2,3,false,false
progress-aware-quorum-delay,135,23,25,13,12,100,336,2,1,2,3,false,false
progress-aware-quorum-delay,135,24,25,13,12,100,336,2,1,2,3,false,false
progress-aware-quorum-delay,135,25,25,13,12,100,336,2,1,2,3,false,false
progress-aware-quorum-delay,135,26,25,13,12,100,336,2,1,2,3,false,false
progress-aware-quorum-delay,135,27,25,13,12,100,336,2,1,2,3,false,false
progress-aware-quorum-delay,135,28,25,13,12,100,336,2,1,2,3,false,false
progress-aware-quorum-delay,135,29,25,13,12,100,336,2,1,2,3,false,false
progress-aware-quorum-delay,135,30,25,13,12,100,336,2,1,2,3,false,false
progress-aware-quorum-delay,135,31,25,13,12,100,336,2,1,2,3,false,false
progress-aware-quorum-delay,135,32,25,13,12,100,336,2,1,2,3,false,false
progress-aware-quorum-delay,135,33,25,13,12,100,336,2,1,2,3,false,false
progress-aware-quorum-delay,135,34,25,13,12,100,336,2,1,2,3,false,false
progress-aware-quorum-delay,135,35,25,13,12,100,336,2,1,2,3,false,false
progress-aware-quorum-delay,135,36,25,13,12,100,336,2,1,2,3,false,false
progress-aware-quorum-delay,135,37,25,13,12,100,336,2,1,2,3,false,false
progress-aware-quorum-delay,135,38,25,13,12,100,336,2,1,2,3,false,false
progress-aware-quorum-delay,135,39,25,13,12,100,336,2,1,2,3,false,false
progress-aware-quorum-delay,135,40,25,13,12,100,336,2,1,2,3,false,false
progress-aware-quorum-delay,135,41,25,13,12,100,336,2,1,2,3,false,false
progress-aware-quorum-delay,135,42,25,13,12,100,336,2,1,2,3,false,false
progress-aware-quorum-delay,135,43,25,13,12,100,336,2,1,2,3,false,false
progress-aware-quorum-delay,135,44,25,13,12,100,336,2,1,2,3,false,false
progress-aware-quorum-delay,135,45,25,13,12,100,336,2,1,2,3,false,false
progress-aware-quorum-delay,135,46,25,13,12,100,336,2,1,2,3,false,false
progress-aware-quorum-delay,135,47,25,13,12,100,336,2,1,2,3,false,false
progress-aware-quorum-delay,135,48,25,13,12,100,336,2,1,2,3,false,false
progress-aware-quorum-delay,135,49,25,13,12,100,336,2,1,2,3,false,false
progress-aware-quorum-delay,135,50,25,13,12,100,336,2,1,2,3,false,false
progress-aware-quorum-delay,135,51,25,13,12,100,336,2,1,2,3,false,false
progress-aware-quorum-delay,135,52,25,13,12,100,336,2,1,2,3,false,false
progress-aware-quorum-delay,135,53,25,13,12,100,336,2,1,2,3,false,false
progress-aware-quorum-delay,135,54,25,13,12,100,336,2,1,2,3,false,false
progress-aware-quorum-delay,135,55,25,13,12,100,336,2,1,2,3,false,false
progress-aware-quorum-delay,135,56,25,13,12,100,336,2,1,2,3,false,false
progress-aware-quorum-delay,135,57,25,13,12,100,336,2,1,2,3,false,false
progress-aware-quorum-delay,135,58,25,13,12,100,336,2,1,2,3,false,false
progress-aware-quorum-delay,135,59,25,13,12,100,336,2,1,2,3,false,false
progress-aware-quorum-delay,135,60,25,13,12,100,336,2,1,2,3,false,false
progress-aware-quorum-delay,135,61,25,13,12,100,336,2,1,2,3,false,false
progress-aware-quorum-delay,135,62,25,13,12,100,336,2,1,2,3,false,false
progress-aware-quorum-delay,135,63,25,13,12,100,336,2,1,2,3,false,false
progress-aware-quorum-delay,135,64,25,13,12,100,336,2,1,2,3,false,false
progress-aware-quorum-delay,135,65,25,13,12,100,336,2,1,2,3,false,false
progress-aware-quorum-delay,135,66,25,13,12,100,336,2,1,2,3,false,false
progress-aware-quorum-delay,135,67,25,13,12,100,336,2,1,2,3,false,false
progress-aware-quorum-delay,135,68,25,13,12,100,336,2,1,2,3,false,false
progress-aware-quorum-delay,135,69,25,13,12,100,336,2,1,2,3,false,false
progress-aware-quorum-delay,135,70,25,13,12,100,336,2,1,2,3,false,false
progress-aware-quorum-delay,135,71,25,13,12,100,336,2,1,2,3,false,false
progress-aware-quorum-delay,135,72,25,13,12,100,336,2,1,2,3,false,false
progress-aware-quorum-delay,135,73,25,13,12,100,336,2,1,2,3,false,false
progress-aware-quorum-delay,135,74,25,13,12,100,336,2,1,2,3,false,false
progress-aware-quorum-delay,135,75,25,13,12,100,336,2,1,2,3,false,false
progress-aware-quorum-delay,135,76,25,13,12,100,336,2,1,2,3,false,false
progress-aware-quorum-delay,135,77,25,13,12,100,336,2,1,2,3,false,false
progress-aware-quorum-delay,135,78,25,13,12,100,336,2,1,2,3,false,false
progress-aware-quorum-delay,135,79,25,13,12,100,336,2,1,2,3,false,false
progress-aware-quorum-delay,135,80,25,13,12,100,336,2,1,2,3,false,false
progress-aware-quorum-delay,135,81,25,13,12,100,336,2,1,2,3,false,false
progress-aware-quorum-delay,135,82,25,13,12,100,336,2,1,2,3,false,false
progress-aware-quorum-delay,135,83,25,13,12,100,336,2,1,2,3,false,false
progress-aware-quorum-delay,135,84,25,13,12,100,336,2,1,2,3,false,false
progress-aware-quorum-delay,135,85,25,13,12,100,336,2,1,2,3,false,false
progress-aware-quorum-delay,135,86,25,13,12,100,336,2,1,2,3,false,false
progress-aware-quorum-delay,135,87,25,13,12,100,336,2,1,2,3,false,false
progress-aware-quorum-delay,135,88,25,13,12,100,336,2,1,2,3,false,false
progress-aware-quorum-delay,135,89,25,13,12,100,336,2,1,2,3,false,false
progress-aware-quorum-delay,135,90,25,13,12,100,336,2,1,2,3,false,false
progress-aware-quorum-delay,135,91,25,13,12,100,336,2,1,2,3,false,false
progress-aware-quorum-delay,135,92,25,13,12,100,336,2,1,2,3,false,false
progress-aware-quorum-delay,135,93,25,13,12,100,336,2,1,2,3,false,false
progress-aware-quorum-delay,135,94,25,13,12,100,336,2,1,2,3,false,false
progress-aware-quorum-delay,135,95,25,13,12,100,336,2,1,2,3,false,false
progress-aware-quorum-delay,135,96,25,13,12,100,336,2,1,2,3,false,false
progress-aware-quorum-delay,135,97,25,13,12,100,336,2,1,2,3,false,false
progress-aware-quorum-delay,135,98,25,13,12,100,336,2,1,2,3,false,false
progress-aware-quorum-delay,135,99,25,13,12,100,336,2,1,2,3,false,false
progress-aware-quorum-delay,135,100,25,13,12,100,336,2,1,2,3,false,false
progress-aware-quorum-delay,135,101,25,13,12,100,336,2,1,2,3,false,false
progress-aware-quorum-delay,135,102,25,13,12,100,336,2,1,2,3,false,false
progress-aware-quorum-delay,135,103,25,13,12,100,336,2,1,2,3,false,false
progress-aware-quorum-delay,135,104,25,13,12,100,336,2,1,2,3,false,false
progress-aware-quorum-delay,135,105,25,13,12,100,336,2,1,2,3,false,false
progress-aware-quorum-delay,135,106,25,13,12,100,336,2,1,2,3,false,false
progress-aware-quorum-delay,135,107,25,13,12,100,336,2,1,2,3,false,false
progress-aware-quorum-delay,135,108,25,13,12,100,336,2,1,2,3,false,false
progress-aware-quorum-delay,135,109,25,13,12,100,336,2,1,2,3,false,false
progress-aware-quorum-delay,135,110,25,13,12,100,336,2,1,2,3,false,false
progress-aware-quorum-delay,135,111,25,13,12,100,336,2,1,2,3,false,false
progress-aware-quorum-delay,135,112,25,13,12,100,336,2,1,2,3,false,false
progress-aware-quorum-delay,135,113,25,13,12,100,336,2,1,2,3,false,false
progress-aware-quorum-delay,135,114,25,13,12,100,336,2,1,2,3,false,false
progress-aware-quorum-delay,135,115,25,13,12,100,336,2,1,2,3,false,false
progress-aware-quorum-delay,135,116,25,13,12,100,336,2,1,2,3,false,false
progress-aware-quorum-delay,135,117,25,13,12,100,336,2,1,2,3,false,false
progress-aware-quorum-delay,135,118,25,13,12,100,336,2,1,2,3,false,false
progress-aware-quorum-delay,135,119,25,13,12,100,336,2,1,2,3,false,false
progress-aware-quorum-delay,135,120,25,13,12,100,336,2,1,2,3,false,false
progress-aware-quorum-delay,135,121,25,13,12,100,336,2,1,2,3,false,false
progress-aware-quorum-delay,135,122,25,13,12,100,336,2,1,2,3,false,false
progress-aware-quorum-delay,135,123,25,13,12,100,336,2,1,2,3,false,false
progress-aware-quorum-delay,135,124,25,13,12,100,336,2,1,2,3,false,false
progress-aware-quorum-delay,135,125,25,13,12,100,336,2,1,2,3,false,false
progress-aware-quorum-delay,135,126,25,13,12,100,336,2,1,2,3,false,false
progress-aware-quorum-delay,135,127,25,13,12,100,336,2,1,2,3,false,false
progress-aware-quorum-delay,135,128,25,13,12,100,336,2,1,2,3,false,false
progress-aware-quorum-delay,135,129,25,13,12,100,336,2,1,2,3,false,false
progress-aware-quorum-delay,135,130,25,13,12,100,336,2,1,2,3,false,false
progress-aware-quorum-delay,135,131,25,13,12,100,336,2,1,2,3,false,false
progress-aware-quorum-delay,135,132,25,13,12,100,336,2,1,2,3,false,false
progress-aware-quorum-delay,135,133,25,13,12,100,336,2,1,2,3,false,false
progress-aware-quorum-delay,135,134,25,13,12,100,336,2,1,2,3,false,false
progress-aware-quorum-delay,135,135,25,13,12,100,336,2,1,2,3,false,false
progress-aware-quorum-delay,135,136,25,13,12,100,336,2,1,2,3,false,false
progress-aware-quorum-delay,135,137,25,13,12,100,336,2,1,2,3,false,false
progress-aware-quorum-delay,135,138,25,13,12,100,336,2,1,2,3,false,false
progress-aware-quorum-delay,135,139,25,13,12,100,336,2,1,2,3,false,false
progress-aware-quorum-delay,135,140,25,13,12,100,336,2,1,2,3,false,false
progress-aware-quorum-delay,135,141,25,13,12,100,336,2,1,2,3,false,false
progress-aware-quorum-delay,135,142,25,13,12,100,336,2,1,2,3,false,false
progress-aware-quorum-delay,135,143,25,13,12,100,336,2,1,2,3,false,false
progress-aware-quorum-delay,135,144,25,13,12,100,336,2,1,2,3,false,false
progress-aware-quorum-delay,135,145,25,13,12,100,336,2,1,2,3,false,false
progress-aware-quorum-delay,135,146,25,13,12,100,336,2,1,2,3,false,false
progress-aware-quorum-delay,135,147,25,13,12,100,336,2,1,2,3,false,false
progress-aware-quorum-delay,135,148,25,13,12,100,336,2,1,2,3,false,false
progress-aware-quorum-delay,135,149,25,13,12,100,336,2,1,2,3,false,false
progress-aware-quorum-delay,135,150,25,13,12,100,336,2,1,2,3,false,false
progress-aware-quorum-delay,135,151,25,13,12,100,336,2,1,2,3,false,false
progress-aware-quorum-delay,135,152,25,13,12,100,336,2,1,2,3,false,false
progress-aware-quorum-delay,135,153,25,13,12,100,336,2,1,2,3,false,false
progress-aware-quorum-delay,135,154,25,13,12,100,336,2,1,2,3,false,false
progress-aware-quorum-delay,135,155,25,13,12,100,336,2,1,2,3,false,false
progress-aware-quorum-delay,135,156,25,13,12,100,336,2,1,2,3,false,false
progress-aware-quorum-delay,135,157,25,13,12,100,336,2,1,2,3,false,false
progress-aware-quorum-delay,135,158,25,13,12,100,336,2,1,2,3,false,false
progress-aware-quorum-delay,135,159,25,13,12,100,336,2,1,2,3,false,false
progress-aware-quorum-delay,135,160,25,13,12,100,336,2,1,2,3,false,false
progress-aware-quorum-delay,135,161,25,13,12,100,336,2,1,2,3,false,false
progress-aware-quorum-delay,135,162,25,13,12,100,336,2,1,2,3,false,false
progress-aware-quorum-delay,135,163,25,13,12,100,336,2,1,2,3,false,false
progress-aware-quorum-delay,135,164,25,13,12,100,336,2,1,2,3,false,false
progress-aware-quorum-delay,135,165,25,13,12,100,336,2,1,2,3,false,false
progress-aware-quorum-delay,135,166,25,13,12,100,336,2,1,2,3,false,false
progress-aware-quorum-delay,135,167,25,13,12,100,336,2,1,2,3,false,false
progress-aware-quorum-delay,135,168,25,13,12,100,336,2,1,2,3,false,false
progress-aware-quorum-delay,135,169,25,13,12,100,336,2,1,2,3,false,false
progress-aware-quorum-delay,135,170,25,13,12,100,336,2,1,2,3,false,false
progress-aware-quorum-delay,135,171,25,13,12,100,336,2,1,2,3,false,false
progress-aware-quorum-delay,135,172,25,13,12,100,336,2,1,2,3,false,false
progress-aware-quorum-delay,135,173,25,13,12,100,336,2,1,2,3,false,false
progress-aware-quorum-delay,135,174,25,13,12,100,336,2,1,2,3,false,false
progress-aware-quorum-delay,135,175,25,13,12,100,336,2,1,2,3,false,false
progress-aware-quorum-delay,135,176,25,13,12,100,336,2,1,2,3,false,false
progress-aware-quorum-delay,135,177,25,13,12,100,336,2,1,2,3,false,false
progress-aware-quorum-delay,135,178,25,13,12,100,336,2,1,2,3,false,false
progress-aware-quorum-delay,135,179,25,13,12,100,336,2,1,2,3,false,false
progress-aware-quorum-delay,135,180,25,13,12,100,336,2,1,2,3,false,false
progress-aware-quorum-delay,135,181,25,13,12,100,336,2,1,2,3,false,false
progress-aware-quorum-delay,135,182,25,13,12,100,336,2,1,2,3,false,false
progress-aware-quorum-delay,135,183,25,13,12,100,336,2,1,2,3,false,false
progress-aware-quorum-delay,135,184,25,13,12,100,336,2,1,2,3,false,false
progress-aware-quorum-delay,135,185,25,13,12,100,336,2,1,2,3,false,false
progress-aware-quorum-delay,135,186,25,13,12,100,336,2,1,2,3,false,false
progress-aware-quorum-delay,135,187,25,13,12,100,336,2,1,2,3,false,false
progress-aware-quorum-delay,135,188,25,13,12,100,336,2,1,2,3,false,false
progress-aware-quorum-delay,135,189,25,13,12,100,336,2,1,2,3,false,false
progress-aware-quorum-delay,135,190,25,13,12,100,336,2,1,2,3,false,false
progress-aware-quorum-delay,135,191,25,13,12,100,336,2,1,2,3,false,false
progress-aware-quorum-delay,135,192,25,13,12,100,336,2,1,2,3,false,false
progress-aware-quorum-delay,135,193,25,13,12,100,336,2,1,2,3,false,false
progress-aware-quorum-delay,135,194,25,13,12,100,336,2,1,2,3,false,false
progress-aware-quorum-delay,135,195,25,13,12,100,336,2,1,2,3,false,false
progress-aware-quorum-delay,135,196,25,13,12,100,336,2,1,2,3,false,false
progress-aware-quorum-delay,135,197,25,13,12,100,336,2,1,2,3,false,false
progress-aware-quorum-delay,135,198,25,13,12,100,336,2,1,2,3,false,false
progress-aware-quorum-delay,135,199,25,13,12,100,336,2,1,2,3,false,false
progress-aware-quorum-delay,135,200,25,13,12,100,336,2,1,2,3,false,false
