scheduler,n,quorum,surplus,seed,k,p,steps,timeouts,decisions,retries,max_ballot,reached_step_cap,safety
prob-interleaved-uniform-budget-delay,5,3,2,1,3,0.2,24,0,1,0,0,false,false
prob-interleaved-uniform-budget-delay,5,3,2,2,3,0.2,24,0,1,0,0,false,false
prob-interleaved-uniform-budget-delay,5,3,2,3,3,0.2,24,0,1,0,0,false,false
prob-interleaved-uniform-budget-delay,5,3,2,4,3,0.2,24,0,1,0,0,false,false
prob-interleaved-uniform-budget-delay,5,3,2,5,3,0.2,24,0,1,0,0,false,false
prob-interleaved-uniform-budget-delay,5,3,2,6,3,0.2,24,0,1,0,0,false,false
prob-interleaved-uniform-budget-delay,5,3,2,7,3,0.2,24,0,1,0,0,false,false
prob-interleaved-uniform-budget-delay,5,3,2,8,3,0.2,23,0,1,0,0,false,false
prob-interleaved-uniform-budget-delay,5,3,2,9,3,0.2,24,0,1,0,0,false,false
prob-interleaved-uniform-budget-delay,5,3,2,10,3,0.2,24,0,1,0,0,false,false
prob-interleaved-uniform-budget-delay,5,3,2,11,3,0.2,22,0,1,0,0,false,false
prob-interleaved-uniform-budget-delay,5,3,2,12,3,0.2,24,0,1,0,0,false,false
prob-interleaved-uniform-budget-delay,5,3,2,13,3,0.2,24,0,1,0,0,false,false
prob-interleaved-uniform-budget-delay,5,3,2,14,3,0.2,24,0,1,0,0,false,false
prob-interleaved-uniform-budget-delay,5,3,2,15,3,0.2,24,0,1,0,0,false,false
prob-interleaved-uniform-budget-delay,5,3,2,16,3,0.2,24,0,1,0,0,false,false
prob-interleaved-uniform-budget-delay,5,3,2,17,3,0.2,24,0,1,0,0,false,false
prob-interleaved-uniform-budget-delay,5,3,2,18,3,0.2,24,0,1,0,0,false,false
prob-interleaved-uniform-budget-delay,5,3,2,19,3,0.2,24,0,1,0,0,false,false
prob-interleaved-uniform-budget-delay,5,3,2,20,3,0.2,24,0,1,0,0,false,false
prob-interleaved-uniform-budget-delay,5,3,2,21,3,0.2,24,0,1,0,0,false,false
prob-interleaved-uniform-budget-delay,5,3,2,22,3,0.2,23,0,1,0,0,false,false
prob-interleaved-uniform-budget-delay,5,3,2,23,3,0.2,24,0,1,0,0,false,false
prob-interleaved-uniform-budget-delay,5,3,2,24,3,0.2,24,0,1,0,0,false,false
prob-interleaved-uniform-budget-delay,5,3,2,25,3,0.2,24,0,1,0,0,false,false
prob-interleaved-uniform-budget-delay,5,3,2,26,3,0.2,23,0,1,0,0,false,false
prob-interleaved-uniform-budget-delay,5,3,2,27,3,0.2,23,0,1,0,0,false,false
prob-interleaved-uniform-budget-delay,5,3,2,28,3,0.2,24,0,1,0,0,false,false
prob-interleaved-uniform-budget-delay,5,3,2,29,3,0.2,22,0,1,0,0,false,false
prob-interleaved-uniform-budget-delay,5,3,2,30,3,0.2,24,0,1,0,0,false,false
prob-interleaved-uniform-budget-delay,5,3,2,31,3,0.2,24,0,1,0,0,false,false
prob-interleaved-uniform-budget-delay,5,3,2,32,3,0.2,24,0,1,0,0,false,false
prob-interleaved-uniform-budget-delay,5,3,2,33,3,0.2,24,0,1,0,0,false,false
prob-interleaved-uniform-budget-delay,5,3,2,34,3,0.2,24,0,1,0,0,false,false
prob-interleaved-uniform-budget-delay,5,3,2,35,3,0.2,21,0,1,0,0,false,false
prob-interleaved-uniform-budget-delay,5,3,2,36,3,0.2,24,0,1,0,0,false,false
prob-interleaved-uniform-budget-delay,5,3,2,37,3,0.2,24,0,1,0,0,false,false
prob-interleaved-uniform-budget-delay,5,3,2,38,3,0.2,24,0,1,0,0,false,false
prob-interleaved-uniform-budget-delay,5,3,2,39,3,0.2,24,0,1,0,0,false,false
prob-interleaved-uniform-budget-delay,5,3,2,40,3,0.2,24,0,1,0,0,false,false
prob-interleaved-uniform-budget-delay,5,3,2,41,3,0.2,24,0,1,0,0,false,false
prob-interleaved-uniform-budget-delay,5,3,2,42,3,0.2,24,0,1,0,0,false,false
prob-interleaved-uniform-budget-delay,5,3,2,43,3,0.2,24,0,1,0,0,false,false
prob-interleaved-uniform-budget-delay,5,3,2,44,3,0.2,24,0,1,0,0,false,false
prob-interleaved-uniform-budget-delay,5,3,2,45,3,0.2,24,0,1,0,0,false,false
prob-interleaved-uniform-budget-delay,5,3,2,46,3,0.2,24,0,1,0,0,false,false
prob-interleaved-uniform-budget-delay,5,3,2,47,3,0.2,24,0,1,0,0,false,false
prob-interleaved-uniform-budget-delay,5,3,2,48,3,0.2,24,0,1,0,0,false,false
prob-interleaved-uniform-budget-delay,5,3,2,49,3,0.2,24,0,1,0,0,false,false
prob-interleaved-uniform-budget-delay,5,3,2,50,3,0.2,24,0,1,0,0,false,false
prob-interleaved-uniform-budget-delay,5,3,2,51,3,0.2,24,0,1,0,0,false,false
prob-interleaved-uniform-budget-delay,5,3,2,52,3,0.2,24,0,1,0,0,false,false
prob-interleaved-uniform-budget-delay,5,3,2,53,3,0.2,22,0,1,0,0,false,false
prob-interleaved-uniform-budget-delay,5,3,2,54,3,0.2,24,0,1,0,0,false,false
prob-interleaved-uniform-budget-delay,5,3,2,55,3,0.2,24,0,1,0,0,false,false
prob-interleaved-uniform-budget-delay,5,3,2,56,3,0.2,24,0,1,0,0,false,false
prob-interleaved-uniform-budget-delay,5,3,2,57,3,0.2,22,0,1,0,0,false,false
prob-interleaved-uniform-budget-delay,5,3,2,58,3,0.2,24,0,1,0,0,false,false
prob-interleaved-uniform-budget-delay,5,3,2,59,3,0.2,24,0,1,0,0,false,false
prob-interleaved-uniform-budget-delay,5,3,2,60,3,0.2,24,0,1,0,0,false,false
prob-interleaved-uniform-budget-delay,5,3,2,61,3,0.2,24,0,1,0,0,false,false
prob-interleaved-uniform-budget-delay,5,3,2,62,3,0.2,24,0,1,0,0,false,false
prob-interleaved-uniform-budget-delay,5,3,2,63,3,0.2,24,0,1,0,0,false,false
prob-interleaved-uniform-budget-delay,5,3,2,64,3,0.2,24,0,1,0,0,false,false
prob-interleaved-uniform-budget-delay,5,3,2,65,3,0.2,23,0,1,0,0,false,false
prob-interleaved-uniform-budget-delay,5,3,2,66,3,0.2,23,0,1,0,0,false,false
prob-interleaved-uniform-budget-delay,5,3,2,67,3,0.2,24,0,1,0,0,false,false
prob-interleaved-uniform-budget-delay,5,3,2,68,3,0.2,24,0,1,0,0,false,false
prob-interleaved-uniform-budget-delay,5,3,2,69,3,0.2,24,0,1,0,0,false,false
prob-interleaved-uniform-budget-delay,5,3,2,70,3,0.2,24,0,1,0,0,false,false
prob-interleaved-uniform-budget-delay,5,3,2,71,3,0.2,23,0,1,0,0,false,false
prob-interleaved-uniform-budget-delay,5,3,2,72,3,0.2,24,0,1,0,0,false,false
prob-interleaved-uniform-budget-delay,5,3,2,73,3,0.2,24,0,1,0,0,false,false
prob-interleaved-uniform-budget-delay,5,3,2,74,3,0.2,24,0,1,0,0,false,false
prob-interleaved-uniform-budget-delay,5,3,2,75,3,0.2,24,0,1,0,0,false,false
prob-interleaved-uniform-budget-delay,5,3,2,76,3,0.2,24,0,1,0,0,false,false
prob-interleaved-uniform-budget-delay,5,3,2,77,3,0.2,24,0,1,0,0,false,false
prob-interleaved-uniform-budget-delay,5,3,2,78,3,0.2,24,0,1,0,0,false,false
prob-interleaved-uniform-budget-delay,5,3,2,79,3,0.2,24,0,1,0,0,false,false
prob-interleaved-uniform-budget-delay,5,3,2,80,3,0.2,24,0,1,0,0,false,false
prob-interleaved-uniform-budget-delay,5,3,2,81,3,0.2,23,0,1,0,0,false,false
prob-interleaved-uniform-budget-delay,5,3,2,82,3,0.2,24,0,1,0,0,false,false
prob-interleaved-uniform-budget-delay,5,3,2,83,3,0.2,23,0,1,0,0,false,false
prob-interleaved-uniform-budget-delay,5,3,2,84,3,0.2,24,0,1,0,0,false,false
prob-interleaved-uniform-budget-delay,5,3,2,85,3,0.2,24,0,1,0,0,false,false
prob-interleaved-uniform-budget-delay,5,3,2,86,3,0.2,24,0,1,0,0,false,false
prob-interleaved-uniform-budget-delay,5,3,2,87,3,0.2,24,0,1,0,0,false,false
prob-interleaved-uniform-budget-delay,5,3,2,88,3,0.2,22,0,1,0,0,false,false
prob-interleaved-uniform-budget-delay,5,3,2,89,3,0.2,24,0,1,0,0,false,false
prob-interleaved-uniform-budget-delay,5,3,2,90,3,0.2,24,0,1,0,0,false,false
prob-interleaved-uniform-budget-delay,5,3,2,91,3,0.2,24,0,1,0,0,false,false
prob-interleaved-uniform-budget-delay,5,3,2,92,3,0.2,24,0,1,0,0,false,false
prob-interleaved-uniform-budget-delay,5,3,2,93,3,0.2,24,0,1,0,0,false,false
prob-interleaved-uniform-budget-delay,5,3,2,94,3,0.2,24,0,1,0,0,false,false
prob-interleaved-uniform-budget-delay,5,3,2,95,3,0.2,24,0,1,0,0,false,false
prob-interleaved-uniform-budget-delay,5,3,2,96,3,0.2,24,0,1,0,0,false,false
prob-interleaved-uniform-budget-delay,5,3,2,97,3,0.2,24,0,1,0,0,false,false
prob-interleaved-uniform-budget-delay,5,3,2,98,3,0.2,24,0,1,0,0,false,false
prob-interleaved-uniform-budget-delay,5,3,2,99,3,0.2,24,0,1,0,0,false,false
prob-interleaved-uniform-budget-delay,5,3,2,100,3,0.2,24,0,1,0,0,false,false
prob-interleaved-uniform-budget-delay,5,3,2,101,3,0.2,23,0,1,0,0,false,false
prob-interleaved-uniform-budget-delay,5,3,2,102,3,0.2,23,0,1,0,0,false,false
prob-interleaved-uniform-budget-delay,5,3,2,103,3,0.2,23,0,1,0,0,false,false
prob-interleaved-uniform-budget-delay,5,3,2,104,3,0.2,24,0,1,0,0,false,false
prob-interleaved-uniform-budget-delay,5,3,2,105,3,0.2,24,0,1,0,0,false,false
prob-interleaved-uniform-budget-delay,5,3,2,106,3,0.2,24,0,1,0,0,false,false
prob-interleaved-uniform-budget-delay,5,3,2,107,3,0.2,24,0,1,0,0,false,false
prob-interleaved-uniform-budget-delay,5,3,2,108,3,0.2,24,0,1,0,0,false,false
prob-interleaved-uniform-budget-delay,5,3,2,109,3,0.2,24,0,1,0,0,false,false
prob-interleaved-uniform-budget-delay,5,3,2,110,3,0.2,24,0,1,0,0,false,false
prob-interleaved-uniform-budget-delay,5,3,2,111,3,0.2,24,0,1,0,0,false,false
prob-interleaved-uniform-budget-delay,5,3,2,112,3,0.2,24,0,1,0,0,false,false
prob-interleaved-uniform-budget-delay,5,3,2,113,3,0.2,24,0,1,0,0,false,false
prob-interleaved-uniform-budget-delay,5,3,2,114,3,0.2,24,0,1,0,0,false,false
prob-interleaved-uniform-budget-delay,5,3,2,115,3,0.2,24,0,1,0,0,false,false
prob-interleaved-uniform-budget-delay,5,3,2,116,3,0.2,23,0,1,0,0,false,false
prob-interleaved-uniform-budget-delay,5,3,2,117,3,0.2,24,0,1,0,0,false,false
prob-interleaved-uniform-budget-delay,5,3,2,118,3,0.2,24,0,1,0,0,false,false
prob-interleaved-uniform-budget-delay,5,3,2,119,3,0.2,24,0,1,0,0,false,false
prob-interleaved-uniform-budget-delay,5,3,2,120,3,0.2,24,0,1,0,0,false,false
prob-interleaved-uniform-budget-delay,5,3,2,121,3,0.2,23,0,1,0,0,false,false
prob-interleaved-uniform-budget-delay,5,3,2,122,3,0.2,24,0,1,0,0,false,false
prob-interleaved-uniform-budget-delay,5,3,2,123,3,0.2,24,0,1,0,0,false,false
prob-interleaved-uniform-budget-delay,5,3,2,124,3,0.2,23,0,1,0,0,false,false
prob-interleaved-uniform-budget-delay,5,3,2,125,3,0.2,24,0,1,0,0,false,false
prob-interleaved-uniform-budget-delay,5,3,2,126,3,0.2,23,0,1,0,0,false,false
prob-interleaved-uniform-budget-delay,5,3,2,127,3,0.2,24,0,1,0,0,false,false
prob-interleaved-uniform-budget-delay,5,3,2,128,3,0.2,24,0,1,0,0,false,false
prob-interleaved-uniform-budget-delay,5,3,2,129,3,0.2,24,0,1,0,0,false,false
prob-interleaved-uniform-budget-delay,5,3,2,130,3,0.2,24,0,1,0,0,false,false
prob-interleaved-uniform-budget-delay,5,3,2,131,3,0.2,23,0,1,0,0,false,false
prob-interleaved-uniform-budget-delay,5,3,2,132,3,0.2,24,0,1,0,0,false,false
prob-interleaved-uniform-budget-delay,5,3,2,133,3,0.2,24,0,1,0,0,false,false
prob-interleaved-uniform-budget-delay,5,3,2,134,3,0.2,24,0,1,0,0,false,false
prob-interleaved-uniform-budget-delay,5,3,2,135,3,0.2,24,0,1,0,0,false,false
prob-interleaved-uniform-budget-delay,5,3,2,136,3,0.2,24,0,1,0,0,false,false
prob-interleaved-uniform-budget-delay,5,3,2,137,3,0.2,23,0,1,0,0,false,false
prob-interleaved-uniform-budget-delay,5,3,2,138,3,0.2,24,0,1,0,0,false,false
prob-interleaved-uniform-budget-delay,5,3,2,139,3,0.2,24,0,1,0,0,false,false
prob-interleaved-uniform-budget-delay,5,3,2,140,3,0.2,23,0,1,0,0,false,false
prob-interleaved-uniform-budget-delay,5,3,2,141,3,0.2,24,0,1,0,0,false,false
prob-interleaved-uniform-budget-delay,5,3,2,142,3,0.2,24,0,1,0,0,false,false
prob-interleaved-uniform-budget-delay,5,3,2,143,3,0.2,23,0,1,0,0,false,false
prob-interleaved-uniform-budget-delay,5,3,2,144,3,0.2,24,0,1,0,0,false,false
prob-interleaved-uniform-budget-delay,5,3,2,145,3,0.2,24,0,1,0,0,false,false
prob-interleaved-uniform-budget-delay,5,3,2,146,3,0.2,24,0,1,0,0,false,false
prob-interleaved-uniform-budget-delay,5,3,2,147,3,0.2,24,0,1,0,0,false,false
prob-interleaved-uniform-budget-delay,5,3,2,148,3,0.2,24,0,1,0,0,false,false
prob-interleaved-uniform-budget-delay,5,3,2,149,3,0.2,24,0,1,0,0,false,false
prob-interleaved-uniform-budget-delay,5,3,2,150,3,0.2,24,0,1,0,0,false,false
prob-interleaved-uniform-budget-delay,5,3,2,151,3,0.2,24,0,1,0,0,false,false
prob-interleaved-uniform-budget-delay,5,3,2,152,3,0.2,24,0,1,0,0,false,false
prob-interleaved-uniform-budget-delay,5,3,2,153,3,0.2,24,0,1,0,0,false,false
prob-interleaved-uniform-budget-delay,5,3,2,154,3,0.2,24,0,1,0,0,false,false
prob-interleaved-uniform-budget-delay,5,3,2,155,3,0.2,24,0,1,0,0,false,false
prob-interleaved-uniform-budget-delay,5,3,2,156,3,0.2,24,0,1,0,0,false,false
prob-interleaved-uniform-budget-delay,5,3,2,157,3,0.2,23,0,1,0,0,false,false
prob-interleaved-uniform-budget-delay,5,3,2,158,3,0.2,23,0,1,0,0,false,false
prob-interleaved-uniform-budget-delay,5,3,2,159,3,0.2,24,0,1,0,0,false,false
prob-interleaved-uniform-budget-delay,5,3,2,160,3,0.2,24,0,1,0,0,false,false
prob-interleaved-uniform-budget-delay,5,3,2,161,3,0.2,24,0,1,0,0,false,false
prob-interleaved-uniform-budget-delay,5,3,2,162,3,0.2,24,0,1,0,0,false,false
prob-interleaved-uniform-budget-delay,5,3,2,163,3,0.2,24,0,1,0,0,false,false
prob-interleaved-uniform-budget-delay,5,3,2,164,3,0.2,24,0,1,0,0,false,false
prob-interleaved-uniform-budget-delay,5,3,2,165,3,0.2,23,0,1,0,0,false,false
prob-interleaved-uniform-budget-delay,5,3,2,166,3,0.2,24,0,1,0,0,false,false
prob-interleaved-uniform-budget-delay,5,3,2,167,3,0.2,24,0,1,0,0,false,false
prob-interleaved-uniform-budget-delay,5,3,2,168,3,0.2,22,0,1,0,0,false,false
prob-interleaved-uniform-budget-delay,5,3,2,169,3,0.2,24,0,1,0,0,false,false
prob-interleaved-uniform-budget-delay,5,3,2,170,3,0.2,24,0,1,0,0,false,false
prob-interleaved-uniform-budget-delay,5,3,2,171,3,0.2,24,0,1,0,0,false,false
prob-interleaved-uniform-budget-delay,5,3,2,172,3,0.2,24,0,1,0,0,false,false
prob-interleaved-uniform-budget-delay,5,3,2,173,3,0.2,24,0,1,0,0,false,false
prob-interleaved-uniform-budget-delay,5,3,2,174,3,0.2,24,0,1,0,0,false,false
prob-interleaved-uniform-budget-delay,5,3,2,175,3,0.2,24,0,1,0,0,false,false
prob-interleaved-uniform-budget-delay,5,3,2,176,3,0.2,22,0,1,0,0,false,false
prob-interleaved-uniform-budget-delay,5,3,2,177,3,0.2,22,0,1,0,0,false,false
prob-interleaved-uniform-budget-delay,5,3,2,178,3,0.2,24,0,1,0,0,false,false
prob-interleaved-uniform-budget-delay,5,3,2,179,3,0.2,24,0,1,0,0,false,false
prob-interleaved-uniform-budget-delay,5,3,2,180,3,0.2,24,0,1,0,0,false,false
prob-interleaved-uniform-budget-delay,5,3,2,181,3,0.2,24,0,1,0,0,false,false
prob-interleaved-uniform-budget-delay,5,3,2,182,3,0.2,24,0,1,0,0,false,false
prob-interleaved-uniform-budget-delay,5,3,2,183,3,0.2,24,0,1,0,0,false,false
prob-interleaved-uniform-budget-delay,5,3,2,184,3,0.2,24,0,1,0,0,false,false
prob-interleaved-uniform-budget-delay,5,3,2,185,3,0.2,24,0,1,0,0,false,false
prob-interleaved-uniform-budget-delay,5,3,2,186,3,0.2,24,0,1,0,0,false,false
prob-interleaved-uniform-budget-delay,5,3,2,187,3,0.2,23,0,1,0,0,false,false
prob-interleaved-uniform-budget-delay,5,3,2,188,3,0.2,24,0,1,0,0,false,false
prob-interleaved-uniform-budget-delay,5,3,2,189,3,0.2,24,0,1,0,0,false,false
prob-interleaved-uniform-budget-delay,5,3,2,190,3,0.2,24,0,1,0,0,false,false
prob-interleaved-uniform-budget-delay,5,3,2,191,3,0.2,24,0,1,0,0,false,false
prob-interleaved-uniform-budget-delay,5,3,2,192,3,0.2,24,0,1,0,0,false,false
prob-interleaved-uniform-budget-delay,5,3,2,193,3,0.2,24,0,1,0,0,false,false
prob-interleaved-uniform-budget-delay,5,3,2,194,3,0.2,23,0,1,0,0,false,false
prob-interleaved-uniform-budget-delay,5,3,2,195,3,0.2,24,0,1,0,0,false,false
prob-interleaved-uniform-budget-delay,5,3,2,196,3,0.2,22,0,1,0,0,false,false
prob-interleaved-uniform-budget-delay,5,3,2,197,3,0.2,24,0,1,0,0,false,false
prob-interleaved-uniform-budget-delay,5,3,2,198,3,0.2,24,0,1,0,0,false,false
prob-interleaved-uniform-budget-delay,5,3,2,199,3,0.2,24,0,1,0,0,false,false
prob-interleaved-uniform-budget-delay,5,3,2,200,3,0.2,24,0,1,0,0,false,false
progress-aware-quorum-delay,5,3,2,1,3,0.2,24,0,1,0,0,false,false
progress-aware-quorum-delay,5,3,2,2,3,0.2,24,0,1,0,0,false,false
progress-aware-quorum-delay,5,3,2,3,3,0.2,24,0,1,0,0,false,false
progress-aware-quorum-delay,5,3,2,4,3,0.2,24,0,1,0,0,false,false
progress-aware-quorum-delay,5,3,2,5,3,0.2,24,0,1,0,0,false,false
progress-aware-quorum-delay,5,3,2,6,3,0.2,24,0,1,0,0,false,false
progress-aware-quorum-delay,5,3,2,7,3,0.2,24,0,1,0,0,false,false
progress-aware-quorum-delay,5,3,2,8,3,0.2,24,0,1,0,0,false,false
progress-aware-quorum-delay,5,3,2,9,3,0.2,24,0,1,0,0,false,false
progress-aware-quorum-delay,5,3,2,10,3,0.2,24,0,1,0,0,false,false
progress-aware-quorum-delay,5,3,2,11,3,0.2,24,0,1,0,0,false,false
progress-aware-quorum-delay,5,3,2,12,3,0.2,24,0,1,0,0,false,false
progress-aware-quorum-delay,5,3,2,13,3,0.2,24,0,1,0,0,false,false
progress-aware-quorum-delay,5,3,2,14,3,0.2,24,0,1,0,0,false,false
progress-aware-quorum-delay,5,3,2,15,3,0.2,24,0,1,0,0,false,false
progress-aware-quorum-delay,5,3,2,16,3,0.2,24,0,1,0,0,false,false
progress-aware-quorum-delay,5,3,2,17,3,0.2,24,0,1,0,0,false,false
progress-aware-quorum-delay,5,3,2,18,3,0.2,24,0,1,0,0,false,false
progress-aware-quorum-delay,5,3,2,19,3,0.2,24,0,1,0,0,false,false
progress-aware-quorum-delay,5,3,2,20,3,0.2,24,0,1,0,0,false,false
progress-aware-quorum-delay,5,3,2,21,3,0.2,24,0,1,0,0,false,false
progress-aware-quorum-delay,5,3,2,22,3,0.2,24,0,1,0,0,false,false
progress-aware-quorum-delay,5,3,2,23,3,0.2,24,0,1,0,0,false,false
progress-aware-quorum-delay,5,3,2,24,3,0.2,24,0,1,0,0,false,false
progress-aware-quorum-delay,5,3,2,25,3,0.2,24,0,1,0,0,false,false
progress-aware-quorum-delay,5,3,2,26,3,0.2,24,0,1,0,0,false,false
progress-aware-quorum-delay,5,3,2,27,3,0.2,24,0,1,0,0,false,false
progress-aware-quorum-delay,5,3,2,28,3,0.2,24,0,1,0,0,false,false
progress-aware-quorum-delay,5,3,2,29,3,0.2,24,0,1,0,0,false,false
progress-aware-quorum-delay,5,3,2,30,3,0.2,24,0,1,0,0,false,false
progress-aware-quorum-delay,5,3,2,31,3,0.2,24,0,1,0,0,false,false
progress-aware-quorum-delay,5,3,2,32,3,0.2,24,0,1,0,0,false,false
progress-aware-quorum-delay,5,3,2,33,3,0.2,24,0,1,0,0,false,false
progress-aware-quorum-delay,5,3,2,34,3,0.2,24,0,1,0,0,false,false
progress-aware-quorum-delay,5,3,2,35,3,0.2,24,0,1,0,0,false,false
progress-aware-quorum-delay,5,3,2,36,3,0.2,24,0,1,0,0,false,false
progress-aware-quorum-delay,5,3,2,37,3,0.2,24,0,1,0,0,false,false
progress-aware-quorum-delay,5,3,2,38,3,0.2,24,0,1,0,0,false,false
progress-aware-quorum-delay,5,3,2,39,3,0.2,24,0,1,0,0,false,false
progress-aware-quorum-delay,5,3,2,40,3,0.2,24,0,1,0,0,false,false
progress-aware-quorum-delay,5,3,2,41,3,0.2,24,0,1,0,0,false,false
progress-aware-quorum-delay,5,3,2,42,3,0.2,24,0,1,0,0,false,false
progress-aware-quorum-delay,5,3,2,43,3,0.2,24,0,1,0,0,false,false
progress-aware-quorum-delay,5,3,2,44,3,0.2,24,0,1,0,0,false,false
progress-aware-quorum-delay,5,3,2,45,3,0.2,24,0,1,0,0,false,false
progress-aware-quorum-delay,5,3,2,46,3,0.2,24,0,1,0,0,false,false
progress-aware-quorum-delay,5,3,2,47,3,0.2,24,0,1,0,0,false,false
progress-aware-quorum-delay,5,3,2,48,3,0.2,24,0,1,0,0,false,false
progress-aware-quorum-delay,5,3,2,49,3,0.2,24,0,1,0,0,false,false
progress-aware-quorum-delay,5,3,2,50,3,0.2,24,0,1,0,0,false,false
progress-aware-quorum-delay,5,3,2,51,3,0.2,24,0,1,0,0,false,false
progress-aware-quorum-delay,5,3,2,52,3,0.2,24,0,1,0,0,false,false
progress-aware-quorum-delay,5,3,2,53,3,0.2,24,0,1,0,0,false,false
progress-aware-quorum-delay,5,3,2,54,3,0.2,24,0,1,0,0,false,false
progress-aware-quorum-delay,5,3,2,55,3,0.2,24,0,1,0,0,false,false
progress-aware-quorum-delay,5,3,2,56,3,0.2,24,0,1,0,0,false,false
progress-aware-quorum-delay,5,3,2,57,3,0.2,24,0,1,0,0,false,false
progress-aware-quorum-delay,5,3,2,58,3,0.2,24,0,1,0,0,false,false
progress-aware-quorum-delay,5,3,2,59,3,0.2,24,0,1,0,0,false,false
progress-aware-quorum-delay,5,3,2,60,3,0.2,24,0,1,0,0,false,false
progress-aware-quorum-delay,5,3,2,61,3,0.2,24,0,1,0,0,false,false
progress-aware-quorum-delay,5,3,2,62,3,0.2,24,0,1,0,0,false,false
progress-aware-quorum-delay,5,3,2,63,3,0.2,24,0,1,0,0,false,false
progress-aware-quorum-delay,5,3,2,64,3,0.2,24,0,1,0,0,false,false
progress-aware-quorum-delay,5,3,2,65,3,0.2,24,0,1,0,0,false,false
progress-aware-quorum-delay,5,3,2,66,3,0.2,24,0,1,0,0,false,false
progress-aware-quorum-delay,5,3,2,67,3,0.2,24,0,1,0,0,false,false
progress-aware-quorum-delay,5,3,2,68,3,0.2,24,0,1,0,0,false,false
progress-aware-quorum-delay,5,3,2,69,3,0.2,24,0,1,0,0,false,false
progress-aware-quorum-delay,5,3,2,70,3,0.2,24,0,1,0,0,false,false
progress-aware-quorum-delay,5,3,2,71,3,0.2,24,0,1,0,0,false,false
progress-aware-quorum-delay,5,3,2,72,3,0.2,24,0,1,0,0,false,false
progress-aware-quorum-delay,5,3,2,73,3,0.2,24,0,1,0,0,false,false
progress-aware-quorum-delay,5,3,2,74,3,0.2,24,0,1,0,0,false,false
progress-aware-quorum-delay,5,3,2,75,3,0.2,24,0,1,0,0,false,false
progress-aware-quorum-delay,5,3,2,76,3,0.2,24,0,1,0,0,false,false
progress-aware-quorum-delay,5,3,2,77,3,0.2,24,0,1,0,0,false,false
progress-aware-quorum-delay,5,3,2,78,3,0.2,24,0,1,0,0,false,false
progress-aware-quorum-delay,5,3,2,79,3,0.2,24,0,1,0,0,false,false
progress-aware-quorum-delay,5,3,2,80,3,0.2,24,0,1,0,0,false,false
progress-aware-quorum-delay,5,3,2,81,3,0.2,24,0,1,0,0,false,false
progress-aware-quorum-delay,5,3,2,82,3,0.2,24,0,1,0,0,false,false
progress-aware-quorum-delay,5,3,2,83,3,0.2,24,0,1,0,0,false,false
progress-aware-quorum-delay,5,3,2,84,3,0.2,24,0,1,0,0,false,false
progress-aware-quorum-delay,5,3,2,85,3,0.2,24,0,1,0,0,false,false
progress-aware-quorum-delay,5,3,2,86,3,0.2,24,0,1,0,0,false,false
progress-aware-quorum-delay,5,3,2,87,3,0.2,24,0,1,0,0,false,false
progress-aware-quorum-delay,5,3,2,88,3,0.2,24,0,1,0,0,false,false
progress-aware-quorum-delay,5,3,2,89,3,0.2,24,0,1,0,0,false,false
progress-aware-quorum-delay,5,3,2,90,3,0.2,24,0,1,0,0,false,false
progress-aware-quorum-delay,5,3,2,91,3,0.2,24,0,1,0,0,false,false
progress-aware-quorum-delay,5,3,2,92,3,0.2,24,0,1,0,0,false,false
progress-aware-quorum-delay,5,3,2,93,3,0.2,24,0,1,0,0,false,false
progress-aware-quorum-delay,5,3,2,94,3,0.2,24,0,1,0,0,false,false
progress-aware-quorum-delay,5,3,2,95,3,0.2,24,0,1,0,0,false,false
progress-aware-quorum-delay,5,3,2,96,3,0.2,24,0,1,0,0,false,false
progress-aware-quorum-delay,5,3,2,97,3,0.2,24,0,1,0,0,false,false
progress-aware-quorum-delay,5,3,2,98,3,0.2,24,0,1,0,0,false,false
progress-aware-quorum-delay,5,3,2,99,3,0.2,24,0,1,0,0,false,false
progress-aware-quorum-delay,5,3,2,100,3,0.2,24,0,1,0,0,false,false
progress-aware-quorum-delay,5,3,2,101,3,0.2,24,0,1,0,0,false,false
progress-aware-quorum-delay,5,3,2,102,3,0.2,24,0,1,0,0,false,false
progress-aware-quorum-delay,5,3,2,103,3,0.2,24,0,1,0,0,false,false
progress-aware-quorum-delay,5,3,2,104,3,0.2,24,0,1,0,0,false,false
progress-aware-quorum-delay,5,3,2,105,3,0.2,24,0,1,0,0,false,false
progress-aware-quorum-delay,5,3,2,106,3,0.2,24,0,1,0,0,false,false
progress-aware-quorum-delay,5,3,2,107,3,0.2,24,0,1,0,0,false,false
progress-aware-quorum-delay,5,3,2,108,3,0.2,24,0,1,0,0,false,false
progress-aware-quorum-delay,5,3,2,109,3,0.2,24,0,1,0,0,false,false
progress-aware-quorum-delay,5,3,2,110,3,0.2,24,0,1,0,0,false,false
progress-aware-quorum-delay,5,3,2,111,3,0.2,24,0,1,0,0,false,false
progress-aware-quorum-delay,5,3,2,112,3,0.2,24,0,1,0,0,false,false
progress-aware-quorum-delay,5,3,2,113,3,0.2,24,0,1,0,0,false,false
progress-aware-quorum-delay,5,3,2,114,3,0.2,24,0,1,0,0,false,false
progress-aware-quorum-delay,5,3,2,115,3,0.2,24,0,1,0,0,false,false
progress-aware-quorum-delay,5,3,2,116,3,0.2,24,0,1,0,0,false,false
progress-aware-quorum-delay,5,3,2,117,3,0.2,24,0,1,0,0,false,false
progress-aware-quorum-delay,5,3,2,118,3,0.2,24,0,1,0,0,false,false
progress-aware-quorum-delay,5,3,2,119,3,0.2,24,0,1,0,0,false,false
progress-aware-quorum-delay,5,3,2,120,3,0.2,24,0,1,0,0,false,false
progress-aware-quorum-delay,5,3,2,121,3,0.2,24,0,1,0,0,false,false
progress-aware-quorum-delay,5,3,2,122,3,0.2,24,0,1,0,0,false,false
progress-aware-quorum-delay,5,3,2,123,3,0.2,24,0,1,0,0,false,false
progress-aware-quorum-delay,5,3,2,124,3,0.2,24,0,1,0,0,false,false
progress-aware-quorum-delay,5,3,2,125,3,0.2,24,0,1,0,0,false,false
progress-aware-quorum-delay,5,3,2,126,3,0.2,24,0,1,0,0,false,false
progress-aware-quorum-delay,5,3,2,127,3,0.2,24,0,1,0,0,false,false
progress-aware-quorum-delay,5,3,2,128,3,0.2,24,0,1,0,0,false,false
progress-aware-quorum-delay,5,3,2,129,3,0.2,24,0,1,0,0,false,false
progress-aware-quorum-delay,5,3,2,130,3,0.2,24,0,1,0,0,false,false
progress-aware-quorum-delay,5,3,2,131,3,0.2,24,0,1,0,0,false,false
progress-aware-quorum-delay,5,3,2,132,3,0.2,24,0,1,0,0,false,false
progress-aware-quorum-delay,5,3,2,133,3,0.2,24,0,1,0,0,false,false
progress-aware-quorum-delay,5,3,2,134,3,0.2,24,0,1,0,0,false,false
progress-aware-quorum-delay,5,3,2,135,3,0.2,24,0,1,0,0,false,false
progress-aware-quorum-delay,5,3,2,136,3,0.2,24,0,1,0,0,false,false
progress-aware-quorum-delay,5,3,2,137,3,0.2,24,0,1,0,0,false,false
progress-aware-quorum-delay,5,3,2,138,3,0.2,24,0,1,0,0,false,false
progress-aware-quorum-delay,5,3,2,139,3,0.2,24,0,1,0,0,false,false
progress-aware-quorum-delay,5,3,2,140,3,0.2,24,0,1,0,0,false,false
progress-aware-quorum-delay,5,3,2,141,3,0.2,24,0,1,0,0,false,false
progress-aware-quorum-delay,5,3,2,142,3,0.2,24,0,1,0,0,false,false
progress-aware-quorum-delay,5,3,2,143,3,0.2,24,0,1,0,0,false,false
progress-aware-quorum-delay,5,3,2,144,3,0.2,24,0,1,0,0,false,false
progress-aware-quorum-delay,5,3,2,145,3,0.2,24,0,1,0,0,false,false
progress-aware-quorum-delay,5,3,2,146,3,0.2,24,0,1,0,0,false,false
progress-aware-quorum-delay,5,3,2,147,3,0.2,24,0,1,0,0,false,false
progress-aware-quorum-delay,5,3,2,148,3,0.2,24,0,1,0,0,false,false
progress-aware-quorum-delay,5,3,2,149,3,0.2,24,0,1,0,0,false,false
progress-aware-quorum-delay,5,3,2,150,3,0.2,24,0,1,0,0,false,false
progress-aware-quorum-delay,5,3,2,151,3,0.2,24,0,1,0,0,false,false
progress-aware-quorum-delay,5,3,2,152,3,0.2,24,0,1,0,0,false,false
progress-aware-quorum-delay,5,3,2,153,3,0.2,24,0,1,0,0,false,false
progress-aware-quorum-delay,5,3,2,154,3,0.2,24,0,1,0,0,false,false
progress-aware-quorum-delay,5,3,2,155,3,0.2,24,0,1,0,0,false,false
progress-aware-quorum-delay,5,3,2,156,3,0.2,24,0,1,0,0,false,false
progress-aware-quorum-delay,5,3,2,157,3,0.2,24,0,1,0,0,false,false
progress-aware-quorum-delay,5,3,2,158,3,0.2,24,0,1,0,0,false,false
progress-aware-quorum-delay,5,3,2,159,3,0.2,24,0,1,0,0,false,false
progress-aware-quorum-delay,5,3,2,160,3,0.2,24,0,1,0,0,false,false
progress-aware-quorum-delay,5,3,2,161,3,0.2,24,0,1,0,0,false,false
progress-aware-quorum-delay,5,3,2,162,3,0.2,24,0,1,0,0,false,false
progress-aware-quorum-delay,5,3,2,163,3,0.2,24,0,1,0,0,false,false
progress-aware-quorum-delay,5,3,2,164,3,0.2,24,0,1,0,0,false,false
progress-aware-quorum-delay,5,3,2,165,3,0.2,24,0,1,0,0,false,false
progress-aware-quorum-delay,5,3,2,166,3,0.2,24,0,1,0,0,false,false
progress-aware-quorum-delay,5,3,2,167,3,0.2,24,0,1,0,0,false,false
progress-aware-quorum-delay,5,3,2,168,3,0.2,24,0,1,0,0,false,false
progress-aware-quorum-delay,5,3,2,169,3,0.2,24,0,1,0,0,false,false
progress-aware-quorum-delay,5,3,2,170,3,0.2,24,0,1,0,0,false,false
progress-aware-quorum-delay,5,3,2,171,3,0.2,24,0,1,0,0,false,false
progress-aware-quorum-delay,5,3,2,172,3,0.2,24,0,1,0,0,false,false
progress-aware-quorum-delay,5,3,2,173,3,0.2,24,0,1,0,0,false,false
progress-aware-quorum-delay,5,3,2,174,3,0.2,24,0,1,0,0,false,false
progress-aware-quorum-delay,5,3,2,175,3,0.2,24,0,1,0,0,false,false
progress-aware-quorum-delay,5,3,2,176,3,0.2,24,0,1,0,0,false,false
progress-aware-quorum-delay,5,3,2,177,3,0.2,24,0,1,0,0,false,false
progress-aware-quorum-delay,5,3,2,178,3,0.2,24,0,1,0,0,false,false
progress-aware-quorum-delay,5,3,2,179,3,0.2,24,0,1,0,0,false,false
progress-aware-quorum-delay,5,3,2,180,3,0.2,24,0,1,0,0,false,false
progress-aware-quorum-delay,5,3,2,181,3,0.2,24,0,1,0,0,false,false
progress-aware-quorum-delay,5,3,2,182,3,0.2,24,0,1,0,0,false,false
progress-aware-quorum-delay,5,3,2,183,3,0.2,24,0,1,0,0,false,false
progress-aware-quorum-delay,5,3,2,184,3,0.2,24,0,1,0,0,false,false
progress-aware-quorum-delay,5,3,2,185,3,0.2,24,0,1,0,0,false,false
progress-aware-quorum-delay,5,3,2,186,3,0.2,24,0,1,0,0,false,false
progress-aware-quorum-delay,5,3,2,187,3,0.2,24,0,1,0,0,false,false
progress-aware-quorum-delay,5,3,2,188,3,0.2,24,0,1,0,0,false,false
progress-aware-quorum-delay,5,3,2,189,3,0.2,24,0,1,0,0,false,false
progress-aware-quorum-delay,5,3,2,190,3,0.2,24,0,1,0,0,false,false
progress-aware-quorum-delay,5,3,2,191,3,0.2,24,0,1,0,0,false,false
progress-aware-quorum-delay,5,3,2,192,3,0.2,24,0,1,0,0,false,false
progress-aware-quorum-delay,5,3,2,193,3,0.2,24,0,1,0,0,false,false
progress-aware-quorum-delay,5,3,2,194,3,0.2,24,0,1,0,0,false,false
progress-aware-quorum-delay,5,3,2,195,3,0.2,24,0,1,0,0,false,false
progress-aware-quorum-delay,5,3,2,196,3,0.2,24,0,1,0,0,false,false
progress-aware-quorum-delay,5,3,2,197,3,0.2,24,0,1,0,0,false,false
progress-aware-quorum-delay,5,3,2,198,3,0.2,24,0,1,0,0,false,false
progress-aware-quorum-delay,5,3,2,199,3,0.2,24,0,1,0,0,false,false
progress-aware-quorum-delay,5,3,2,200,3,0.2,24,0,1,0,0,false,false
prob-interleaved-uniform-budget-delay,9,5,4,1,3,0.2,1840,100,1,100,101,false,false
prob-interleaved-uniform-budget-delay,9,5,4,2,3,0.2,1840,100,1,100,101,false,false
prob-interleaved-uniform-budget-delay,9,5,4,3,3,0.2,1840,100,1,100,101,false,false
prob-interleaved-uniform-budget-delay,9,5,4,4,3,0.2,1858,100,1,100,101,false,false
prob-interleaved-uniform-budget-delay,9,5,4,5,3,0.2,1840,100,1,100,101,false,false
prob-interleaved-uniform-budget-delay,9,5,4,6,3,0.2,1840,100,1,100,101,false,false
prob-interleaved-uniform-budget-delay,9,5,4,7,3,0.2,1840,100,1,100,101,false,false
prob-interleaved-uniform-budget-delay,9,5,4,8,3,0.2,1858,100,1,100,101,false,false
prob-interleaved-uniform-budget-delay,9,5,4,9,3,0.2,1840,100,1,100,101,false,false
prob-interleaved-uniform-budget-delay,9,5,4,10,3,0.2,1840,100,1,100,101,false,false
prob-interleaved-uniform-budget-delay,9,5,4,11,3,0.2,1858,100,1,100,101,false,false
prob-interleaved-uniform-budget-delay,9,5,4,12,3,0.2,1840,100,1,100,101,false,false
prob-interleaved-uniform-budget-delay,9,5,4,13,3,0.2,1858,100,1,100,101,false,false
prob-interleaved-uniform-budget-delay,9,5,4,14,3,0.2,1840,100,1,100,101,false,false
prob-interleaved-uniform-budget-delay,9,5,4,15,3,0.2,1858,100,1,100,101,false,false
prob-interleaved-uniform-budget-delay,9,5,4,16,3,0.2,1840,100,1,100,101,false,false
prob-interleaved-uniform-budget-delay,9,5,4,17,3,0.2,1840,100,1,100,101,false,false
prob-interleaved-uniform-budget-delay,9,5,4,18,3,0.2,1840,100,1,100,101,false,false
prob-interleaved-uniform-budget-delay,9,5,4,19,3,0.2,1858,100,1,100,101,false,false
prob-interleaved-uniform-budget-delay,9,5,4,20,3,0.2,1840,100,1,100,101,false,false
prob-interleaved-uniform-budget-delay,9,5,4,21,3,0.2,1840,100,1,100,101,false,false
prob-interleaved-uniform-budget-delay,9,5,4,22,3,0.2,1858,100,1,100,101,false,false
prob-interleaved-uniform-budget-delay,9,5,4,23,3,0.2,1858,100,1,100,101,false,false
prob-interleaved-uniform-budget-delay,9,5,4,24,3,0.2,1840,100,1,100,101,false,false
prob-interleaved-uniform-budget-delay,9,5,4,25,3,0.2,1858,100,1,100,101,false,false
prob-interleaved-uniform-budget-delay,9,5,4,26,3,0.2,1840,100,1,100,101,false,false
prob-interleaved-uniform-budget-delay,9,5,4,27,3,0.2,1858,100,1,100,101,false,false
prob-interleaved-uniform-budget-delay,9,5,4,28,3,0.2,1840,100,1,100,101,false,false
prob-interleaved-uniform-budget-delay,9,5,4,29,3,0.2,1858,100,1,100,101,false,false
prob-interleaved-uniform-budget-delay,9,5,4,30,3,0.2,1840,100,1,100,101,false,false
prob-interleaved-uniform-budget-delay,9,5,4,31,3,0.2,1840,100,1,100,101,false,false
prob-interleaved-uniform-budget-delay,9,5,4,32,3,0.2,1840,100,1,100,101,false,false
prob-interleaved-uniform-budget-delay,9,5,4,33,3,0.2,1840,100,1,100,101,false,false
prob-interleaved-uniform-budget-delay,9,5,4,34,3,0.2,1840,100,1,100,101,false,false
prob-interleaved-uniform-budget-delay,9,5,4,35,3,0.2,1858,100,1,100,101,false,false
prob-interleaved-uniform-budget-delay,9,5,4,36,3,0.2,1840,100,1,100,101,false,false
prob-interleaved-uniform-budget-delay,9,5,4,37,3,0.2,1858,100,1,100,101,false,false
prob-interleaved-uniform-budget-delay,9,5,4,38,3,0.2,1840,100,1,100,101,false,false
prob-interleaved-uniform-budget-delay,9,5,4,39,3,0.2,1840,100,1,100,101,false,false
prob-interleaved-uniform-budget-delay,9,5,4,40,3,0.2,1840,100,1,100,101,false,false
prob-interleaved-uniform-budget-delay,9,5,4,41,3,0.2,1858,100,1,100,101,false,false
prob-interleaved-uniform-budget-delay,9,5,4,42,3,0.2,1840,100,1,100,101,false,false
prob-interleaved-uniform-budget-delay,9,5,4,43,3,0.2,1840,100,1,100,101,false,false
prob-interleaved-uniform-budget-delay,9,5,4,44,3,0.2,1840,100,1,100,101,false,false
prob-interleaved-uniform-budget-delay,9,5,4,45,3,0.2,1840,100,1,100,101,false,false
prob-interleaved-uniform-budget-delay,9,5,4,46,3,0.2,1840,100,1,100,101,false,false
prob-interleaved-uniform-budget-delay,9,5,4,47,3,0.2,1840,100,1,100,101,false,false
prob-interleaved-uniform-budget-delay,9,5,4,48,3,0.2,1840,100,1,100,101,false,false
prob-interleaved-uniform-budget-delay,9,5,4,49,3,0.2,1840,100,1,100,101,false,false
prob-interleaved-uniform-budget-delay,9,5,4,50,3,0.2,1840,100,1,100,101,false,false
prob-interleaved-uniform-budget-delay,9,5,4,51,3,0.2,1840,100,1,100,101,false,false
prob-interleaved-uniform-budget-delay,9,5,4,52,3,0.2,1840,100,1,100,101,false,false
prob-interleaved-uniform-budget-delay,9,5,4,53,3,0.2,1858,100,1,100,101,false,false
prob-interleaved-uniform-budget-delay,9,5,4,54,3,0.2,1840,100,1,100,101,false,false
prob-interleaved-uniform-budget-delay,9,5,4,55,3,0.2,1840,100,1,100,101,false,false
prob-interleaved-uniform-budget-delay,9,5,4,56,3,0.2,1840,100,1,100,101,false,false
prob-interleaved-uniform-budget-delay,9,5,4,57,3,0.2,1858,100,1,100,101,false,false
prob-interleaved-uniform-budget-delay,9,5,4,58,3,0.2,1840,100,1,100,101,false,false
prob-interleaved-uniform-budget-delay,9,5,4,59,3,0.2,1840,100,1,100,101,false,false
prob-interleaved-uniform-budget-delay,9,5,4,60,3,0.2,1858,100,1,100,101,false,false
prob-interleaved-uniform-budget-delay,9,5,4,61,3,0.2,1840,100,1,100,101,false,false
prob-interleaved-uniform-budget-delay,9,5,4,62,3,0.2,1840,100,1,100,101,false,false
prob-interleaved-uniform-budget-delay,9,5,4,63,3,0.2,1840,100,1,100,101,false,false
prob-interleaved-uniform-budget-delay,9,5,4,64,3,0.2,1840,100,1,100,101,false,false
prob-interleaved-uniform-budget-delay,9,5,4,65,3,0.2,1840,100,1,100,101,false,false
prob-interleaved-uniform-budget-delay,9,5,4,66,3,0.2,1858,100,1,100,101,false,false
prob-interleaved-uniform-budget-delay,9,5,4,67,3,0.2,1858,100,1,100,101,false,false
prob-interleaved-uniform-budget-delay,9,5,4,68,3,0.2,1840,100,1,100,101,false,false
prob-interleaved-uniform-budget-delay,9,5,4,69,3,0.2,1840,100,1,100,101,false,false
prob-interleaved-uniform-budget-delay,9,5,4,70,3,0.2,1840,100,1,100,101,false,false
prob-interleaved-uniform-budget-delay,9,5,4,71,3,0.2,1858,100,1,100,101,false,false
prob-interleaved-uniform-budget-delay,9,5,4,72,3,0.2,1840,100,1,100,101,false,false
prob-interleaved-uniform-budget-delay,9,5,4,73,3,0.2,1858,100,1,100,101,false,false
prob-interleaved-uniform-budget-delay,9,5,4,74,3,0.2,1840,100,1,100,101,false,false
prob-interleaved-uniform-budget-delay,9,5,4,75,3,0.2,1840,100,1,100,101,false,false
prob-interleaved-uniform-budget-delay,9,5,4,76,3,0.2,1840,100,1,100,101,false,false
prob-interleaved-uniform-budget-delay,9,5,4,77,3,0.2,1840,100,1,100,101,false,false
prob-interleaved-uniform-budget-delay,9,5,4,78,3,0.2,1840,100,1,100,101,false,false
prob-interleaved-uniform-budget-delay,9,5,4,79,3,0.2,1840,100,1,100,101,false,false
prob-interleaved-uniform-budget-delay,9,5,4,80,3,0.2,1840,100,1,100,101,false,false
prob-interleaved-uniform-budget-delay,9,5,4,81,3,0.2,1858,100,1,100,101,false,false
prob-interleaved-uniform-budget-delay,9,5,4,82,3,0.2,1840,100,1,100,101,false,false
prob-interleaved-uniform-budget-delay,9,5,4,83,3,0.2,1840,100,1,100,101,false,false
prob-interleaved-uniform-budget-delay,9,5,4,84,3,0.2,1840,100,1,100,101,false,false
prob-interleaved-uniform-budget-delay,9,5,4,85,3,0.2,1840,100,1,100,101,false,false
prob-interleaved-uniform-budget-delay,9,5,4,86,3,0.2,1840,100,1,100,101,false,false
prob-interleaved-uniform-budget-delay,9,5,4,87,3,0.2,1840,100,1,100,101,false,false
prob-interleaved-uniform-budget-delay,9,5,4,88,3,0.2,1858,100,1,100,101,false,false
prob-interleaved-uniform-budget-delay,9,5,4,89,3,0.2,1840,100,1,100,101,false,false
prob-interleaved-uniform-budget-delay,9,5,4,90,3,0.2,1840,100,1,100,101,false,false
prob-interleaved-uniform-budget-delay,9,5,4,91,3,0.2,1840,100,1,100,101,false,false
prob-interleaved-uniform-budget-delay,9,5,4,92,3,0.2,1840,100,1,100,101,false,false
prob-interleaved-uniform-budget-delay,9,5,4,93,3,0.2,1840,100,1,100,101,false,false
prob-interleaved-uniform-budget-delay,9,5,4,94,3,0.2,1840,100,1,100,101,false,false
prob-interleaved-uniform-budget-delay,9,5,4,95,3,0.2,1840,100,1,100,101,false,false
prob-interleaved-uniform-budget-delay,9,5,4,96,3,0.2,1840,100,1,100,101,false,false
prob-interleaved-uniform-budget-delay,9,5,4,97,3,0.2,1840,100,1,100,101,false,false
prob-interleaved-uniform-budget-delay,9,5,4,98,3,0.2,1840,100,1,100,101,false,false
prob-interleaved-uniform-budget-delay,9,5,4,99,3,0.2,1858,100,1,100,101,false,false
prob-interleaved-uniform-budget-delay,9,5,4,100,3,0.2,1840,100,1,100,101,false,false
prob-interleaved-uniform-budget-delay,9,5,4,101,3,0.2,1858,100,1,100,101,false,false
prob-interleaved-uniform-budget-delay,9,5,4,102,3,0.2,1858,100,1,100,101,false,false
prob-interleaved-uniform-budget-delay,9,5,4,103,3,0.2,1840,100,1,100,101,false,false
prob-interleaved-uniform-budget-delay,9,5,4,104,3,0.2,1840,100,1,100,101,false,false
prob-interleaved-uniform-budget-delay,9,5,4,105,3,0.2,1840,100,1,100,101,false,false
prob-interleaved-uniform-budget-delay,9,5,4,106,3,0.2,1840,100,1,100,101,false,false
prob-interleaved-uniform-budget-delay,9,5,4,107,3,0.2,1840,100,1,100,101,false,false
prob-interleaved-uniform-budget-delay,9,5,4,108,3,0.2,1840,100,1,100,101,false,false
prob-interleaved-uniform-budget-delay,9,5,4,109,3,0.2,1840,100,1,100,101,false,false
prob-interleaved-uniform-budget-delay,9,5,4,110,3,0.2,1840,100,1,100,101,false,false
prob-interleaved-uniform-budget-delay,9,5,4,111,3,0.2,1840,100,1,100,101,false,false
prob-interleaved-uniform-budget-delay,9,5,4,112,3,0.2,1840,100,1,100,101,false,false
prob-interleaved-uniform-budget-delay,9,5,4,113,3,0.2,1858,100,1,100,101,false,false
prob-interleaved-uniform-budget-delay,9,5,4,114,3,0.2,1840,100,1,100,101,false,false
prob-interleaved-uniform-budget-delay,9,5,4,115,3,0.2,1840,100,1,100,101,false,false
prob-interleaved-uniform-budget-delay,9,5,4,116,3,0.2,1840,100,1,100,101,false,false
prob-interleaved-uniform-budget-delay,9,5,4,117,3,0.2,1840,100,1,100,101,false,false
prob-interleaved-uniform-budget-delay,9,5,4,118,3,0.2,1840,100,1,100,101,false,false
prob-interleaved-uniform-budget-delay,9,5,4,119,3,0.2,1840,100,1,100,101,false,false
prob-interleaved-uniform-budget-delay,9,5,4,120,3,0.2,1840,100,1,100,101,false,false
prob-interleaved-uniform-budget-delay,9,5,4,121,3,0.2,1840,100,1,100,101,false,false
prob-interleaved-uniform-budget-delay,9,5,4,122,3,0.2,1840,100,1,100,101,false,false
prob-interleaved-uniform-budget-delay,9,5,4,123,3,0.2,1840,100,1,100,101,false,false
prob-interleaved-uniform-budget-delay,9,5,4,124,3,0.2,1858,100,1,100,101,false,false
prob-interleaved-uniform-budget-delay,9,5,4,125,3,0.2,1858,100,1,100,101,false,false
prob-interleaved-uniform-budget-delay,9,5,4,126,3,0.2,1840,100,1,100,101,false,false
prob-interleaved-uniform-budget-delay,9,5,4,127,3,0.2,1840,100,1,100,101,false,false
prob-interleaved-uniform-budget-delay,9,5,4,128,3,0.2,1840,100,1,100,101,false,false
prob-interleaved-uniform-budget-delay,9,5,4,129,3,0.2,1858,100,1,100,101,false,false
prob-interleaved-uniform-budget-delay,9,5,4,130,3,0.2,1840,100,1,100,101,false,false
prob-interleaved-uniform-budget-delay,9,5,4,131,3,0.2,1840,100,1,100,101,false,false
prob-interleaved-uniform-budget-delay,9,5,4,132,3,0.2,1840,100,1,100,101,false,false
prob-interleaved-uniform-budget-delay,9,5,4,133,3,0.2,1840,100,1,100,101,false,false
prob-interleaved-uniform-budget-delay,9,5,4,134,3,0.2,1840,100,1,100,101,false,false
prob-interleaved-uniform-budget-delay,9,5,4,135,3,0.2,1858,100,1,100,101,false,false
prob-interleaved-uniform-budget-delay,9,5,4,136,3,0.2,1840,100,1,100,101,false,false
prob-interleaved-uniform-budget-delay,9,5,4,137,3,0.2,1840,100,1,100,101,false,false
prob-interleaved-uniform-budget-delay,9,5,4,138,3,0.2,1840,100,1,100,101,false,false
prob-interleaved-uniform-budget-delay,9,5,4,139,3,0.2,1840,100,1,100,101,false,false
prob-interleaved-uniform-budget-delay,9,5,4,140,3,0.2,1840,100,1,100,101,false,false
prob-interleaved-uniform-budget-delay,9,5,4,141,3,0.2,1840,100,1,100,101,false,false
prob-interleaved-uniform-budget-delay,9,5,4,142,3,0.2,1840,100,1,100,101,false,false
prob-interleaved-uniform-budget-delay,9,5,4,143,3,0.2,1840,100,1,100,101,false,false
prob-interleaved-uniform-budget-delay,9,5,4,144,3,0.2,1840,100,1,100,101,false,false
prob-interleaved-uniform-budget-delay,9,5,4,145,3,0.2,1858,100,1,100,101,false,false
prob-interleaved-uniform-budget-delay,9,5,4,146,3,0.2,1840,100,1,100,101,false,false
prob-interleaved-uniform-budget-delay,9,5,4,147,3,0.2,1840,100,1,100,101,false,false
prob-interleaved-uniform-budget-delay,9,5,4,148,3,0.2,1840,100,1,100,101,false,false
prob-interleaved-uniform-budget-delay,9,5,4,149,3,0.2,1858,100,1,100,101,false,false
prob-interleaved-uniform-budget-delay,9,5,4,150,3,0.2,1840,100,1,100,101,false,false
prob-interleaved-uniform-budget-delay,9,5,4,151,3,0.2,1840,100,1,100,101,false,false
prob-interleaved-uniform-budget-delay,9,5,4,152,3,0.2,1840,100,1,100,101,false,false
prob-interleaved-uniform-budget-delay,9,5,4,153,3,0.2,1840,100,1,100,101,false,false
prob-interleaved-uniform-budget-delay,9,5,4,154,3,0.2,1840,100,1,100,101,false,false
prob-interleaved-uniform-budget-delay,9,5,4,155,3,0.2,1858,100,1,100,101,false,false
prob-interleaved-uniform-budget-delay,9,5,4,156,3,0.2,1840,100,1,100,101,false,false
prob-interleaved-uniform-budget-delay,9,5,4,157,3,0.2,1858,100,1,100,101,false,false
prob-interleaved-uniform-budget-delay,9,5,4,158,3,0.2,1858,100,1,100,101,false,false
prob-interleaved-uniform-budget-delay,9,5,4,159,3,0.2,1858,100,1,100,101,false,false
prob-interleaved-uniform-budget-delay,9,5,4,160,3,0.2,1840,100,1,100,101,false,false
prob-interleaved-uniform-budget-delay,9,5,4,161,3,0.2,1840,100,1,100,101,false,false
prob-interleaved-uniform-budget-delay,9,5,4,162,3,0.2,1840,100,1,100,101,false,false
prob-interleaved-uniform-budget-delay,9,5,4,163,3,0.2,1840,100,1,100,101,false,false
prob-interleaved-uniform-budget-delay,9,5,4,164,3,0.2,1840,100,1,100,101,false,false
prob-interleaved-uniform-budget-delay,9,5,4,165,3,0.2,1858,100,1,100,101,false,false
prob-interleaved-uniform-budget-delay,9,5,4,166,3,0.2,1840,100,1,100,101,false,false
prob-interleaved-uniform-budget-delay,9,5,4,167,3,0.2,1840,100,1,100,101,false,false
prob-interleaved-uniform-budget-delay,9,5,4,168,3,0.2,1858,100,1,100,101,false,false
prob-interleaved-uniform-budget-delay,9,5,4,169,3,0.2,1840,100,1,100,101,false,false
prob-interleaved-uniform-budget-delay,9,5,4,170,3,0.2,1858,100,1,100,101,false,false
prob-interleaved-uniform-budget-delay,9,5,4,171,3,0.2,1840,100,1,100,101,false,false
prob-interleaved-uniform-budget-delay,9,5,4,172,3,0.2,1840,100,1,100,101,false,false
prob-interleaved-uniform-budget-delay,9,5,4,173,3,0.2,1840,100,1,100,101,false,false
prob-interleaved-uniform-budget-delay,9,5,4,174,3,0.2,1840,100,1,100,101,false,false
prob-interleaved-uniform-budget-delay,9,5,4,175,3,0.2,1840,100,1,100,101,false,false
prob-interleaved-uniform-budget-delay,9,5,4,176,3,0.2,1858,100,1,100,101,false,false
prob-interleaved-uniform-budget-delay,9,5,4,177,3,0.2,1858,100,1,100,101,false,false
prob-interleaved-uniform-budget-delay,9,5,4,178,3,0.2,1840,100,1,100,101,false,false
prob-interleaved-uniform-budget-delay,9,5,4,179,3,0.2,1840,100,1,100,101,false,false
prob-interleaved-uniform-budget-delay,9,5,4,180,3,0.2,1840,100,1,100,101,false,false
prob-interleaved-uniform-budget-delay,9,5,4,181,3,0.2,1840,100,1,100,101,false,false
prob-interleaved-uniform-budget-delay,9,5,4,182,3,0.2,1840,100,1,100,101,false,false
prob-interleaved-uniform-budget-delay,9,5,4,183,3,0.2,1840,100,1,100,101,false,false
prob-interleaved-uniform-budget-delay,9,5,4,184,3,0.2,1840,100,1,100,101,false,false
prob-interleaved-uniform-budget-delay,9,5,4,185,3,0.2,1840,100,1,100,101,false,false
prob-interleaved-uniform-budget-delay,9,5,4,186,3,0.2,1840,100,1,100,101,false,false
prob-interleaved-uniform-budget-delay,9,5,4,187,3,0.2,1858,100,1,100,101,false,false
prob-interleaved-uniform-budget-delay,9,5,4,188,3,0.2,1858,100,1,100,101,false,false
prob-interleaved-uniform-budget-delay,9,5,4,189,3,0.2,1858,100,1,100,101,false,false
prob-interleaved-uniform-budget-delay,9,5,4,190,3,0.2,1840,100,1,100,101,false,false
prob-interleaved-uniform-budget-delay,9,5,4,191,3,0.2,1840,100,1,100,101,false,false
prob-interleaved-uniform-budget-delay,9,5,4,192,3,0.2,1840,100,1,100,101,false,false
prob-interleaved-uniform-budget-delay,9,5,4,193,3,0.2,1840,100,1,100,101,false,false
prob-interleaved-uniform-budget-delay,9,5,4,194,3,0.2,1858,100,1,100,101,false,false
prob-interleaved-uniform-budget-delay,9,5,4,195,3,0.2,1840,100,1,100,101,false,false
prob-interleaved-uniform-budget-delay,9,5,4,196,3,0.2,1858,100,1,100,101,false,false
prob-interleaved-uniform-budget-delay,9,5,4,197,3,0.2,1840,100,1,100,101,false,false
prob-interleaved-uniform-budget-delay,9,5,4,198,3,0.2,1840,100,1,100,101,false,false
prob-interleaved-uniform-budget-delay,9,5,4,199,3,0.2,1840,100,1,100,101,false,false
prob-interleaved-uniform-budget-delay,9,5,4,200,3,0.2,1840,100,1,100,101,false,false
progress-aware-quorum-delay,9,5,4,1,3,0.2,1840,100,1,100,101,false,false
progress-aware-quorum-delay,9,5,4,2,3,0.2,1840,100,1,100,101,false,false
progress-aware-quorum-delay,9,5,4,3,3,0.2,1840,100,1,100,101,false,false
progress-aware-quorum-delay,9,5,4,4,3,0.2,1840,100,1,100,101,false,false
progress-aware-quorum-delay,9,5,4,5,3,0.2,1840,100,1,100,101,false,false
progress-aware-quorum-delay,9,5,4,6,3,0.2,1840,100,1,100,101,false,false
progress-aware-quorum-delay,9,5,4,7,3,0.2,1840,100,1,100,101,false,false
progress-aware-quorum-delay,9,5,4,8,3,0.2,1840,100,1,100,101,false,false
progress-aware-quorum-delay,9,5,4,9,3,0.2,1840,100,1,100,101,false,false
progress-aware-quorum-delay,9,5,4,10,3,0.2,1840,100,1,100,101,false,false
progress-aware-quorum-delay,9,5,4,11,3,0.2,1840,100,1,100,101,false,false
progress-aware-quorum-delay,9,5,4,12,3,0.2,1840,100,1,100,101,false,false
progress-aware-quorum-delay,9,5,4,13,3,0.2,1840,100,1,100,101,false,false
progress-aware-quorum-delay,9,5,4,14,3,0.2,1840,100,1,100,101,false,false
progress-aware-quorum-delay,9,5,4,15,3,0.2,1840,100,1,100,101,false,false
progress-aware-quorum-delay,9,5,4,16,3,0.2,1840,100,1,100,101,false,false
progress-aware-quorum-delay,9,5,4,17,3,0.2,1840,100,1,100,101,false,false
progress-aware-quorum-delay,9,5,4,18,3,0.2,1840,100,1,100,101,false,false
progress-aware-quorum-delay,9,5,4,19,3,0.2,1840,100,1,100,101,false,false
progress-aware-quorum-delay,9,5,4,20,3,0.2,1840,100,1,100,101,false,false
progress-aware-quorum-delay,9,5,4,21,3,0.2,1840,100,1,100,101,false,false
progress-aware-quorum-delay,9,5,4,22,3,0.2,1840,100,1,100,101,false,false
progress-aware-quorum-delay,9,5,4,23,3,0.2,1840,100,1,100,101,false,false
progress-aware-quorum-delay,9,5,4,24,3,0.2,1840,100,1,100,101,false,false
progress-aware-quorum-delay,9,5,4,25,3,0.2,1840,100,1,100,101,false,false
progress-aware-quorum-delay,9,5,4,26,3,0.2,1840,100,1,100,101,false,false
progress-aware-quorum-delay,9,5,4,27,3,0.2,1840,100,1,100,101,false,false
progress-aware-quorum-delay,9,5,4,28,3,0.2,1840,100,1,100,101,false,false
progress-aware-quorum-delay,9,5,4,29,3,0.2,1840,100,1,100,101,false,false
progress-aware-quorum-delay,9,5,4,30,3,0.2,1840,100,1,100,101,false,false
progress-aware-quorum-delay,9,5,4,31,3,0.2,1840,100,1,100,101,false,false
progress-aware-quorum-delay,9,5,4,32,3,0.2,1840,100,1,100,101,false,false
progress-aware-quorum-delay,9,5,4,33,3,0.2,1840,100,1,100,101,false,false
progress-aware-quorum-delay,9,5,4,34,3,0.2,1840,100,1,100,101,false,false
progress-aware-quorum-delay,9,5,4,35,3,0.2,1840,100,1,100,101,false,false
progress-aware-quorum-delay,9,5,4,36,3,0.2,1840,100,1,100,101,false,false
progress-aware-quorum-delay,9,5,4,37,3,0.2,1840,100,1,100,101,false,false
progress-aware-quorum-delay,9,5,4,38,3,0.2,1840,100,1,100,101,false,false
progress-aware-quorum-delay,9,5,4,39,3,0.2,1840,100,1,100,101,false,false
progress-aware-quorum-delay,9,5,4,40,3,0.2,1840,100,1,100,101,false,false
progress-aware-quorum-delay,9,5,4,41,3,0.2,1840,100,1,100,101,false,false
progress-aware-quorum-delay,9,5,4,42,3,0.2,1840,100,1,100,101,false,false
progress-aware-quorum-delay,9,5,4,43,3,0.2,1840,100,1,100,101,false,false
progress-aware-quorum-delay,9,5,4,44,3,0.2,1840,100,1,100,101,false,false
progress-aware-quorum-delay,9,5,4,45,3,0.2,1840,100,1,100,101,false,false
progress-aware-quorum-delay,9,5,4,46,3,0.2,1840,100,1,100,101,false,false
progress-aware-quorum-delay,9,5,4,47,3,0.2,1840,100,1,100,101,false,false
progress-aware-quorum-delay,9,5,4,48,3,0.2,1840,100,1,100,101,false,false
progress-aware-quorum-delay,9,5,4,49,3,0.2,1840,100,1,100,101,false,false
progress-aware-quorum-delay,9,5,4,50,3,0.2,1840,100,1,100,101,false,false
progress-aware-quorum-delay,9,5,4,51,3,0.2,1840,100,1,100,101,false,false
progress-aware-quorum-delay,9,5,4,52,3,0.2,1840,100,1,100,101,false,false
progress-aware-quorum-delay,9,5,4,53,3,0.2,1840,100,1,100,101,false,false
progress-aware-quorum-delay,9,5,4,54,3,0.2,1840,100,1,100,101,false,false
progress-aware-quorum-delay,9,5,4,55,3,0.2,1840,100,1,100,101,false,false
progress-aware-quorum-delay,9,5,4,56,3,0.2,1840,100,1,100,101,false,false
progress-aware-quorum-delay,9,5,4,57,3,0.2,1840,100,1,100,101,false,false
progress-aware-quorum-delay,9,5,4,58,3,0.2,1840,100,1,100,101,false,false
progress-aware-quorum-delay,9,5,4,59,3,0.2,1840,100,1,100,101,false,false
progress-aware-quorum-delay,9,5,4,60,3,0.2,1840,100,1,100,101,false,false
progress-aware-quorum-delay,9,5,4,61,3,0.2,1840,100,1,100,101,false,false
progress-aware-quorum-delay,9,5,4,62,3,0.2,1840,100,1,100,101,false,false
progress-aware-quorum-delay,9,5,4,63,3,0.2,1840,100,1,100,101,false,false
progress-aware-quorum-delay,9,5,4,64,3,0.2,1840,100,1,100,101,false,false
progress-aware-quorum-delay,9,5,4,65,3,0.2,1840,100,1,100,101,false,false
progress-aware-quorum-delay,9,5,4,66,3,0.2,1840,100,1,100,101,false,false
progress-aware-quorum-delay,9,5,4,67,3,0.2,1840,100,1,100,101,false,false
progress-aware-quorum-delay,9,5,4,68,3,0.2,1840,100,1,100,101,false,false
progress-aware-quorum-delay,9,5,4,69,3,0.2,1840,100,1,100,101,false,false
progress-aware-quorum-delay,9,5,4,70,3,0.2,1840,100,1,100,101,false,false
progress-aware-quorum-delay,9,5,4,71,3,0.2,1840,100,1,100,101,false,false
progress-aware-quorum-delay,9,5,4,72,3,0.2,1840,100,1,100,101,false,false
progress-aware-quorum-delay,9,5,4,73,3,0.2,1840,100,1,100,101,false,false
progress-aware-quorum-delay,9,5,4,74,3,0.2,1840,100,1,100,101,false,false
progress-aware-quorum-delay,9,5,4,75,3,0.2,1840,100,1,100,101,false,false
progress-aware-quorum-delay,9,5,4,76,3,0.2,1840,100,1,100,101,false,false
progress-aware-quorum-delay,9,5,4,77,3,0.2,1840,100,1,100,101,false,false
progress-aware-quorum-delay,9,5,4,78,3,0.2,1840,100,1,100,101,false,false
progress-aware-quorum-delay,9,5,4,79,3,0.2,1840,100,1,100,101,false,false
progress-aware-quorum-delay,9,5,4,80,3,0.2,1840,100,1,100,101,false,false
progress-aware-quorum-delay,9,5,4,81,3,0.2,1840,100,1,100,101,false,false
progress-aware-quorum-delay,9,5,4,82,3,0.2,1840,100,1,100,101,false,false
progress-aware-quorum-delay,9,5,4,83,3,0.2,1840,100,1,100,101,false,false
progress-aware-quorum-delay,9,5,4,84,3,0.2,1840,100,1,100,101,false,false
progress-aware-quorum-delay,9,5,4,85,3,0.2,1840,100,1,100,101,false,false
progress-aware-quorum-delay,9,5,4,86,3,0.2,1840,100,1,100,101,false,false
progress-aware-quorum-delay,9,5,4,87,3,0.2,1840,100,1,100,101,false,false
progress-aware-quorum-delay,9,5,4,88,3,0.2,1840,100,1,100,101,false,false
progress-aware-quorum-delay,9,5,4,89,3,0.2,1840,100,1,100,101,false,false
progress-aware-quorum-delay,9,5,4,90,3,0.2,1840,100,1,100,101,false,false
progress-aware-quorum-delay,9,5,4,91,3,0.2,1840,100,1,100,101,false,false
progress-aware-quorum-delay,9,5,4,92,3,0.2,1840,100,1,100,101,false,false
progress-aware-quorum-delay,9,5,4,93,3,0.2,1840,100,1,100,101,false,false
progress-aware-quorum-delay,9,5,4,94,3,0.2,1840,100,1,100,101,false,false
progress-aware-quorum-delay,9,5,4,95,3,0.2,1840,100,1,100,101,false,false
progress-aware-quorum-delay,9,5,4,96,3,0.2,1840,100,1,100,101,false,false
progress-aware-quorum-delay,9,5,4,97,3,0.2,1840,100,1,100,101,false,false
progress-aware-quorum-delay,9,5,4,98,3,0.2,1840,100,1,100,101,false,false
progress-aware-quorum-delay,9,5,4,99,3,0.2,1840,100,1,100,101,false,false
progress-aware-quorum-delay,9,5,4,100,3,0.2,1840,100,1,100,101,false,false
progress-aware-quorum-delay,9,5,4,101,3,0.2,1840,100,1,100,101,false,false
progress-aware-quorum-delay,9,5,4,102,3,0.2,1840,100,1,100,101,false,false
progress-aware-quorum-delay,9,5,4,103,3,0.2,1840,100,1,100,101,false,false
progress-aware-quorum-delay,9,5,4,104,3,0.2,1840,100,1,100,101,false,false
progress-aware-quorum-delay,9,5,4,105,3,0.2,1840,100,1,100,101,false,false
progress-aware-quorum-delay,9,5,4,106,3,0.2,1840,100,1,100,101,false,false
progress-aware-quorum-delay,9,5,4,107,3,0.2,1840,100,1,100,101,false,false
progress-aware-quorum-delay,9,5,4,108,3,0.2,1840,100,1,100,101,false,false
progress-aware-quorum-delay,9,5,4,109,3,0.2,1840,100,1,100,101,false,false
progress-aware-quorum-delay,9,5,4,110,3,0.2,1840,100,1,100,101,false,false
progress-aware-quorum-delay,9,5,4,111,3,0.2,1840,100,1,100,101,false,false
progress-aware-quorum-delay,9,5,4,112,3,0.2,1840,100,1,100,101,false,false
progress-aware-quorum-delay,9,5,4,113,3,0.2,1840,100,1,100,101,false,false
progress-aware-quorum-delay,9,5,4,114,3,0.2,1840,100,1,100,101,false,false
progress-aware-quorum-delay,9,5,4,115,3,0.2,1840,100,1,100,101,false,false
progress-aware-quorum-delay,9,5,4,116,3,0.2,1840,100,1,100,101,false,false
progress-aware-quorum-delay,9,5,4,117,3,0.2,1840,100,1,100,101,false,false
progress-aware-quorum-delay,9,5,4,118,3,0.2,1840,100,1,100,101,false,false
progress-aware-quorum-delay,9,5,4,119,3,0.2,1840,100,1,100,101,false,false
progress-aware-quorum-delay,9,5,4,120,3,0.2,1840,100,1,100,101,false,false
progress-aware-quorum-delay,9,5,4,121,3,0.2,1840,100,1,100,101,false,false
progress-aware-quorum-delay,9,5,4,122,3,0.2,1840,100,1,100,101,false,false
progress-aware-quorum-delay,9,5,4,123,3,0.2,1840,100,1,100,101,false,false
progress-aware-quorum-delay,9,5,4,124,3,0.2,1840,100,1,100,101,false,false
progress-aware-quorum-delay,9,5,4,125,3,0.2,1840,100,1,100,101,false,false
progress-aware-quorum-delay,9,5,4,126,3,0.2,1840,100,1,100,101,false,false
progress-aware-quorum-delay,9,5,4,127,3,0.2,1840,100,1,100,101,false,false
progress-aware-quorum-delay,9,5,4,128,3,0.2,1840,100,1,100,101,false,false
progress-aware-quorum-delay,9,5,4,129,3,0.2,1840,100,1,100,101,false,false
progress-aware-quorum-delay,9,5,4,130,3,0.2,1840,100,1,100,101,false,false
progress-aware-quorum-delay,9,5,4,131,3,0.2,1840,100,1,100,101,false,false
progress-aware-quorum-delay,9,5,4,132,3,0.2,1840,100,1,100,101,false,false
progress-aware-quorum-delay,9,5,4,133,3,0.2,1840,100,1,100,101,false,false
progress-aware-quorum-delay,9,5,4,134,3,0.2,1840,100,1,100,101,false,false
progress-aware-quorum-delay,9,5,4,135,3,0.2,1840,100,1,100,101,false,false
progress-aware-quorum-delay,9,5,4,136,3,0.2,1840,100,1,100,101,false,false
progress-aware-quorum-delay,9,5,4,137,3,0.2,1840,100,1,100,101,false,false
progress-aware-quorum-delay,9,5,4,138,3,0.2,1840,100,1,100,101,false,false
progress-aware-quorum-delay,9,5,4,139,3,0.2,1840,100,1,100,101,false,false
progress-aware-quorum-delay,9,5,4,140,3,0.2,1840,100,1,100,101,false,false
progress-aware-quorum-delay,9,5,4,141,3,0.2,1840,100,1,100,101,false,false
progress-aware-quorum-delay,9,5,4,142,3,0.2,1840,100,1,100,101,false,false
progress-aware-quorum-delay,9,5,4,143,3,0.2,1840,100,1,100,101,false,false
progress-aware-quorum-delay,9,5,4,144,3,0.2,1840,100,1,100,101,false,false
progress-aware-quorum-delay,9,5,4,145,3,0.2,1840,100,1,100,101,false,false
progress-aware-quorum-delay,9,5,4,146,3,0.2,1840,100,1,100,101,false,false
progress-aware-quorum-delay,9,5,4,147,3,0.2,1840,100,1,100,101,false,false
progress-aware-quorum-delay,9,5,4,148,3,0.2,1840,100,1,100,101,false,false
progress-aware-quorum-delay,9,5,4,149,3,0.2,1840,100,1,100,101,false,false
progress-aware-quorum-delay,9,5,4,150,3,0.2,1840,100,1,100,101,false,false
progress-aware-quorum-delay,9,5,4,151,3,0.2,1840,100,1,100,101,false,false
progress-aware-quorum-delay,9,5,4,152,3,0.2,1840,100,1,100,101,false,false
progress-aware-quorum-delay,9,5,4,153,3,0.2,1840,100,1,100,101,false,false
progress-aware-quorum-delay,9,5,4,154,3,0.2,1840,100,1,100,101,false,false
progress-aware-quorum-delay,9,5,4,155,3,0.2,1840,100,1,100,101,false,false
progress-aware-quorum-delay,9,5,4,156,3,0.2,1840,100,1,100,101,false,false
progress-aware-quorum-delay,9,5,4,157,3,0.2,1840,100,1,100,101,false,false
progress-aware-quorum-delay,9,5,4,158,3,0.2,1840,100,1,100,101,false,false
progress-aware-quorum-delay,9,5,4,159,3,0.2,1840,100,1,100,101,false,false
progress-aware-quorum-delay,9,5,4,160,3,0.2,1840,100,1,100,101,false,false
progress-aware-quorum-delay,9,5,4,161,3,0.2,1840,100,1,100,101,false,false
progress-aware-quorum-delay,9,5,4,162,3,0.2,1840,100,1,100,101,false,false
progress-aware-quorum-delay,9,5,4,163,3,0.2,1840,100,1,100,101,false,false
progress-aware-quorum-delay,9,5,4,164,3,0.2,1840,100,1,100,101,false,false
progress-aware-quorum-delay,9,5,4,165,3,0.2,1840,100,1,100,101,false,false
progress-aware-quorum-delay,9,5,4,166,3,0.2,1840,100,1,100,101,false,false
progress-aware-quorum-delay,9,5,4,167,3,0.2,1840,100,1,100,101,false,false
progress-aware-quorum-delay,9,5,4,168,3,0.2,1840,100,1,100,101,false,false
progress-aware-quorum-delay,9,5,4,169,3,0.2,1840,100,1,100,101,false,false
progress-aware-quorum-delay,9,5,4,170,3,0.2,1840,100,1,100,101,false,false
progress-aware-quorum-delay,9,5,4,171,3,0.2,1840,100,1,100,101,false,false
progress-aware-quorum-delay,9,5,4,172,3,0.2,1840,100,1,100,101,false,false
progress-aware-quorum-delay,9,5,4,173,3,0.2,1840,100,1,100,101,false,false
progress-aware-quorum-delay,9,5,4,174,3,0.2,1840,100,1,100,101,false,false
progress-aware-quorum-delay,9,5,4,175,3,0.2,1840,100,1,100,101,false,false
progress-aware-quorum-delay,9,5,4,176,3,0.2,1840,100,1,100,101,false,false
progress-aware-quorum-delay,9,5,4,177,3,0.2,1840,100,1,100,101,false,false
progress-aware-quorum-delay,9,5,4,178,3,0.2,1840,100,1,100,101,false,false
progress-aware-quorum-delay,9,5,4,179,3,0.2,1840,100,1,100,101,false,false
progress-aware-quorum-delay,9,5,4,180,3,0.2,1840,100,1,100,101,false,false
progress-aware-quorum-delay,9,5,4,181,3,0.2,1840,100,1,100,101,false,false
progress-aware-quorum-delay,9,5,4,182,3,0.2,1840,100,1,100,101,false,false
progress-aware-quorum-delay,9,5,4,183,3,0.2,1840,100,1,100,101,false,false
progress-aware-quorum-delay,9,5,4,184,3,0.2,1840,100,1,100,101,false,false
progress-aware-quorum-delay,9,5,4,185,3,0.2,1840,100,1,100,101,false,false
progress-aware-quorum-delay,9,5,4,186,3,0.2,1840,100,1,100,101,false,false
progress-aware-quorum-delay,9,5,4,187,3,0.2,1840,100,1,100,101,false,false
progress-aware-quorum-delay,9,5,4,188,3,0.2,1840,100,1,100,101,false,false
progress-aware-quorum-delay,9,5,4,189,3,0.2,1840,100,1,100,101,false,false
progress-aware-quorum-delay,9,5,4,190,3,0.2,1840,100,1,100,101,false,false
progress-aware-quorum-delay,9,5,4,191,3,0.2,1840,100,1,100,101,false,false
progress-aware-quorum-delay,9,5,4,192,3,0.2,1840,100,1,100,101,false,false
progress-aware-quorum-delay,9,5,4,193,3,0.2,1840,100,1,100,101,false,false
progress-aware-quorum-delay,9,5,4,194,3,0.2,1840,100,1,100,101,false,false
progress-aware-quorum-delay,9,5,4,195,3,0.2,1840,100,1,100,101,false,false
progress-aware-quorum-delay,9,5,4,196,3,0.2,1840,100,1,100,101,false,false
progress-aware-quorum-delay,9,5,4,197,3,0.2,1840,100,1,100,101,false,false
progress-aware-quorum-delay,9,5,4,198,3,0.2,1840,100,1,100,101,false,false
progress-aware-quorum-delay,9,5,4,199,3,0.2,1840,100,1,100,101,false,false
progress-aware-quorum-delay,9,5,4,200,3,0.2,1840,100,1,100,101,false,false
prob-interleaved-uniform-budget-delay,15,8,7,1,3,0.2,3064,100,1,100,101,false,false
prob-interleaved-uniform-budget-delay,15,8,7,2,3,0.2,3064,100,1,100,101,false,false
prob-interleaved-uniform-budget-delay,15,8,7,3,3,0.2,3064,100,1,100,101,false,false
prob-interleaved-uniform-budget-delay,15,8,7,4,3,0.2,3064,100,1,100,101,false,false
prob-interleaved-uniform-budget-delay,15,8,7,5,3,0.2,3064,100,1,100,101,false,false
prob-interleaved-uniform-budget-delay,15,8,7,6,3,0.2,3064,100,1,100,101,false,false
prob-interleaved-uniform-budget-delay,15,8,7,7,3,0.2,3064,100,1,100,101,false,false
prob-interleaved-uniform-budget-delay,15,8,7,8,3,0.2,3064,100,1,100,101,false,false
prob-interleaved-uniform-budget-delay,15,8,7,9,3,0.2,3064,100,1,100,101,false,false
prob-interleaved-uniform-budget-delay,15,8,7,10,3,0.2,3064,100,1,100,101,false,false
prob-interleaved-uniform-budget-delay,15,8,7,11,3,0.2,3064,100,1,100,101,false,false
prob-interleaved-uniform-budget-delay,15,8,7,12,3,0.2,3064,100,1,100,101,false,false
prob-interleaved-uniform-budget-delay,15,8,7,13,3,0.2,3064,100,1,100,101,false,false
prob-interleaved-uniform-budget-delay,15,8,7,14,3,0.2,3064,100,1,100,101,false,false
prob-interleaved-uniform-budget-delay,15,8,7,15,3,0.2,3064,100,1,100,101,false,false
prob-interleaved-uniform-budget-delay,15,8,7,16,3,0.2,3064,100,1,100,101,false,false
prob-interleaved-uniform-budget-delay,15,8,7,17,3,0.2,3064,100,1,100,101,false,false
prob-interleaved-uniform-budget-delay,15,8,7,18,3,0.2,3064,100,1,100,101,false,false
prob-interleaved-uniform-budget-delay,15,8,7,19,3,0.2,3064,100,1,100,101,false,false
prob-interleaved-uniform-budget-delay,15,8,7,20,3,0.2,3064,100,1,100,101,false,false
prob-interleaved-uniform-budget-delay,15,8,7,21,3,0.2,3064,100,1,100,101,false,false
prob-interleaved-uniform-budget-delay,15,8,7,22,3,0.2,3064,100,1,100,101,false,false
prob-interleaved-uniform-budget-delay,15,8,7,23,3,0.2,3064,100,1,100,101,false,false
prob-interleaved-uniform-budget-delay,15,8,7,24,3,0.2,3064,100,1,100,101,false,false
prob-interleaved-uniform-budget-delay,15,8,7,25,3,0.2,3064,100,1,100,101,false,false
prob-interleaved-uniform-budget-delay,15,8,7,26,3,0.2,3064,100,1,100,101,false,false
prob-interleaved-uniform-budget-delay,15,8,7,27,3,0.2,3064,100,1,100,101,false,false
prob-interleaved-uniform-budget-delay,15,8,7,28,3,0.2,3064,100,1,100,101,false,false
prob-interleaved-uniform-budget-delay,15,8,7,29,3,0.2,3064,100,1,100,101,false,false
prob-interleaved-uniform-budget-delay,15,8,7,30,3,0.2,3064,100,1,100,101,false,false
prob-interleaved-uniform-budget-delay,15,8,7,31,3,0.2,3064,100,1,100,101,false,false
prob-interleaved-uniform-budget-delay,15,8,7,32,3,0.2,3064,100,1,100,101,false,false
prob-interleaved-uniform-budget-delay,15,8,7,33,3,0.2,3064,100,1,100,101,false,false
prob-interleaved-uniform-budget-delay,15,8,7,34,3,0.2,3064,100,1,100,101,false,false
prob-interleaved-uniform-budget-delay,15,8,7,35,3,0.2,3064,100,1,100,101,false,false
prob-interleaved-uniform-budget-delay,15,8,7,36,3,0.2,3064,100,1,100,101,false,false
prob-interleaved-uniform-budget-delay,15,8,7,37,3,0.2,3064,100,1,100,101,false,false
prob-interleaved-uniform-budget-delay,15,8,7,38,3,0.2,3064,100,1,100,101,false,false
prob-interleaved-uniform-budget-delay,15,8,7,39,3,0.2,3064,100,1,100,101,false,false
prob-interleaved-uniform-budget-delay,15,8,7,40,3,0.2,3064,100,1,100,101,false,false
prob-interleaved-uniform-budget-delay,15,8,7,41,3,0.2,3064,100,1,100,101,false,false
prob-interleaved-uniform-budget-delay,15,8,7,42,3,0.2,3064,100,1,100,101,false,false
prob-interleaved-uniform-budget-delay,15,8,7,43,3,0.2,3064,100,1,100,101,false,false
prob-interleaved-uniform-budget-delay,15,8,7,44,3,0.2,3064,100,1,100,101,false,false
prob-interleaved-uniform-budget-delay,15,8,7,45,3,0.2,3064,100,1,100,101,false,false
prob-interleaved-uniform-budget-delay,15,8,7,46,3,0.2,3064,100,1,100,101,false,false
prob-interleaved-uniform-budget-delay,15,8,7,47,3,0.2,3064,100,1,100,101,false,false
prob-interleaved-uniform-budget-delay,15,8,7,48,3,0.2,3064,100,1,100,101,false,false
prob-interleaved-uniform-budget-delay,15,8,7,49,3,0.2,3064,100,1,100,101,false,false
prob-interleaved-uniform-budget-delay,15,8,7,50,3,0.2,3064,100,1,100,101,false,false
prob-interleaved-uniform-budget-delay,15,8,7,51,3,0.2,3064,100,1,100,101,false,false
prob-interleaved-uniform-budget-delay,15,8,7,52,3,0.2,3064,100,1,100,101,false,false
prob-interleaved-uniform-budget-delay,15,8,7,53,3,0.2,3064,100,1,100,101,false,false
prob-interleaved-uniform-budget-delay,15,8,7,54,3,0.2,3064,100,1,100,101,false,false
prob-interleaved-uniform-budget-delay,15,8,7,55,3,0.2,3064,100,1,100,101,false,false
prob-interleaved-uniform-budget-delay,15,8,7,56,3,0.2,3064,100,1,100,101,false,false
prob-interleaved-uniform-budget-delay,15,8,7,57,3,0.2,3064,100,1,100,101,false,false
prob-interleaved-uniform-budget-delay,15,8,7,58,3,0.2,3064,100,1,100,101,false,false
prob-interleaved-uniform-budget-delay,15,8,7,59,3,0.2,3064,100,1,100,101,false,false
prob-interleaved-uniform-budget-delay,15,8,7,60,3,0.2,3064,100,1,100,101,false,false
prob-interleaved-uniform-budget-delay,15,8,7,61,3,0.2,3064,100,1,100,101,false,false
prob-interleaved-uniform-budget-delay,15,8,7,62,3,0.2,3064,100,1,100,101,false,false
prob-interleaved-uniform-budget-delay,15,8,7,63,3,0.2,3064,100,1,100,101,false,false
prob-interleaved-uniform-budget-delay,15,8,7,64,3,0.2,3064,100,1,100,101,false,false
prob-interleaved-uniform-budget-delay,15,8,7,65,3,0.2,3064,100,1,100,101,false,false
prob-interleaved-uniform-budget-delay,15,8,7,66,3,0.2,3064,100,1,100,101,false,false
prob-interleaved-uniform-budget-delay,15,8,7,67,3,0.2,3064,100,1,100,101,false,false
prob-interleaved-uniform-budget-delay,15,8,7,68,3,0.2,3064,100,1,100,101,false,false
prob-interleaved-uniform-budget-delay,15,8,7,69,3,0.2,3064,100,1,100,101,false,false
prob-interleaved-uniform-budget-delay,15,8,7,70,3,0.2,3064,100,1,100,101,false,false
prob-interleaved-uniform-budget-delay,15,8,7,71,3,0.2,3064,100,1,100,101,false,false
prob-interleaved-uniform-budget-delay,15,8,7,72,3,0.2,3064,100,1,100,101,false,false
prob-interleaved-uniform-budget-delay,15,8,7,73,3,0.2,3064,100,1,100,101,false,false
prob-interleaved-uniform-budget-delay,15,8,7,74,3,0.2,3064,100,1,100,101,false,false
prob-interleaved-uniform-budget-delay,15,8,7,75,3,0.2,3064,100,1,100,101,false,false
prob-interleaved-uniform-budget-delay,15,8,7,76,3,0.2,3064,100,1,100,101,false,false
prob-interleaved-uniform-budget-delay,15,8,7,77,3,0.2,3064,100,1,100,101,false,false
prob-interleaved-uniform-budget-delay,15,8,7,78,3,0.2,3064,100,1,100,101,false,false
prob-interleaved-uniform-budget-delay,15,8,7,79,3,0.2,3064,100,1,100,101,false,false
prob-interleaved-uniform-budget-delay,15,8,7,80,3,0.2,3064,100,1,100,101,false,false
prob-interleaved-uniform-budget-delay,15,8,7,81,3,0.2,3064,100,1,100,101,false,false
prob-interleaved-uniform-budget-delay,15,8,7,82,3,0.2,3064,100,1,100,101,false,false
prob-interleaved-uniform-budget-delay,15,8,7,83,3,0.2,3064,100,1,100,101,false,false
prob-interleaved-uniform-budget-delay,15,8,7,84,3,0.2,3064,100,1,100,101,false,false
prob-interleaved-uniform-budget-delay,15,8,7,85,3,0.2,3064,100,1,100,101,false,false
prob-interleaved-uniform-budget-delay,15,8,7,86,3,0.2,3064,100,1,100,101,false,false
prob-interleaved-uniform-budget-delay,15,8,7,87,3,0.2,3064,100,1,100,101,false,false
prob-interleaved-uniform-budget-delay,15,8,7,88,3,0.2,3064,100,1,100,101,false,false
prob-interleaved-uniform-budget-delay,15,8,7,89,3,0.2,3064,100,1,100,101,false,false
prob-interleaved-uniform-budget-delay,15,8,7,90,3,0.2,3064,100,1,100,101,false,false
prob-interleaved-uniform-budget-delay,15,8,7,91,3,0.2,3064,100,1,100,101,false,false
prob-interleaved-uniform-budget-delay,15,8,7,92,3,0.2,3064,100,1,100,101,false,false
prob-interleaved-uniform-budget-delay,15,8,7,93,3,0.2,3064,100,1,100,101,false,false
prob-interleaved-uniform-budget-delay,15,8,7,94,3,0.2,3064,100,1,100,101,false,false
prob-interleaved-uniform-budget-delay,15,8,7,95,3,0.2,3064,100,1,100,101,false,false
prob-interleaved-uniform-budget-delay,15,8,7,96,3,0.2,3064,100,1,100,101,false,false
prob-interleaved-uniform-budget-delay,15,8,7,97,3,0.2,3064,100,1,100,101,false,false
prob-interleaved-uniform-budget-delay,15,8,7,98,3,0.2,3064,100,1,100,101,false,false
prob-interleaved-uniform-budget-delay,15,8,7,99,3,0.2,3064,100,1,100,101,false,false
prob-interleaved-uniform-budget-delay,15,8,7,100,3,0.2,3064,100,1,100,101,false,false
prob-interleaved-uniform-budget-delay,15,8,7,101,3,0.2,3064,100,1,100,101,false,false
prob-interleaved-uniform-budget-delay,15,8,7,102,3,0.2,3064,100,1,100,101,false,false
prob-interleaved-uniform-budget-delay,15,8,7,103,3,0.2,3064,100,1,100,101,false,false
prob-interleaved-uniform-budget-delay,15,8,7,104,3,0.2,3064,100,1,100,101,false,false
prob-interleaved-uniform-budget-delay,15,8,7,105,3,0.2,3064,100,1,100,101,false,false
prob-interleaved-uniform-budget-delay,15,8,7,106,3,0.2,3064,100,1,100,101,false,false
prob-interleaved-uniform-budget-delay,15,8,7,107,3,0.2,3064,100,1,100,101,false,false
prob-interleaved-uniform-budget-delay,15,8,7,108,3,0.2,3064,100,1,100,101,false,false
prob-interleaved-uniform-budget-delay,15,8,7,109,3,0.2,3064,100,1,100,101,false,false
prob-interleaved-uniform-budget-delay,15,8,7,110,3,0.2,3064,100,1,100,101,false,false
prob-interleaved-uniform-budget-delay,15,8,7,111,3,0.2,3064,100,1,100,101,false,false
prob-interleaved-uniform-budget-delay,15,8,7,112,3,0.2,3064,100,1,100,101,false,false
prob-interleaved-uniform-budget-delay,15,8,7,113,3,0.2,3064,100,1,100,101,false,false
prob-interleaved-uniform-budget-delay,15,8,7,114,3,0.2,3064,100,1,100,101,false,false
prob-interleaved-uniform-budget-delay,15,8,7,115,3,0.2,3064,100,1,100,101,false,false
prob-interleaved-uniform-budget-delay,15,8,7,116,3,0.2,3064,100,1,100,101,false,false
prob-interleaved-uniform-budget-delay,15,8,7,117,3,0.2,3064,100,1,100,101,false,false
prob-interleaved-uniform-budget-delay,15,8,7,118,3,0.2,3064,100,1,100,101,false,false
prob-interleaved-uniform-budget-delay,15,8,7,119,3,0.2,3064,100,1,100,101,false,false
prob-interleaved-uniform-budget-delay,15,8,7,120,3,0.2,3064,100,1,100,101,false,false
prob-interleaved-uniform-budget-delay,15,8,7,121,3,0.2,3064,100,1,100,101,false,false
prob-interleaved-uniform-budget-delay,15,8,7,122,3,0.2,3064,100,1,100,101,false,false
prob-interleaved-uniform-budget-delay,15,8,7,123,3,0.2,3064,100,1,100,101,false,false
prob-interleaved-uniform-budget-delay,15,8,7,124,3,0.2,3064,100,1,100,101,false,false
prob-interleaved-uniform-budget-delay,15,8,7,125,3,0.2,3064,100,1,100,101,false,false
prob-interleaved-uniform-budget-delay,15,8,7,126,3,0.2,3064,100,1,100,101,false,false
prob-interleaved-uniform-budget-delay,15,8,7,127,3,0.2,3064,100,1,100,101,false,false
prob-interleaved-uniform-budget-delay,15,8,7,128,3,0.2,3064,100,1,100,101,false,false
prob-interleaved-uniform-budget-delay,15,8,7,129,3,0.2,3064,100,1,100,101,false,false
prob-interleaved-uniform-budget-delay,15,8,7,130,3,0.2,3064,100,1,100,101,false,false
prob-interleaved-uniform-budget-delay,15,8,7,131,3,0.2,3064,100,1,100,101,false,false
prob-interleaved-uniform-budget-delay,15,8,7,132,3,0.2,3064,100,1,100,101,false,false
prob-interleaved-uniform-budget-delay,15,8,7,133,3,0.2,3064,100,1,100,101,false,false
prob-interleaved-uniform-budget-delay,15,8,7,134,3,0.2,3064,100,1,100,101,false,false
prob-interleaved-uniform-budget-delay,15,8,7,135,3,0.2,3064,100,1,100,101,false,false
prob-interleaved-uniform-budget-delay,15,8,7,136,3,0.2,3064,100,1,100,101,false,false
prob-interleaved-uniform-budget-delay,15,8,7,137,3,0.2,3064,100,1,100,101,false,false
prob-interleaved-uniform-budget-delay,15,8,7,138,3,0.2,3064,100,1,100,101,false,false
prob-interleaved-uniform-budget-delay,15,8,7,139,3,0.2,3064,100,1,100,101,false,false
prob-interleaved-uniform-budget-delay,15,8,7,140,3,0.2,3064,100,1,100,101,false,false
prob-interleaved-uniform-budget-delay,15,8,7,141,3,0.2,3064,100,1,100,101,false,false
prob-interleaved-uniform-budget-delay,15,8,7,142,3,0.2,3064,100,1,100,101,false,false
prob-interleaved-uniform-budget-delay,15,8,7,143,3,0.2,3064,100,1,100,101,false,false
prob-interleaved-uniform-budget-delay,15,8,7,144,3,0.2,3064,100,1,100,101,false,false
prob-interleaved-uniform-budget-delay,15,8,7,145,3,0.2,3064,100,1,100,101,false,false
prob-interleaved-uniform-budget-delay,15,8,7,146,3,0.2,3064,100,1,100,101,false,false
prob-interleaved-uniform-budget-delay,15,8,7,147,3,0.2,3064,100,1,100,101,false,false
prob-interleaved-uniform-budget-delay,15,8,7,148,3,0.2,3064,100,1,100,101,false,false
prob-interleaved-uniform-budget-delay,15,8,7,149,3,0.2,3064,100,1,100,101,false,false
prob-interleaved-uniform-budget-delay,15,8,7,150,3,0.2,3064,100,1,100,101,false,false
prob-interleaved-uniform-budget-delay,15,8,7,151,3,0.2,3064,100,1,100,101,false,false
prob-interleaved-uniform-budget-delay,15,8,7,152,3,0.2,3064,100,1,100,101,false,false
prob-interleaved-uniform-budget-delay,15,8,7,153,3,0.2,3064,100,1,100,101,false,false
prob-interleaved-uniform-budget-delay,15,8,7,154,3,0.2,3064,100,1,100,101,false,false
prob-interleaved-uniform-budget-delay,15,8,7,155,3,0.2,3064,100,1,100,101,false,false
prob-interleaved-uniform-budget-delay,15,8,7,156,3,0.2,3064,100,1,100,101,false,false
prob-interleaved-uniform-budget-delay,15,8,7,157,3,0.2,3064,100,1,100,101,false,false
prob-interleaved-uniform-budget-delay,15,8,7,158,3,0.2,3064,100,1,100,101,false,false
prob-interleaved-uniform-budget-delay,15,8,7,159,3,0.2,3064,100,1,100,101,false,false
prob-interleaved-uniform-budget-delay,15,8,7,160,3,0.2,3064,100,1,100,101,false,false
prob-interleaved-uniform-budget-delay,15,8,7,161,3,0.2,3064,100,1,100,101,false,false
prob-interleaved-uniform-budget-delay,15,8,7,162,3,0.2,3064,100,1,100,101,false,false
prob-interleaved-uniform-budget-delay,15,8,7,163,3,0.2,3064,100,1,100,101,false,false
prob-interleaved-uniform-budget-delay,15,8,7,164,3,0.2,3064,100,1,100,101,false,false
prob-interleaved-uniform-budget-delay,15,8,7,165,3,0.2,3064,100,1,100,101,false,false
prob-interleaved-uniform-budget-delay,15,8,7,166,3,0.2,3064,100,1,100,101,false,false
prob-interleaved-uniform-budget-delay,15,8,7,167,3,0.2,3064,100,1,100,101,false,false
prob-interleaved-uniform-budget-delay,15,8,7,168,3,0.2,3064,100,1,100,101,false,false
prob-interleaved-uniform-budget-delay,15,8,7,169,3,0.2,3064,100,1,100,101,false,false
prob-interleaved-uniform-budget-delay,15,8,7,170,3,0.2,3064,100,1,100,101,false,false
prob-interleaved-uniform-budget-delay,15,8,7,171,3,0.2,3064,100,1,100,101,false,false
prob-interleaved-uniform-budget-delay,15,8,7,172,3,0.2,3064,100,1,100,101,false,false
prob-interleaved-uniform-budget-delay,15,8,7,173,3,0.2,3064,100,1,100,101,false,false
prob-interleaved-uniform-budget-delay,15,8,7,174,3,0.2,3064,100,1,100,101,false,false
prob-interleaved-uniform-budget-delay,15,8,7,175,3,0.2,3064,100,1,100,101,false,false
prob-interleaved-uniform-budget-delay,15,8,7,176,3,0.2,3064,100,1,100,101,false,false
prob-interleaved-uniform-budget-delay,15,8,7,177,3,0.2,3064,100,1,100,101,false,false
prob-interleaved-uniform-budget-delay,15,8,7,178,3,0.2,3064,100,1,100,101,false,false
prob-interleaved-uniform-budget-delay,15,8,7,179,3,0.2,3064,100,1,100,101,false,false
prob-interleaved-uniform-budget-delay,15,8,7,180,3,0.2,3064,100,1,100,101,false,false
prob-interleaved-uniform-budget-delay,15,8,7,181,3,0.2,3064,100,1,100,101,false,false
prob-interleaved-uniform-budget-delay,15,8,7,182,3,0.2,3064,100,1,100,101,false,false
prob-interleaved-uniform-budget-delay,15,8,7,183,3,0.2,3064,100,1,100,101,false,false
prob-interleaved-uniform-budget-delay,15,8,7,184,3,0.2,3064,100,1,100,101,false,false
prob-interleaved-uniform-budget-delay,15,8,7,185,3,0.2,3064,100,1,100,101,false,false
prob-interleaved-uniform-budget-delay,15,8,7,186,3,0.2,3064,100,1,100,101,false,false
prob-interleaved-uniform-budget-delay,15,8,7,187,3,0.2,3064,100,1,100,101,false,false
prob-interleaved-uniform-budget-delay,15,8,7,188,3,0.2,3064,100,1,100,101,false,false
prob-interleaved-uniform-budget-delay,15,8,7,189,3,0.2,3064,100,1,100,101,false,false
prob-interleaved-uniform-budget-delay,15,8,7,190,3,0.2,3064,100,1,100,101,false,false
prob-interleaved-uniform-budget-delay,15,8,7,191,3,0.2,3064,100,1,100,101,false,false
prob-interleaved-uniform-budget-delay,15,8,7,192,3,0.2,3064,100,1,100,101,false,false
prob-interleaved-uniform-budget-delay,15,8,7,193,3,0.2,3064,100,1,100,101,false,false
prob-interleaved-uniform-budget-delay,15,8,7,194,3,0.2,3064,100,1,100,101,false,false
prob-interleaved-uniform-budget-delay,15,8,7,195,3,0.2,3064,100,1,100,101,false,false
prob-interleaved-uniform-budget-delay,15,8,7,196,3,0.2,3064,100,1,100,101,false,false
prob-interleaved-uniform-budget-delay,15,8,7,197,3,0.2,3064,100,1,100,101,false,false
prob-interleaved-uniform-budget-delay,15,8,7,198,3,0.2,3064,100,1,100,101,false,false
prob-interleaved-uniform-budget-delay,15,8,7,199,3,0.2,3064,100,1,100,101,false,false
prob-interleaved-uniform-budget-delay,15,8,7,200,3,0.2,3064,100,1,100,101,false,false
progress-aware-quorum-delay,15,8,7,1,3,0.2,3064,100,1,100,101,false,false
progress-aware-quorum-delay,15,8,7,2,3,0.2,3064,100,1,100,101,false,false
progress-aware-quorum-delay,15,8,7,3,3,0.2,3064,100,1,100,101,false,false
progress-aware-quorum-delay,15,8,7,4,3,0.2,3064,100,1,100,101,false,false
progress-aware-quorum-delay,15,8,7,5,3,0.2,3064,100,1,100,101,false,false
progress-aware-quorum-delay,15,8,7,6,3,0.2,3064,100,1,100,101,false,false
progress-aware-quorum-delay,15,8,7,7,3,0.2,3064,100,1,100,101,false,false
progress-aware-quorum-delay,15,8,7,8,3,0.2,3064,100,1,100,101,false,false
progress-aware-quorum-delay,15,8,7,9,3,0.2,3064,100,1,100,101,false,false
progress-aware-quorum-delay,15,8,7,10,3,0.2,3064,100,1,100,101,false,false
progress-aware-quorum-delay,15,8,7,11,3,0.2,3064,100,1,100,101,false,false
progress-aware-quorum-delay,15,8,7,12,3,0.2,3064,100,1,100,101,false,false
progress-aware-quorum-delay,15,8,7,13,3,0.2,3064,100,1,100,101,false,false
progress-aware-quorum-delay,15,8,7,14,3,0.2,3064,100,1,100,101,false,false
progress-aware-quorum-delay,15,8,7,15,3,0.2,3064,100,1,100,101,false,false
progress-aware-quorum-delay,15,8,7,16,3,0.2,3064,100,1,100,101,false,false
progress-aware-quorum-delay,15,8,7,17,3,0.2,3064,100,1,100,101,false,false
progress-aware-quorum-delay,15,8,7,18,3,0.2,3064,100,1,100,101,false,false
progress-aware-quorum-delay,15,8,7,19,3,0.2,3064,100,1,100,101,false,false
progress-aware-quorum-delay,15,8,7,20,3,0.2,3064,100,1,100,101,false,false
progress-aware-quorum-delay,15,8,7,21,3,0.2,3064,100,1,100,101,false,false
progress-aware-quorum-delay,15,8,7,22,3,0.2,3064,100,1,100,101,false,false
progress-aware-quorum-delay,15,8,7,23,3,0.2,3064,100,1,100,101,false,false
progress-aware-quorum-delay,15,8,7,24,3,0.2,3064,100,1,100,101,false,false
progress-aware-quorum-delay,15,8,7,25,3,0.2,3064,100,1,100,101,false,false
progress-aware-quorum-delay,15,8,7,26,3,0.2,3064,100,1,100,101,false,false
progress-aware-quorum-delay,15,8,7,27,3,0.2,3064,100,1,100,101,false,false
progress-aware-quorum-delay,15,8,7,28,3,0.2,3064,100,1,100,101,false,false
progress-aware-quorum-delay,15,8,7,29,3,0.2,3064,100,1,100,101,false,false
progress-aware-quorum-delay,15,8,7,30,3,0.2,3064,100,1,100,101,false,false
progress-aware-quorum-delay,15,8,7,31,3,0.2,3064,100,1,100,101,false,false
progress-aware-quorum-delay,15,8,7,32,3,0.2,3064,100,1,100,101,false,false
progress-aware-quorum-delay,15,8,7,33,3,0.2,3064,100,1,100,101,false,false
progress-aware-quorum-delay,15,8,7,34,3,0.2,3064,100,1,100,101,false,false
progress-aware-quorum-delay,15,8,7,35,3,0.2,3064,100,1,100,101,false,false
progress-aware-quorum-delay,15,8,7,36,3,0.2,3064,100,1,100,101,false,false
progress-aware-quorum-delay,15,8,7,37,3,0.2,3064,100,1,100,101,false,false
progress-aware-quorum-delay,15,8,7,38,3,0.2,3064,100,1,100,101,false,false
progress-aware-quorum-delay,15,8,7,39,3,0.2,3064,100,1,100,101,false,false
progress-aware-quorum-delay,15,8,7,40,3,0.2,3064,100,1,100,101,false,false
progress-aware-quorum-delay,15,8,7,41,3,0.2,3064,100,1,100,101,false,false
progress-aware-quorum-delay,15,8,7,42,3,0.2,3064,100,1,100,101,false,false
progress-aware-quorum-delay,15,8,7,43,3,0.2,3064,100,1,100,101,false,false
progress-aware-quorum-delay,15,8,7,44,3,0.2,3064,100,1,100,101,false,false
progress-aware-quorum-delay,15,8,7,45,3,0.2,3064,100,1,100,101,false,false
progress-aware-quorum-delay,15,8,7,46,3,0.2,3064,100,1,100,101,false,false
progress-aware-quorum-delay,15,8,7,47,3,0.2,3064,100,1,100,101,false,false
progress-aware-quorum-delay,15,8,7,48,3,0.2,3064,100,1,100,101,false,false
progress-aware-quorum-delay,15,8,7,49,3,0.2,3064,100,1,100,101,false,false
progress-aware-quorum-delay,15,8,7,50,3,0.2,3064,100,1,100,101,false,false
progress-aware-quorum-delay,15,8,7,51,3,0.2,3064,100,1,100,101,false,false
progress-aware-quorum-delay,15,8,7,52,3,0.2,3064,100,1,100,101,false,false
progress-aware-quorum-delay,15,8,7,53,3,0.2,3064,100,1,100,101,false,false
progress-aware-quorum-delay,15,8,7,54,3,0.2,3064,100,1,100,101,false,false
progress-aware-quorum-delay,15,8,7,55,3,0.2,3064,100,1,100,101,false,false
progress-aware-quorum-delay,15,8,7,56,3,0.2,3064,100,1,100,101,false,false
progress-aware-quorum-delay,15,8,7,57,3,0.2,3064,100,1,100,101,false,false
progress-aware-quorum-delay,15,8,7,58,3,0.2,3064,100,1,100,101,false,false
progress-aware-quorum-delay,15,8,7,59,3,0.2,3064,100,1,100,101,false,false
progress-aware-quorum-delay,15,8,7,60,3,0.2,3064,100,1,100,101,false,false
progress-aware-quorum-delay,15,8,7,61,3,0.2,3064,100,1,100,101,false,false
progress-aware-quorum-delay,15,8,7,62,3,0.2,3064,100,1,100,101,false,false
progress-aware-quorum-delay,15,8,7,63,3,0.2,3064,100,1,100,101,false,false
progress-aware-quorum-delay,15,8,7,64,3,0.2,3064,100,1,100,101,false,false
progress-aware-quorum-delay,15,8,7,65,3,0.2,3064,100,1,100,101,false,false
progress-aware-quorum-delay,15,8,7,66,3,0.2,3064,100,1,100,101,false,false
progress-aware-quorum-delay,15,8,7,67,3,0.2,3064,100,1,100,101,false,false
progress-aware-quorum-delay,15,8,7,68,3,0.2,3064,100,1,100,101,false,false
progress-aware-quorum-delay,15,8,7,69,3,0.2,3064,100,1,100,101,false,false
progress-aware-quorum-delay,15,8,7,70,3,0.2,3064,100,1,100,101,false,false
progress-aware-quorum-delay,15,8,7,71,3,0.2,3064,100,1,100,101,false,false
progress-aware-quorum-delay,15,8,7,72,3,0.2,3064,100,1,100,101,false,false
progress-aware-quorum-delay,15,8,7,73,3,0.2,3064,100,1,100,101,false,false
progress-aware-quorum-delay,15,8,7,74,3,0.2,3064,100,1,100,101,false,false
progress-aware-quorum-delay,15,8,7,75,3,0.2,3064,100,1,100,101,false,false
progress-aware-quorum-delay,15,8,7,76,3,0.2,3064,100,1,100,101,false,false
progress-aware-quorum-delay,15,8,7,77,3,0.2,3064,100,1,100,101,false,false
progress-aware-quorum-delay,15,8,7,78,3,0.2,3064,100,1,100,101,false,false
progress-aware-quorum-delay,15,8,7,79,3,0.2,3064,100,1,100,101,false,false
progress-aware-quorum-delay,15,8,7,80,3,0.2,3064,100,1,100,101,false,false
progress-aware-quorum-delay,15,8,7,81,3,0.2,3064,100,1,100,101,false,false
progress-aware-quorum-delay,15,8,7,82,3,0.2,3064,100,1,100,101,false,false
progress-aware-quorum-delay,15,8,7,83,3,0.2,3064,100,1,100,101,false,false
progress-aware-quorum-delay,15,8,7,84,3,0.2,3064,100,1,100,101,false,false
progress-aware-quorum-delay,15,8,7,85,3,0.2,3064,100,1,100,101,false,false
progress-aware-quorum-delay,15,8,7,86,3,0.2,3064,100,1,100,101,false,false
progress-aware-quorum-delay,15,8,7,87,3,0.2,3064,100,1,100,101,false,false
progress-aware-quorum-delay,15,8,7,88,3,0.2,3064,100,1,100,101,false,false
progress-aware-quorum-delay,15,8,7,89,3,0.2,3064,100,1,100,101,false,false
progress-aware-quorum-delay,15,8,7,90,3,0.2,3064,100,1,100,101,false,false
progress-aware-quorum-delay,15,8,7,91,3,0.2,3064,100,1,100,101,false,false
progress-aware-quorum-delay,15,8,7,92,3,0.2,3064,100,1,100,101,false,false
progress-aware-quorum-delay,15,8,7,93,3,0.2,3064,100,1,100,101,false,false
progress-aware-quorum-delay,15,8,7,94,3,0.2,3064,100,1,100,101,false,false
progress-aware-quorum-delay,15,8,7,95,3,0.2,3064,100,1,100,101,false,false
progress-aware-quorum-delay,15,8,7,96,3,0.2,3064,100,1,100,101,false,false
progress-aware-quorum-delay,15,8,7,97,3,0.2,3064,100,1,100,101,false,false
progress-aware-quorum-delay,15,8,7,98,3,0.2,3064,100,1,100,101,false,false
progress-aware-quorum-delay,15,8,7,99,3,0.2,3064,100,1,100,101,false,false
progress-aware-quorum-delay,15,8,7,100,3,0.2,3064,100,1,100,101,false,false
progress-aware-quorum-delay,15,8,7,101,3,0.2,3064,100,1,100,101,false,false
progress-aware-quorum-delay,15,8,7,102,3,0.2,3064,100,1,100,101,false,false
progress-aware-quorum-delay,15,8,7,103,3,0.2,3064,100,1,100,101,false,false
progress-aware-quorum-delay,15,8,7,104,3,0.2,3064,100,1,100,101,false,false
progress-aware-quorum-delay,15,8,7,105,3,0.2,3064,100,1,100,101,false,false
progress-aware-quorum-delay,15,8,7,106,3,0.2,3064,100,1,100,101,false,false
progress-aware-quorum-delay,15,8,7,107,3,0.2,3064,100,1,100,101,false,false
progress-aware-quorum-delay,15,8,7,108,3,0.2,3064,100,1,100,101,false,false
progress-aware-quorum-delay,15,8,7,109,3,0.2,3064,100,1,100,101,false,false
progress-aware-quorum-delay,15,8,7,110,3,0.2,3064,100,1,100,101,false,false
progress-aware-quorum-delay,15,8,7,111,3,0.2,3064,100,1,100,101,false,false
progress-aware-quorum-delay,15,8,7,112,3,0.2,3064,100,1,100,101,false,false
progress-aware-quorum-delay,15,8,7,113,3,0.2,3064,100,1,100,101,false,false
progress-aware-quorum-delay,15,8,7,114,3,0.2,3064,100,1,100,101,false,false
progress-aware-quorum-delay,15,8,7,115,3,0.2,3064,100,1,100,101,false,false
progress-aware-quorum-delay,15,8,7,116,3,0.2,3064,100,1,100,101,false,false
progress-aware-quorum-delay,15,8,7,117,3,0.2,3064,100,1,100,101,false,false
progress-aware-quorum-delay,15,8,7,118,3,0.2,3064,100,1,100,101,false,false
progress-aware-quorum-delay,15,8,7,119,3,0.2,3064,100,1,100,101,false,false
progress-aware-quorum-delay,15,8,7,120,3,0.2,3064,100,1,100,101,false,false
progress-aware-quorum-delay,15,8,7,121,3,0.2,3064,100,1,100,101,false,false
progress-aware-quorum-delay,15,8,7,122,3,0.2,3064,100,1,100,101,false,false
progress-aware-quorum-delay,15,8,7,123,3,0.2,3064,100,1,100,101,false,false
progress-aware-quorum-delay,15,8,7,124,3,0.2,3064,100,1,100,101,false,false
progress-aware-quorum-delay,15,8,7,125,3,0.2,3064,100,1,100,101,false,false
progress-aware-quorum-delay,15,8,7,126,3,0.2,3064,100,1,100,101,false,false
progress-aware-quorum-delay,15,8,7,127,3,0.2,3064,100,1,100,101,false,false
progress-aware-quorum-delay,15,8,7,128,3,0.2,3064,100,1,100,101,false,false
progress-aware-quorum-delay,15,8,7,129,3,0.2,3064,100,1,100,101,false,false
progress-aware-quorum-delay,15,8,7,130,3,0.2,3064,100,1,100,101,false,false
progress-aware-quorum-delay,15,8,7,131,3,0.2,3064,100,1,100,101,false,false
progress-aware-quorum-delay,15,8,7,132,3,0.2,3064,100,1,100,101,false,false
progress-aware-quorum-delay,15,8,7,133,3,0.2,3064,100,1,100,101,false,false
progress-aware-quorum-delay,15,8,7,134,3,0.2,3064,100,1,100,101,false,false
progress-aware-quorum-delay,15,8,7,135,3,0.2,3064,100,1,100,101,false,false
progress-aware-quorum-delay,15,8,7,136,3,0.2,3064,100,1,100,101,false,false
progress-aware-quorum-delay,15,8,7,137,3,0.2,3064,100,1,100,101,false,false
progress-aware-quorum-delay,15,8,7,138,3,0.2,3064,100,1,100,101,false,false
progress-aware-quorum-delay,15,8,7,139,3,0.2,3064,100,1,100,101,false,false
progress-aware-quorum-delay,15,8,7,140,3,0.2,3064,100,1,100,101,false,false
progress-aware-quorum-delay,15,8,7,141,3,0.2,3064,100,1,100,101,false,false
progress-aware-quorum-delay,15,8,7,142,3,0.2,3064,100,1,100,101,false,false
progress-aware-quorum-delay,15,8,7,143,3,0.2,3064,100,1,100,101,false,false
progress-aware-quorum-delay,15,8,7,144,3,0.2,3064,100,1,100,101,false,false
progress-aware-quorum-delay,15,8,7,145,3,0.2,3064,100,1,100,101,false,false
progress-aware-quorum-delay,15,8,7,146,3,0.2,3064,100,1,100,101,false,false
progress-aware-quorum-delay,15,8,7,147,3,0.2,3064,100,1,100,101,false,false
progress-aware-quorum-delay,15,8,7,148,3,0.2,3064,100,1,100,101,false,false
progress-aware-quorum-delay,15,8,7,149,3,0.2,3064,100,1,100,101,false,false
progress-aware-quorum-delay,15,8,7,150,3,0.2,3064,100,1,100,101,false,false
progress-aware-quorum-delay,15,8,7,151,3,0.2,3064,100,1,100,101,false,false
progress-aware-quorum-delay,15,8,7,152,3,0.2,3064,100,1,100,101,false,false
progress-aware-quorum-delay,15,8,7,153,3,0.2,3064,100,1,100,101,false,false
progress-aware-quorum-delay,15,8,7,154,3,0.2,3064,100,1,100,101,false,false
progress-aware-quorum-delay,15,8,7,155,3,0.2,3064,100,1,100,101,false,false
progress-aware-quorum-delay,15,8,7,156,3,0.2,3064,100,1,100,101,false,false
progress-aware-quorum-delay,15,8,7,157,3,0.2,3064,100,1,100,101,false,false
progress-aware-quorum-delay,15,8,7,158,3,0.2,3064,100,1,100,101,false,false
progress-aware-quorum-delay,15,8,7,159,3,0.2,3064,100,1,100,101,false,false
progress-aware-quorum-delay,15,8,7,160,3,0.2,3064,100,1,100,101,false,false
progress-aware-quorum-delay,15,8,7,161,3,0.2,3064,100,1,100,101,false,false
progress-aware-quorum-delay,15,8,7,162,3,0.2,3064,100,1,100,101,false,false
progress-aware-quorum-delay,15,8,7,163,3,0.2,3064,100,1,100,101,false,false
progress-aware-quorum-delay,15,8,7,164,3,0.2,3064,100,1,100,101,false,false
progress-aware-quorum-delay,15,8,7,165,3,0.2,3064,100,1,100,101,false,false
progress-aware-quorum-delay,15,8,7,166,3,0.2,3064,100,1,100,101,false,false
progress-aware-quorum-delay,15,8,7,167,3,0.2,3064,100,1,100,101,false,false
progress-aware-quorum-delay,15,8,7,168,3,0.2,3064,100,1,100,101,false,false
progress-aware-quorum-delay,15,8,7,169,3,0.2,3064,100,1,100,101,false,false
progress-aware-quorum-delay,15,8,7,170,3,0.2,3064,100,1,100,101,false,false
progress-aware-quorum-delay,15,8,7,171,3,0.2,3064,100,1,100,101,false,false
progress-aware-quorum-delay,15,8,7,172,3,0.2,3064,100,1,100,101,false,false
progress-aware-quorum-delay,15,8,7,173,3,0.2,3064,100,1,100,101,false,false
progress-aware-quorum-delay,15,8,7,174,3,0.2,3064,100,1,100,101,false,false
progress-aware-quorum-delay,15,8,7,175,3,0.2,3064,100,1,100,101,false,false
progress-aware-quorum-delay,15,8,7,176,3,0.2,3064,100,1,100,101,false,false
progress-aware-quorum-delay,15,8,7,177,3,0.2,3064,100,1,100,101,false,false
progress-aware-quorum-delay,15,8,7,178,3,0.2,3064,100,1,100,101,false,false
progress-aware-quorum-delay,15,8,7,179,3,0.2,3064,100,1,100,101,false,false
progress-aware-quorum-delay,15,8,7,180,3,0.2,3064,100,1,100,101,false,false
progress-aware-quorum-delay,15,8,7,181,3,0.2,3064,100,1,100,101,false,false
progress-aware-quorum-delay,15,8,7,182,3,0.2,3064,100,1,100,101,false,false
progress-aware-quorum-delay,15,8,7,183,3,0.2,3064,100,1,100,101,false,false
progress-aware-quorum-delay,15,8,7,184,3,0.2,3064,100,1,100,101,false,false
progress-aware-quorum-delay,15,8,7,185,3,0.2,3064,100,1,100,101,false,false
progress-aware-quorum-delay,15,8,7,186,3,0.2,3064,100,1,100,101,false,false
progress-aware-quorum-delay,15,8,7,187,3,0.2,3064,100,1,100,101,false,false
progress-aware-quorum-delay,15,8,7,188,3,0.2,3064,100,1,100,101,false,false
progress-aware-quorum-delay,15,8,7,189,3,0.2,3064,100,1,100,101,false,false
progress-aware-quorum-delay,15,8,7,190,3,0.2,3064,100,1,100,101,false,false
progress-aware-quorum-delay,15,8,7,191,3,0.2,3064,100,1,100,101,false,false
progress-aware-quorum-delay,15,8,7,192,3,0.2,3064,100,1,100,101,false,false
progress-aware-quorum-delay,15,8,7,193,3,0.2,3064,100,1,100,101,false,false
progress-aware-quorum-delay,15,8,7,194,3,0.2,3064,100,1,100,101,false,false
progress-aware-quorum-delay,15,8,7,195,3,0.2,3064,100,1,100,101,false,false
progress-aware-quorum-delay,15,8,7,196,3,0.2,3064,100,1,100,101,false,false
progress-aware-quorum-delay,15,8,7,197,3,0.2,3064,100,1,100,101,false,false
progress-aware-quorum-delay,15,8,7,198,3,0.2,3064,100,1,100,101,false,false
progress-aware-quorum-delay,15,8,7,199,3,0.2,3064,100,1,100,101,false,false
progress-aware-quorum-delay,15,8,7,200,3,0.2,3064,100,1,100,101,false,false
prob-interleaved-uniform-budget-delay,25,13,12,1,3,0.2,5000,100,0,100,101,true,false
prob-interleaved-uniform-budget-delay,25,13,12,2,3,0.2,5000,100,0,100,101,true,false
prob-interleaved-uniform-budget-delay,25,13,12,3,3,0.2,5000,100,0,100,101,true,false
prob-interleaved-uniform-budget-delay,25,13,12,4,3,0.2,5000,100,0,100,101,true,false
prob-interleaved-uniform-budget-delay,25,13,12,5,3,0.2,5000,100,0,100,101,true,false
prob-interleaved-uniform-budget-delay,25,13,12,6,3,0.2,5000,100,0,100,101,true,false
prob-interleaved-uniform-budget-delay,25,13,12,7,3,0.2,5000,100,0,100,101,true,false
prob-interleaved-uniform-budget-delay,25,13,12,8,3,0.2,5000,100,0,100,101,true,false
prob-interleaved-uniform-budget-delay,25,13,12,9,3,0.2,5000,100,0,100,101,true,false
prob-interleaved-uniform-budget-delay,25,13,12,10,3,0.2,5000,100,0,100,101,true,false
prob-interleaved-uniform-budget-delay,25,13,12,11,3,0.2,5000,100,0,100,101,true,false
prob-interleaved-uniform-budget-delay,25,13,12,12,3,0.2,5000,100,0,100,101,true,false
prob-interleaved-uniform-budget-delay,25,13,12,13,3,0.2,5000,100,0,100,101,true,false
prob-interleaved-uniform-budget-delay,25,13,12,14,3,0.2,5000,100,0,100,101,true,false
prob-interleaved-uniform-budget-delay,25,13,12,15,3,0.2,5000,100,0,100,101,true,false
prob-interleaved-uniform-budget-delay,25,13,12,16,3,0.2,5000,100,0,100,101,true,false
prob-interleaved-uniform-budget-delay,25,13,12,17,3,0.2,5000,100,0,100,101,true,false
prob-interleaved-uniform-budget-delay,25,13,12,18,3,0.2,5000,100,0,100,101,true,false
prob-interleaved-uniform-budget-delay,25,13,12,19,3,0.2,5000,100,0,100,101,true,false
prob-interleaved-uniform-budget-delay,25,13,12,20,3,0.2,5000,100,0,100,101,true,false
prob-interleaved-uniform-budget-delay,25,13,12,21,3,0.2,5000,100,0,100,101,true,false
prob-interleaved-uniform-budget-delay,25,13,12,22,3,0.2,5000,100,0,100,101,true,false
prob-interleaved-uniform-budget-delay,25,13,12,23,3,0.2,5000,100,0,100,101,true,false
prob-interleaved-uniform-budget-delay,25,13,12,24,3,0.2,5000,100,0,100,101,true,false
prob-interleaved-uniform-budget-delay,25,13,12,25,3,0.2,5000,100,0,100,101,true,false
prob-interleaved-uniform-budget-delay,25,13,12,26,3,0.2,5000,100,0,100,101,true,false
prob-interleaved-uniform-budget-delay,25,13,12,27,3,0.2,5000,100,0,100,101,true,false
prob-interleaved-uniform-budget-delay,25,13,12,28,3,0.2,5000,100,0,100,101,true,false
prob-interleaved-uniform-budget-delay,25,13,12,29,3,0.2,5000,100,0,100,101,true,false
prob-interleaved-uniform-budget-delay,25,13,12,30,3,0.2,5000,100,0,100,101,true,false
prob-interleaved-uniform-budget-delay,25,13,12,31,3,0.2,5000,100,0,100,101,true,false
prob-interleaved-uniform-budget-delay,25,13,12,32,3,0.2,5000,100,0,100,101,true,false
prob-interleaved-uniform-budget-delay,25,13,12,33,3,0.2,5000,100,0,100,101,true,false
prob-interleaved-uniform-budget-delay,25,13,12,34,3,0.2,5000,100,0,100,101,true,false
prob-interleaved-uniform-budget-delay,25,13,12,35,3,0.2,5000,100,0,100,101,true,false
prob-interleaved-uniform-budget-delay,25,13,12,36,3,0.2,5000,100,0,100,101,true,false
prob-interleaved-uniform-budget-delay,25,13,12,37,3,0.2,5000,100,0,100,101,true,false
prob-interleaved-uniform-budget-delay,25,13,12,38,3,0.2,5000,100,0,100,101,true,false
prob-interleaved-uniform-budget-delay,25,13,12,39,3,0.2,5000,100,0,100,101,true,false
prob-interleaved-uniform-budget-delay,25,13,12,40,3,0.2,5000,100,0,100,101,true,false
prob-interleaved-uniform-budget-delay,25,13,12,41,3,0.2,5000,100,0,100,101,true,false
prob-interleaved-uniform-budget-delay,25,13,12,42,3,0.2,5000,100,0,100,101,true,false
prob-interleaved-uniform-budget-delay,25,13,12,43,3,0.2,5000,100,0,100,101,true,false
prob-interleaved-uniform-budget-delay,25,13,12,44,3,0.2,5000,100,0,100,101,true,false
prob-interleaved-uniform-budget-delay,25,13,12,45,3,0.2,5000,100,0,100,101,true,false
prob-interleaved-uniform-budget-delay,25,13,12,46,3,0.2,5000,100,0,100,101,true,false
prob-interleaved-uniform-budget-delay,25,13,12,47,3,0.2,5000,100,0,100,101,true,false
prob-interleaved-uniform-budget-delay,25,13,12,48,3,0.2,5000,100,0,100,101,true,false
prob-interleaved-uniform-budget-delay,25,13,12,49,3,0.2,5000,100,0,100,101,true,false
prob-interleaved-uniform-budget-delay,25,13,12,50,3,0.2,5000,100,0,100,101,true,false
prob-interleaved-uniform-budget-delay,25,13,12,51,3,0.2,5000,100,0,100,101,true,false
prob-interleaved-uniform-budget-delay,25,13,12,52,3,0.2,5000,100,0,100,101,true,false
prob-interleaved-uniform-budget-delay,25,13,12,53,3,0.2,5000,100,0,100,101,true,false
prob-interleaved-uniform-budget-delay,25,13,12,54,3,0.2,5000,100,0,100,101,true,false
prob-interleaved-uniform-budget-delay,25,13,12,55,3,0.2,5000,100,0,100,101,true,false
prob-interleaved-uniform-budget-delay,25,13,12,56,3,0.2,5000,100,0,100,101,true,false
prob-interleaved-uniform-budget-delay,25,13,12,57,3,0.2,5000,100,0,100,101,true,false
prob-interleaved-uniform-budget-delay,25,13,12,58,3,0.2,5000,100,0,100,101,true,false
prob-interleaved-uniform-budget-delay,25,13,12,59,3,0.2,5000,100,0,100,101,true,false
prob-interleaved-uniform-budget-delay,25,13,12,60,3,0.2,5000,100,0,100,101,true,false
prob-interleaved-uniform-budget-delay,25,13,12,61,3,0.2,5000,100,0,100,101,true,false
prob-interleaved-uniform-budget-delay,25,13,12,62,3,0.2,5000,100,0,100,101,true,false
prob-interleaved-uniform-budget-delay,25,13,12,63,3,0.2,5000,100,0,100,101,true,false
prob-interleaved-uniform-budget-delay,25,13,12,64,3,0.2,5000,100,0,100,101,true,false
prob-interleaved-uniform-budget-delay,25,13,12,65,3,0.2,5000,100,0,100,101,true,false
prob-interleaved-uniform-budget-delay,25,13,12,66,3,0.2,5000,100,0,100,101,true,false
prob-interleaved-uniform-budget-delay,25,13,12,67,3,0.2,5000,100,0,100,101,true,false
prob-interleaved-uniform-budget-delay,25,13,12,68,3,0.2,5000,100,0,100,101,true,false
prob-interleaved-uniform-budget-delay,25,13,12,69,3,0.2,5000,100,0,100,101,true,false
prob-interleaved-uniform-budget-delay,25,13,12,70,3,0.2,5000,100,0,100,101,true,false
prob-interleaved-uniform-budget-delay,25,13,12,71,3,0.2,5000,100,0,100,101,true,false
prob-interleaved-uniform-budget-delay,25,13,12,72,3,0.2,5000,100,0,100,101,true,false
prob-interleaved-uniform-budget-delay,25,13,12,73,3,0.2,5000,100,0,100,101,true,false
prob-interleaved-uniform-budget-delay,25,13,12,74,3,0.2,5000,100,0,100,101,true,false
prob-interleaved-uniform-budget-delay,25,13,12,75,3,0.2,5000,100,0,100,101,true,false
prob-interleaved-uniform-budget-delay,25,13,12,76,3,0.2,5000,100,0,100,101,true,false
prob-interleaved-uniform-budget-delay,25,13,12,77,3,0.2,5000,100,0,100,101,true,false
prob-interleaved-uniform-budget-delay,25,13,12,78,3,0.2,5000,100,0,100,101,true,false
prob-interleaved-uniform-budget-delay,25,13,12,79,3,0.2,5000,100,0,100,101,true,false
prob-interleaved-uniform-budget-delay,25,13,12,80,3,0.2,5000,100,0,100,101,true,false
prob-interleaved-uniform-budget-delay,25,13,12,81,3,0.2,5000,100,0,100,101,true,false
prob-interleaved-uniform-budget-delay,25,13,12,82,3,0.2,5000,100,0,100,101,true,false
prob-interleaved-uniform-budget-delay,25,13,12,83,3,0.2,5000,100,0,100,101,true,false
prob-interleaved-uniform-budget-delay,25,13,12,84,3,0.2,5000,100,0,100,101,true,false
prob-interleaved-uniform-budget-delay,25,13,12,85,3,0.2,5000,100,0,100,101,true,false
prob-interleaved-uniform-budget-delay,25,13,12,86,3,0.2,5000,100,0,100,101,true,false
prob-interleaved-uniform-budget-delay,25,13,12,87,3,0.2,5000,100,0,100,101,true,false
prob-interleaved-uniform-budget-delay,25,13,12,88,3,0.2,5000,100,0,100,101,true,false
prob-interleaved-uniform-budget-delay,25,13,12,89,3,0.2,5000,100,0,100,101,true,false
prob-interleaved-uniform-budget-delay,25,13,12,90,3,0.2,5000,100,0,100,101,true,false
prob-interleaved-uniform-budget-delay,25,13,12,91,3,0.2,5000,100,0,100,101,true,false
prob-interleaved-uniform-budget-delay,25,13,12,92,3,0.2,5000,100,0,100,101,true,false
prob-interleaved-uniform-budget-delay,25,13,12,93,3,0.2,5000,100,0,100,101,true,false
prob-interleaved-uniform-budget-delay,25,13,12,94,3,0.2,5000,100,0,100,101,true,false
prob-interleaved-uniform-budget-delay,25,13,12,95,3,0.2,5000,100,0,100,101,true,false
prob-interleaved-uniform-budget-delay,25,13,12,96,3,0.2,5000,100,0,100,101,true,false
prob-interleaved-uniform-budget-delay,25,13,12,97,3,0.2,5000,100,0,100,101,true,false
prob-interleaved-uniform-budget-delay,25,13,12,98,3,0.2,5000,100,0,100,101,true,false
prob-interleaved-uniform-budget-delay,25,13,12,99,3,0.2,5000,100,0,100,101,true,false
prob-interleaved-uniform-budget-delay,25,13,12,100,3,0.2,5000,100,0,100,101,true,false
prob-interleaved-uniform-budget-delay,25,13,12,101,3,0.2,5000,100,0,100,101,true,false
prob-interleaved-uniform-budget-delay,25,13,12,102,3,0.2,5000,100,0,100,101,true,false
prob-interleaved-uniform-budget-delay,25,13,12,103,3,0.2,5000,100,0,100,101,true,false
prob-interleaved-uniform-budget-delay,25,13,12,104,3,0.2,5000,100,0,100,101,true,false
prob-interleaved-uniform-budget-delay,25,13,12,105,3,0.2,5000,100,0,100,101,true,false
prob-interleaved-uniform-budget-delay,25,13,12,106,3,0.2,5000,100,0,100,101,true,false
prob-interleaved-uniform-budget-delay,25,13,12,107,3,0.2,5000,100,0,100,101,true,false
prob-interleaved-uniform-budget-delay,25,13,12,108,3,0.2,5000,100,0,100,101,true,false
prob-interleaved-uniform-budget-delay,25,13,12,109,3,0.2,5000,100,0,100,101,true,false
prob-interleaved-uniform-budget-delay,25,13,12,110,3,0.2,5000,100,0,100,101,true,false
prob-interleaved-uniform-budget-delay,25,13,12,111,3,0.2,5000,100,0,100,101,true,false
prob-interleaved-uniform-budget-delay,25,13,12,112,3,0.2,5000,100,0,100,101,true,false
prob-interleaved-uniform-budget-delay,25,13,12,113,3,0.2,5000,100,0,100,101,true,false
prob-interleaved-uniform-budget-delay,25,13,12,114,3,0.2,5000,100,0,100,101,true,false
prob-interleaved-uniform-budget-delay,25,13,12,115,3,0.2,5000,100,0,100,101,true,false
prob-interleaved-uniform-budget-delay,25,13,12,116,3,0.2,5000,100,0,100,101,true,false
prob-interleaved-uniform-budget-delay,25,13,12,117,3,0.2,5000,100,0,100,101,true,false
prob-interleaved-uniform-budget-delay,25,13,12,118,3,0.2,5000,100,0,100,101,true,false
prob-interleaved-uniform-budget-delay,25,13,12,119,3,0.2,5000,100,0,100,101,true,false
prob-interleaved-uniform-budget-delay,25,13,12,120,3,0.2,5000,100,0,100,101,true,false
prob-interleaved-uniform-budget-delay,25,13,12,121,3,0.2,5000,100,0,100,101,true,false
prob-interleaved-uniform-budget-delay,25,13,12,122,3,0.2,5000,100,0,100,101,true,false
prob-interleaved-uniform-budget-delay,25,13,12,123,3,0.2,5000,100,0,100,101,true,false
prob-interleaved-uniform-budget-delay,25,13,12,124,3,0.2,5000,100,0,100,101,true,false
prob-interleaved-uniform-budget-delay,25,13,12,125,3,0.2,5000,100,0,100,101,true,false
prob-interleaved-uniform-budget-delay,25,13,12,126,3,0.2,5000,100,0,100,101,true,false
prob-interleaved-uniform-budget-delay,25,13,12,127,3,0.2,5000,100,0,100,101,true,false
prob-interleaved-uniform-budget-delay,25,13,12,128,3,0.2,5000,100,0,100,101,true,false
prob-interleaved-uniform-budget-delay,25,13,12,129,3,0.2,5000,100,0,100,101,true,false
prob-interleaved-uniform-budget-delay,25,13,12,130,3,0.2,5000,100,0,100,101,true,false
prob-interleaved-uniform-budget-delay,25,13,12,131,3,0.2,5000,100,0,100,101,true,false
prob-interleaved-uniform-budget-delay,25,13,12,132,3,0.2,5000,100,0,100,101,true,false
prob-interleaved-uniform-budget-delay,25,13,12,133,3,0.2,5000,100,0,100,101,true,false
prob-interleaved-uniform-budget-delay,25,13,12,134,3,0.2,5000,100,0,100,101,true,false
prob-interleaved-uniform-budget-delay,25,13,12,135,3,0.2,5000,100,0,100,101,true,false
prob-interleaved-uniform-budget-delay,25,13,12,136,3,0.2,5000,100,0,100,101,true,false
prob-interleaved-uniform-budget-delay,25,13,12,137,3,0.2,5000,100,0,100,101,true,false
prob-interleaved-uniform-budget-delay,25,13,12,138,3,0.2,5000,100,0,100,101,true,false
prob-interleaved-uniform-budget-delay,25,13,12,139,3,0.2,5000,100,0,100,101,true,false
prob-interleaved-uniform-budget-delay,25,13,12,140,3,0.2,5000,100,0,100,101,true,false
prob-interleaved-uniform-budget-delay,25,13,12,141,3,0.2,5000,100,0,100,101,true,false
prob-interleaved-uniform-budget-delay,25,13,12,142,3,0.2,5000,100,0,100,101,true,false
prob-interleaved-uniform-budget-delay,25,13,12,143,3,0.2,5000,100,0,100,101,true,false
prob-interleaved-uniform-budget-delay,25,13,12,144,3,0.2,5000,100,0,100,101,true,false
prob-interleaved-uniform-budget-delay,25,13,12,145,3,0.2,5000,100,0,100,101,true,false
prob-interleaved-uniform-budget-delay,25,13,12,146,3,0.2,5000,100,0,100,101,true,false
prob-interleaved-uniform-budget-delay,25,13,12,147,3,0.2,5000,100,0,100,101,true,false
prob-interleaved-uniform-budget-delay,25,13,12,148,3,0.2,5000,100,0,100,101,true,false
prob-interleaved-uniform-budget-delay,25,13,12,149,3,0.2,5000,100,0,100,101,true,false
prob-interleaved-uniform-budget-delay,25,13,12,150,3,0.2,5000,100,0,100,101,true,false
prob-interleaved-uniform-budget-delay,25,13,12,151,3,0.2,5000,100,0,100,101,true,false
prob-interleaved-uniform-budget-delay,25,13,12,152,3,0.2,5000,100,0,100,101,true,false
prob-interleaved-uniform-budget-delay,25,13,12,153,3,0.2,5000,100,0,100,101,true,false
prob-interleaved-uniform-budget-delay,25,13,12,154,3,0.2,5000,100,0,100,101,true,false
prob-interleaved-uniform-budget-delay,25,13,12,155,3,0.2,5000,100,0,100,101,true,false
prob-interleaved-uniform-budget-delay,25,13,12,156,3,0.2,5000,100,0,100,101,true,false
prob-interleaved-uniform-budget-delay,25,13,12,157,3,0.2,5000,100,0,100,101,true,false
prob-interleaved-uniform-budget-delay,25,13,12,158,3,0.2,5000,100,0,100,101,true,false
prob-interleaved-uniform-budget-delay,25,13,12,159,3,0.2,5000,100,0,100,101,true,false
prob-interleaved-uniform-budget-delay,25,13,12,160,3,0.2,5000,100,0,100,101,true,false
prob-interleaved-uniform-budget-delay,25,13,12,161,3,0.2,5000,100,0,100,101,true,false
prob-interleaved-uniform-budget-delay,25,13,12,162,3,0.2,5000,100,0,100,101,true,false
prob-interleaved-uniform-budget-delay,25,13,12,163,3,0.2,5000,100,0,100,101,true,false
prob-interleaved-uniform-budget-delay,25,13,12,164,3,0.2,5000,100,0,100,101,true,false
prob-interleaved-uniform-budget-delay,25,13,12,165,3,0.2,5000,100,0,100,101,true,false
prob-interleaved-uniform-budget-delay,25,13,12,166,3,0.2,5000,100,0,100,101,true,false
prob-interleaved-uniform-budget-delay,25,13,12,167,3,0.2,5000,100,0,100,101,true,false
prob-interleaved-uniform-budget-delay,25,13,12,168,3,0.2,5000,100,0,100,101,true,false
prob-interleaved-uniform-budget-delay,25,13,12,169,3,0.2,5000,100,0,100,101,true,false
prob-interleaved-uniform-budget-delay,25,13,12,170,3,0.2,5000,100,0,100,101,true,false
prob-interleaved-uniform-budget-delay,25,13,12,171,3,0.2,5000,100,0,100,101,true,false
prob-interleaved-uniform-budget-delay,25,13,12,172,3,0.2,5000,100,0,100,101,true,false
prob-interleaved-uniform-budget-delay,25,13,12,173,3,0.2,5000,100,0,100,101,true,false
prob-interleaved-uniform-budget-delay,25,13,12,174,3,0.2,5000,100,0,100,101,true,false
prob-interleaved-uniform-budget-delay,25,13,12,175,3,0.2,5000,100,0,100,101,true,false
prob-interleaved-uniform-budget-delay,25,13,12,176,3,0.2,5000,100,0,100,101,true,false
prob-interleaved-uniform-budget-delay,25,13,12,177,3,0.2,5000,100,0,100,101,true,false
prob-interleaved-uniform-budget-delay,25,13,12,178,3,0.2,5000,100,0,100,101,true,false
prob-interleaved-uniform-budget-delay,25,13,12,179,3,0.2,5000,100,0,100,101,true,false
prob-interleaved-uniform-budget-delay,25,13,12,180,3,0.2,5000,100,0,100,101,true,false
prob-interleaved-uniform-budget-delay,25,13,12,181,3,0.2,5000,100,0,100,101,true,false
prob-interleaved-uniform-budget-delay,25,13,12,182,3,0.2,5000,100,0,100,101,true,false
prob-interleaved-uniform-budget-delay,25,13,12,183,3,0.2,5000,100,0,100,101,true,false
prob-interleaved-uniform-budget-delay,25,13,12,184,3,0.2,5000,100,0,100,101,true,false
prob-interleaved-uniform-budget-delay,25,13,12,185,3,0.2,5000,100,0,100,101,true,false
prob-interleaved-uniform-budget-delay,25,13,12,186,3,0.2,5000,100,0,100,101,true,false
prob-interleaved-uniform-budget-delay,25,13,12,187,3,0.2,5000,100,0,100,101,true,false
prob-interleaved-uniform-budget-delay,25,13,12,188,3,0.2,5000,100,0,100,101,true,false
prob-interleaved-uniform-budget-delay,25,13,12,189,3,0.2,5000,100,0,100,101,true,false
prob-interleaved-uniform-budget-delay,25,13,12,190,3,0.2,5000,100,0,100,101,true,false
prob-interleaved-uniform-budget-delay,25,13,12,191,3,0.2,5000,100,0,100,101,true,false
prob-interleaved-uniform-budget-delay,25,13,12,192,3,0.2,5000,100,0,100,101,true,false
prob-interleaved-uniform-budget-delay,25,13,12,193,3,0.2,5000,100,0,100,101,true,false
prob-interleaved-uniform-budget-delay,25,13,12,194,3,0.2,5000,100,0,100,101,true,false
prob-interleaved-uniform-budget-delay,25,13,12,195,3,0.2,5000,100,0,100,101,true,false
prob-interleaved-uniform-budget-delay,25,13,12,196,3,0.2,5000,100,0,100,101,true,false
prob-interleaved-uniform-budget-delay,25,13,12,197,3,0.2,5000,100,0,100,101,true,false
prob-interleaved-uniform-budget-delay,25,13,12,198,3,0.2,5000,100,0,100,101,true,false
prob-interleaved-uniform-budget-delay,25,13,12,199,3,0.2,5000,100,0,100,101,true,false
prob-interleaved-uniform-budget-delay,25,13,12,200,3,0.2,5000,100,0,100,101,true,false
progress-aware-quorum-delay,25,13,12,1,3,0.2,5000,100,0,100,101,true,false
progress-aware-quorum-delay,25,13,12,2,3,0.2,5000,100,0,100,101,true,false
progress-aware-quorum-delay,25,13,12,3,3,0.2,5000,100,0,100,101,true,false
progress-aware-quorum-delay,25,13,12,4,3,0.2,5000,100,0,100,101,true,false
progress-aware-quorum-delay,25,13,12,5,3,0.2,5000,100,0,100,101,true,false
progress-aware-quorum-delay,25,13,12,6,3,0.2,5000,100,0,100,101,true,false
progress-aware-quorum-delay,25,13,12,7,3,0.2,5000,100,0,100,101,true,false
progress-aware-quorum-delay,25,13,12,8,3,0.2,5000,100,0,100,101,true,false
progress-aware-quorum-delay,25,13,12,9,3,0.2,5000,100,0,100,101,true,false
progress-aware-quorum-delay,25,13,12,10,3,0.2,5000,100,0,100,101,true,false
progress-aware-quorum-delay,25,13,12,11,3,0.2,5000,100,0,100,101,true,false
progress-aware-quorum-delay,25,13,12,12,3,0.2,5000,100,0,100,101,true,false
progress-aware-quorum-delay,25,13,12,13,3,0.2,5000,100,0,100,101,true,false
progress-aware-quorum-delay,25,13,12,14,3,0.2,5000,100,0,100,101,true,false
progress-aware-quorum-delay,25,13,12,15,3,0.2,5000,100,0,100,101,true,false
progress-aware-quorum-delay,25,13,12,16,3,0.2,5000,100,0,100,101,true,false
progress-aware-quorum-delay,25,13,12,17,3,0.2,5000,100,0,100,101,true,false
progress-aware-quorum-delay,25,13,12,18,3,0.2,5000,100,0,100,101,true,false
progress-aware-quorum-delay,25,13,12,19,3,0.2,5000,100,0,100,101,true,false
progress-aware-quorum-delay,25,13,12,20,3,0.2,5000,100,0,100,101,true,false
progress-aware-quorum-delay,25,13,12,21,3,0.2,5000,100,0,100,101,true,false
progress-aware-quorum-delay,25,13,12,22,3,0.2,5000,100,0,100,101,true,false
progress-aware-quorum-delay,25,13,12,23,3,0.2,5000,100,0,100,101,true,false
progress-aware-quorum-delay,25,13,12,24,3,0.2,5000,100,0,100,101,true,false
progress-aware-quorum-delay,25,13,12,25,3,0.2,5000,100,0,100,101,true,false
progress-aware-quorum-delay,25,13,12,26,3,0.2,5000,100,0,100,101,true,false
progress-aware-quorum-delay,25,13,12,27,3,0.2,5000,100,0,100,101,true,false
progress-aware-quorum-delay,25,13,12,28,3,0.2,5000,100,0,100,101,true,false
progress-aware-quorum-delay,25,13,12,29,3,0.2,5000,100,0,100,101,true,false
progress-aware-quorum-delay,25,13,12,30,3,0.2,5000,100,0,100,101,true,false
progress-aware-quorum-delay,25,13,12,31,3,0.2,5000,100,0,100,101,true,false
progress-aware-quorum-delay,25,13,12,32,3,0.2,5000,100,0,100,101,true,false
progress-aware-quorum-delay,25,13,12,33,3,0.2,5000,100,0,100,101,true,false
progress-aware-quorum-delay,25,13,12,34,3,0.2,5000,100,0,100,101,true,false
progress-aware-quorum-delay,25,13,12,35,3,0.2,5000,100,0,100,101,true,false
progress-aware-quorum-delay,25,13,12,36,3,0.2,5000,100,0,100,101,true,false
progress-aware-quorum-delay,25,13,12,37,3,0.2,5000,100,0,100,101,true,false
progress-aware-quorum-delay,25,13,12,38,3,0.2,5000,100,0,100,101,true,false
progress-aware-quorum-delay,25,13,12,39,3,0.2,5000,100,0,100,101,true,false
progress-aware-quorum-delay,25,13,12,40,3,0.2,5000,100,0,100,101,true,false
progress-aware-quorum-delay,25,13,12,41,3,0.2,5000,100,0,100,101,true,false
progress-aware-quorum-delay,25,13,12,42,3,0.2,5000,100,0,100,101,true,false
progress-aware-quorum-delay,25,13,12,43,3,0.2,5000,100,0,100,101,true,false
progress-aware-quorum-delay,25,13,12,44,3,0.2,5000,100,0,100,101,true,false
progress-aware-quorum-delay,25,13,12,45,3,0.2,5000,100,0,100,101,true,false
progress-aware-quorum-delay,25,13,12,46,3,0.2,5000,100,0,100,101,true,false
progress-aware-quorum-delay,25,13,12,47,3,0.2,5000,100,0,100,101,true,false
progress-aware-quorum-delay,25,13,12,48,3,0.2,5000,100,0,100,101,true,false
progress-aware-quorum-delay,25,13,12,49,3,0.2,5000,100,0,100,101,true,false
progress-aware-quorum-delay,25,13,12,50,3,0.2,5000,100,0,100,101,true,false
progress-aware-quorum-delay,25,13,12,51,3,0.2,5000,100,0,100,101,true,false
progress-aware-quorum-delay,25,13,12,52,3,0.2,5000,100,0,100,101,true,false
progress-aware-quorum-delay,25,13,12,53,3,0.2,5000,100,0,100,101,true,false
progress-aware-quorum-delay,25,13,12,54,3,0.2,5000,100,0,100,101,true,false
progress-aware-quorum-delay,25,13,12,55,3,0.2,5000,100,0,100,101,true,false
progress-aware-quorum-delay,25,13,12,56,3,0.2,5000,100,0,100,101,true,false
progress-aware-quorum-delay,25,13,12,57,3,0.2,5000,100,0,100,101,true,false
progress-aware-quorum-delay,25,13,12,58,3,0.2,5000,100,0,100,101,true,false
progress-aware-quorum-delay,25,13,12,59,3,0.2,5000,100,0,100,101,true,false
progress-aware-quorum-delay,25,13,12,60,3,0.2,5000,100,0,100,101,true,false
progress-aware-quorum-delay,25,13,12,61,3,0.2,5000,100,0,100,101,true,false
progress-aware-quorum-delay,25,13,12,62,3,0.2,5000,100,0,100,101,true,false
progress-aware-quorum-delay,25,13,12,63,3,0.2,5000,100,0,100,101,true,false
progress-aware-quorum-delay,25,13,12,64,3,0.2,5000,100,0,100,101,true,false
progress-aware-quorum-delay,25,13,12,65,3,0.2,5000,100,0,100,101,true,false
progress-aware-quorum-delay,25,13,12,66,3,0.2,5000,100,0,100,101,true,false
progress-aware-quorum-delay,25,13,12,67,3,0.2,5000,100,0,100,101,true,false
progress-aware-quorum-delay,25,13,12,68,3,0.2,5000,100,0,100,101,true,false
progress-aware-quorum-delay,25,13,12,69,3,0.2,5000,100,0,100,101,true,false
progress-aware-quorum-delay,25,13,12,70,3,0.2,5000,100,0,100,101,true,false
progress-aware-quorum-delay,25,13,12,71,3,0.2,5000,100,0,100,101,true,false
progress-aware-quorum-delay,25,13,12,72,3,0.2,5000,100,0,100,101,true,false
progress-aware-quorum-delay,25,13,12,73,3,0.2,5000,100,0,100,101,true,false
progress-aware-quorum-delay,25,13,12,74,3,0.2,5000,100,0,100,101,true,false
progress-aware-quorum-delay,25,13,12,75,3,0.2,5000,100,0,100,101,true,false
progress-aware-quorum-delay,25,13,12,76,3,0.2,5000,100,0,100,101,true,false
progress-aware-quorum-delay,25,13,12,77,3,0.2,5000,100,0,100,101,true,false
progress-aware-quorum-delay,25,13,12,78,3,0.2,5000,100,0,100,101,true,false
progress-aware-quorum-delay,25,13,12,79,3,0.2,5000,100,0,100,101,true,false
progress-aware-quorum-delay,25,13,12,80,3,0.2,5000,100,0,100,101,true,false
progress-aware-quorum-delay,25,13,12,81,3,0.2,5000,100,0,100,101,true,false
progress-aware-quorum-delay,25,13,12,82,3,0.2,5000,100,0,100,101,true,false
progress-aware-quorum-delay,25,13,12,83,3,0.2,5000,100,0,100,101,true,false
progress-aware-quorum-delay,25,13,12,84,3,0.2,5000,100,0,100,101,true,false
progress-aware-quorum-delay,25,13,12,85,3,0.2,5000,100,0,100,101,true,false
progress-aware-quorum-delay,25,13,12,86,3,0.2,5000,100,0,100,101,true,false
progress-aware-quorum-delay,25,13,12,87,3,0.2,5000,100,0,100,101,true,false
progress-aware-quorum-delay,25,13,12,88,3,0.2,5000,100,0,100,101,true,false
progress-aware-quorum-delay,25,13,12,89,3,0.2,5000,100,0,100,101,true,false
progress-aware-quorum-delay,25,13,12,90,3,0.2,5000,100,0,100,101,true,false
progress-aware-quorum-delay,25,13,12,91,3,0.2,5000,100,0,100,101,true,false
progress-aware-quorum-delay,25,13,12,92,3,0.2,5000,100,0,100,101,true,false
progress-aware-quorum-delay,25,13,12,93,3,0.2,5000,100,0,100,101,true,false
progress-aware-quorum-delay,25,13,12,94,3,0.2,5000,100,0,100,101,true,false
progress-aware-quorum-delay,25,13,12,95,3,0.2,5000,100,0,100,101,true,false
progress-aware-quorum-delay,25,13,12,96,3,0.2,5000,100,0,100,101,true,false
progress-aware-quorum-delay,25,13,12,97,3,0.2,5000,100,0,100,101,true,false
progress-aware-quorum-delay,25,13,12,98,3,0.2,5000,100,0,100,101,true,false
progress-aware-quorum-delay,25,13,12,99,3,0.2,5000,100,0,100,101,true,false
progress-aware-quorum-delay,25,13,12,100,3,0.2,5000,100,0,100,101,true,false
progress-aware-quorum-delay,25,13,12,101,3,0.2,5000,100,0,100,101,true,false
progress-aware-quorum-delay,25,13,12,102,3,0.2,5000,100,0,100,101,true,false
progress-aware-quorum-delay,25,13,12,103,3,0.2,5000,100,0,100,101,true,false
progress-aware-quorum-delay,25,13,12,104,3,0.2,5000,100,0,100,101,true,false
progress-aware-quorum-delay,25,13,12,105,3,0.2,5000,100,0,100,101,true,false
progress-aware-quorum-delay,25,13,12,106,3,0.2,5000,100,0,100,101,true,false
progress-aware-quorum-delay,25,13,12,107,3,0.2,5000,100,0,100,101,true,false
progress-aware-quorum-delay,25,13,12,108,3,0.2,5000,100,0,100,101,true,false
progress-aware-quorum-delay,25,13,12,109,3,0.2,5000,100,0,100,101,true,false
progress-aware-quorum-delay,25,13,12,110,3,0.2,5000,100,0,100,101,true,false
progress-aware-quorum-delay,25,13,12,111,3,0.2,5000,100,0,100,101,true,false
progress-aware-quorum-delay,25,13,12,112,3,0.2,5000,100,0,100,101,true,false
progress-aware-quorum-delay,25,13,12,113,3,0.2,5000,100,0,100,101,true,false
progress-aware-quorum-delay,25,13,12,114,3,0.2,5000,100,0,100,101,true,false
progress-aware-quorum-delay,25,13,12,115,3,0.2,5000,100,0,100,101,true,false
progress-aware-quorum-delay,25,13,12,116,3,0.2,5000,100,0,100,101,true,false
progress-aware-quorum-delay,25,13,12,117,3,0.2,5000,100,0,100,101,true,false
progress-aware-quorum-delay,25,13,12,118,3,0.2,5000,100,0,100,101,true,false
progress-aware-quorum-delay,25,13,12,119,3,0.2,5000,100,0,100,101,true,false
progress-aware-quorum-delay,25,13,12,120,3,0.2,5000,100,0,100,101,true,false
progress-aware-quorum-delay,25,13,12,121,3,0.2,5000,100,0,100,101,true,false
progress-aware-quorum-delay,25,13,12,122,3,0.2,5000,100,0,100,101,true,false
progress-aware-quorum-delay,25,13,12,123,3,0.2,5000,100,0,100,101,true,false
progress-aware-quorum-delay,25,13,12,124,3,0.2,5000,100,0,100,101,true,false
progress-aware-quorum-delay,25,13,12,125,3,0.2,5000,100,0,100,101,true,false
progress-aware-quorum-delay,25,13,12,126,3,0.2,5000,100,0,100,101,true,false
progress-aware-quorum-delay,25,13,12,127,3,0.2,5000,100,0,100,101,true,false
progress-aware-quorum-delay,25,13,12,128,3,0.2,5000,100,0,100,101,true,false
progress-aware-quorum-delay,25,13,12,129,3,0.2,5000,100,0,100,101,true,false
progress-aware-quorum-delay,25,13,12,130,3,0.2,5000,100,0,100,101,true,false
progress-aware-quorum-delay,25,13,12,131,3,0.2,5000,100,0,100,101,true,false
progress-aware-quorum-delay,25,13,12,132,3,0.2,5000,100,0,100,101,true,false
progress-aware-quorum-delay,25,13,12,133,3,0.2,5000,100,0,100,101,true,false
progress-aware-quorum-delay,25,13,12,134,3,0.2,5000,100,0,100,101,true,false
progress-aware-quorum-delay,25,13,12,135,3,0.2,5000,100,0,100,101,true,false
progress-aware-quorum-delay,25,13,12,136,3,0.2,5000,100,0,100,101,true,false
progress-aware-quorum-delay,25,13,12,137,3,0.2,5000,100,0,100,101,true,false
progress-aware-quorum-delay,25,13,12,138,3,0.2,5000,100,0,100,101,true,false
progress-aware-quorum-delay,25,13,12,139,3,0.2,5000,100,0,100,101,true,false
progress-aware-quorum-delay,25,13,12,140,3,0.2,5000,100,0,100,101,true,false
progress-aware-quorum-delay,25,13,12,141,3,0.2,5000,100,0,100,101,true,false
progress-aware-quorum-delay,25,13,12,142,3,0.2,5000,100,0,100,101,true,false
progress-aware-quorum-delay,25,13,12,143,3,0.2,5000,100,0,100,101,true,false
progress-aware-quorum-delay,25,13,12,144,3,0.2,5000,100,0,100,101,true,false
progress-aware-quorum-delay,25,13,12,145,3,0.2,5000,100,0,100,101,true,false
progress-aware-quorum-delay,25,13,12,146,3,0.2,5000,100,0,100,101,true,false
progress-aware-quorum-delay,25,13,12,147,3,0.2,5000,100,0,100,101,true,false
progress-aware-quorum-delay,25,13,12,148,3,0.2,5000,100,0,100,101,true,false
progress-aware-quorum-delay,25,13,12,149,3,0.2,5000,100,0,100,101,true,false
progress-aware-quorum-delay,25,13,12,150,3,0.2,5000,100,0,100,101,true,false
progress-aware-quorum-delay,25,13,12,151,3,0.2,5000,100,0,100,101,true,false
progress-aware-quorum-delay,25,13,12,152,3,0.2,5000,100,0,100,101,true,false
progress-aware-quorum-delay,25,13,12,153,3,0.2,5000,100,0,100,101,true,false
progress-aware-quorum-delay,25,13,12,154,3,0.2,5000,100,0,100,101,true,false
progress-aware-quorum-delay,25,13,12,155,3,0.2,5000,100,0,100,101,true,false
progress-aware-quorum-delay,25,13,12,156,3,0.2,5000,100,0,100,101,true,false
progress-aware-quorum-delay,25,13,12,157,3,0.2,5000,100,0,100,101,true,false
progress-aware-quorum-delay,25,13,12,158,3,0.2,5000,100,0,100,101,true,false
progress-aware-quorum-delay,25,13,12,159,3,0.2,5000,100,0,100,101,true,false
progress-aware-quorum-delay,25,13,12,160,3,0.2,5000,100,0,100,101,true,false
progress-aware-quorum-delay,25,13,12,161,3,0.2,5000,100,0,100,101,true,false
progress-aware-quorum-delay,25,13,12,162,3,0.2,5000,100,0,100,101,true,false
progress-aware-quorum-delay,25,13,12,163,3,0.2,5000,100,0,100,101,true,false
progress-aware-quorum-delay,25,13,12,164,3,0.2,5000,100,0,100,101,true,false
progress-aware-quorum-delay,25,13,12,165,3,0.2,5000,100,0,100,101,true,false
progress-aware-quorum-delay,25,13,12,166,3,0.2,5000,100,0,100,101,true,false
progress-aware-quorum-delay,25,13,12,167,3,0.2,5000,100,0,100,101,true,false
progress-aware-quorum-delay,25,13,12,168,3,0.2,5000,100,0,100,101,true,false
progress-aware-quorum-delay,25,13,12,169,3,0.2,5000,100,0,100,101,true,false
progress-aware-quorum-delay,25,13,12,170,3,0.2,5000,100,0,100,101,true,false
progress-aware-quorum-delay,25,13,12,171,3,0.2,5000,100,0,100,101,true,false
progress-aware-quorum-delay,25,13,12,172,3,0.2,5000,100,0,100,101,true,false
progress-aware-quorum-delay,25,13,12,173,3,0.2,5000,100,0,100,101,true,false
progress-aware-quorum-delay,25,13,12,174,3,0.2,5000,100,0,100,101,true,false
progress-aware-quorum-delay,25,13,12,175,3,0.2,5000,100,0,100,101,true,false
progress-aware-quorum-delay,25,13,12,176,3,0.2,5000,100,0,100,101,true,false
progress-aware-quorum-delay,25,13,12,177,3,0.2,5000,100,0,100,101,true,false
progress-aware-quorum-delay,25,13,12,178,3,0.2,5000,100,0,100,101,true,false
progress-aware-quorum-delay,25,13,12,179,3,0.2,5000,100,0,100,101,true,false
progress-aware-quorum-delay,25,13,12,180,3,0.2,5000,100,0,100,101,true,false
progress-aware-quorum-delay,25,13,12,181,3,0.2,5000,100,0,100,101,true,false
progress-aware-quorum-delay,25,13,12,182,3,0.2,5000,100,0,100,101,true,false
progress-aware-quorum-delay,25,13,12,183,3,0.2,5000,100,0,100,101,true,false
progress-aware-quorum-delay,25,13,12,184,3,0.2,5000,100,0,100,101,true,false
progress-aware-quorum-delay,25,13,12,185,3,0.2,5000,100,0,100,101,true,false
progress-aware-quorum-delay,25,13,12,186,3,0.2,5000,100,0,100,101,true,false
progress-aware-quorum-delay,25,13,12,187,3,0.2,5000,100,0,100,101,true,false
progress-aware-quorum-delay,25,13,12,188,3,0.2,5000,100,0,100,101,true,false
progress-aware-quorum-delay,25,13,12,189,3,0.2,5000,100,0,100,101,true,false
progress-aware-quorum-delay,25,13,12,190,3,0.2,5000,100,0,100,101,true,false
progress-aware-quorum-delay,25,13,12,191,3,0.2,5000,100,0,100,101,true,false
progress-aware-quorum-delay,25,13,12,192,3,0.2,5000,100,0,100,101,true,false
progress-aware-quorum-delay,25,13,12,193,3,0.2,5000,100,0,100,101,true,false
progress-aware-quorum-delay,25,13,12,194,3,0.2,5000,100,0,100,101,true,false
progress-aware-quorum-delay,25,13,12,195,3,0.2,5000,100,0,100,101,true,false
progress-aware-quorum-delay,25,13,12,196,3,0.2,5000,100,0,100,101,true,false
progress-aware-quorum-delay,25,13,12,197,3,0.2,5000,100,0,100,101,true,false
progress-aware-quorum-delay,25,13,12,198,3,0.2,5000,100,0,100,101,true,false
progress-aware-quorum-delay,25,13,12,199,3,0.2,5000,100,0,100,101,true,false
progress-aware-quorum-delay,25,13,12,200,3,0.2,5000,100,0,100,101,true,false
