scheduler,n,quorum,surplus,seed,k,T,steps,timeouts,decisions,retries,max_ballot,reached_step_cap,safety
uniform-budget-delay,5,3,2,1,15,20,46,1,1,1,2,false,false
uniform-budget-delay,5,3,2,2,15,20,46,1,1,1,2,false,false
uniform-budget-delay,5,3,2,3,15,20,46,1,1,1,2,false,false
uniform-budget-delay,5,3,2,4,15,20,46,1,1,1,2,false,false
uniform-budget-delay,5,3,2,5,15,20,46,1,1,1,2,false,false
uniform-budget-delay,5,3,2,6,15,20,46,1,1,1,2,false,false
uniform-budget-delay,5,3,2,7,15,20,46,1,1,1,2,false,false
uniform-budget-delay,5,3,2,8,15,20,46,1,1,1,2,false,false
uniform-budget-delay,5,3,2,9,15,20,46,1,1,1,2,false,false
uniform-budget-delay,5,3,2,10,15,20,46,1,1,1,2,false,false
uniform-budget-delay,5,3,2,11,15,20,46,1,1,1,2,false,false
uniform-budget-delay,5,3,2,12,15,20,46,1,1,1,2,false,false
uniform-budget-delay,5,3,2,13,15,20,46,1,1,1,2,false,false
uniform-budget-delay,5,3,2,14,15,20,46,1,1,1,2,false,false
uniform-budget-delay,5,3,2,15,15,20,46,1,1,1,2,false,false
uniform-budget-delay,5,3,2,16,15,20,46,1,1,1,2,false,false
uniform-budget-delay,5,3,2,17,15,20,46,1,1,1,2,false,false
uniform-budget-delay,5,3,2,18,15,20,46,1,1,1,2,false,false
uniform-budget-delay,5,3,2,19,15,20,46,1,1,1,2,false,false
uniform-budget-delay,5,3,2,20,15,20,46,1,1,1,2,false,false
uniform-budget-delay,5,3,2,21,15,20,46,1,1,1,2,false,false
uniform-budget-delay,5,3,2,22,15,20,46,1,1,1,2,false,false
uniform-budget-delay,5,3,2,23,15,20,46,1,1,1,2,false,false
uniform-budget-delay,5,3,2,24,15,20,46,1,1,1,2,false,false
uniform-budget-delay,5,3,2,25,15,20,46,1,1,1,2,false,false
uniform-budget-delay,5,3,2,26,15,20,46,1,1,1,2,false,false
uniform-budget-delay,5,3,2,27,15,20,46,1,1,1,2,false,false
uniform-budget-delay,5,3,2,28,15,20,46,1,1,1,2,false,false
uniform-budget-delay,5,3,2,29,15,20,46,1,1,1,2,false,false
uniform-budget-delay,5,3,2,30,15,20,46,1,1,1,2,false,false
uniform-budget-delay,5,3,2,31,15,20,46,1,1,1,2,false,false
uniform-budget-delay,5,3,2,32,15,20,46,1,1,1,2,false,false
uniform-budget-delay,5,3,2,33,15,20,46,1,1,1,2,false,false
uniform-budget-delay,5,3,2,34,15,20,46,1,1,1,2,false,false
uniform-budget-delay,5,3,2,35,15,20,46,1,1,1,2,false,false
uniform-budget-delay,5,3,2,36,15,20,46,1,1,1,2,false,false
uniform-budget-delay,5,3,2,37,15,20,46,1,1,1,2,false,false
uniform-budget-delay,5,3,2,38,15,20,46,1,1,1,2,false,false
uniform-budget-delay,5,3,2,39,15,20,46,1,1,1,2,false,false
uniform-budget-delay,5,3,2,40,15,20,46,1,1,1,2,false,false
uniform-budget-delay,5,3,2,41,15,20,46,1,1,1,2,false,false
uniform-budget-delay,5,3,2,42,15,20,46,1,1,1,2,false,false
uniform-budget-delay,5,3,2,43,15,20,46,1,1,1,2,false,false
uniform-budget-delay,5,3,2,44,15,20,46,1,1,1,2,false,false
uniform-budget-delay,5,3,2,45,15,20,46,1,1,1,2,false,false
uniform-budget-delay,5,3,2,46,15,20,46,1,1,1,2,false,false
uniform-budget-delay,5,3,2,47,15,20,46,1,1,1,2,false,false
uniform-budget-delay,5,3,2,48,15,20,46,1,1,1,2,false,false
uniform-budget-delay,5,3,2,49,15,20,46,1,1,1,2,false,false
uniform-budget-delay,5,3,2,50,15,20,46,1,1,1,2,false,false
uniform-budget-delay,5,3,2,51,15,20,46,1,1,1,2,false,false
uniform-budget-delay,5,3,2,52,15,20,46,1,1,1,2,false,false
uniform-budget-delay,5,3,2,53,15,20,46,1,1,1,2,false,false
uniform-budget-delay,5,3,2,54,15,20,46,1,1,1,2,false,false
uniform-budget-delay,5,3,2,55,15,20,46,1,1,1,2,false,false
uniform-budget-delay,5,3,2,56,15,20,46,1,1,1,2,false,false
uniform-budget-delay,5,3,2,57,15,20,46,1,1,1,2,false,false
uniform-budget-delay,5,3,2,58,15,20,46,1,1,1,2,false,false
uniform-budget-delay,5,3,2,59,15,20,46,1,1,1,2,false,false
uniform-budget-delay,5,3,2,60,15,20,46,1,1,1,2,false,false
uniform-budget-delay,5,3,2,61,15,20,46,1,1,1,2,false,false
uniform-budget-delay,5,3,2,62,15,20,46,1,1,1,2,false,false
uniform-budget-delay,5,3,2,63,15,20,46,1,1,1,2,false,false
uniform-budget-delay,5,3,2,64,15,20,46,1,1,1,2,false,false
uniform-budget-delay,5,3,2,65,15,20,46,1,1,1,2,false,false
uniform-budget-delay,5,3,2,66,15,20,46,1,1,1,2,false,false
uniform-budget-delay,5,3,2,67,15,20,46,1,1,1,2,false,false
uniform-budget-delay,5,3,2,68,15,20,46,1,1,1,2,false,false
uniform-budget-delay,5,3,2,69,15,20,46,1,1,1,2,false,false
uniform-budget-delay,5,3,2,70,15,20,46,1,1,1,2,false,false
uniform-budget-delay,5,3,2,71,15,20,46,1,1,1,2,false,false
uniform-budget-delay,5,3,2,72,15,20,46,1,1,1,2,false,false
uniform-budget-delay,5,3,2,73,15,20,46,1,1,1,2,false,false
uniform-budget-delay,5,3,2,74,15,20,46,1,1,1,2,false,false
uniform-budget-delay,5,3,2,75,15,20,46,1,1,1,2,false,false
uniform-budget-delay,5,3,2,76,15,20,46,1,1,1,2,false,false
uniform-budget-delay,5,3,2,77,15,20,46,1,1,1,2,false,false
uniform-budget-delay,5,3,2,78,15,20,46,1,1,1,2,false,false
uniform-budget-delay,5,3,2,79,15,20,46,1,1,1,2,false,false
uniform-budget-delay,5,3,2,80,15,20,46,1,1,1,2,false,false
uniform-budget-delay,5,3,2,81,15,20,46,1,1,1,2,false,false
uniform-budget-delay,5,3,2,82,15,20,46,1,1,1,2,false,false
uniform-budget-delay,5,3,2,83,15,20,46,1,1,1,2,false,false
uniform-budget-delay,5,3,2,84,15,20,46,1,1,1,2,false,false
uniform-budget-delay,5,3,2,85,15,20,46,1,1,1,2,false,false
uniform-budget-delay,5,3,2,86,15,20,46,1,1,1,2,false,false
uniform-budget-delay,5,3,2,87,15,20,46,1,1,1,2,false,false
uniform-budget-delay,5,3,2,88,15,20,46,1,1,1,2,false,false
uniform-budget-delay,5,3,2,89,15,20,46,1,1,1,2,false,false
uniform-budget-delay,5,3,2,90,15,20,46,1,1,1,2,false,false
uniform-budget-delay,5,3,2,91,15,20,46,1,1,1,2,false,false
uniform-budget-delay,5,3,2,92,15,20,46,1,1,1,2,false,false
uniform-budget-delay,5,3,2,93,15,20,46,1,1,1,2,false,false
uniform-budget-delay,5,3,2,94,15,20,46,1,1,1,2,false,false
uniform-budget-delay,5,3,2,95,15,20,46,1,1,1,2,false,false
uniform-budget-delay,5,3,2,96,15,20,46,1,1,1,2,false,false
uniform-budget-delay,5,3,2,97,15,20,46,1,1,1,2,false,false
uniform-budget-delay,5,3,2,98,15,20,46,1,1,1,2,false,false
uniform-budget-delay,5,3,2,99,15,20,46,1,1,1,2,false,false
uniform-budget-delay,5,3,2,100,15,20,46,1,1,1,2,false,false
uniform-budget-delay,5,3,2,101,15,20,46,1,1,1,2,false,false
uniform-budget-delay,5,3,2,102,15,20,46,1,1,1,2,false,false
uniform-budget-delay,5,3,2,103,15,20,46,1,1,1,2,false,false
uniform-budget-delay,5,3,2,104,15,20,46,1,1,1,2,false,false
uniform-budget-delay,5,3,2,105,15,20,46,1,1,1,2,false,false
uniform-budget-delay,5,3,2,106,15,20,46,1,1,1,2,false,false
uniform-budget-delay,5,3,2,107,15,20,46,1,1,1,2,false,false
uniform-budget-delay,5,3,2,108,15,20,46,1,1,1,2,false,false
uniform-budget-delay,5,3,2,109,15,20,46,1,1,1,2,false,false
uniform-budget-delay,5,3,2,110,15,20,46,1,1,1,2,false,false
uniform-budget-delay,5,3,2,111,15,20,46,1,1,1,2,false,false
uniform-budget-delay,5,3,2,112,15,20,46,1,1,1,2,false,false
uniform-budget-delay,5,3,2,113,15,20,46,1,1,1,2,false,false
uniform-budget-delay,5,3,2,114,15,20,46,1,1,1,2,false,false
uniform-budget-delay,5,3,2,115,15,20,46,1,1,1,2,false,false
uniform-budget-delay,5,3,2,116,15,20,46,1,1,1,2,false,false
uniform-budget-delay,5,3,2,117,15,20,46,1,1,1,2,false,false
uniform-budget-delay,5,3,2,118,15,20,46,1,1,1,2,false,false
uniform-budget-delay,5,3,2,119,15,20,46,1,1,1,2,false,false
uniform-budget-delay,5,3,2,120,15,20,46,1,1,1,2,false,false
uniform-budget-delay,5,3,2,121,15,20,46,1,1,1,2,false,false
uniform-budget-delay,5,3,2,122,15,20,46,1,1,1,2,false,false
uniform-budget-delay,5,3,2,123,15,20,46,1,1,1,2,false,false
uniform-budget-delay,5,3,2,124,15,20,46,1,1,1,2,false,false
uniform-budget-delay,5,3,2,125,15,20,46,1,1,1,2,false,false
uniform-budget-delay,5,3,2,126,15,20,46,1,1,1,2,false,false
uniform-budget-delay,5,3,2,127,15,20,46,1,1,1,2,false,false
uniform-budget-delay,5,3,2,128,15,20,46,1,1,1,2,false,false
uniform-budget-delay,5,3,2,129,15,20,46,1,1,1,2,false,false
uniform-budget-delay,5,3,2,130,15,20,46,1,1,1,2,false,false
uniform-budget-delay,5,3,2,131,15,20,46,1,1,1,2,false,false
uniform-budget-delay,5,3,2,132,15,20,46,1,1,1,2,false,false
uniform-budget-delay,5,3,2,133,15,20,46,1,1,1,2,false,false
uniform-budget-delay,5,3,2,134,15,20,46,1,1,1,2,false,false
uniform-budget-delay,5,3,2,135,15,20,46,1,1,1,2,false,false
uniform-budget-delay,5,3,2,136,15,20,46,1,1,1,2,false,false
uniform-budget-delay,5,3,2,137,15,20,46,1,1,1,2,false,false
uniform-budget-delay,5,3,2,138,15,20,46,1,1,1,2,false,false
uniform-budget-delay,5,3,2,139,15,20,46,1,1,1,2,false,false
uniform-budget-delay,5,3,2,140,15,20,46,1,1,1,2,false,false
uniform-budget-delay,5,3,2,141,15,20,46,1,1,1,2,false,false
uniform-budget-delay,5,3,2,142,15,20,46,1,1,1,2,false,false
uniform-budget-delay,5,3,2,143,15,20,46,1,1,1,2,false,false
uniform-budget-delay,5,3,2,144,15,20,46,1,1,1,2,false,false
uniform-budget-delay,5,3,2,145,15,20,46,1,1,1,2,false,false
uniform-budget-delay,5,3,2,146,15,20,46,1,1,1,2,false,false
uniform-budget-delay,5,3,2,147,15,20,46,1,1,1,2,false,false
uniform-budget-delay,5,3,2,148,15,20,46,1,1,1,2,false,false
uniform-budget-delay,5,3,2,149,15,20,46,1,1,1,2,false,false
uniform-budget-delay,5,3,2,150,15,20,46,1,1,1,2,false,false
uniform-budget-delay,5,3,2,151,15,20,46,1,1,1,2,false,false
uniform-budget-delay,5,3,2,152,15,20,46,1,1,1,2,false,false
uniform-budget-delay,5,3,2,153,15,20,46,1,1,1,2,false,false
uniform-budget-delay,5,3,2,154,15,20,46,1,1,1,2,false,false
uniform-budget-delay,5,3,2,155,15,20,46,1,1,1,2,false,false
uniform-budget-delay,5,3,2,156,15,20,46,1,1,1,2,false,false
uniform-budget-delay,5,3,2,157,15,20,46,1,1,1,2,false,false
uniform-budget-delay,5,3,2,158,15,20,46,1,1,1,2,false,false
uniform-budget-delay,5,3,2,159,15,20,46,1,1,1,2,false,false
uniform-budget-delay,5,3,2,160,15,20,46,1,1,1,2,false,false
uniform-budget-delay,5,3,2,161,15,20,46,1,1,1,2,false,false
uniform-budget-delay,5,3,2,162,15,20,46,1,1,1,2,false,false
uniform-budget-delay,5,3,2,163,15,20,46,1,1,1,2,false,false
uniform-budget-delay,5,3,2,164,15,20,46,1,1,1,2,false,false
uniform-budget-delay,5,3,2,165,15,20,46,1,1,1,2,false,false
uniform-budget-delay,5,3,2,166,15,20,46,1,1,1,2,false,false
uniform-budget-delay,5,3,2,167,15,20,46,1,1,1,2,false,false
uniform-budget-delay,5,3,2,168,15,20,46,1,1,1,2,false,false
uniform-budget-delay,5,3,2,169,15,20,46,1,1,1,2,false,false
uniform-budget-delay,5,3,2,170,15,20,46,1,1,1,2,false,false
uniform-budget-delay,5,3,2,171,15,20,46,1,1,1,2,false,false
uniform-budget-delay,5,3,2,172,15,20,46,1,1,1,2,false,false
uniform-budget-delay,5,3,2,173,15,20,46,1,1,1,2,false,false
uniform-budget-delay,5,3,2,174,15,20,46,1,1,1,2,false,false
uniform-budget-delay,5,3,2,175,15,20,46,1,1,1,2,false,false
uniform-budget-delay,5,3,2,176,15,20,46,1,1,1,2,false,false
uniform-budget-delay,5,3,2,177,15,20,46,1,1,1,2,false,false
uniform-budget-delay,5,3,2,178,15,20,46,1,1,1,2,false,false
uniform-budget-delay,5,3,2,179,15,20,46,1,1,1,2,false,false
uniform-budget-delay,5,3,2,180,15,20,46,1,1,1,2,false,false
uniform-budget-delay,5,3,2,181,15,20,46,1,1,1,2,false,false
uniform-budget-delay,5,3,2,182,15,20,46,1,1,1,2,false,false
uniform-budget-delay,5,3,2,183,15,20,46,1,1,1,2,false,false
uniform-budget-delay,5,3,2,184,15,20,46,1,1,1,2,false,false
uniform-budget-delay,5,3,2,185,15,20,46,1,1,1,2,false,false
uniform-budget-delay,5,3,2,186,15,20,46,1,1,1,2,false,false
uniform-budget-delay,5,3,2,187,15,20,46,1,1,1,2,false,false
uniform-budget-delay,5,3,2,188,15,20,46,1,1,1,2,false,false
uniform-budget-delay,5,3,2,189,15,20,46,1,1,1,2,false,false
uniform-budget-delay,5,3,2,190,15,20,46,1,1,1,2,false,false
uniform-budget-delay,5,3,2,191,15,20,46,1,1,1,2,false,false
uniform-budget-delay,5,3,2,192,15,20,46,1,1,1,2,false,false
uniform-budget-delay,5,3,2,193,15,20,46,1,1,1,2,false,false
uniform-budget-delay,5,3,2,194,15,20,46,1,1,1,2,false,false
uniform-budget-delay,5,3,2,195,15,20,46,1,1,1,2,false,false
uniform-budget-delay,5,3,2,196,15,20,46,1,1,1,2,false,false
uniform-budget-delay,5,3,2,197,15,20,46,1,1,1,2,false,false
uniform-budget-delay,5,3,2,198,15,20,46,1,1,1,2,false,false
uniform-budget-delay,5,3,2,199,15,20,46,1,1,1,2,false,false
uniform-budget-delay,5,3,2,200,15,20,46,1,1,1,2,false,false
progress-aware-quorum-delay,5,3,2,1,15,20,46,1,1,1,2,false,false
progress-aware-quorum-delay,5,3,2,2,15,20,46,1,1,1,2,false,false
progress-aware-quorum-delay,5,3,2,3,15,20,46,1,1,1,2,false,false
progress-aware-quorum-delay,5,3,2,4,15,20,46,1,1,1,2,false,false
progress-aware-quorum-delay,5,3,2,5,15,20,46,1,1,1,2,false,false
progress-aware-quorum-delay,5,3,2,6,15,20,46,1,1,1,2,false,false
progress-aware-quorum-delay,5,3,2,7,15,20,46,1,1,1,2,false,false
progress-aware-quorum-delay,5,3,2,8,15,20,46,1,1,1,2,false,false
progress-aware-quorum-delay,5,3,2,9,15,20,46,1,1,1,2,false,false
progress-aware-quorum-delay,5,3,2,10,15,20,46,1,1,1,2,false,false
progress-aware-quorum-delay,5,3,2,11,15,20,46,1,1,1,2,false,false
progress-aware-quorum-delay,5,3,2,12,15,20,46,1,1,1,2,false,false
progress-aware-quorum-delay,5,3,2,13,15,20,46,1,1,1,2,false,false
progress-aware-quorum-delay,5,3,2,14,15,20,46,1,1,1,2,false,false
progress-aware-quorum-delay,5,3,2,15,15,20,46,1,1,1,2,false,false
progress-aware-quorum-delay,5,3,2,16,15,20,46,1,1,1,2,false,false
progress-aware-quorum-delay,5,3,2,17,15,20,46,1,1,1,2,false,false
progress-aware-quorum-delay,5,3,2,18,15,20,46,1,1,1,2,false,false
progress-aware-quorum-delay,5,3,2,19,15,20,46,1,1,1,2,false,false
progress-aware-quorum-delay,5,3,2,20,15,20,46,1,1,1,2,false,false
progress-aware-quorum-delay,5,3,2,21,15,20,46,1,1,1,2,false,false
progress-aware-quorum-delay,5,3,2,22,15,20,46,1,1,1,2,false,false
progress-aware-quorum-delay,5,3,2,23,15,20,46,1,1,1,2,false,false
progress-aware-quorum-delay,5,3,2,24,15,20,46,1,1,1,2,false,false
progress-aware-quorum-delay,5,3,2,25,15,20,46,1,1,1,2,false,false
progress-aware-quorum-delay,5,3,2,26,15,20,46,1,1,1,2,false,false
progress-aware-quorum-delay,5,3,2,27,15,20,46,1,1,1,2,false,false
progress-aware-quorum-delay,5,3,2,28,15,20,46,1,1,1,2,false,false
progress-aware-quorum-delay,5,3,2,29,15,20,46,1,1,1,2,false,false
progress-aware-quorum-delay,5,3,2,30,15,20,46,1,1,1,2,false,false
progress-aware-quorum-delay,5,3,2,31,15,20,46,1,1,1,2,false,false
progress-aware-quorum-delay,5,3,2,32,15,20,46,1,1,1,2,false,false
progress-aware-quorum-delay,5,3,2,33,15,20,46,1,1,1,2,false,false
progress-aware-quorum-delay,5,3,2,34,15,20,46,1,1,1,2,false,false
progress-aware-quorum-delay,5,3,2,35,15,20,46,1,1,1,2,false,false
progress-aware-quorum-delay,5,3,2,36,15,20,46,1,1,1,2,false,false
progress-aware-quorum-delay,5,3,2,37,15,20,46,1,1,1,2,false,false
progress-aware-quorum-delay,5,3,2,38,15,20,46,1,1,1,2,false,false
progress-aware-quorum-delay,5,3,2,39,15,20,46,1,1,1,2,false,false
progress-aware-quorum-delay,5,3,2,40,15,20,46,1,1,1,2,false,false
progress-aware-quorum-delay,5,3,2,41,15,20,46,1,1,1,2,false,false
progress-aware-quorum-delay,5,3,2,42,15,20,46,1,1,1,2,false,false
progress-aware-quorum-delay,5,3,2,43,15,20,46,1,1,1,2,false,false
progress-aware-quorum-delay,5,3,2,44,15,20,46,1,1,1,2,false,false
progress-aware-quorum-delay,5,3,2,45,15,20,46,1,1,1,2,false,false
progress-aware-quorum-delay,5,3,2,46,15,20,46,1,1,1,2,false,false
progress-aware-quorum-delay,5,3,2,47,15,20,46,1,1,1,2,false,false
progress-aware-quorum-delay,5,3,2,48,15,20,46,1,1,1,2,false,false
progress-aware-quorum-delay,5,3,2,49,15,20,46,1,1,1,2,false,false
progress-aware-quorum-delay,5,3,2,50,15,20,46,1,1,1,2,false,false
progress-aware-quorum-delay,5,3,2,51,15,20,46,1,1,1,2,false,false
progress-aware-quorum-delay,5,3,2,52,15,20,46,1,1,1,2,false,false
progress-aware-quorum-delay,5,3,2,53,15,20,46,1,1,1,2,false,false
progress-aware-quorum-delay,5,3,2,54,15,20,46,1,1,1,2,false,false
progress-aware-quorum-delay,5,3,2,55,15,20,46,1,1,1,2,false,false
progress-aware-quorum-delay,5,3,2,56,15,20,46,1,1,1,2,false,false
progress-aware-quorum-delay,5,3,2,57,15,20,46,1,1,1,2,false,false
progress-aware-quorum-delay,5,3,2,58,15,20,46,1,1,1,2,false,false
progress-aware-quorum-delay,5,3,2,59,15,20,46,1,1,1,2,false,false
progress-aware-quorum-delay,5,3,2,60,15,20,46,1,1,1,2,false,false
progress-aware-quorum-delay,5,3,2,61,15,20,46,1,1,1,2,false,false
progress-aware-quorum-delay,5,3,2,62,15,20,46,1,1,1,2,false,false
progress-aware-quorum-delay,5,3,2,63,15,20,46,1,1,1,2,false,false
progress-aware-quorum-delay,5,3,2,64,15,20,46,1,1,1,2,false,false
progress-aware-quorum-delay,5,3,2,65,15,20,46,1,1,1,2,false,false
progress-aware-quorum-delay,5,3,2,66,15,20,46,1,1,1,2,false,false
progress-aware-quorum-delay,5,3,2,67,15,20,46,1,1,1,2,false,false
progress-aware-quorum-delay,5,3,2,68,15,20,46,1,1,1,2,false,false
progress-aware-quorum-delay,5,3,2,69,15,20,46,1,1,1,2,false,false
progress-aware-quorum-delay,5,3,2,70,15,20,46,1,1,1,2,false,false
progress-aware-quorum-delay,5,3,2,71,15,20,46,1,1,1,2,false,false
progress-aware-quorum-delay,5,3,2,72,15,20,46,1,1,1,2,false,false
progress-aware-quorum-delay,5,3,2,73,15,20,46,1,1,1,2,false,false
progress-aware-quorum-delay,5,3,2,74,15,20,46,1,1,1,2,false,false
progress-aware-quorum-delay,5,3,2,75,15,20,46,1,1,1,2,false,false
progress-aware-quorum-delay,5,3,2,76,15,20,46,1,1,1,2,false,false
progress-aware-quorum-delay,5,3,2,77,15,20,46,1,1,1,2,false,false
progress-aware-quorum-delay,5,3,2,78,15,20,46,1,1,1,2,false,false
progress-aware-quorum-delay,5,3,2,79,15,20,46,1,1,1,2,false,false
progress-aware-quorum-delay,5,3,2,80,15,20,46,1,1,1,2,false,false
progress-aware-quorum-delay,5,3,2,81,15,20,46,1,1,1,2,false,false
progress-aware-quorum-delay,5,3,2,82,15,20,46,1,1,1,2,false,false
progress-aware-quorum-delay,5,3,2,83,15,20,46,1,1,1,2,false,false
progress-aware-quorum-delay,5,3,2,84,15,20,46,1,1,1,2,false,false
progress-aware-quorum-delay,5,3,2,85,15,20,46,1,1,1,2,false,false
progress-aware-quorum-delay,5,3,2,86,15,20,46,1,1,1,2,false,false
progress-aware-quorum-delay,5,3,2,87,15,20,46,1,1,1,2,false,false
progress-aware-quorum-delay,5,3,2,88,15,20,46,1,1,1,2,false,false
progress-aware-quorum-delay,5,3,2,89,15,20,46,1,1,1,2,false,false
progress-aware-quorum-delay,5,3,2,90,15,20,46,1,1,1,2,false,false
progress-aware-quorum-delay,5,3,2,91,15,20,46,1,1,1,2,false,false
progress-aware-quorum-delay,5,3,2,92,15,20,46,1,1,1,2,false,false
progress-aware-quorum-delay,5,3,2,93,15,20,46,1,1,1,2,false,false
progress-aware-quorum-delay,5,3,2,94,15,20,46,1,1,1,2,false,false
progress-aware-quorum-delay,5,3,2,95,15,20,46,1,1,1,2,false,false
progress-aware-quorum-delay,5,3,2,96,15,20,46,1,1,1,2,false,false
progress-aware-quorum-delay,5,3,2,97,15,20,46,1,1,1,2,false,false
progress-aware-quorum-delay,5,3,2,98,15,20,46,1,1,1,2,false,false
progress-aware-quorum-delay,5,3,2,99,15,20,46,1,1,1,2,false,false
progress-aware-quorum-delay,5,3,2,100,15,20,46,1,1,1,2,false,false
progress-aware-quorum-delay,5,3,2,101,15,20,46,1,1,1,2,false,false
progress-aware-quorum-delay,5,3,2,102,15,20,46,1,1,1,2,false,false
progress-aware-quorum-delay,5,3,2,103,15,20,46,1,1,1,2,false,false
progress-aware-quorum-delay,5,3,2,104,15,20,46,1,1,1,2,false,false
progress-aware-quorum-delay,5,3,2,105,15,20,46,1,1,1,2,false,false
progress-aware-quorum-delay,5,3,2,106,15,20,46,1,1,1,2,false,false
progress-aware-quorum-delay,5,3,2,107,15,20,46,1,1,1,2,false,false
progress-aware-quorum-delay,5,3,2,108,15,20,46,1,1,1,2,false,false
progress-aware-quorum-delay,5,3,2,109,15,20,46,1,1,1,2,false,false
progress-aware-quorum-delay,5,3,2,110,15,20,46,1,1,1,2,false,false
progress-aware-quorum-delay,5,3,2,111,15,20,46,1,1,1,2,false,false
progress-aware-quorum-delay,5,3,2,112,15,20,46,1,1,1,2,false,false
progress-aware-quorum-delay,5,3,2,113,15,20,46,1,1,1,2,false,false
progress-aware-quorum-delay,5,3,2,114,15,20,46,1,1,1,2,false,false
progress-aware-quorum-delay,5,3,2,115,15,20,46,1,1,1,2,false,false
progress-aware-quorum-delay,5,3,2,116,15,20,46,1,1,1,2,false,false
progress-aware-quorum-delay,5,3,2,117,15,20,46,1,1,1,2,false,false
progress-aware-quorum-delay,5,3,2,118,15,20,46,1,1,1,2,false,false
progress-aware-quorum-delay,5,3,2,119,15,20,46,1,1,1,2,false,false
progress-aware-quorum-delay,5,3,2,120,15,20,46,1,1,1,2,false,false
progress-aware-quorum-delay,5,3,2,121,15,20,46,1,1,1,2,false,false
progress-aware-quorum-delay,5,3,2,122,15,20,46,1,1,1,2,false,false
progress-aware-quorum-delay,5,3,2,123,15,20,46,1,1,1,2,false,false
progress-aware-quorum-delay,5,3,2,124,15,20,46,1,1,1,2,false,false
progress-aware-quorum-delay,5,3,2,125,15,20,46,1,1,1,2,false,false
progress-aware-quorum-delay,5,3,2,126,15,20,46,1,1,1,2,false,false
progress-aware-quorum-delay,5,3,2,127,15,20,46,1,1,1,2,false,false
progress-aware-quorum-delay,5,3,2,128,15,20,46,1,1,1,2,false,false
progress-aware-quorum-delay,5,3,2,129,15,20,46,1,1,1,2,false,false
progress-aware-quorum-delay,5,3,2,130,15,20,46,1,1,1,2,false,false
progress-aware-quorum-delay,5,3,2,131,15,20,46,1,1,1,2,false,false
progress-aware-quorum-delay,5,3,2,132,15,20,46,1,1,1,2,false,false
progress-aware-quorum-delay,5,3,2,133,15,20,46,1,1,1,2,false,false
progress-aware-quorum-delay,5,3,2,134,15,20,46,1,1,1,2,false,false
progress-aware-quorum-delay,5,3,2,135,15,20,46,1,1,1,2,false,false
progress-aware-quorum-delay,5,3,2,136,15,20,46,1,1,1,2,false,false
progress-aware-quorum-delay,5,3,2,137,15,20,46,1,1,1,2,false,false
progress-aware-quorum-delay,5,3,2,138,15,20,46,1,1,1,2,false,false
progress-aware-quorum-delay,5,3,2,139,15,20,46,1,1,1,2,false,false
progress-aware-quorum-delay,5,3,2,140,15,20,46,1,1,1,2,false,false
progress-aware-quorum-delay,5,3,2,141,15,20,46,1,1,1,2,false,false
progress-aware-quorum-delay,5,3,2,142,15,20,46,1,1,1,2,false,false
progress-aware-quorum-delay,5,3,2,143,15,20,46,1,1,1,2,false,false
progress-aware-quorum-delay,5,3,2,144,15,20,46,1,1,1,2,false,false
progress-aware-quorum-delay,5,3,2,145,15,20,46,1,1,1,2,false,false
progress-aware-quorum-delay,5,3,2,146,15,20,46,1,1,1,2,false,false
progress-aware-quorum-delay,5,3,2,147,15,20,46,1,1,1,2,false,false
progress-aware-quorum-delay,5,3,2,148,15,20,46,1,1,1,2,false,false
progress-aware-quorum-delay,5,3,2,149,15,20,46,1,1,1,2,false,false
progress-aware-quorum-delay,5,3,2,150,15,20,46,1,1,1,2,false,false
progress-aware-quorum-delay,5,3,2,151,15,20,46,1,1,1,2,false,false
progress-aware-quorum-delay,5,3,2,152,15,20,46,1,1,1,2,false,false
progress-aware-quorum-delay,5,3,2,153,15,20,46,1,1,1,2,false,false
progress-aware-quorum-delay,5,3,2,154,15,20,46,1,1,1,2,false,false
progress-aware-quorum-delay,5,3,2,155,15,20,46,1,1,1,2,false,false
progress-aware-quorum-delay,5,3,2,156,15,20,46,1,1,1,2,false,false
progress-aware-quorum-delay,5,3,2,157,15,20,46,1,1,1,2,false,false
progress-aware-quorum-delay,5,3,2,158,15,20,46,1,1,1,2,false,false
progress-aware-quorum-delay,5,3,2,159,15,20,46,1,1,1,2,false,false
progress-aware-quorum-delay,5,3,2,160,15,20,46,1,1,1,2,false,false
progress-aware-quorum-delay,5,3,2,161,15,20,46,1,1,1,2,false,false
progress-aware-quorum-delay,5,3,2,162,15,20,46,1,1,1,2,false,false
progress-aware-quorum-delay,5,3,2,163,15,20,46,1,1,1,2,false,false
progress-aware-quorum-delay,5,3,2,164,15,20,46,1,1,1,2,false,false
progress-aware-quorum-delay,5,3,2,165,15,20,46,1,1,1,2,false,false
progress-aware-quorum-delay,5,3,2,166,15,20,46,1,1,1,2,false,false
progress-aware-quorum-delay,5,3,2,167,15,20,46,1,1,1,2,false,false
progress-aware-quorum-delay,5,3,2,168,15,20,46,1,1,1,2,false,false
progress-aware-quorum-delay,5,3,2,169,15,20,46,1,1,1,2,false,false
progress-aware-quorum-delay,5,3,2,170,15,20,46,1,1,1,2,false,false
progress-aware-quorum-delay,5,3,2,171,15,20,46,1,1,1,2,false,false
progress-aware-quorum-delay,5,3,2,172,15,20,46,1,1,1,2,false,false
progress-aware-quorum-delay,5,3,2,173,15,20,46,1,1,1,2,false,false
progress-aware-quorum-delay,5,3,2,174,15,20,46,1,1,1,2,false,false
progress-aware-quorum-delay,5,3,2,175,15,20,46,1,1,1,2,false,false
progress-aware-quorum-delay,5,3,2,176,15,20,46,1,1,1,2,false,false
progress-aware-quorum-delay,5,3,2,177,15,20,46,1,1,1,2,false,false
progress-aware-quorum-delay,5,3,2,178,15,20,46,1,1,1,2,false,false
progress-aware-quorum-delay,5,3,2,179,15,20,46,1,1,1,2,false,false
progress-aware-quorum-delay,5,3,2,180,15,20,46,1,1,1,2,false,false
progress-aware-quorum-delay,5,3,2,181,15,20,46,1,1,1,2,false,false
progress-aware-quorum-delay,5,3,2,182,15,20,46,1,1,1,2,false,false
progress-aware-quorum-delay,5,3,2,183,15,20,46,1,1,1,2,false,false
progress-aware-quorum-delay,5,3,2,184,15,20,46,1,1,1,2,false,false
progress-aware-quorum-delay,5,3,2,185,15,20,46,1,1,1,2,false,false
progress-aware-quorum-delay,5,3,2,186,15,20,46,1,1,1,2,false,false
progress-aware-quorum-delay,5,3,2,187,15,20,46,1,1,1,2,false,false
progress-aware-quorum-delay,5,3,2,188,15,20,46,1,1,1,2,false,false
progress-aware-quorum-delay,5,3,2,189,15,20,46,1,1,1,2,false,false
progress-aware-quorum-delay,5,3,2,190,15,20,46,1,1,1,2,false,false
progress-aware-quorum-delay,5,3,2,191,15,20,46,1,1,1,2,false,false
progress-aware-quorum-delay,5,3,2,192,15,20,46,1,1,1,2,false,false
progress-aware-quorum-delay,5,3,2,193,15,20,46,1,1,1,2,false,false
progress-aware-quorum-delay,5,3,2,194,15,20,46,1,1,1,2,false,false
progress-aware-quorum-delay,5,3,2,195,15,20,46,1,1,1,2,false,false
progress-aware-quorum-delay,5,3,2,196,15,20,46,1,1,1,2,false,false
progress-aware-quorum-delay,5,3,2,197,15,20,46,1,1,1,2,false,false
progress-aware-quorum-delay,5,3,2,198,15,20,46,1,1,1,2,false,false
progress-aware-quorum-delay,5,3,2,199,15,20,46,1,1,1,2,false,false
progress-aware-quorum-delay,5,3,2,200,15,20,46,1,1,1,2,false,false
uniform-budget-delay,9,5,4,1,25,36,80,1,1,1,2,false,false
uniform-budget-delay,9,5,4,2,25,36,80,1,1,1,2,false,false
uniform-budget-delay,9,5,4,3,25,36,80,1,1,1,2,false,false
uniform-budget-delay,9,5,4,4,25,36,80,1,1,1,2,false,false
uniform-budget-delay,9,5,4,5,25,36,80,1,1,1,2,false,false
uniform-budget-delay,9,5,4,6,25,36,80,1,1,1,2,false,false
uniform-budget-delay,9,5,4,7,25,36,80,1,1,1,2,false,false
uniform-budget-delay,9,5,4,8,25,36,80,1,1,1,2,false,false
uniform-budget-delay,9,5,4,9,25,36,80,1,1,1,2,false,false
uniform-budget-delay,9,5,4,10,25,36,80,1,1,1,2,false,false
uniform-budget-delay,9,5,4,11,25,36,80,1,1,1,2,false,false
uniform-budget-delay,9,5,4,12,25,36,80,1,1,1,2,false,false
uniform-budget-delay,9,5,4,13,25,36,80,1,1,1,2,false,false
uniform-budget-delay,9,5,4,14,25,36,80,1,1,1,2,false,false
uniform-budget-delay,9,5,4,15,25,36,80,1,1,1,2,false,false
uniform-budget-delay,9,5,4,16,25,36,80,1,1,1,2,false,false
uniform-budget-delay,9,5,4,17,25,36,80,1,1,1,2,false,false
uniform-budget-delay,9,5,4,18,25,36,80,1,1,1,2,false,false
uniform-budget-delay,9,5,4,19,25,36,80,1,1,1,2,false,false
uniform-budget-delay,9,5,4,20,25,36,80,1,1,1,2,false,false
uniform-budget-delay,9,5,4,21,25,36,80,1,1,1,2,false,false
uniform-budget-delay,9,5,4,22,25,36,80,1,1,1,2,false,false
uniform-budget-delay,9,5,4,23,25,36,80,1,1,1,2,false,false
uniform-budget-delay,9,5,4,24,25,36,80,1,1,1,2,false,false
uniform-budget-delay,9,5,4,25,25,36,80,1,1,1,2,false,false
uniform-budget-delay,9,5,4,26,25,36,80,1,1,1,2,false,false
uniform-budget-delay,9,5,4,27,25,36,80,1,1,1,2,false,false
uniform-budget-delay,9,5,4,28,25,36,80,1,1,1,2,false,false
uniform-budget-delay,9,5,4,29,25,36,80,1,1,1,2,false,false
uniform-budget-delay,9,5,4,30,25,36,80,1,1,1,2,false,false
uniform-budget-delay,9,5,4,31,25,36,80,1,1,1,2,false,false
uniform-budget-delay,9,5,4,32,25,36,80,1,1,1,2,false,false
uniform-budget-delay,9,5,4,33,25,36,80,1,1,1,2,false,false
uniform-budget-delay,9,5,4,34,25,36,80,1,1,1,2,false,false
uniform-budget-delay,9,5,4,35,25,36,80,1,1,1,2,false,false
uniform-budget-delay,9,5,4,36,25,36,80,1,1,1,2,false,false
uniform-budget-delay,9,5,4,37,25,36,80,1,1,1,2,false,false
uniform-budget-delay,9,5,4,38,25,36,80,1,1,1,2,false,false
uniform-budget-delay,9,5,4,39,25,36,80,1,1,1,2,false,false
uniform-budget-delay,9,5,4,40,25,36,80,1,1,1,2,false,false
uniform-budget-delay,9,5,4,41,25,36,80,1,1,1,2,false,false
uniform-budget-delay,9,5,4,42,25,36,80,1,1,1,2,false,false
uniform-budget-delay,9,5,4,43,25,36,80,1,1,1,2,false,false
uniform-budget-delay,9,5,4,44,25,36,80,1,1,1,2,false,false
uniform-budget-delay,9,5,4,45,25,36,80,1,1,1,2,false,false
uniform-budget-delay,9,5,4,46,25,36,80,1,1,1,2,false,false
uniform-budget-delay,9,5,4,47,25,36,80,1,1,1,2,false,false
uniform-budget-delay,9,5,4,48,25,36,80,1,1,1,2,false,false
uniform-budget-delay,9,5,4,49,25,36,80,1,1,1,2,false,false
uniform-budget-delay,9,5,4,50,25,36,80,1,1,1,2,false,false
uniform-budget-delay,9,5,4,51,25,36,80,1,1,1,2,false,false
uniform-budget-delay,9,5,4,52,25,36,80,1,1,1,2,false,false
uniform-budget-delay,9,5,4,53,25,36,80,1,1,1,2,false,false
uniform-budget-delay,9,5,4,54,25,36,80,1,1,1,2,false,false
uniform-budget-delay,9,5,4,55,25,36,80,1,1,1,2,false,false
uniform-budget-delay,9,5,4,56,25,36,80,1,1,1,2,false,false
uniform-budget-delay,9,5,4,57,25,36,80,1,1,1,2,false,false
uniform-budget-delay,9,5,4,58,25,36,80,1,1,1,2,false,false
uniform-budget-delay,9,5,4,59,25,36,80,1,1,1,2,false,false
uniform-budget-delay,9,5,4,60,25,36,80,1,1,1,2,false,false
uniform-budget-delay,9,5,4,61,25,36,80,1,1,1,2,false,false
uniform-budget-delay,9,5,4,62,25,36,80,1,1,1,2,false,false
uniform-budget-delay,9,5,4,63,25,36,80,1,1,1,2,false,false
uniform-budget-delay,9,5,4,64,25,36,80,1,1,1,2,false,false
uniform-budget-delay,9,5,4,65,25,36,80,1,1,1,2,false,false
uniform-budget-delay,9,5,4,66,25,36,80,1,1,1,2,false,false
uniform-budget-delay,9,5,4,67,25,36,80,1,1,1,2,false,false
uniform-budget-delay,9,5,4,68,25,36,80,1,1,1,2,false,false
uniform-budget-delay,9,5,4,69,25,36,80,1,1,1,2,false,false
uniform-budget-delay,9,5,4,70,25,36,80,1,1,1,2,false,false
uniform-budget-delay,9,5,4,71,25,36,80,1,1,1,2,false,false
uniform-budget-delay,9,5,4,72,25,36,80,1,1,1,2,false,false
uniform-budget-delay,9,5,4,73,25,36,80,1,1,1,2,false,false
uniform-budget-delay,9,5,4,74,25,36,80,1,1,1,2,false,false
uniform-budget-delay,9,5,4,75,25,36,80,1,1,1,2,false,false
uniform-budget-delay,9,5,4,76,25,36,80,1,1,1,2,false,false
uniform-budget-delay,9,5,4,77,25,36,80,1,1,1,2,false,false
uniform-budget-delay,9,5,4,78,25,36,80,1,1,1,2,false,false
uniform-budget-delay,9,5,4,79,25,36,80,1,1,1,2,false,false
uniform-budget-delay,9,5,4,80,25,36,80,1,1,1,2,false,false
uniform-budget-delay,9,5,4,81,25,36,80,1,1,1,2,false,false
uniform-budget-delay,9,5,4,82,25,36,80,1,1,1,2,false,false
uniform-budget-delay,9,5,4,83,25,36,80,1,1,1,2,false,false
uniform-budget-delay,9,5,4,84,25,36,80,1,1,1,2,false,false
uniform-budget-delay,9,5,4,85,25,36,80,1,1,1,2,false,false
uniform-budget-delay,9,5,4,86,25,36,80,1,1,1,2,false,false
uniform-budget-delay,9,5,4,87,25,36,80,1,1,1,2,false,false
uniform-budget-delay,9,5,4,88,25,36,80,1,1,1,2,false,false
uniform-budget-delay,9,5,4,89,25,36,80,1,1,1,2,false,false
uniform-budget-delay,9,5,4,90,25,36,80,1,1,1,2,false,false
uniform-budget-delay,9,5,4,91,25,36,80,1,1,1,2,false,false
uniform-budget-delay,9,5,4,92,25,36,80,1,1,1,2,false,false
uniform-budget-delay,9,5,4,93,25,36,80,1,1,1,2,false,false
uniform-budget-delay,9,5,4,94,25,36,80,1,1,1,2,false,false
uniform-budget-delay,9,5,4,95,25,36,80,1,1,1,2,false,false
uniform-budget-delay,9,5,4,96,25,36,80,1,1,1,2,false,false
uniform-budget-delay,9,5,4,97,25,36,80,1,1,1,2,false,false
uniform-budget-delay,9,5,4,98,25,36,80,1,1,1,2,false,false
uniform-budget-delay,9,5,4,99,25,36,80,1,1,1,2,false,false
uniform-budget-delay,9,5,4,100,25,36,80,1,1,1,2,false,false
uniform-budget-delay,9,5,4,101,25,36,80,1,1,1,2,false,false
uniform-budget-delay,9,5,4,102,25,36,80,1,1,1,2,false,false
uniform-budget-delay,9,5,4,103,25,36,80,1,1,1,2,false,false
uniform-budget-delay,9,5,4,104,25,36,80,1,1,1,2,false,false
uniform-budget-delay,9,5,4,105,25,36,80,1,1,1,2,false,false
uniform-budget-delay,9,5,4,106,25,36,80,1,1,1,2,false,false
uniform-budget-delay,9,5,4,107,25,36,80,1,1,1,2,false,false
uniform-budget-delay,9,5,4,108,25,36,80,1,1,1,2,false,false
uniform-budget-delay,9,5,4,109,25,36,80,1,1,1,2,false,false
uniform-budget-delay,9,5,4,110,25,36,80,1,1,1,2,false,false
uniform-budget-delay,9,5,4,111,25,36,80,1,1,1,2,false,false
uniform-budget-delay,9,5,4,112,25,36,80,1,1,1,2,false,false
uniform-budget-delay,9,5,4,113,25,36,80,1,1,1,2,false,false
uniform-budget-delay,9,5,4,114,25,36,80,1,1,1,2,false,false
uniform-budget-delay,9,5,4,115,25,36,80,1,1,1,2,false,false
uniform-budget-delay,9,5,4,116,25,36,80,1,1,1,2,false,false
uniform-budget-delay,9,5,4,117,25,36,80,1,1,1,2,false,false
uniform-budget-delay,9,5,4,118,25,36,80,1,1,1,2,false,false
uniform-budget-delay,9,5,4,119,25,36,80,1,1,1,2,false,false
uniform-budget-delay,9,5,4,120,25,36,80,1,1,1,2,false,false
uniform-budget-delay,9,5,4,121,25,36,80,1,1,1,2,false,false
uniform-budget-delay,9,5,4,122,25,36,80,1,1,1,2,false,false
uniform-budget-delay,9,5,4,123,25,36,80,1,1,1,2,false,false
uniform-budget-delay,9,5,4,124,25,36,80,1,1,1,2,false,false
uniform-budget-delay,9,5,4,125,25,36,80,1,1,1,2,false,false
uniform-budget-delay,9,5,4,126,25,36,80,1,1,1,2,false,false
uniform-budget-delay,9,5,4,127,25,36,80,1,1,1,2,false,false
uniform-budget-delay,9,5,4,128,25,36,80,1,1,1,2,false,false
uniform-budget-delay,9,5,4,129,25,36,80,1,1,1,2,false,false
uniform-budget-delay,9,5,4,130,25,36,80,1,1,1,2,false,false
uniform-budget-delay,9,5,4,131,25,36,80,1,1,1,2,false,false
uniform-budget-delay,9,5,4,132,25,36,80,1,1,1,2,false,false
uniform-budget-delay,9,5,4,133,25,36,80,1,1,1,2,false,false
uniform-budget-delay,9,5,4,134,25,36,80,1,1,1,2,false,false
uniform-budget-delay,9,5,4,135,25,36,80,1,1,1,2,false,false
uniform-budget-delay,9,5,4,136,25,36,80,1,1,1,2,false,false
uniform-budget-delay,9,5,4,137,25,36,80,1,1,1,2,false,false
uniform-budget-delay,9,5,4,138,25,36,80,1,1,1,2,false,false
uniform-budget-delay,9,5,4,139,25,36,80,1,1,1,2,false,false
uniform-budget-delay,9,5,4,140,25,36,80,1,1,1,2,false,false
uniform-budget-delay,9,5,4,141,25,36,80,1,1,1,2,false,false
uniform-budget-delay,9,5,4,142,25,36,80,1,1,1,2,false,false
uniform-budget-delay,9,5,4,143,25,36,80,1,1,1,2,false,false
uniform-budget-delay,9,5,4,144,25,36,80,1,1,1,2,false,false
uniform-budget-delay,9,5,4,145,25,36,80,1,1,1,2,false,false
uniform-budget-delay,9,5,4,146,25,36,80,1,1,1,2,false,false
uniform-budget-delay,9,5,4,147,25,36,80,1,1,1,2,false,false
uniform-budget-delay,9,5,4,148,25,36,80,1,1,1,2,false,false
uniform-budget-delay,9,5,4,149,25,36,80,1,1,1,2,false,false
uniform-budget-delay,9,5,4,150,25,36,80,1,1,1,2,false,false
uniform-budget-delay,9,5,4,151,25,36,80,1,1,1,2,false,false
uniform-budget-delay,9,5,4,152,25,36,80,1,1,1,2,false,false
uniform-budget-delay,9,5,4,153,25,36,80,1,1,1,2,false,false
uniform-budget-delay,9,5,4,154,25,36,80,1,1,1,2,false,false
uniform-budget-delay,9,5,4,155,25,36,80,1,1,1,2,false,false
uniform-budget-delay,9,5,4,156,25,36,80,1,1,1,2,false,false
uniform-budget-delay,9,5,4,157,25,36,80,1,1,1,2,false,false
uniform-budget-delay,9,5,4,158,25,36,80,1,1,1,2,false,false
uniform-budget-delay,9,5,4,159,25,36,80,1,1,1,2,false,false
uniform-budget-delay,9,5,4,160,25,36,80,1,1,1,2,false,false
uniform-budget-delay,9,5,4,161,25,36,80,1,1,1,2,false,false
uniform-budget-delay,9,5,4,162,25,36,80,1,1,1,2,false,false
uniform-budget-delay,9,5,4,163,25,36,80,1,1,1,2,false,false
uniform-budget-delay,9,5,4,164,25,36,80,1,1,1,2,false,false
uniform-budget-delay,9,5,4,165,25,36,80,1,1,1,2,false,false
uniform-budget-delay,9,5,4,166,25,36,80,1,1,1,2,false,false
uniform-budget-delay,9,5,4,167,25,36,80,1,1,1,2,false,false
uniform-budget-delay,9,5,4,168,25,36,80,1,1,1,2,false,false
uniform-budget-delay,9,5,4,169,25,36,80,1,1,1,2,false,false
uniform-budget-delay,9,5,4,170,25,36,80,1,1,1,2,false,false
uniform-budget-delay,9,5,4,171,25,36,80,1,1,1,2,false,false
uniform-budget-delay,9,5,4,172,25,36,80,1,1,1,2,false,false
uniform-budget-delay,9,5,4,173,25,36,80,1,1,1,2,false,false
uniform-budget-delay,9,5,4,174,25,36,80,1,1,1,2,false,false
uniform-budget-delay,9,5,4,175,25,36,80,1,1,1,2,false,false
uniform-budget-delay,9,5,4,176,25,36,80,1,1,1,2,false,false
uniform-budget-delay,9,5,4,177,25,36,80,1,1,1,2,false,false
uniform-budget-delay,9,5,4,178,25,36,80,1,1,1,2,false,false
uniform-budget-delay,9,5,4,179,25,36,80,1,1,1,2,false,false
uniform-budget-delay,9,5,4,180,25,36,80,1,1,1,2,false,false
uniform-budget-delay,9,5,4,181,25,36,80,1,1,1,2,false,false
uniform-budget-delay,9,5,4,182,25,36,80,1,1,1,2,false,false
uniform-budget-delay,9,5,4,183,25,36,80,1,1,1,2,false,false
uniform-budget-delay,9,5,4,184,25,36,80,1,1,1,2,false,false
uniform-budget-delay,9,5,4,185,25,36,80,1,1,1,2,false,false
uniform-budget-delay,9,5,4,186,25,36,80,1,1,1,2,false,false
uniform-budget-delay,9,5,4,187,25,36,80,1,1,1,2,false,false
uniform-budget-delay,9,5,4,188,25,36,80,1,1,1,2,false,false
uniform-budget-delay,9,5,4,189,25,36,80,1,1,1,2,false,false
uniform-budget-delay,9,5,4,190,25,36,80,1,1,1,2,false,false
uniform-budget-delay,9,5,4,191,25,36,80,1,1,1,2,false,false
uniform-budget-delay,9,5,4,192,25,36,80,1,1,1,2,false,false
uniform-budget-delay,9,5,4,193,25,36,80,1,1,1,2,false,false
uniform-budget-delay,9,5,4,194,25,36,80,1,1,1,2,false,false
uniform-budget-delay,9,5,4,195,25,36,80,1,1,1,2,false,false
uniform-budget-delay,9,5,4,196,25,36,80,1,1,1,2,false,false
uniform-budget-delay,9,5,4,197,25,36,80,1,1,1,2,false,false
uniform-budget-delay,9,5,4,198,25,36,80,1,1,1,2,false,false
uniform-budget-delay,9,5,4,199,25,36,80,1,1,1,2,false,false
uniform-budget-delay,9,5,4,200,25,36,80,1,1,1,2,false,false
progress-aware-quorum-delay,9,5,4,1,25,36,80,1,1,1,2,false,false
progress-aware-quorum-delay,9,5,4,2,25,36,80,1,1,1,2,false,false
progress-aware-quorum-delay,9,5,4,3,25,36,80,1,1,1,2,false,false
progress-aware-quorum-delay,9,5,4,4,25,36,80,1,1,1,2,false,false
progress-aware-quorum-delay,9,5,4,5,25,36,80,1,1,1,2,false,false
progress-aware-quorum-delay,9,5,4,6,25,36,80,1,1,1,2,false,false
progress-aware-quorum-delay,9,5,4,7,25,36,80,1,1,1,2,false,false
progress-aware-quorum-delay,9,5,4,8,25,36,80,1,1,1,2,false,false
progress-aware-quorum-delay,9,5,4,9,25,36,80,1,1,1,2,false,false
progress-aware-quorum-delay,9,5,4,10,25,36,80,1,1,1,2,false,false
progress-aware-quorum-delay,9,5,4,11,25,36,80,1,1,1,2,false,false
progress-aware-quorum-delay,9,5,4,12,25,36,80,1,1,1,2,false,false
progress-aware-quorum-delay,9,5,4,13,25,36,80,1,1,1,2,false,false
progress-aware-quorum-delay,9,5,4,14,25,36,80,1,1,1,2,false,false
progress-aware-quorum-delay,9,5,4,15,25,36,80,1,1,1,2,false,false
progress-aware-quorum-delay,9,5,4,16,25,36,80,1,1,1,2,false,false
progress-aware-quorum-delay,9,5,4,17,25,36,80,1,1,1,2,false,false
progress-aware-quorum-delay,9,5,4,18,25,36,80,1,1,1,2,false,false
progress-aware-quorum-delay,9,5,4,19,25,36,80,1,1,1,2,false,false
progress-aware-quorum-delay,9,5,4,20,25,36,80,1,1,1,2,false,false
progress-aware-quorum-delay,9,5,4,21,25,36,80,1,1,1,2,false,false
progress-aware-quorum-delay,9,5,4,22,25,36,80,1,1,1,2,false,false
progress-aware-quorum-delay,9,5,4,23,25,36,80,1,1,1,2,false,false
progress-aware-quorum-delay,9,5,4,24,25,36,80,1,1,1,2,false,false
progress-aware-quorum-delay,9,5,4,25,25,36,80,1,1,1,2,false,false
progress-aware-quorum-delay,9,5,4,26,25,36,80,1,1,1,2,false,false
progress-aware-quorum-delay,9,5,4,27,25,36,80,1,1,1,2,false,false
progress-aware-quorum-delay,9,5,4,28,25,36,80,1,1,1,2,false,false
progress-aware-quorum-delay,9,5,4,29,25,36,80,1,1,1,2,false,false
progress-aware-quorum-delay,9,5,4,30,25,36,80,1,1,1,2,false,false
progress-aware-quorum-delay,9,5,4,31,25,36,80,1,1,1,2,false,false
progress-aware-quorum-delay,9,5,4,32,25,36,80,1,1,1,2,false,false
progress-aware-quorum-delay,9,5,4,33,25,36,80,1,1,1,2,false,false
progress-aware-quorum-delay,9,5,4,34,25,36,80,1,1,1,2,false,false
progress-aware-quorum-delay,9,5,4,35,25,36,80,1,1,1,2,false,false
progress-aware-quorum-delay,9,5,4,36,25,36,80,1,1,1,2,false,false
progress-aware-quorum-delay,9,5,4,37,25,36,80,1,1,1,2,false,false
progress-aware-quorum-delay,9,5,4,38,25,36,80,1,1,1,2,false,false
progress-aware-quorum-delay,9,5,4,39,25,36,80,1,1,1,2,false,false
progress-aware-quorum-delay,9,5,4,40,25,36,80,1,1,1,2,false,false
progress-aware-quorum-delay,9,5,4,41,25,36,80,1,1,1,2,false,false
progress-aware-quorum-delay,9,5,4,42,25,36,80,1,1,1,2,false,false
progress-aware-quorum-delay,9,5,4,43,25,36,80,1,1,1,2,false,false
progress-aware-quorum-delay,9,5,4,44,25,36,80,1,1,1,2,false,false
progress-aware-quorum-delay,9,5,4,45,25,36,80,1,1,1,2,false,false
progress-aware-quorum-delay,9,5,4,46,25,36,80,1,1,1,2,false,false
progress-aware-quorum-delay,9,5,4,47,25,36,80,1,1,1,2,false,false
progress-aware-quorum-delay,9,5,4,48,25,36,80,1,1,1,2,false,false
progress-aware-quorum-delay,9,5,4,49,25,36,80,1,1,1,2,false,false
progress-aware-quorum-delay,9,5,4,50,25,36,80,1,1,1,2,false,false
progress-aware-quorum-delay,9,5,4,51,25,36,80,1,1,1,2,false,false
progress-aware-quorum-delay,9,5,4,52,25,36,80,1,1,1,2,false,false
progress-aware-quorum-delay,9,5,4,53,25,36,80,1,1,1,2,false,false
progress-aware-quorum-delay,9,5,4,54,25,36,80,1,1,1,2,false,false
progress-aware-quorum-delay,9,5,4,55,25,36,80,1,1,1,2,false,false
progress-aware-quorum-delay,9,5,4,56,25,36,80,1,1,1,2,false,false
progress-aware-quorum-delay,9,5,4,57,25,36,80,1,1,1,2,false,false
progress-aware-quorum-delay,9,5,4,58,25,36,80,1,1,1,2,false,false
progress-aware-quorum-delay,9,5,4,59,25,36,80,1,1,1,2,false,false
progress-aware-quorum-delay,9,5,4,60,25,36,80,1,1,1,2,false,false
progress-aware-quorum-delay,9,5,4,61,25,36,80,1,1,1,2,false,false
progress-aware-quorum-delay,9,5,4,62,25,36,80,1,1,1,2,false,false
progress-aware-quorum-delay,9,5,4,63,25,36,80,1,1,1,2,false,false
progress-aware-quorum-delay,9,5,4,64,25,36,80,1,1,1,2,false,false
progress-aware-quorum-delay,9,5,4,65,25,36,80,1,1,1,2,false,false
progress-aware-quorum-delay,9,5,4,66,25,36,80,1,1,1,2,false,false
progress-aware-quorum-delay,9,5,4,67,25,36,80,1,1,1,2,false,false
progress-aware-quorum-delay,9,5,4,68,25,36,80,1,1,1,2,false,false
progress-aware-quorum-delay,9,5,4,69,25,36,80,1,1,1,2,false,false
progress-aware-quorum-delay,9,5,4,70,25,36,80,1,1,1,2,false,false
progress-aware-quorum-delay,9,5,4,71,25,36,80,1,1,1,2,false,false
progress-aware-quorum-delay,9,5,4,72,25,36,80,1,1,1,2,false,false
progress-aware-quorum-delay,9,5,4,73,25,36,80,1,1,1,2,false,false
progress-aware-quorum-delay,9,5,4,74,25,36,80,1,1,1,2,false,false
progress-aware-quorum-delay,9,5,4,75,25,36,80,1,1,1,2,false,false
progress-aware-quorum-delay,9,5,4,76,25,36,80,1,1,1,2,false,false
progress-aware-quorum-delay,9,5,4,77,25,36,80,1,1,1,2,false,false
progress-aware-quorum-delay,9,5,4,78,25,36,80,1,1,1,2,false,false
progress-aware-quorum-delay,9,5,4,79,25,36,80,1,1,1,2,false,false
progress-aware-quorum-delay,9,5,4,80,25,36,80,1,1,1,2,false,false
progress-aware-quorum-delay,9,5,4,81,25,36,80,1,1,1,2,false,false
progress-aware-quorum-delay,9,5,4,82,25,36,80,1,1,1,2,false,false
progress-aware-quorum-delay,9,5,4,83,25,36,80,1,1,1,2,false,false
progress-aware-quorum-delay,9,5,4,84,25,36,80,1,1,1,2,false,false
progress-aware-quorum-delay,9,5,4,85,25,36,80,1,1,1,2,false,false
progress-aware-quorum-delay,9,5,4,86,25,36,80,1,1,1,2,false,false
progress-aware-quorum-delay,9,5,4,87,25,36,80,1,1,1,2,false,false
progress-aware-quorum-delay,9,5,4,88,25,36,80,1,1,1,2,false,false
progress-aware-quorum-delay,9,5,4,89,25,36,80,1,1,1,2,false,false
progress-aware-quorum-delay,9,5,4,90,25,36,80,1,1,1,2,false,false
progress-aware-quorum-delay,9,5,4,91,25,36,80,1,1,1,2,false,false
progress-aware-quorum-delay,9,5,4,92,25,36,80,1,1,1,2,false,false
progress-aware-quorum-delay,9,5,4,93,25,36,80,1,1,1,2,false,false
progress-aware-quorum-delay,9,5,4,94,25,36,80,1,1,1,2,false,false
progress-aware-quorum-delay,9,5,4,95,25,36,80,1,1,1,2,false,false
progress-aware-quorum-delay,9,5,4,96,25,36,80,1,1,1,2,false,false
progress-aware-quorum-delay,9,5,4,97,25,36,80,1,1,1,2,false,false
progress-aware-quorum-delay,9,5,4,98,25,36,80,1,1,1,2,false,false
progress-aware-quorum-delay,9,5,4,99,25,36,80,1,1,1,2,false,false
progress-aware-quorum-delay,9,5,4,100,25,36,80,1,1,1,2,false,false
progress-aware-quorum-delay,9,5,4,101,25,36,80,1,1,1,2,false,false
progress-aware-quorum-delay,9,5,4,102,25,36,80,1,1,1,2,false,false
progress-aware-quorum-delay,9,5,4,103,25,36,80,1,1,1,2,false,false
progress-aware-quorum-delay,9,5,4,104,25,36,80,1,1,1,2,false,false
progress-aware-quorum-delay,9,5,4,105,25,36,80,1,1,1,2,false,false
progress-aware-quorum-delay,9,5,4,106,25,36,80,1,1,1,2,false,false
progress-aware-quorum-delay,9,5,4,107,25,36,80,1,1,1,2,false,false
progress-aware-quorum-delay,9,5,4,108,25,36,80,1,1,1,2,false,false
progress-aware-quorum-delay,9,5,4,109,25,36,80,1,1,1,2,false,false
progress-aware-quorum-delay,9,5,4,110,25,36,80,1,1,1,2,false,false
progress-aware-quorum-delay,9,5,4,111,25,36,80,1,1,1,2,false,false
progress-aware-quorum-delay,9,5,4,112,25,36,80,1,1,1,2,false,false
progress-aware-quorum-delay,9,5,4,113,25,36,80,1,1,1,2,false,false
progress-aware-quorum-delay,9,5,4,114,25,36,80,1,1,1,2,false,false
progress-aware-quorum-delay,9,5,4,115,25,36,80,1,1,1,2,false,false
progress-aware-quorum-delay,9,5,4,116,25,36,80,1,1,1,2,false,false
progress-aware-quorum-delay,9,5,4,117,25,36,80,1,1,1,2,false,false
progress-aware-quorum-delay,9,5,4,118,25,36,80,1,1,1,2,false,false
progress-aware-quorum-delay,9,5,4,119,25,36,80,1,1,1,2,false,false
progress-aware-quorum-delay,9,5,4,120,25,36,80,1,1,1,2,false,false
progress-aware-quorum-delay,9,5,4,121,25,36,80,1,1,1,2,false,false
progress-aware-quorum-delay,9,5,4,122,25,36,80,1,1,1,2,false,false
progress-aware-quorum-delay,9,5,4,123,25,36,80,1,1,1,2,false,false
progress-aware-quorum-delay,9,5,4,124,25,36,80,1,1,1,2,false,false
progress-aware-quorum-delay,9,5,4,125,25,36,80,1,1,1,2,false,false
progress-aware-quorum-delay,9,5,4,126,25,36,80,1,1,1,2,false,false
progress-aware-quorum-delay,9,5,4,127,25,36,80,1,1,1,2,false,false
progress-aware-quorum-delay,9,5,4,128,25,36,80,1,1,1,2,false,false
progress-aware-quorum-delay,9,5,4,129,25,36,80,1,1,1,2,false,false
progress-aware-quorum-delay,9,5,4,130,25,36,80,1,1,1,2,false,false
progress-aware-quorum-delay,9,5,4,131,25,36,80,1,1,1,2,false,false
progress-aware-quorum-delay,9,5,4,132,25,36,80,1,1,1,2,false,false
progress-aware-quorum-delay,9,5,4,133,25,36,80,1,1,1,2,false,false
progress-aware-quorum-delay,9,5,4,134,25,36,80,1,1,1,2,false,false
progress-aware-quorum-delay,9,5,4,135,25,36,80,1,1,1,2,false,false
progress-aware-quorum-delay,9,5,4,136,25,36,80,1,1,1,2,false,false
progress-aware-quorum-delay,9,5,4,137,25,36,80,1,1,1,2,false,false
progress-aware-quorum-delay,9,5,4,138,25,36,80,1,1,1,2,false,false
progress-aware-quorum-delay,9,5,4,139,25,36,80,1,1,1,2,false,false
progress-aware-quorum-delay,9,5,4,140,25,36,80,1,1,1,2,false,false
progress-aware-quorum-delay,9,5,4,141,25,36,80,1,1,1,2,false,false
progress-aware-quorum-delay,9,5,4,142,25,36,80,1,1,1,2,false,false
progress-aware-quorum-delay,9,5,4,143,25,36,80,1,1,1,2,false,false
progress-aware-quorum-delay,9,5,4,144,25,36,80,1,1,1,2,false,false
progress-aware-quorum-delay,9,5,4,145,25,36,80,1,1,1,2,false,false
progress-aware-quorum-delay,9,5,4,146,25,36,80,1,1,1,2,false,false
progress-aware-quorum-delay,9,5,4,147,25,36,80,1,1,1,2,false,false
progress-aware-quorum-delay,9,5,4,148,25,36,80,1,1,1,2,false,false
progress-aware-quorum-delay,9,5,4,149,25,36,80,1,1,1,2,false,false
progress-aware-quorum-delay,9,5,4,150,25,36,80,1,1,1,2,false,false
progress-aware-quorum-delay,9,5,4,151,25,36,80,1,1,1,2,false,false
progress-aware-quorum-delay,9,5,4,152,25,36,80,1,1,1,2,false,false
progress-aware-quorum-delay,9,5,4,153,25,36,80,1,1,1,2,false,false
progress-aware-quorum-delay,9,5,4,154,25,36,80,1,1,1,2,false,false
progress-aware-quorum-delay,9,5,4,155,25,36,80,1,1,1,2,false,false
progress-aware-quorum-delay,9,5,4,156,25,36,80,1,1,1,2,false,false
progress-aware-quorum-delay,9,5,4,157,25,36,80,1,1,1,2,false,false
progress-aware-quorum-delay,9,5,4,158,25,36,80,1,1,1,2,false,false
progress-aware-quorum-delay,9,5,4,159,25,36,80,1,1,1,2,false,false
progress-aware-quorum-delay,9,5,4,160,25,36,80,1,1,1,2,false,false
progress-aware-quorum-delay,9,5,4,161,25,36,80,1,1,1,2,false,false
progress-aware-quorum-delay,9,5,4,162,25,36,80,1,1,1,2,false,false
progress-aware-quorum-delay,9,5,4,163,25,36,80,1,1,1,2,false,false
progress-aware-quorum-delay,9,5,4,164,25,36,80,1,1,1,2,false,false
progress-aware-quorum-delay,9,5,4,165,25,36,80,1,1,1,2,false,false
progress-aware-quorum-delay,9,5,4,166,25,36,80,1,1,1,2,false,false
progress-aware-quorum-delay,9,5,4,167,25,36,80,1,1,1,2,false,false
progress-aware-quorum-delay,9,5,4,168,25,36,80,1,1,1,2,false,false
progress-aware-quorum-delay,9,5,4,169,25,36,80,1,1,1,2,false,false
progress-aware-quorum-delay,9,5,4,170,25,36,80,1,1,1,2,false,false
progress-aware-quorum-delay,9,5,4,171,25,36,80,1,1,1,2,false,false
progress-aware-quorum-delay,9,5,4,172,25,36,80,1,1,1,2,false,false
progress-aware-quorum-delay,9,5,4,173,25,36,80,1,1,1,2,false,false
progress-aware-quorum-delay,9,5,4,174,25,36,80,1,1,1,2,false,false
progress-aware-quorum-delay,9,5,4,175,25,36,80,1,1,1,2,false,false
progress-aware-quorum-delay,9,5,4,176,25,36,80,1,1,1,2,false,false
progress-aware-quorum-delay,9,5,4,177,25,36,80,1,1,1,2,false,false
progress-aware-quorum-delay,9,5,4,178,25,36,80,1,1,1,2,false,false
progress-aware-quorum-delay,9,5,4,179,25,36,80,1,1,1,2,false,false
progress-aware-quorum-delay,9,5,4,180,25,36,80,1,1,1,2,false,false
progress-aware-quorum-delay,9,5,4,181,25,36,80,1,1,1,2,false,false
progress-aware-quorum-delay,9,5,4,182,25,36,80,1,1,1,2,false,false
progress-aware-quorum-delay,9,5,4,183,25,36,80,1,1,1,2,false,false
progress-aware-quorum-delay,9,5,4,184,25,36,80,1,1,1,2,false,false
progress-aware-quorum-delay,9,5,4,185,25,36,80,1,1,1,2,false,false
progress-aware-quorum-delay,9,5,4,186,25,36,80,1,1,1,2,false,false
progress-aware-quorum-delay,9,5,4,187,25,36,80,1,1,1,2,false,false
progress-aware-quorum-delay,9,5,4,188,25,36,80,1,1,1,2,false,false
progress-aware-quorum-delay,9,5,4,189,25,36,80,1,1,1,2,false,false
progress-aware-quorum-delay,9,5,4,190,25,36,80,1,1,1,2,false,false
progress-aware-quorum-delay,9,5,4,191,25,36,80,1,1,1,2,false,false
progress-aware-quorum-delay,9,5,4,192,25,36,80,1,1,1,2,false,false
progress-aware-quorum-delay,9,5,4,193,25,36,80,1,1,1,2,false,false
progress-aware-quorum-delay,9,5,4,194,25,36,80,1,1,1,2,false,false
progress-aware-quorum-delay,9,5,4,195,25,36,80,1,1,1,2,false,false
progress-aware-quorum-delay,9,5,4,196,25,36,80,1,1,1,2,false,false
progress-aware-quorum-delay,9,5,4,197,25,36,80,1,1,1,2,false,false
progress-aware-quorum-delay,9,5,4,198,25,36,80,1,1,1,2,false,false
progress-aware-quorum-delay,9,5,4,199,25,36,80,1,1,1,2,false,false
progress-aware-quorum-delay,9,5,4,200,25,36,80,1,1,1,2,false,false
uniform-budget-delay,15,8,7,1,40,60,131,1,1,1,2,false,false
uniform-budget-delay,15,8,7,2,40,60,131,1,1,1,2,false,false
uniform-budget-delay,15,8,7,3,40,60,131,1,1,1,2,false,false
uniform-budget-delay,15,8,7,4,40,60,131,1,1,1,2,false,false
uniform-budget-delay,15,8,7,5,40,60,131,1,1,1,2,false,false
uniform-budget-delay,15,8,7,6,40,60,131,1,1,1,2,false,false
uniform-budget-delay,15,8,7,7,40,60,131,1,1,1,2,false,false
uniform-budget-delay,15,8,7,8,40,60,131,1,1,1,2,false,false
uniform-budget-delay,15,8,7,9,40,60,131,1,1,1,2,false,false
uniform-budget-delay,15,8,7,10,40,60,131,1,1,1,2,false,false
uniform-budget-delay,15,8,7,11,40,60,131,1,1,1,2,false,false
uniform-budget-delay,15,8,7,12,40,60,131,1,1,1,2,false,false
uniform-budget-delay,15,8,7,13,40,60,131,1,1,1,2,false,false
uniform-budget-delay,15,8,7,14,40,60,131,1,1,1,2,false,false
uniform-budget-delay,15,8,7,15,40,60,131,1,1,1,2,false,false
uniform-budget-delay,15,8,7,16,40,60,131,1,1,1,2,false,false
uniform-budget-delay,15,8,7,17,40,60,131,1,1,1,2,false,false
uniform-budget-delay,15,8,7,18,40,60,131,1,1,1,2,false,false
uniform-budget-delay,15,8,7,19,40,60,131,1,1,1,2,false,false
uniform-budget-delay,15,8,7,20,40,60,131,1,1,1,2,false,false
uniform-budget-delay,15,8,7,21,40,60,131,1,1,1,2,false,false
uniform-budget-delay,15,8,7,22,40,60,131,1,1,1,2,false,false
uniform-budget-delay,15,8,7,23,40,60,131,1,1,1,2,false,false
uniform-budget-delay,15,8,7,24,40,60,131,1,1,1,2,false,false
uniform-budget-delay,15,8,7,25,40,60,131,1,1,1,2,false,false
uniform-budget-delay,15,8,7,26,40,60,131,1,1,1,2,false,false
uniform-budget-delay,15,8,7,27,40,60,131,1,1,1,2,false,false
uniform-budget-delay,15,8,7,28,40,60,131,1,1,1,2,false,false
uniform-budget-delay,15,8,7,29,40,60,131,1,1,1,2,false,false
uniform-budget-delay,15,8,7,30,40,60,131,1,1,1,2,false,false
uniform-budget-delay,15,8,7,31,40,60,131,1,1,1,2,false,false
uniform-budget-delay,15,8,7,32,40,60,131,1,1,1,2,false,false
uniform-budget-delay,15,8,7,33,40,60,131,1,1,1,2,false,false
uniform-budget-delay,15,8,7,34,40,60,131,1,1,1,2,false,false
uniform-budget-delay,15,8,7,35,40,60,131,1,1,1,2,false,false
uniform-budget-delay,15,8,7,36,40,60,131,1,1,1,2,false,false
uniform-budget-delay,15,8,7,37,40,60,131,1,1,1,2,false,false
uniform-budget-delay,15,8,7,38,40,60,131,1,1,1,2,false,false
uniform-budget-delay,15,8,7,39,40,60,131,1,1,1,2,false,false
uniform-budget-delay,15,8,7,40,40,60,131,1,1,1,2,false,false
uniform-budget-delay,15,8,7,41,40,60,131,1,1,1,2,false,false
uniform-budget-delay,15,8,7,42,40,60,131,1,1,1,2,false,false
uniform-budget-delay,15,8,7,43,40,60,131,1,1,1,2,false,false
uniform-budget-delay,15,8,7,44,40,60,131,1,1,1,2,false,false
uniform-budget-delay,15,8,7,45,40,60,131,1,1,1,2,false,false
uniform-budget-delay,15,8,7,46,40,60,131,1,1,1,2,false,false
uniform-budget-delay,15,8,7,47,40,60,131,1,1,1,2,false,false
uniform-budget-delay,15,8,7,48,40,60,131,1,1,1,2,false,false
uniform-budget-delay,15,8,7,49,40,60,131,1,1,1,2,false,false
uniform-budget-delay,15,8,7,50,40,60,131,1,1,1,2,false,false
uniform-budget-delay,15,8,7,51,40,60,131,1,1,1,2,false,false
uniform-budget-delay,15,8,7,52,40,60,131,1,1,1,2,false,false
uniform-budget-delay,15,8,7,53,40,60,131,1,1,1,2,false,false
uniform-budget-delay,15,8,7,54,40,60,131,1,1,1,2,false,false
uniform-budget-delay,15,8,7,55,40,60,131,1,1,1,2,false,false
uniform-budget-delay,15,8,7,56,40,60,131,1,1,1,2,false,false
uniform-budget-delay,15,8,7,57,40,60,131,1,1,1,2,false,false
uniform-budget-delay,15,8,7,58,40,60,131,1,1,1,2,false,false
uniform-budget-delay,15,8,7,59,40,60,131,1,1,1,2,false,false
uniform-budget-delay,15,8,7,60,40,60,131,1,1,1,2,false,false
uniform-budget-delay,15,8,7,61,40,60,131,1,1,1,2,false,false
uniform-budget-delay,15,8,7,62,40,60,131,1,1,1,2,false,false
uniform-budget-delay,15,8,7,63,40,60,131,1,1,1,2,false,false
uniform-budget-delay,15,8,7,64,40,60,131,1,1,1,2,false,false
uniform-budget-delay,15,8,7,65,40,60,131,1,1,1,2,false,false
uniform-budget-delay,15,8,7,66,40,60,131,1,1,1,2,false,false
uniform-budget-delay,15,8,7,67,40,60,131,1,1,1,2,false,false
uniform-budget-delay,15,8,7,68,40,60,131,1,1,1,2,false,false
uniform-budget-delay,15,8,7,69,40,60,131,1,1,1,2,false,false
uniform-budget-delay,15,8,7,70,40,60,131,1,1,1,2,false,false
uniform-budget-delay,15,8,7,71,40,60,131,1,1,1,2,false,false
uniform-budget-delay,15,8,7,72,40,60,131,1,1,1,2,false,false
uniform-budget-delay,15,8,7,73,40,60,131,1,1,1,2,false,false
uniform-budget-delay,15,8,7,74,40,60,131,1,1,1,2,false,false
uniform-budget-delay,15,8,7,75,40,60,131,1,1,1,2,false,false
uniform-budget-delay,15,8,7,76,40,60,131,1,1,1,2,false,false
uniform-budget-delay,15,8,7,77,40,60,131,1,1,1,2,false,false
uniform-budget-delay,15,8,7,78,40,60,131,1,1,1,2,false,false
uniform-budget-delay,15,8,7,79,40,60,131,1,1,1,2,false,false
uniform-budget-delay,15,8,7,80,40,60,131,1,1,1,2,false,false
uniform-budget-delay,15,8,7,81,40,60,131,1,1,1,2,false,false
uniform-budget-delay,15,8,7,82,40,60,131,1,1,1,2,false,false
uniform-budget-delay,15,8,7,83,40,60,131,1,1,1,2,false,false
uniform-budget-delay,15,8,7,84,40,60,131,1,1,1,2,false,false
uniform-budget-delay,15,8,7,85,40,60,131,1,1,1,2,false,false
uniform-budget-delay,15,8,7,86,40,60,131,1,1,1,2,false,false
uniform-budget-delay,15,8,7,87,40,60,131,1,1,1,2,false,false
uniform-budget-delay,15,8,7,88,40,60,131,1,1,1,2,false,false
uniform-budget-delay,15,8,7,89,40,60,131,1,1,1,2,false,false
uniform-budget-delay,15,8,7,90,40,60,131,1,1,1,2,false,false
uniform-budget-delay,15,8,7,91,40,60,131,1,1,1,2,false,false
uniform-budget-delay,15,8,7,92,40,60,131,1,1,1,2,false,false
uniform-budget-delay,15,8,7,93,40,60,131,1,1,1,2,false,false
uniform-budget-delay,15,8,7,94,40,60,131,1,1,1,2,false,false
uniform-budget-delay,15,8,7,95,40,60,131,1,1,1,2,false,false
uniform-budget-delay,15,8,7,96,40,60,131,1,1,1,2,false,false
uniform-budget-delay,15,8,7,97,40,60,131,1,1,1,2,false,false
uniform-budget-delay,15,8,7,98,40,60,131,1,1,1,2,false,false
uniform-budget-delay,15,8,7,99,40,60,131,1,1,1,2,false,false
uniform-budget-delay,15,8,7,100,40,60,131,1,1,1,2,false,false
uniform-budget-delay,15,8,7,101,40,60,131,1,1,1,2,false,false
uniform-budget-delay,15,8,7,102,40,60,131,1,1,1,2,false,false
uniform-budget-delay,15,8,7,103,40,60,131,1,1,1,2,false,false
uniform-budget-delay,15,8,7,104,40,60,131,1,1,1,2,false,false
uniform-budget-delay,15,8,7,105,40,60,131,1,1,1,2,false,false
uniform-budget-delay,15,8,7,106,40,60,131,1,1,1,2,false,false
uniform-budget-delay,15,8,7,107,40,60,131,1,1,1,2,false,false
uniform-budget-delay,15,8,7,108,40,60,131,1,1,1,2,false,false
uniform-budget-delay,15,8,7,109,40,60,131,1,1,1,2,false,false
uniform-budget-delay,15,8,7,110,40,60,131,1,1,1,2,false,false
uniform-budget-delay,15,8,7,111,40,60,131,1,1,1,2,false,false
uniform-budget-delay,15,8,7,112,40,60,131,1,1,1,2,false,false
uniform-budget-delay,15,8,7,113,40,60,131,1,1,1,2,false,false
uniform-budget-delay,15,8,7,114,40,60,131,1,1,1,2,false,false
uniform-budget-delay,15,8,7,115,40,60,131,1,1,1,2,false,false
uniform-budget-delay,15,8,7,116,40,60,131,1,1,1,2,false,false
uniform-budget-delay,15,8,7,117,40,60,131,1,1,1,2,false,false
uniform-budget-delay,15,8,7,118,40,60,131,1,1,1,2,false,false
uniform-budget-delay,15,8,7,119,40,60,131,1,1,1,2,false,false
uniform-budget-delay,15,8,7,120,40,60,131,1,1,1,2,false,false
uniform-budget-delay,15,8,7,121,40,60,131,1,1,1,2,false,false
uniform-budget-delay,15,8,7,122,40,60,131,1,1,1,2,false,false
uniform-budget-delay,15,8,7,123,40,60,131,1,1,1,2,false,false
uniform-budget-delay,15,8,7,124,40,60,131,1,1,1,2,false,false
uniform-budget-delay,15,8,7,125,40,60,131,1,1,1,2,false,false
uniform-budget-delay,15,8,7,126,40,60,131,1,1,1,2,false,false
uniform-budget-delay,15,8,7,127,40,60,131,1,1,1,2,false,false
uniform-budget-delay,15,8,7,128,40,60,131,1,1,1,2,false,false
uniform-budget-delay,15,8,7,129,40,60,131,1,1,1,2,false,false
uniform-budget-delay,15,8,7,130,40,60,131,1,1,1,2,false,false
uniform-budget-delay,15,8,7,131,40,60,131,1,1,1,2,false,false
uniform-budget-delay,15,8,7,132,40,60,131,1,1,1,2,false,false
uniform-budget-delay,15,8,7,133,40,60,131,1,1,1,2,false,false
uniform-budget-delay,15,8,7,134,40,60,131,1,1,1,2,false,false
uniform-budget-delay,15,8,7,135,40,60,131,1,1,1,2,false,false
uniform-budget-delay,15,8,7,136,40,60,131,1,1,1,2,false,false
uniform-budget-delay,15,8,7,137,40,60,131,1,1,1,2,false,false
uniform-budget-delay,15,8,7,138,40,60,131,1,1,1,2,false,false
uniform-budget-delay,15,8,7,139,40,60,131,1,1,1,2,false,false
uniform-budget-delay,15,8,7,140,40,60,131,1,1,1,2,false,false
uniform-budget-delay,15,8,7,141,40,60,131,1,1,1,2,false,false
uniform-budget-delay,15,8,7,142,40,60,131,1,1,1,2,false,false
uniform-budget-delay,15,8,7,143,40,60,131,1,1,1,2,false,false
uniform-budget-delay,15,8,7,144,40,60,131,1,1,1,2,false,false
uniform-budget-delay,15,8,7,145,40,60,131,1,1,1,2,false,false
uniform-budget-delay,15,8,7,146,40,60,131,1,1,1,2,false,false
uniform-budget-delay,15,8,7,147,40,60,131,1,1,1,2,false,false
uniform-budget-delay,15,8,7,148,40,60,131,1,1,1,2,false,false
uniform-budget-delay,15,8,7,149,40,60,131,1,1,1,2,false,false
uniform-budget-delay,15,8,7,150,40,60,131,1,1,1,2,false,false
uniform-budget-delay,15,8,7,151,40,60,131,1,1,1,2,false,false
uniform-budget-delay,15,8,7,152,40,60,131,1,1,1,2,false,false
uniform-budget-delay,15,8,7,153,40,60,131,1,1,1,2,false,false
uniform-budget-delay,15,8,7,154,40,60,131,1,1,1,2,false,false
uniform-budget-delay,15,8,7,155,40,60,131,1,1,1,2,false,false
uniform-budget-delay,15,8,7,156,40,60,131,1,1,1,2,false,false
uniform-budget-delay,15,8,7,157,40,60,131,1,1,1,2,false,false
uniform-budget-delay,15,8,7,158,40,60,131,1,1,1,2,false,false
uniform-budget-delay,15,8,7,159,40,60,131,1,1,1,2,false,false
uniform-budget-delay,15,8,7,160,40,60,131,1,1,1,2,false,false
uniform-budget-delay,15,8,7,161,40,60,131,1,1,1,2,false,false
uniform-budget-delay,15,8,7,162,40,60,131,1,1,1,2,false,false
uniform-budget-delay,15,8,7,163,40,60,131,1,1,1,2,false,false
uniform-budget-delay,15,8,7,164,40,60,131,1,1,1,2,false,false
uniform-budget-delay,15,8,7,165,40,60,131,1,1,1,2,false,false
uniform-budget-delay,15,8,7,166,40,60,131,1,1,1,2,false,false
uniform-budget-delay,15,8,7,167,40,60,131,1,1,1,2,false,false
uniform-budget-delay,15,8,7,168,40,60,131,1,1,1,2,false,false
uniform-budget-delay,15,8,7,169,40,60,131,1,1,1,2,false,false
uniform-budget-delay,15,8,7,170,40,60,131,1,1,1,2,false,false
uniform-budget-delay,15,8,7,171,40,60,131,1,1,1,2,false,false
uniform-budget-delay,15,8,7,172,40,60,131,1,1,1,2,false,false
uniform-budget-delay,15,8,7,173,40,60,131,1,1,1,2,false,false
uniform-budget-delay,15,8,7,174,40,60,131,1,1,1,2,false,false
uniform-budget-delay,15,8,7,175,40,60,131,1,1,1,2,false,false
uniform-budget-delay,15,8,7,176,40,60,131,1,1,1,2,false,false
uniform-budget-delay,15,8,7,177,40,60,131,1,1,1,2,false,false
uniform-budget-delay,15,8,7,178,40,60,131,1,1,1,2,false,false
uniform-budget-delay,15,8,7,179,40,60,131,1,1,1,2,false,false
uniform-budget-delay,15,8,7,180,40,60,131,1,1,1,2,false,false
uniform-budget-delay,15,8,7,181,40,60,131,1,1,1,2,false,false
uniform-budget-delay,15,8,7,182,40,60,131,1,1,1,2,false,false
uniform-budget-delay,15,8,7,183,40,60,131,1,1,1,2,false,false
uniform-budget-delay,15,8,7,184,40,60,131,1,1,1,2,false,false
uniform-budget-delay,15,8,7,185,40,60,131,1,1,1,2,false,false
uniform-budget-delay,15,8,7,186,40,60,131,1,1,1,2,false,false
uniform-budget-delay,15,8,7,187,40,60,131,1,1,1,2,false,false
uniform-budget-delay,15,8,7,188,40,60,131,1,1,1,2,false,false
uniform-budget-delay,15,8,7,189,40,60,131,1,1,1,2,false,false
uniform-budget-delay,15,8,7,190,40,60,131,1,1,1,2,false,false
uniform-budget-delay,15,8,7,191,40,60,131,1,1,1,2,false,false
uniform-budget-delay,15,8,7,192,40,60,131,1,1,1,2,false,false
uniform-budget-delay,15,8,7,193,40,60,131,1,1,1,2,false,false
uniform-budget-delay,15,8,7,194,40,60,131,1,1,1,2,false,false
uniform-budget-delay,15,8,7,195,40,60,131,1,1,1,2,false,false
uniform-budget-delay,15,8,7,196,40,60,131,1,1,1,2,false,false
uniform-budget-delay,15,8,7,197,40,60,131,1,1,1,2,false,false
uniform-budget-delay,15,8,7,198,40,60,131,1,1,1,2,false,false
uniform-budget-delay,15,8,7,199,40,60,131,1,1,1,2,false,false
uniform-budget-delay,15,8,7,200,40,60,131,1,1,1,2,false,false
progress-aware-quorum-delay,15,8,7,1,40,60,131,1,1,1,2,false,false
progress-aware-quorum-delay,15,8,7,2,40,60,131,1,1,1,2,false,false
progress-aware-quorum-delay,15,8,7,3,40,60,131,1,1,1,2,false,false
progress-aware-quorum-delay,15,8,7,4,40,60,131,1,1,1,2,false,false
progress-aware-quorum-delay,15,8,7,5,40,60,131,1,1,1,2,false,false
progress-aware-quorum-delay,15,8,7,6,40,60,131,1,1,1,2,false,false
progress-aware-quorum-delay,15,8,7,7,40,60,131,1,1,1,2,false,false
progress-aware-quorum-delay,15,8,7,8,40,60,131,1,1,1,2,false,false
progress-aware-quorum-delay,15,8,7,9,40,60,131,1,1,1,2,false,false
progress-aware-quorum-delay,15,8,7,10,40,60,131,1,1,1,2,false,false
progress-aware-quorum-delay,15,8,7,11,40,60,131,1,1,1,2,false,false
progress-aware-quorum-delay,15,8,7,12,40,60,131,1,1,1,2,false,false
progress-aware-quorum-delay,15,8,7,13,40,60,131,1,1,1,2,false,false
progress-aware-quorum-delay,15,8,7,14,40,60,131,1,1,1,2,false,false
progress-aware-quorum-delay,15,8,7,15,40,60,131,1,1,1,2,false,false
progress-aware-quorum-delay,15,8,7,16,40,60,131,1,1,1,2,false,false
progress-aware-quorum-delay,15,8,7,17,40,60,131,1,1,1,2,false,false
progress-aware-quorum-delay,15,8,7,18,40,60,131,1,1,1,2,false,false
progress-aware-quorum-delay,15,8,7,19,40,60,131,1,1,1,2,false,false
progress-aware-quorum-delay,15,8,7,20,40,60,131,1,1,1,2,false,false
progress-aware-quorum-delay,15,8,7,21,40,60,131,1,1,1,2,false,false
progress-aware-quorum-delay,15,8,7,22,40,60,131,1,1,1,2,false,false
progress-aware-quorum-delay,15,8,7,23,40,60,131,1,1,1,2,false,false
progress-aware-quorum-delay,15,8,7,24,40,60,131,1,1,1,2,false,false
progress-aware-quorum-delay,15,8,7,25,40,60,131,1,1,1,2,false,false
progress-aware-quorum-delay,15,8,7,26,40,60,131,1,1,1,2,false,false
progress-aware-quorum-delay,15,8,7,27,40,60,131,1,1,1,2,false,false
progress-aware-quorum-delay,15,8,7,28,40,60,131,1,1,1,2,false,false
progress-aware-quorum-delay,15,8,7,29,40,60,131,1,1,1,2,false,false
progress-aware-quorum-delay,15,8,7,30,40,60,131,1,1,1,2,false,false
progress-aware-quorum-delay,15,8,7,31,40,60,131,1,1,1,2,false,false
progress-aware-quorum-delay,15,8,7,32,40,60,131,1,1,1,2,false,false
progress-aware-quorum-delay,15,8,7,33,40,60,131,1,1,1,2,false,false
progress-aware-quorum-delay,15,8,7,34,40,60,131,1,1,1,2,false,false
progress-aware-quorum-delay,15,8,7,35,40,60,131,1,1,1,2,false,false
progress-aware-quorum-delay,15,8,7,36,40,60,131,1,1,1,2,false,false
progress-aware-quorum-delay,15,8,7,37,40,60,131,1,1,1,2,false,false
progress-aware-quorum-delay,15,8,7,38,40,60,131,1,1,1,2,false,false
progress-aware-quorum-delay,15,8,7,39,40,60,131,1,1,1,2,false,false
progress-aware-quorum-delay,15,8,7,40,40,60,131,1,1,1,2,false,false
progress-aware-quorum-delay,15,8,7,41,40,60,131,1,1,1,2,false,false
progress-aware-quorum-delay,15,8,7,42,40,60,131,1,1,1,2,false,false
progress-aware-quorum-delay,15,8,7,43,40,60,131,1,1,1,2,false,false
progress-aware-quorum-delay,15,8,7,44,40,60,131,1,1,1,2,false,false
progress-aware-quorum-delay,15,8,7,45,40,60,131,1,1,1,2,false,false
progress-aware-quorum-delay,15,8,7,46,40,60,131,1,1,1,2,false,false
progress-aware-quorum-delay,15,8,7,47,40,60,131,1,1,1,2,false,false
progress-aware-quorum-delay,15,8,7,48,40,60,131,1,1,1,2,false,false
progress-aware-quorum-delay,15,8,7,49,40,60,131,1,1,1,2,false,false
progress-aware-quorum-delay,15,8,7,50,40,60,131,1,1,1,2,false,false
progress-aware-quorum-delay,15,8,7,51,40,60,131,1,1,1,2,false,false
progress-aware-quorum-delay,15,8,7,52,40,60,131,1,1,1,2,false,false
progress-aware-quorum-delay,15,8,7,53,40,60,131,1,1,1,2,false,false
progress-aware-quorum-delay,15,8,7,54,40,60,131,1,1,1,2,false,false
progress-aware-quorum-delay,15,8,7,55,40,60,131,1,1,1,2,false,false
progress-aware-quorum-delay,15,8,7,56,40,60,131,1,1,1,2,false,false
progress-aware-quorum-delay,15,8,7,57,40,60,131,1,1,1,2,false,false
progress-aware-quorum-delay,15,8,7,58,40,60,131,1,1,1,2,false,false
progress-aware-quorum-delay,15,8,7,59,40,60,131,1,1,1,2,false,false
progress-aware-quorum-delay,15,8,7,60,40,60,131,1,1,1,2,false,false
progress-aware-quorum-delay,15,8,7,61,40,60,131,1,1,1,2,false,false
progress-aware-quorum-delay,15,8,7,62,40,60,131,1,1,1,2,false,false
progress-aware-quorum-delay,15,8,7,63,40,60,131,1,1,1,2,false,false
progress-aware-quorum-delay,15,8,7,64,40,60,131,1,1,1,2,false,false
progress-aware-quorum-delay,15,8,7,65,40,60,131,1,1,1,2,false,false
progress-aware-quorum-delay,15,8,7,66,40,60,131,1,1,1,2,false,false
progress-aware-quorum-delay,15,8,7,67,40,60,131,1,1,1,2,false,false
progress-aware-quorum-delay,15,8,7,68,40,60,131,1,1,1,2,false,false
progress-aware-quorum-delay,15,8,7,69,40,60,131,1,1,1,2,false,false
progress-aware-quorum-delay,15,8,7,70,40,60,131,1,1,1,2,false,false
progress-aware-quorum-delay,15,8,7,71,40,60,131,1,1,1,2,false,false
progress-aware-quorum-delay,15,8,7,72,40,60,131,1,1,1,2,false,false
progress-aware-quorum-delay,15,8,7,73,40,60,131,1,1,1,2,false,false
progress-aware-quorum-delay,15,8,7,74,40,60,131,1,1,1,2,false,false
progress-aware-quorum-delay,15,8,7,75,40,60,131,1,1,1,2,false,false
progress-aware-quorum-delay,15,8,7,76,40,60,131,1,1,1,2,false,false
progress-aware-quorum-delay,15,8,7,77,40,60,131,1,1,1,2,false,false
progress-aware-quorum-delay,15,8,7,78,40,60,131,1,1,1,2,false,false
progress-aware-quorum-delay,15,8,7,79,40,60,131,1,1,1,2,false,false
progress-aware-quorum-delay,15,8,7,80,40,60,131,1,1,1,2,false,false
progress-aware-quorum-delay,15,8,7,81,40,60,131,1,1,1,2,false,false
progress-aware-quorum-delay,15,8,7,82,40,60,131,1,1,1,2,false,false
progress-aware-quorum-delay,15,8,7,83,40,60,131,1,1,1,2,false,false
progress-aware-quorum-delay,15,8,7,84,40,60,131,1,1,1,2,false,false
progress-aware-quorum-delay,15,8,7,85,40,60,131,1,1,1,2,false,false
progress-aware-quorum-delay,15,8,7,86,40,60,131,1,1,1,2,false,false
progress-aware-quorum-delay,15,8,7,87,40,60,131,1,1,1,2,false,false
progress-aware-quorum-delay,15,8,7,88,40,60,131,1,1,1,2,false,false
progress-aware-quorum-delay,15,8,7,89,40,60,131,1,1,1,2,false,false
progress-aware-quorum-delay,15,8,7,90,40,60,131,1,1,1,2,false,false
progress-aware-quorum-delay,15,8,7,91,40,60,131,1,1,1,2,false,false
progress-aware-quorum-delay,15,8,7,92,40,60,131,1,1,1,2,false,false
progress-aware-quorum-delay,15,8,7,93,40,60,131,1,1,1,2,false,false
progress-aware-quorum-delay,15,8,7,94,40,60,131,1,1,1,2,false,false
progress-aware-quorum-delay,15,8,7,95,40,60,131,1,1,1,2,false,false
progress-aware-quorum-delay,15,8,7,96,40,60,131,1,1,1,2,false,false
progress-aware-quorum-delay,15,8,7,97,40,60,131,1,1,1,2,false,false
progress-aware-quorum-delay,15,8,7,98,40,60,131,1,1,1,2,false,false
progress-aware-quorum-delay,15,8,7,99,40,60,131,1,1,1,2,false,false
progress-aware-quorum-delay,15,8,7,100,40,60,131,1,1,1,2,false,false
progress-aware-quorum-delay,15,8,7,101,40,60,131,1,1,1,2,false,false
progress-aware-quorum-delay,15,8,7,102,40,60,131,1,1,1,2,false,false
progress-aware-quorum-delay,15,8,7,103,40,60,131,1,1,1,2,false,false
progress-aware-quorum-delay,15,8,7,104,40,60,131,1,1,1,2,false,false
progress-aware-quorum-delay,15,8,7,105,40,60,131,1,1,1,2,false,false
progress-aware-quorum-delay,15,8,7,106,40,60,131,1,1,1,2,false,false
progress-aware-quorum-delay,15,8,7,107,40,60,131,1,1,1,2,false,false
progress-aware-quorum-delay,15,8,7,108,40,60,131,1,1,1,2,false,false
progress-aware-quorum-delay,15,8,7,109,40,60,131,1,1,1,2,false,false
progress-aware-quorum-delay,15,8,7,110,40,60,131,1,1,1,2,false,false
progress-aware-quorum-delay,15,8,7,111,40,60,131,1,1,1,2,false,false
progress-aware-quorum-delay,15,8,7,112,40,60,131,1,1,1,2,false,false
progress-aware-quorum-delay,15,8,7,113,40,60,131,1,1,1,2,false,false
progress-aware-quorum-delay,15,8,7,114,40,60,131,1,1,1,2,false,false
progress-aware-quorum-delay,15,8,7,115,40,60,131,1,1,1,2,false,false
progress-aware-quorum-delay,15,8,7,116,40,60,131,1,1,1,2,false,false
progress-aware-quorum-delay,15,8,7,117,40,60,131,1,1,1,2,false,false
progress-aware-quorum-delay,15,8,7,118,40,60,131,1,1,1,2,false,false
progress-aware-quorum-delay,15,8,7,119,40,60,131,1,1,1,2,false,false
progress-aware-quorum-delay,15,8,7,120,40,60,131,1,1,1,2,false,false
progress-aware-quorum-delay,15,8,7,121,40,60,131,1,1,1,2,false,false
progress-aware-quorum-delay,15,8,7,122,40,60,131,1,1,1,2,false,false
progress-aware-quorum-delay,15,8,7,123,40,60,131,1,1,1,2,false,false
progress-aware-quorum-delay,15,8,7,124,40,60,131,1,1,1,2,false,false
progress-aware-quorum-delay,15,8,7,125,40,60,131,1,1,1,2,false,false
progress-aware-quorum-delay,15,8,7,126,40,60,131,1,1,1,2,false,false
progress-aware-quorum-delay,15,8,7,127,40,60,131,1,1,1,2,false,false
progress-aware-quorum-delay,15,8,7,128,40,60,131,1,1,1,2,false,false
progress-aware-quorum-delay,15,8,7,129,40,60,131,1,1,1,2,false,false
progress-aware-quorum-delay,15,8,7,130,40,60,131,1,1,1,2,false,false
progress-aware-quorum-delay,15,8,7,131,40,60,131,1,1,1,2,false,false
progress-aware-quorum-delay,15,8,7,132,40,60,131,1,1,1,2,false,false
progress-aware-quorum-delay,15,8,7,133,40,60,131,1,1,1,2,false,false
progress-aware-quorum-delay,15,8,7,134,40,60,131,1,1,1,2,false,false
progress-aware-quorum-delay,15,8,7,135,40,60,131,1,1,1,2,false,false
progress-aware-quorum-delay,15,8,7,136,40,60,131,1,1,1,2,false,false
progress-aware-quorum-delay,15,8,7,137,40,60,131,1,1,1,2,false,false
progress-aware-quorum-delay,15,8,7,138,40,60,131,1,1,1,2,false,false
progress-aware-quorum-delay,15,8,7,139,40,60,131,1,1,1,2,false,false
progress-aware-quorum-delay,15,8,7,140,40,60,131,1,1,1,2,false,false
progress-aware-quorum-delay,15,8,7,141,40,60,131,1,1,1,2,false,false
progress-aware-quorum-delay,15,8,7,142,40,60,131,1,1,1,2,false,false
progress-aware-quorum-delay,15,8,7,143,40,60,131,1,1,1,2,false,false
progress-aware-quorum-delay,15,8,7,144,40,60,131,1,1,1,2,false,false
progress-aware-quorum-delay,15,8,7,145,40,60,131,1,1,1,2,false,false
progress-aware-quorum-delay,15,8,7,146,40,60,131,1,1,1,2,false,false
progress-aware-quorum-delay,15,8,7,147,40,60,131,1,1,1,2,false,false
progress-aware-quorum-delay,15,8,7,148,40,60,131,1,1,1,2,false,false
progress-aware-quorum-delay,15,8,7,149,40,60,131,1,1,1,2,false,false
progress-aware-quorum-delay,15,8,7,150,40,60,131,1,1,1,2,false,false
progress-aware-quorum-delay,15,8,7,151,40,60,131,1,1,1,2,false,false
progress-aware-quorum-delay,15,8,7,152,40,60,131,1,1,1,2,false,false
progress-aware-quorum-delay,15,8,7,153,40,60,131,1,1,1,2,false,false
progress-aware-quorum-delay,15,8,7,154,40,60,131,1,1,1,2,false,false
progress-aware-quorum-delay,15,8,7,155,40,60,131,1,1,1,2,false,false
progress-aware-quorum-delay,15,8,7,156,40,60,131,1,1,1,2,false,false
progress-aware-quorum-delay,15,8,7,157,40,60,131,1,1,1,2,false,false
progress-aware-quorum-delay,15,8,7,158,40,60,131,1,1,1,2,false,false
progress-aware-quorum-delay,15,8,7,159,40,60,131,1,1,1,2,false,false
progress-aware-quorum-delay,15,8,7,160,40,60,131,1,1,1,2,false,false
progress-aware-quorum-delay,15,8,7,161,40,60,131,1,1,1,2,false,false
progress-aware-quorum-delay,15,8,7,162,40,60,131,1,1,1,2,false,false
progress-aware-quorum-delay,15,8,7,163,40,60,131,1,1,1,2,false,false
progress-aware-quorum-delay,15,8,7,164,40,60,131,1,1,1,2,false,false
progress-aware-quorum-delay,15,8,7,165,40,60,131,1,1,1,2,false,false
progress-aware-quorum-delay,15,8,7,166,40,60,131,1,1,1,2,false,false
progress-aware-quorum-delay,15,8,7,167,40,60,131,1,1,1,2,false,false
progress-aware-quorum-delay,15,8,7,168,40,60,131,1,1,1,2,false,false
progress-aware-quorum-delay,15,8,7,169,40,60,131,1,1,1,2,false,false
progress-aware-quorum-delay,15,8,7,170,40,60,131,1,1,1,2,false,false
progress-aware-quorum-delay,15,8,7,171,40,60,131,1,1,1,2,false,false
progress-aware-quorum-delay,15,8,7,172,40,60,131,1,1,1,2,false,false
progress-aware-quorum-delay,15,8,7,173,40,60,131,1,1,1,2,false,false
progress-aware-quorum-delay,15,8,7,174,40,60,131,1,1,1,2,false,false
progress-aware-quorum-delay,15,8,7,175,40,60,131,1,1,1,2,false,false
progress-aware-quorum-delay,15,8,7,176,40,60,131,1,1,1,2,false,false
progress-aware-quorum-delay,15,8,7,177,40,60,131,1,1,1,2,false,false
progress-aware-quorum-delay,15,8,7,178,40,60,131,1,1,1,2,false,false
progress-aware-quorum-delay,15,8,7,179,40,60,131,1,1,1,2,false,false
progress-aware-quorum-delay,15,8,7,180,40,60,131,1,1,1,2,false,false
progress-aware-quorum-delay,15,8,7,181,40,60,131,1,1,1,2,false,false
progress-aware-quorum-delay,15,8,7,182,40,60,131,1,1,1,2,false,false
progress-aware-quorum-delay,15,8,7,183,40,60,131,1,1,1,2,false,false
progress-aware-quorum-delay,15,8,7,184,40,60,131,1,1,1,2,false,false
progress-aware-quorum-delay,15,8,7,185,40,60,131,1,1,1,2,false,false
progress-aware-quorum-delay,15,8,7,186,40,60,131,1,1,1,2,false,false
progress-aware-quorum-delay,15,8,7,187,40,60,131,1,1,1,2,false,false
progress-aware-quorum-delay,15,8,7,188,40,60,131,1,1,1,2,false,false
progress-aware-quorum-delay,15,8,7,189,40,60,131,1,1,1,2,false,false
progress-aware-quorum-delay,15,8,7,190,40,60,131,1,1,1,2,false,false
progress-aware-quorum-delay,15,8,7,191,40,60,131,1,1,1,2,false,false
progress-aware-quorum-delay,15,8,7,192,40,60,131,1,1,1,2,false,false
progress-aware-quorum-delay,15,8,7,193,40,60,131,1,1,1,2,false,false
progress-aware-quorum-delay,15,8,7,194,40,60,131,1,1,1,2,false,false
progress-aware-quorum-delay,15,8,7,195,40,60,131,1,1,1,2,false,false
progress-aware-quorum-delay,15,8,7,196,40,60,131,1,1,1,2,false,false
progress-aware-quorum-delay,15,8,7,197,40,60,131,1,1,1,2,false,false
progress-aware-quorum-delay,15,8,7,198,40,60,131,1,1,1,2,false,false
progress-aware-quorum-delay,15,8,7,199,40,60,131,1,1,1,2,false,false
progress-aware-quorum-delay,15,8,7,200,40,60,131,1,1,1,2,false,false
uniform-budget-delay,25,13,12,1,65,100,216,1,1,1,2,false,false
uniform-budget-delay,25,13,12,2,65,100,216,1,1,1,2,false,false
uniform-budget-delay,25,13,12,3,65,100,216,1,1,1,2,false,false
uniform-budget-delay,25,13,12,4,65,100,216,1,1,1,2,false,false
uniform-budget-delay,25,13,12,5,65,100,216,1,1,1,2,false,false
uniform-budget-delay,25,13,12,6,65,100,216,1,1,1,2,false,false
uniform-budget-delay,25,13,12,7,65,100,216,1,1,1,2,false,false
uniform-budget-delay,25,13,12,8,65,100,216,1,1,1,2,false,false
uniform-budget-delay,25,13,12,9,65,100,216,1,1,1,2,false,false
uniform-budget-delay,25,13,12,10,65,100,216,1,1,1,2,false,false
uniform-budget-delay,25,13,12,11,65,100,216,1,1,1,2,false,false
uniform-budget-delay,25,13,12,12,65,100,216,1,1,1,2,false,false
uniform-budget-delay,25,13,12,13,65,100,216,1,1,1,2,false,false
uniform-budget-delay,25,13,12,14,65,100,216,1,1,1,2,false,false
uniform-budget-delay,25,13,12,15,65,100,216,1,1,1,2,false,false
uniform-budget-delay,25,13,12,16,65,100,216,1,1,1,2,false,false
uniform-budget-delay,25,13,12,17,65,100,216,1,1,1,2,false,false
uniform-budget-delay,25,13,12,18,65,100,216,1,1,1,2,false,false
uniform-budget-delay,25,13,12,19,65,100,216,1,1,1,2,false,false
uniform-budget-delay,25,13,12,20,65,100,216,1,1,1,2,false,false
uniform-budget-delay,25,13,12,21,65,100,216,1,1,1,2,false,false
uniform-budget-delay,25,13,12,22,65,100,216,1,1,1,2,false,false
uniform-budget-delay,25,13,12,23,65,100,216,1,1,1,2,false,false
uniform-budget-delay,25,13,12,24,65,100,216,1,1,1,2,false,false
uniform-budget-delay,25,13,12,25,65,100,216,1,1,1,2,false,false
uniform-budget-delay,25,13,12,26,65,100,216,1,1,1,2,false,false
uniform-budget-delay,25,13,12,27,65,100,216,1,1,1,2,false,false
uniform-budget-delay,25,13,12,28,65,100,216,1,1,1,2,false,false
uniform-budget-delay,25,13,12,29,65,100,216,1,1,1,2,false,false
uniform-budget-delay,25,13,12,30,65,100,216,1,1,1,2,false,false
uniform-budget-delay,25,13,12,31,65,100,216,1,1,1,2,false,false
uniform-budget-delay,25,13,12,32,65,100,216,1,1,1,2,false,false
uniform-budget-delay,25,13,12,33,65,100,216,1,1,1,2,false,false
uniform-budget-delay,25,13,12,34,65,100,216,1,1,1,2,false,false
uniform-budget-delay,25,13,12,35,65,100,216,1,1,1,2,false,false
uniform-budget-delay,25,13,12,36,65,100,216,1,1,1,2,false,false
uniform-budget-delay,25,13,12,37,65,100,216,1,1,1,2,false,false
uniform-budget-delay,25,13,12,38,65,100,216,1,1,1,2,false,false
uniform-budget-delay,25,13,12,39,65,100,216,1,1,1,2,false,false
uniform-budget-delay,25,13,12,40,65,100,216,1,1,1,2,false,false
uniform-budget-delay,25,13,12,41,65,100,216,1,1,1,2,false,false
uniform-budget-delay,25,13,12,42,65,100,216,1,1,1,2,false,false
uniform-budget-delay,25,13,12,43,65,100,216,1,1,1,2,false,false
uniform-budget-delay,25,13,12,44,65,100,216,1,1,1,2,false,false
uniform-budget-delay,25,13,12,45,65,100,216,1,1,1,2,false,false
uniform-budget-delay,25,13,12,46,65,100,216,1,1,1,2,false,false
uniform-budget-delay,25,13,12,47,65,100,216,1,1,1,2,false,false
uniform-budget-delay,25,13,12,48,65,100,216,1,1,1,2,false,false
uniform-budget-delay,25,13,12,49,65,100,216,1,1,1,2,false,false
uniform-budget-delay,25,13,12,50,65,100,216,1,1,1,2,false,false
uniform-budget-delay,25,13,12,51,65,100,216,1,1,1,2,false,false
uniform-budget-delay,25,13,12,52,65,100,216,1,1,1,2,false,false
uniform-budget-delay,25,13,12,53,65,100,216,1,1,1,2,false,false
uniform-budget-delay,25,13,12,54,65,100,216,1,1,1,2,false,false
uniform-budget-delay,25,13,12,55,65,100,216,1,1,1,2,false,false
uniform-budget-delay,25,13,12,56,65,100,216,1,1,1,2,false,false
uniform-budget-delay,25,13,12,57,65,100,216,1,1,1,2,false,false
uniform-budget-delay,25,13,12,58,65,100,216,1,1,1,2,false,false
uniform-budget-delay,25,13,12,59,65,100,216,1,1,1,2,false,false
uniform-budget-delay,25,13,12,60,65,100,216,1,1,1,2,false,false
uniform-budget-delay,25,13,12,61,65,100,216,1,1,1,2,false,false
uniform-budget-delay,25,13,12,62,65,100,216,1,1,1,2,false,false
uniform-budget-delay,25,13,12,63,65,100,216,1,1,1,2,false,false
uniform-budget-delay,25,13,12,64,65,100,216,1,1,1,2,false,false
uniform-budget-delay,25,13,12,65,65,100,216,1,1,1,2,false,false
uniform-budget-delay,25,13,12,66,65,100,216,1,1,1,2,false,false
uniform-budget-delay,25,13,12,67,65,100,216,1,1,1,2,false,false
uniform-budget-delay,25,13,12,68,65,100,216,1,1,1,2,false,false
uniform-budget-delay,25,13,12,69,65,100,216,1,1,1,2,false,false
uniform-budget-delay,25,13,12,70,65,100,216,1,1,1,2,false,false
uniform-budget-delay,25,13,12,71,65,100,216,1,1,1,2,false,false
uniform-budget-delay,25,13,12,72,65,100,216,1,1,1,2,false,false
uniform-budget-delay,25,13,12,73,65,100,216,1,1,1,2,false,false
uniform-budget-delay,25,13,12,74,65,100,216,1,1,1,2,false,false
uniform-budget-delay,25,13,12,75,65,100,216,1,1,1,2,false,false
uniform-budget-delay,25,13,12,76,65,100,216,1,1,1,2,false,false
uniform-budget-delay,25,13,12,77,65,100,216,1,1,1,2,false,false
uniform-budget-delay,25,13,12,78,65,100,216,1,1,1,2,false,false
uniform-budget-delay,25,13,12,79,65,100,216,1,1,1,2,false,false
uniform-budget-delay,25,13,12,80,65,100,216,1,1,1,2,false,false
uniform-budget-delay,25,13,12,81,65,100,216,1,1,1,2,false,false
uniform-budget-delay,25,13,12,82,65,100,216,1,1,1,2,false,false
uniform-budget-delay,25,13,12,83,65,100,216,1,1,1,2,false,false
uniform-budget-delay,25,13,12,84,65,100,216,1,1,1,2,false,false
uniform-budget-delay,25,13,12,85,65,100,216,1,1,1,2,false,false
uniform-budget-delay,25,13,12,86,65,100,216,1,1,1,2,false,false
uniform-budget-delay,25,13,12,87,65,100,216,1,1,1,2,false,false
uniform-budget-delay,25,13,12,88,65,100,216,1,1,1,2,false,false
uniform-budget-delay,25,13,12,89,65,100,216,1,1,1,2,false,false
uniform-budget-delay,25,13,12,90,65,100,216,1,1,1,2,false,false
uniform-budget-delay,25,13,12,91,65,100,216,1,1,1,2,false,false
uniform-budget-delay,25,13,12,92,65,100,216,1,1,1,2,false,false
uniform-budget-delay,25,13,12,93,65,100,216,1,1,1,2,false,false
uniform-budget-delay,25,13,12,94,65,100,216,1,1,1,2,false,false
uniform-budget-delay,25,13,12,95,65,100,216,1,1,1,2,false,false
uniform-budget-delay,25,13,12,96,65,100,216,1,1,1,2,false,false
uniform-budget-delay,25,13,12,97,65,100,216,1,1,1,2,false,false
uniform-budget-delay,25,13,12,98,65,100,216,1,1,1,2,false,false
uniform-budget-delay,25,13,12,99,65,100,216,1,1,1,2,false,false
uniform-budget-delay,25,13,12,100,65,100,216,1,1,1,2,false,false
uniform-budget-delay,25,13,12,101,65,100,216,1,1,1,2,false,false
uniform-budget-delay,25,13,12,102,65,100,216,1,1,1,2,false,false
uniform-budget-delay,25,13,12,103,65,100,216,1,1,1,2,false,false
uniform-budget-delay,25,13,12,104,65,100,216,1,1,1,2,false,false
uniform-budget-delay,25,13,12,105,65,100,216,1,1,1,2,false,false
uniform-budget-delay,25,13,12,106,65,100,216,1,1,1,2,false,false
uniform-budget-delay,25,13,12,107,65,100,216,1,1,1,2,false,false
uniform-budget-delay,25,13,12,108,65,100,216,1,1,1,2,false,false
uniform-budget-delay,25,13,12,109,65,100,216,1,1,1,2,false,false
uniform-budget-delay,25,13,12,110,65,100,216,1,1,1,2,false,false
uniform-budget-delay,25,13,12,111,65,100,216,1,1,1,2,false,false
uniform-budget-delay,25,13,12,112,65,100,216,1,1,1,2,false,false
uniform-budget-delay,25,13,12,113,65,100,216,1,1,1,2,false,false
uniform-budget-delay,25,13,12,114,65,100,216,1,1,1,2,false,false
uniform-budget-delay,25,13,12,115,65,100,216,1,1,1,2,false,false
uniform-budget-delay,25,13,12,116,65,100,216,1,1,1,2,false,false
uniform-budget-delay,25,13,12,117,65,100,216,1,1,1,2,false,false
uniform-budget-delay,25,13,12,118,65,100,216,1,1,1,2,false,false
uniform-budget-delay,25,13,12,119,65,100,216,1,1,1,2,false,false
uniform-budget-delay,25,13,12,120,65,100,216,1,1,1,2,false,false
uniform-budget-delay,25,13,12,121,65,100,216,1,1,1,2,false,false
uniform-budget-delay,25,13,12,122,65,100,216,1,1,1,2,false,false
uniform-budget-delay,25,13,12,123,65,100,216,1,1,1,2,false,false
uniform-budget-delay,25,13,12,124,65,100,216,1,1,1,2,false,false
uniform-budget-delay,25,13,12,125,65,100,216,1,1,1,2,false,false
uniform-budget-delay,25,13,12,126,65,100,216,1,1,1,2,false,false
uniform-budget-delay,25,13,12,127,65,100,216,1,1,1,2,false,false
uniform-budget-delay,25,13,12,128,65,100,216,1,1,1,2,false,false
uniform-budget-delay,25,13,12,129,65,100,216,1,1,1,2,false,false
uniform-budget-delay,25,13,12,130,65,100,216,1,1,1,2,false,false
uniform-budget-delay,25,13,12,131,65,100,216,1,1,1,2,false,false
uniform-budget-delay,25,13,12,132,65,100,216,1,1,1,2,false,false
uniform-budget-delay,25,13,12,133,65,100,216,1,1,1,2,false,false
uniform-budget-delay,25,13,12,134,65,100,216,1,1,1,2,false,false
uniform-budget-delay,25,13,12,135,65,100,216,1,1,1,2,false,false
uniform-budget-delay,25,13,12,136,65,100,216,1,1,1,2,false,false
uniform-budget-delay,25,13,12,137,65,100,216,1,1,1,2,false,false
uniform-budget-delay,25,13,12,138,65,100,216,1,1,1,2,false,false
uniform-budget-delay,25,13,12,139,65,100,216,1,1,1,2,false,false
uniform-budget-delay,25,13,12,140,65,100,216,1,1,1,2,false,false
uniform-budget-delay,25,13,12,141,65,100,216,1,1,1,2,false,false
uniform-budget-delay,25,13,12,142,65,100,216,1,1,1,2,false,false
uniform-budget-delay,25,13,12,143,65,100,216,1,1,1,2,false,false
uniform-budget-delay,25,13,12,144,65,100,216,1,1,1,2,false,false
uniform-budget-delay,25,13,12,145,65,100,216,1,1,1,2,false,false
uniform-budget-delay,25,13,12,146,65,100,216,1,1,1,2,false,false
uniform-budget-delay,25,13,12,147,65,100,216,1,1,1,2,false,false
uniform-budget-delay,25,13,12,148,65,100,216,1,1,1,2,false,false
uniform-budget-delay,25,13,12,149,65,100,216,1,1,1,2,false,false
uniform-budget-delay,25,13,12,150,65,100,216,1,1,1,2,false,false
uniform-budget-delay,25,13,12,151,65,100,216,1,1,1,2,false,false
uniform-budget-delay,25,13,12,152,65,100,216,1,1,1,2,false,false
uniform-budget-delay,25,13,12,153,65,100,216,1,1,1,2,false,false
uniform-budget-delay,25,13,12,154,65,100,216,1,1,1,2,false,false
uniform-budget-delay,25,13,12,155,65,100,216,1,1,1,2,false,false
uniform-budget-delay,25,13,12,156,65,100,216,1,1,1,2,false,false
uniform-budget-delay,25,13,12,157,65,100,216,1,1,1,2,false,false
uniform-budget-delay,25,13,12,158,65,100,216,1,1,1,2,false,false
uniform-budget-delay,25,13,12,159,65,100,216,1,1,1,2,false,false
uniform-budget-delay,25,13,12,160,65,100,216,1,1,1,2,false,false
uniform-budget-delay,25,13,12,161,65,100,216,1,1,1,2,false,false
uniform-budget-delay,25,13,12,162,65,100,216,1,1,1,2,false,false
uniform-budget-delay,25,13,12,163,65,100,216,1,1,1,2,false,false
uniform-budget-delay,25,13,12,164,65,100,216,1,1,1,2,false,false
uniform-budget-delay,25,13,12,165,65,100,216,1,1,1,2,false,false
uniform-budget-delay,25,13,12,166,65,100,216,1,1,1,2,false,false
uniform-budget-delay,25,13,12,167,65,100,216,1,1,1,2,false,false
uniform-budget-delay,25,13,12,168,65,100,216,1,1,1,2,false,false
uniform-budget-delay,25,13,12,169,65,100,216,1,1,1,2,false,false
uniform-budget-delay,25,13,12,170,65,100,216,1,1,1,2,false,false
uniform-budget-delay,25,13,12,171,65,100,216,1,1,1,2,false,false
uniform-budget-delay,25,13,12,172,65,100,216,1,1,1,2,false,false
uniform-budget-delay,25,13,12,173,65,100,216,1,1,1,2,false,false
uniform-budget-delay,25,13,12,174,65,100,216,1,1,1,2,false,false
uniform-budget-delay,25,13,12,175,65,100,216,1,1,1,2,false,false
uniform-budget-delay,25,13,12,176,65,100,216,1,1,1,2,false,false
uniform-budget-delay,25,13,12,177,65,100,216,1,1,1,2,false,false
uniform-budget-delay,25,13,12,178,65,100,216,1,1,1,2,false,false
uniform-budget-delay,25,13,12,179,65,100,216,1,1,1,2,false,false
uniform-budget-delay,25,13,12,180,65,100,216,1,1,1,2,false,false
uniform-budget-delay,25,13,12,181,65,100,216,1,1,1,2,false,false
uniform-budget-delay,25,13,12,182,65,100,216,1,1,1,2,false,false
uniform-budget-delay,25,13,12,183,65,100,216,1,1,1,2,false,false
uniform-budget-delay,25,13,12,184,65,100,216,1,1,1,2,false,false
uniform-budget-delay,25,13,12,185,65,100,216,1,1,1,2,false,false
uniform-budget-delay,25,13,12,186,65,100,216,1,1,1,2,false,false
uniform-budget-delay,25,13,12,187,65,100,216,1,1,1,2,false,false
uniform-budget-delay,25,13,12,188,65,100,216,1,1,1,2,false,false
uniform-budget-delay,25,13,12,189,65,100,216,1,1,1,2,false,false
uniform-budget-delay,25,13,12,190,65,100,216,1,1,1,2,false,false
uniform-budget-delay,25,13,12,191,65,100,216,1,1,1,2,false,false
uniform-budget-delay,25,13,12,192,65,100,216,1,1,1,2,false,false
uniform-budget-delay,25,13,12,193,65,100,216,1,1,1,2,false,false
uniform-budget-delay,25,13,12,194,65,100,216,1,1,1,2,false,false
uniform-budget-delay,25,13,12,195,65,100,216,1,1,1,2,false,false
uniform-budget-delay,25,13,12,196,65,100,216,1,1,1,2,false,false
uniform-budget-delay,25,13,12,197,65,100,216,1,1,1,2,false,false
uniform-budget-delay,25,13,12,198,65,100,216,1,1,1,2,false,false
uniform-budget-delay,25,13,12,199,65,100,216,1,1,1,2,false,false
uniform-budget-delay,25,13,12,200,65,100,216,1,1,1,2,false,false
progress-aware-quorum-delay,25,13,12,1,65,100,216,1,1,1,2,false,false
progress-aware-quorum-delay,25,13,12,2,65,100,216,1,1,1,2,false,false
progress-aware-quorum-delay,25,13,12,3,65,100,216,1,1,1,2,false,false
progress-aware-quorum-delay,25,13,12,4,65,100,216,1,1,1,2,false,false
progress-aware-quorum-delay,25,13,12,5,65,100,216,1,1,1,2,false,false
progress-aware-quorum-delay,25,13,12,6,65,100,216,1,1,1,2,false,false
progress-aware-quorum-delay,25,13,12,7,65,100,216,1,1,1,2,false,false
progress-aware-quorum-delay,25,13,12,8,65,100,216,1,1,1,2,false,false
progress-aware-quorum-delay,25,13,12,9,65,100,216,1,1,1,2,false,false
progress-aware-quorum-delay,25,13,12,10,65,100,216,1,1,1,2,false,false
progress-aware-quorum-delay,25,13,12,11,65,100,216,1,1,1,2,false,false
progress-aware-quorum-delay,25,13,12,12,65,100,216,1,1,1,2,false,false
progress-aware-quorum-delay,25,13,12,13,65,100,216,1,1,1,2,false,false
progress-aware-quorum-delay,25,13,12,14,65,100,216,1,1,1,2,false,false
progress-aware-quorum-delay,25,13,12,15,65,100,216,1,1,1,2,false,false
progress-aware-quorum-delay,25,13,12,16,65,100,216,1,1,1,2,false,false
progress-aware-quorum-delay,25,13,12,17,65,100,216,1,1,1,2,false,false
progress-aware-quorum-delay,25,13,12,18,65,100,216,1,1,1,2,false,false
progress-aware-quorum-delay,25,13,12,19,65,100,216,1,1,1,2,false,false
progress-aware-quorum-delay,25,13,12,20,65,100,216,1,1,1,2,false,false
progress-aware-quorum-delay,25,13,12,21,65,100,216,1,1,1,2,false,false
progress-aware-quorum-delay,25,13,12,22,65,100,216,1,1,1,2,false,false
progress-aware-quorum-delay,25,13,12,23,65,100,216,1,1,1,2,false,false
progress-aware-quorum-delay,25,13,12,24,65,100,216,1,1,1,2,false,false
progress-aware-quorum-delay,25,13,12,25,65,100,216,1,1,1,2,false,false
progress-aware-quorum-delay,25,13,12,26,65,100,216,1,1,1,2,false,false
progress-aware-quorum-delay,25,13,12,27,65,100,216,1,1,1,2,false,false
progress-aware-quorum-delay,25,13,12,28,65,100,216,1,1,1,2,false,false
progress-aware-quorum-delay,25,13,12,29,65,100,216,1,1,1,2,false,false
progress-aware-quorum-delay,25,13,12,30,65,100,216,1,1,1,2,false,false
progress-aware-quorum-delay,25,13,12,31,65,100,216,1,1,1,2,false,false
progress-aware-quorum-delay,25,13,12,32,65,100,216,1,1,1,2,false,false
progress-aware-quorum-delay,25,13,12,33,65,100,216,1,1,1,2,false,false
progress-aware-quorum-delay,25,13,12,34,65,100,216,1,1,1,2,false,false
progress-aware-quorum-delay,25,13,12,35,65,100,216,1,1,1,2,false,false
progress-aware-quorum-delay,25,13,12,36,65,100,216,1,1,1,2,false,false
progress-aware-quorum-delay,25,13,12,37,65,100,216,1,1,1,2,false,false
progress-aware-quorum-delay,25,13,12,38,65,100,216,1,1,1,2,false,false
progress-aware-quorum-delay,25,13,12,39,65,100,216,1,1,1,2,false,false
progress-aware-quorum-delay,25,13,12,40,65,100,216,1,1,1,2,false,false
progress-aware-quorum-delay,25,13,12,41,65,100,216,1,1,1,2,false,false
progress-aware-quorum-delay,25,13,12,42,65,100,216,1,1,1,2,false,false
progress-aware-quorum-delay,25,13,12,43,65,100,216,1,1,1,2,false,false
progress-aware-quorum-delay,25,13,12,44,65,100,216,1,1,1,2,false,false
progress-aware-quorum-delay,25,13,12,45,65,100,216,1,1,1,2,false,false
progress-aware-quorum-delay,25,13,12,46,65,100,216,1,1,1,2,false,false
progress-aware-quorum-delay,25,13,12,47,65,100,216,1,1,1,2,false,false
progress-aware-quorum-delay,25,13,12,48,65,100,216,1,1,1,2,false,false
progress-aware-quorum-delay,25,13,12,49,65,100,216,1,1,1,2,false,false
progress-aware-quorum-delay,25,13,12,50,65,100,216,1,1,1,2,false,false
progress-aware-quorum-delay,25,13,12,51,65,100,216,1,1,1,2,false,false
progress-aware-quorum-delay,25,13,12,52,65,100,216,1,1,1,2,false,false
progress-aware-quorum-delay,25,13,12,53,65,100,216,1,1,1,2,false,false
progress-aware-quorum-delay,25,13,12,54,65,100,216,1,1,1,2,false,false
progress-aware-quorum-delay,25,13,12,55,65,100,216,1,1,1,2,false,false
progress-aware-quorum-delay,25,13,12,56,65,100,216,1,1,1,2,false,false
progress-aware-quorum-delay,25,13,12,57,65,100,216,1,1,1,2,false,false
progress-aware-quorum-delay,25,13,12,58,65,100,216,1,1,1,2,false,false
progress-aware-quorum-delay,25,13,12,59,65,100,216,1,1,1,2,false,false
progress-aware-quorum-delay,25,13,12,60,65,100,216,1,1,1,2,false,false
progress-aware-quorum-delay,25,13,12,61,65,100,216,1,1,1,2,false,false
progress-aware-quorum-delay,25,13,12,62,65,100,216,1,1,1,2,false,false
progress-aware-quorum-delay,25,13,12,63,65,100,216,1,1,1,2,false,false
progress-aware-quorum-delay,25,13,12,64,65,100,216,1,1,1,2,false,false
progress-aware-quorum-delay,25,13,12,65,65,100,216,1,1,1,2,false,false
progress-aware-quorum-delay,25,13,12,66,65,100,216,1,1,1,2,false,false
progress-aware-quorum-delay,25,13,12,67,65,100,216,1,1,1,2,false,false
progress-aware-quorum-delay,25,13,12,68,65,100,216,1,1,1,2,false,false
progress-aware-quorum-delay,25,13,12,69,65,100,216,1,1,1,2,false,false
progress-aware-quorum-delay,25,13,12,70,65,100,216,1,1,1,2,false,false
progress-aware-quorum-delay,25,13,12,71,65,100,216,1,1,1,2,false,false
progress-aware-quorum-delay,25,13,12,72,65,100,216,1,1,1,2,false,false
progress-aware-quorum-delay,25,13,12,73,65,100,216,1,1,1,2,false,false
progress-aware-quorum-delay,25,13,12,74,65,100,216,1,1,1,2,false,false
progress-aware-quorum-delay,25,13,12,75,65,100,216,1,1,1,2,false,false
progress-aware-quorum-delay,25,13,12,76,65,100,216,1,1,1,2,false,false
progress-aware-quorum-delay,25,13,12,77,65,100,216,1,1,1,2,false,false
progress-aware-quorum-delay,25,13,12,78,65,100,216,1,1,1,2,false,false
progress-aware-quorum-delay,25,13,12,79,65,100,216,1,1,1,2,false,false
progress-aware-quorum-delay,25,13,12,80,65,100,216,1,1,1,2,false,false
progress-aware-quorum-delay,25,13,12,81,65,100,216,1,1,1,2,false,false
progress-aware-quorum-delay,25,13,12,82,65,100,216,1,1,1,2,false,false
progress-aware-quorum-delay,25,13,12,83,65,100,216,1,1,1,2,false,false
progress-aware-quorum-delay,25,13,12,84,65,100,216,1,1,1,2,false,false
progress-aware-quorum-delay,25,13,12,85,65,100,216,1,1,1,2,false,false
progress-aware-quorum-delay,25,13,12,86,65,100,216,1,1,1,2,false,false
progress-aware-quorum-delay,25,13,12,87,65,100,216,1,1,1,2,false,false
progress-aware-quorum-delay,25,13,12,88,65,100,216,1,1,1,2,false,false
progress-aware-quorum-delay,25,13,12,89,65,100,216,1,1,1,2,false,false
progress-aware-quorum-delay,25,13,12,90,65,100,216,1,1,1,2,false,false
progress-aware-quorum-delay,25,13,12,91,65,100,216,1,1,1,2,false,false
progress-aware-quorum-delay,25,13,12,92,65,100,216,1,1,1,2,false,false
progress-aware-quorum-delay,25,13,12,93,65,100,216,1,1,1,2,false,false
progress-aware-quorum-delay,25,13,12,94,65,100,216,1,1,1,2,false,false
progress-aware-quorum-delay,25,13,12,95,65,100,216,1,1,1,2,false,false
progress-aware-quorum-delay,25,13,12,96,65,100,216,1,1,1,2,false,false
progress-aware-quorum-delay,25,13,12,97,65,100,216,1,1,1,2,false,false
progress-aware-quorum-delay,25,13,12,98,65,100,216,1,1,1,2,false,false
progress-aware-quorum-delay,25,13,12,99,65,100,216,1,1,1,2,false,false
progress-aware-quorum-delay,25,13,12,100,65,100,216,1,1,1,2,false,false
progress-aware-quorum-delay,25,13,12,101,65,100,216,1,1,1,2,false,false
progress-aware-quorum-delay,25,13,12,102,65,100,216,1,1,1,2,false,false
progress-aware-quorum-delay,25,13,12,103,65,100,216,1,1,1,2,false,false
progress-aware-quorum-delay,25,13,12,104,65,100,216,1,1,1,2,false,false
progress-aware-quorum-delay,25,13,12,105,65,100,216,1,1,1,2,false,false
progress-aware-quorum-delay,25,13,12,106,65,100,216,1,1,1,2,false,false
progress-aware-quorum-delay,25,13,12,107,65,100,216,1,1,1,2,false,false
progress-aware-quorum-delay,25,13,12,108,65,100,216,1,1,1,2,false,false
progress-aware-quorum-delay,25,13,12,109,65,100,216,1,1,1,2,false,false
progress-aware-quorum-delay,25,13,12,110,65,100,216,1,1,1,2,false,false
progress-aware-quorum-delay,25,13,12,111,65,100,216,1,1,1,2,false,false
progress-aware-quorum-delay,25,13,12,112,65,100,216,1,1,1,2,false,false
progress-aware-quorum-delay,25,13,12,113,65,100,216,1,1,1,2,false,false
progress-aware-quorum-delay,25,13,12,114,65,100,216,1,1,1,2,false,false
progress-aware-quorum-delay,25,13,12,115,65,100,216,1,1,1,2,false,false
progress-aware-quorum-delay,25,13,12,116,65,100,216,1,1,1,2,false,false
progress-aware-quorum-delay,25,13,12,117,65,100,216,1,1,1,2,false,false
progress-aware-quorum-delay,25,13,12,118,65,100,216,1,1,1,2,false,false
progress-aware-quorum-delay,25,13,12,119,65,100,216,1,1,1,2,false,false
progress-aware-quorum-delay,25,13,12,120,65,100,216,1,1,1,2,false,false
progress-aware-quorum-delay,25,13,12,121,65,100,216,1,1,1,2,false,false
progress-aware-quorum-delay,25,13,12,122,65,100,216,1,1,1,2,false,false
progress-aware-quorum-delay,25,13,12,123,65,100,216,1,1,1,2,false,false
progress-aware-quorum-delay,25,13,12,124,65,100,216,1,1,1,2,false,false
progress-aware-quorum-delay,25,13,12,125,65,100,216,1,1,1,2,false,false
progress-aware-quorum-delay,25,13,12,126,65,100,216,1,1,1,2,false,false
progress-aware-quorum-delay,25,13,12,127,65,100,216,1,1,1,2,false,false
progress-aware-quorum-delay,25,13,12,128,65,100,216,1,1,1,2,false,false
progress-aware-quorum-delay,25,13,12,129,65,100,216,1,1,1,2,false,false
progress-aware-quorum-delay,25,13,12,130,65,100,216,1,1,1,2,false,false
progress-aware-quorum-delay,25,13,12,131,65,100,216,1,1,1,2,false,false
progress-aware-quorum-delay,25,13,12,132,65,100,216,1,1,1,2,false,false
progress-aware-quorum-delay,25,13,12,133,65,100,216,1,1,1,2,false,false
progress-aware-quorum-delay,25,13,12,134,65,100,216,1,1,1,2,false,false
progress-aware-quorum-delay,25,13,12,135,65,100,216,1,1,1,2,false,false
progress-aware-quorum-delay,25,13,12,136,65,100,216,1,1,1,2,false,false
progress-aware-quorum-delay,25,13,12,137,65,100,216,1,1,1,2,false,false
progress-aware-quorum-delay,25,13,12,138,65,100,216,1,1,1,2,false,false
progress-aware-quorum-delay,25,13,12,139,65,100,216,1,1,1,2,false,false
progress-aware-quorum-delay,25,13,12,140,65,100,216,1,1,1,2,false,false
progress-aware-quorum-delay,25,13,12,141,65,100,216,1,1,1,2,false,false
progress-aware-quorum-delay,25,13,12,142,65,100,216,1,1,1,2,false,false
progress-aware-quorum-delay,25,13,12,143,65,100,216,1,1,1,2,false,false
progress-aware-quorum-delay,25,13,12,144,65,100,216,1,1,1,2,false,false
progress-aware-quorum-delay,25,13,12,145,65,100,216,1,1,1,2,false,false
progress-aware-quorum-delay,25,13,12,146,65,100,216,1,1,1,2,false,false
progress-aware-quorum-delay,25,13,12,147,65,100,216,1,1,1,2,false,false
progress-aware-quorum-delay,25,13,12,148,65,100,216,1,1,1,2,false,false
progress-aware-quorum-delay,25,13,12,149,65,100,216,1,1,1,2,false,false
progress-aware-quorum-delay,25,13,12,150,65,100,216,1,1,1,2,false,false
progress-aware-quorum-delay,25,13,12,151,65,100,216,1,1,1,2,false,false
progress-aware-quorum-delay,25,13,12,152,65,100,216,1,1,1,2,false,false
progress-aware-quorum-delay,25,13,12,153,65,100,216,1,1,1,2,false,false
progress-aware-quorum-delay,25,13,12,154,65,100,216,1,1,1,2,false,false
progress-aware-quorum-delay,25,13,12,155,65,100,216,1,1,1,2,false,false
progress-aware-quorum-delay,25,13,12,156,65,100,216,1,1,1,2,false,false
progress-aware-quorum-delay,25,13,12,157,65,100,216,1,1,1,2,false,false
progress-aware-quorum-delay,25,13,12,158,65,100,216,1,1,1,2,false,false
progress-aware-quorum-delay,25,13,12,159,65,100,216,1,1,1,2,false,false
progress-aware-quorum-delay,25,13,12,160,65,100,216,1,1,1,2,false,false
progress-aware-quorum-delay,25,13,12,161,65,100,216,1,1,1,2,false,false
progress-aware-quorum-delay,25,13,12,162,65,100,216,1,1,1,2,false,false
progress-aware-quorum-delay,25,13,12,163,65,100,216,1,1,1,2,false,false
progress-aware-quorum-delay,25,13,12,164,65,100,216,1,1,1,2,false,false
progress-aware-quorum-delay,25,13,12,165,65,100,216,1,1,1,2,false,false
progress-aware-quorum-delay,25,13,12,166,65,100,216,1,1,1,2,false,false
progress-aware-quorum-delay,25,13,12,167,65,100,216,1,1,1,2,false,false
progress-aware-quorum-delay,25,13,12,168,65,100,216,1,1,1,2,false,false
progress-aware-quorum-delay,25,13,12,169,65,100,216,1,1,1,2,false,false
progress-aware-quorum-delay,25,13,12,170,65,100,216,1,1,1,2,false,false
progress-aware-quorum-delay,25,13,12,171,65,100,216,1,1,1,2,false,false
progress-aware-quorum-delay,25,13,12,172,65,100,216,1,1,1,2,false,false
progress-aware-quorum-delay,25,13,12,173,65,100,216,1,1,1,2,false,false
progress-aware-quorum-delay,25,13,12,174,65,100,216,1,1,1,2,false,false
progress-aware-quorum-delay,25,13,12,175,65,100,216,1,1,1,2,false,false
progress-aware-quorum-delay,25,13,12,176,65,100,216,1,1,1,2,false,false
progress-aware-quorum-delay,25,13,12,177,65,100,216,1,1,1,2,false,false
progress-aware-quorum-delay,25,13,12,178,65,100,216,1,1,1,2,false,false
progress-aware-quorum-delay,25,13,12,179,65,100,216,1,1,1,2,false,false
progress-aware-quorum-delay,25,13,12,180,65,100,216,1,1,1,2,false,false
progress-aware-quorum-delay,25,13,12,181,65,100,216,1,1,1,2,false,false
progress-aware-quorum-delay,25,13,12,182,65,100,216,1,1,1,2,false,false
progress-aware-quorum-delay,25,13,12,183,65,100,216,1,1,1,2,false,false
progress-aware-quorum-delay,25,13,12,184,65,100,216,1,1,1,2,false,false
progress-aware-quorum-delay,25,13,12,185,65,100,216,1,1,1,2,false,false
progress-aware-quorum-delay,25,13,12,186,65,100,216,1,1,1,2,false,false
progress-aware-quorum-delay,25,13,12,187,65,100,216,1,1,1,2,false,false
progress-aware-quorum-delay,25,13,12,188,65,100,216,1,1,1,2,false,false
progress-aware-quorum-delay,25,13,12,189,65,100,216,1,1,1,2,false,false
progress-aware-quorum-delay,25,13,12,190,65,100,216,1,1,1,2,false,false
progress-aware-quorum-delay,25,13,12,191,65,100,216,1,1,1,2,false,false
progress-aware-quorum-delay,25,13,12,192,65,100,216,1,1,1,2,false,false
progress-aware-quorum-delay,25,13,12,193,65,100,216,1,1,1,2,false,false
progress-aware-quorum-delay,25,13,12,194,65,100,216,1,1,1,2,false,false
progress-aware-quorum-delay,25,13,12,195,65,100,216,1,1,1,2,false,false
progress-aware-quorum-delay,25,13,12,196,65,100,216,1,1,1,2,false,false
progress-aware-quorum-delay,25,13,12,197,65,100,216,1,1,1,2,false,false
progress-aware-quorum-delay,25,13,12,198,65,100,216,1,1,1,2,false,false
progress-aware-quorum-delay,25,13,12,199,65,100,216,1,1,1,2,false,false
progress-aware-quorum-delay,25,13,12,200,65,100,216,1,1,1,2,false,false
uniform-budget-delay,35,18,17,1,90,140,301,1,1,1,2,false,false
uniform-budget-delay,35,18,17,2,90,140,301,1,1,1,2,false,false
uniform-budget-delay,35,18,17,3,90,140,301,1,1,1,2,false,false
uniform-budget-delay,35,18,17,4,90,140,301,1,1,1,2,false,false
uniform-budget-delay,35,18,17,5,90,140,301,1,1,1,2,false,false
uniform-budget-delay,35,18,17,6,90,140,301,1,1,1,2,false,false
uniform-budget-delay,35,18,17,7,90,140,301,1,1,1,2,false,false
uniform-budget-delay,35,18,17,8,90,140,301,1,1,1,2,false,false
uniform-budget-delay,35,18,17,9,90,140,301,1,1,1,2,false,false
uniform-budget-delay,35,18,17,10,90,140,301,1,1,1,2,false,false
uniform-budget-delay,35,18,17,11,90,140,301,1,1,1,2,false,false
uniform-budget-delay,35,18,17,12,90,140,301,1,1,1,2,false,false
uniform-budget-delay,35,18,17,13,90,140,301,1,1,1,2,false,false
uniform-budget-delay,35,18,17,14,90,140,301,1,1,1,2,false,false
uniform-budget-delay,35,18,17,15,90,140,301,1,1,1,2,false,false
uniform-budget-delay,35,18,17,16,90,140,301,1,1,1,2,false,false
uniform-budget-delay,35,18,17,17,90,140,301,1,1,1,2,false,false
uniform-budget-delay,35,18,17,18,90,140,301,1,1,1,2,false,false
uniform-budget-delay,35,18,17,19,90,140,301,1,1,1,2,false,false
uniform-budget-delay,35,18,17,20,90,140,301,1,1,1,2,false,false
uniform-budget-delay,35,18,17,21,90,140,301,1,1,1,2,false,false
uniform-budget-delay,35,18,17,22,90,140,301,1,1,1,2,false,false
uniform-budget-delay,35,18,17,23,90,140,301,1,1,1,2,false,false
uniform-budget-delay,35,18,17,24,90,140,301,1,1,1,2,false,false
uniform-budget-delay,35,18,17,25,90,140,301,1,1,1,2,false,false
uniform-budget-delay,35,18,17,26,90,140,301,1,1,1,2,false,false
uniform-budget-delay,35,18,17,27,90,140,301,1,1,1,2,false,false
uniform-budget-delay,35,18,17,28,90,140,301,1,1,1,2,false,false
uniform-budget-delay,35,18,17,29,90,140,301,1,1,1,2,false,false
uniform-budget-delay,35,18,17,30,90,140,301,1,1,1,2,false,false
uniform-budget-delay,35,18,17,31,90,140,301,1,1,1,2,false,false
uniform-budget-delay,35,18,17,32,90,140,301,1,1,1,2,false,false
uniform-budget-delay,35,18,17,33,90,140,301,1,1,1,2,false,false
uniform-budget-delay,35,18,17,34,90,140,301,1,1,1,2,false,false
uniform-budget-delay,35,18,17,35,90,140,301,1,1,1,2,false,false
uniform-budget-delay,35,18,17,36,90,140,301,1,1,1,2,false,false
uniform-budget-delay,35,18,17,37,90,140,301,1,1,1,2,false,false
uniform-budget-delay,35,18,17,38,90,140,301,1,1,1,2,false,false
uniform-budget-delay,35,18,17,39,90,140,301,1,1,1,2,false,false
uniform-budget-delay,35,18,17,40,90,140,301,1,1,1,2,false,false
uniform-budget-delay,35,18,17,41,90,140,301,1,1,1,2,false,false
uniform-budget-delay,35,18,17,42,90,140,301,1,1,1,2,false,false
uniform-budget-delay,35,18,17,43,90,140,301,1,1,1,2,false,false
uniform-budget-delay,35,18,17,44,90,140,301,1,1,1,2,false,false
uniform-budget-delay,35,18,17,45,90,140,301,1,1,1,2,false,false
uniform-budget-delay,35,18,17,46,90,140,301,1,1,1,2,false,false
uniform-budget-delay,35,18,17,47,90,140,301,1,1,1,2,false,false
uniform-budget-delay,35,18,17,48,90,140,301,1,1,1,2,false,false
uniform-budget-delay,35,18,17,49,90,140,301,1,1,1,2,false,false
uniform-budget-delay,35,18,17,50,90,140,301,1,1,1,2,false,false
uniform-budget-delay,35,18,17,51,90,140,301,1,1,1,2,false,false
uniform-budget-delay,35,18,17,52,90,140,301,1,1,1,2,false,false
uniform-budget-delay,35,18,17,53,90,140,301,1,1,1,2,false,false
uniform-budget-delay,35,18,17,54,90,140,301,1,1,1,2,false,false
uniform-budget-delay,35,18,17,55,90,140,301,1,1,1,2,false,false
uniform-budget-delay,35,18,17,56,90,140,301,1,1,1,2,false,false
uniform-budget-delay,35,18,17,57,90,140,301,1,1,1,2,false,false
uniform-budget-delay,35,18,17,58,90,140,301,1,1,1,2,false,false
uniform-budget-delay,35,18,17,59,90,140,301,1,1,1,2,false,false
uniform-budget-delay,35,18,17,60,90,140,301,1,1,1,2,false,false
uniform-budget-delay,35,18,17,61,90,140,301,1,1,1,2,false,false
uniform-budget-delay,35,18,17,62,90,140,301,1,1,1,2,false,false
uniform-budget-delay,35,18,17,63,90,140,301,1,1,1,2,false,false
uniform-budget-delay,35,18,17,64,90,140,301,1,1,1,2,false,false
uniform-budget-delay,35,18,17,65,90,140,301,1,1,1,2,false,false
uniform-budget-delay,35,18,17,66,90,140,301,1,1,1,2,false,false
uniform-budget-delay,35,18,17,67,90,140,301,1,1,1,2,false,false
uniform-budget-delay,35,18,17,68,90,140,301,1,1,1,2,false,false
uniform-budget-delay,35,18,17,69,90,140,301,1,1,1,2,false,false
uniform-budget-delay,35,18,17,70,90,140,301,1,1,1,2,false,false
uniform-budget-delay,35,18,17,71,90,140,301,1,1,1,2,false,false
uniform-budget-delay,35,18,17,72,90,140,301,1,1,1,2,false,false
uniform-budget-delay,35,18,17,73,90,140,301,1,1,1,2,false,false
uniform-budget-delay,35,18,17,74,90,140,301,1,1,1,2,false,false
uniform-budget-delay,35,18,17,75,90,140,301,1,1,1,2,false,false
uniform-budget-delay,35,18,17,76,90,140,301,1,1,1,2,false,false
uniform-budget-delay,35,18,17,77,90,140,301,1,1,1,2,false,false
uniform-budget-delay,35,18,17,78,90,140,301,1,1,1,2,false,false
uniform-budget-delay,35,18,17,79,90,140,301,1,1,1,2,false,false
uniform-budget-delay,35,18,17,80,90,140,301,1,1,1,2,false,false
uniform-budget-delay,35,18,17,81,90,140,301,1,1,1,2,false,false
uniform-budget-delay,35,18,17,82,90,140,301,1,1,1,2,false,false
uniform-budget-delay,35,18,17,83,90,140,301,1,1,1,2,false,false
uniform-budget-delay,35,18,17,84,90,140,301,1,1,1,2,false,false
uniform-budget-delay,35,18,17,85,90,140,301,1,1,1,2,false,false
uniform-budget-delay,35,18,17,86,90,140,301,1,1,1,2,false,false
uniform-budget-delay,35,18,17,87,90,140,301,1,1,1,2,false,false
uniform-budget-delay,35,18,17,88,90,140,301,1,1,1,2,false,false
uniform-budget-delay,35,18,17,89,90,140,301,1,1,1,2,false,false
uniform-budget-delay,35,18,17,90,90,140,301,1,1,1,2,false,false
uniform-budget-delay,35,18,17,91,90,140,301,1,1,1,2,false,false
uniform-budget-delay,35,18,17,92,90,140,301,1,1,1,2,false,false
uniform-budget-delay,35,18,17,93,90,140,301,1,1,1,2,false,false
uniform-budget-delay,35,18,17,94,90,140,301,1,1,1,2,false,false
uniform-budget-delay,35,18,17,95,90,140,301,1,1,1,2,false,false
uniform-budget-delay,35,18,17,96,90,140,301,1,1,1,2,false,false
uniform-budget-delay,35,18,17,97,90,140,301,1,1,1,2,false,false
uniform-budget-delay,35,18,17,98,90,140,301,1,1,1,2,false,false
uniform-budget-delay,35,18,17,99,90,140,301,1,1,1,2,false,false
uniform-budget-delay,35,18,17,100,90,140,301,1,1,1,2,false,false
uniform-budget-delay,35,18,17,101,90,140,301,1,1,1,2,false,false
uniform-budget-delay,35,18,17,102,90,140,301,1,1,1,2,false,false
uniform-budget-delay,35,18,17,103,90,140,301,1,1,1,2,false,false
uniform-budget-delay,35,18,17,104,90,140,301,1,1,1,2,false,false
uniform-budget-delay,35,18,17,105,90,140,301,1,1,1,2,false,false
uniform-budget-delay,35,18,17,106,90,140,301,1,1,1,2,false,false
uniform-budget-delay,35,18,17,107,90,140,301,1,1,1,2,false,false
uniform-budget-delay,35,18,17,108,90,140,301,1,1,1,2,false,false
uniform-budget-delay,35,18,17,109,90,140,301,1,1,1,2,false,false
uniform-budget-delay,35,18,17,110,90,140,301,1,1,1,2,false,false
uniform-budget-delay,35,18,17,111,90,140,301,1,1,1,2,false,false
uniform-budget-delay,35,18,17,112,90,140,301,1,1,1,2,false,false
uniform-budget-delay,35,18,17,113,90,140,301,1,1,1,2,false,false
uniform-budget-delay,35,18,17,114,90,140,301,1,1,1,2,false,false
uniform-budget-delay,35,18,17,115,90,140,301,1,1,1,2,false,false
uniform-budget-delay,35,18,17,116,90,140,301,1,1,1,2,false,false
uniform-budget-delay,35,18,17,117,90,140,301,1,1,1,2,false,false
uniform-budget-delay,35,18,17,118,90,140,301,1,1,1,2,false,false
uniform-budget-delay,35,18,17,119,90,140,301,1,1,1,2,false,false
uniform-budget-delay,35,18,17,120,90,140,301,1,1,1,2,false,false
uniform-budget-delay,35,18,17,121,90,140,301,1,1,1,2,false,false
uniform-budget-delay,35,18,17,122,90,140,301,1,1,1,2,false,false
uniform-budget-delay,35,18,17,123,90,140,301,1,1,1,2,false,false
uniform-budget-delay,35,18,17,124,90,140,301,1,1,1,2,false,false
uniform-budget-delay,35,18,17,125,90,140,301,1,1,1,2,false,false
uniform-budget-delay,35,18,17,126,90,140,301,1,1,1,2,false,false
uniform-budget-delay,35,18,17,127,90,140,301,1,1,1,2,false,false
uniform-budget-delay,35,18,17,128,90,140,301,1,1,1,2,false,false
uniform-budget-delay,35,18,17,129,90,140,301,1,1,1,2,false,false
uniform-budget-delay,35,18,17,130,90,140,301,1,1,1,2,false,false
uniform-budget-delay,35,18,17,131,90,140,301,1,1,1,2,false,false
uniform-budget-delay,35,18,17,132,90,140,301,1,1,1,2,false,false
uniform-budget-delay,35,18,17,133,90,140,301,1,1,1,2,false,false
uniform-budget-delay,35,18,17,134,90,140,301,1,1,1,2,false,false
uniform-budget-delay,35,18,17,135,90,140,301,1,1,1,2,false,false
uniform-budget-delay,35,18,17,136,90,140,301,1,1,1,2,false,false
uniform-budget-delay,35,18,17,137,90,140,301,1,1,1,2,false,false
uniform-budget-delay,35,18,17,138,90,140,301,1,1,1,2,false,false
uniform-budget-delay,35,18,17,139,90,140,301,1,1,1,2,false,false
uniform-budget-delay,35,18,17,140,90,140,301,1,1,1,2,false,false
uniform-budget-delay,35,18,17,141,90,140,301,1,1,1,2,false,false
uniform-budget-delay,35,18,17,142,90,140,301,1,1,1,2,false,false
uniform-budget-delay,35,18,17,143,90,140,301,1,1,1,2,false,false
uniform-budget-delay,35,18,17,144,90,140,301,1,1,1,2,false,false
uniform-budget-delay,35,18,17,145,90,140,301,1,1,1,2,false,false
uniform-budget-delay,35,18,17,146,90,140,301,1,1,1,2,false,false
uniform-budget-delay,35,18,17,147,90,140,301,1,1,1,2,false,false
uniform-budget-delay,35,18,17,148,90,140,301,1,1,1,2,false,false
uniform-budget-delay,35,18,17,149,90,140,301,1,1,1,2,false,false
uniform-budget-delay,35,18,17,150,90,140,301,1,1,1,2,false,false
uniform-budget-delay,35,18,17,151,90,140,301,1,1,1,2,false,false
uniform-budget-delay,35,18,17,152,90,140,301,1,1,1,2,false,false
uniform-budget-delay,35,18,17,153,90,140,301,1,1,1,2,false,false
uniform-budget-delay,35,18,17,154,90,140,301,1,1,1,2,false,false
uniform-budget-delay,35,18,17,155,90,140,301,1,1,1,2,false,false
uniform-budget-delay,35,18,17,156,90,140,301,1,1,1,2,false,false
uniform-budget-delay,35,18,17,157,90,140,301,1,1,1,2,false,false
uniform-budget-delay,35,18,17,158,90,140,301,1,1,1,2,false,false
uniform-budget-delay,35,18,17,159,90,140,301,1,1,1,2,false,false
uniform-budget-delay,35,18,17,160,90,140,301,1,1,1,2,false,false
uniform-budget-delay,35,18,17,161,90,140,301,1,1,1,2,false,false
uniform-budget-delay,35,18,17,162,90,140,301,1,1,1,2,false,false
uniform-budget-delay,35,18,17,163,90,140,301,1,1,1,2,false,false
uniform-budget-delay,35,18,17,164,90,140,301,1,1,1,2,false,false
uniform-budget-delay,35,18,17,165,90,140,301,1,1,1,2,false,false
uniform-budget-delay,35,18,17,166,90,140,301,1,1,1,2,false,false
uniform-budget-delay,35,18,17,167,90,140,301,1,1,1,2,false,false
uniform-budget-delay,35,18,17,168,90,140,301,1,1,1,2,false,false
uniform-budget-delay,35,18,17,169,90,140,301,1,1,1,2,false,false
uniform-budget-delay,35,18,17,170,90,140,301,1,1,1,2,false,false
uniform-budget-delay,35,18,17,171,90,140,301,1,1,1,2,false,false
uniform-budget-delay,35,18,17,172,90,140,301,1,1,1,2,false,false
uniform-budget-delay,35,18,17,173,90,140,301,1,1,1,2,false,false
uniform-budget-delay,35,18,17,174,90,140,301,1,1,1,2,false,false
uniform-budget-delay,35,18,17,175,90,140,301,1,1,1,2,false,false
uniform-budget-delay,35,18,17,176,90,140,301,1,1,1,2,false,false
uniform-budget-delay,35,18,17,177,90,140,301,1,1,1,2,false,false
uniform-budget-delay,35,18,17,178,90,140,301,1,1,1,2,false,false
uniform-budget-delay,35,18,17,179,90,140,301,1,1,1,2,false,false
uniform-budget-delay,35,18,17,180,90,140,301,1,1,1,2,false,false
uniform-budget-delay,35,18,17,181,90,140,301,1,1,1,2,false,false
uniform-budget-delay,35,18,17,182,90,140,301,1,1,1,2,false,false
uniform-budget-delay,35,18,17,183,90,140,301,1,1,1,2,false,false
uniform-budget-delay,35,18,17,184,90,140,301,1,1,1,2,false,false
uniform-budget-delay,35,18,17,185,90,140,301,1,1,1,2,false,false
uniform-budget-delay,35,18,17,186,90,140,301,1,1,1,2,false,false
uniform-budget-delay,35,18,17,187,90,140,301,1,1,1,2,false,false
uniform-budget-delay,35,18,17,188,90,140,301,1,1,1,2,false,false
uniform-budget-delay,35,18,17,189,90,140,301,1,1,1,2,false,false
uniform-budget-delay,35,18,17,190,90,140,301,1,1,1,2,false,false
uniform-budget-delay,35,18,17,191,90,140,301,1,1,1,2,false,false
uniform-budget-delay,35,18,17,192,90,140,301,1,1,1,2,false,false
uniform-budget-delay,35,18,17,193,90,140,301,1,1,1,2,false,false
uniform-budget-delay,35,18,17,194,90,140,301,1,1,1,2,false,false
uniform-budget-delay,35,18,17,195,90,140,301,1,1,1,2,false,false
uniform-budget-delay,35,18,17,196,90,140,301,1,1,1,2,false,false
uniform-budget-delay,35,18,17,197,90,140,301,1,1,1,2,false,false
uniform-budget-delay,35,18,17,198,90,140,301,1,1,1,2,false,false
uniform-budget-delay,35,18,17,199,90,140,301,1,1,1,2,false,false
uniform-budget-delay,35,18,17,200,90,140,301,1,1,1,2,false,false
progress-aware-quorum-delay,35,18,17,1,90,140,301,1,1,1,2,false,false
progress-aware-quorum-delay,35,18,17,2,90,140,301,1,1,1,2,false,false
progress-aware-quorum-delay,35,18,17,3,90,140,301,1,1,1,2,false,false
progress-aware-quorum-delay,35,18,17,4,90,140,301,1,1,1,2,false,false
progress-aware-quorum-delay,35,18,17,5,90,140,301,1,1,1,2,false,false
progress-aware-quorum-delay,35,18,17,6,90,140,301,1,1,1,2,false,false
progress-aware-quorum-delay,35,18,17,7,90,140,301,1,1,1,2,false,false
progress-aware-quorum-delay,35,18,17,8,90,140,301,1,1,1,2,false,false
progress-aware-quorum-delay,35,18,17,9,90,140,301,1,1,1,2,false,false
progress-aware-quorum-delay,35,18,17,10,90,140,301,1,1,1,2,false,false
progress-aware-quorum-delay,35,18,17,11,90,140,301,1,1,1,2,false,false
progress-aware-quorum-delay,35,18,17,12,90,140,301,1,1,1,2,false,false
progress-aware-quorum-delay,35,18,17,13,90,140,301,1,1,1,2,false,false
progress-aware-quorum-delay,35,18,17,14,90,140,301,1,1,1,2,false,false
progress-aware-quorum-delay,35,18,17,15,90,140,301,1,1,1,2,false,false
progress-aware-quorum-delay,35,18,17,16,90,140,301,1,1,1,2,false,false
progress-aware-quorum-delay,35,18,17,17,90,140,301,1,1,1,2,false,false
progress-aware-quorum-delay,35,18,17,18,90,140,301,1,1,1,2,false,false
progress-aware-quorum-delay,35,18,17,19,90,140,301,1,1,1,2,false,false
progress-aware-quorum-delay,35,18,17,20,90,140,301,1,1,1,2,false,false
progress-aware-quorum-delay,35,18,17,21,90,140,301,1,1,1,2,false,false
progress-aware-quorum-delay,35,18,17,22,90,140,301,1,1,1,2,false,false
progress-aware-quorum-delay,35,18,17,23,90,140,301,1,1,1,2,false,false
progress-aware-quorum-delay,35,18,17,24,90,140,301,1,1,1,2,false,false
progress-aware-quorum-delay,35,18,17,25,90,140,301,1,1,1,2,false,false
progress-aware-quorum-delay,35,18,17,26,90,140,301,1,1,1,2,false,false
progress-aware-quorum-delay,35,18,17,27,90,140,301,1,1,1,2,false,false
progress-aware-quorum-delay,35,18,17,28,90,140,301,1,1,1,2,false,false
progress-aware-quorum-delay,35,18,17,29,90,140,301,1,1,1,2,false,false
progress-aware-quorum-delay,35,18,17,30,90,140,301,1,1,1,2,false,false
progress-aware-quorum-delay,35,18,17,31,90,140,301,1,1,1,2,false,false
progress-aware-quorum-delay,35,18,17,32,90,140,301,1,1,1,2,false,false
progress-aware-quorum-delay,35,18,17,33,90,140,301,1,1,1,2,false,false
progress-aware-quorum-delay,35,18,17,34,90,140,301,1,1,1,2,false,false
progress-aware-quorum-delay,35,18,17,35,90,140,301,1,1,1,2,false,false
progress-aware-quorum-delay,35,18,17,36,90,140,301,1,1,1,2,false,false
progress-aware-quorum-delay,35,18,17,37,90,140,301,1,1,1,2,false,false
progress-aware-quorum-delay,35,18,17,38,90,140,301,1,1,1,2,false,false
progress-aware-quorum-delay,35,18,17,39,90,140,301,1,1,1,2,false,false
progress-aware-quorum-delay,35,18,17,40,90,140,301,1,1,1,2,false,false
progress-aware-quorum-delay,35,18,17,41,90,140,301,1,1,1,2,false,false
progress-aware-quorum-delay,35,18,17,42,90,140,301,1,1,1,2,false,false
progress-aware-quorum-delay,35,18,17,43,90,140,301,1,1,1,2,false,false
progress-aware-quorum-delay,35,18,17,44,90,140,301,1,1,1,2,false,false
progress-aware-quorum-delay,35,18,17,45,90,140,301,1,1,1,2,false,false
progress-aware-quorum-delay,35,18,17,46,90,140,301,1,1,1,2,false,false
progress-aware-quorum-delay,35,18,17,47,90,140,301,1,1,1,2,false,false
progress-aware-quorum-delay,35,18,17,48,90,140,301,1,1,1,2,false,false
progress-aware-quorum-delay,35,18,17,49,90,140,301,1,1,1,2,false,false
progress-aware-quorum-delay,35,18,17,50,90,140,301,1,1,1,2,false,false
progress-aware-quorum-delay,35,18,17,51,90,140,301,1,1,1,2,false,false
progress-aware-quorum-delay,35,18,17,52,90,140,301,1,1,1,2,false,false
progress-aware-quorum-delay,35,18,17,53,90,140,301,1,1,1,2,false,false
progress-aware-quorum-delay,35,18,17,54,90,140,301,1,1,1,2,false,false
progress-aware-quorum-delay,35,18,17,55,90,140,301,1,1,1,2,false,false
progress-aware-quorum-delay,35,18,17,56,90,140,301,1,1,1,2,false,false
progress-aware-quorum-delay,35,18,17,57,90,140,301,1,1,1,2,false,false
progress-aware-quorum-delay,35,18,17,58,90,140,301,1,1,1,2,false,false
progress-aware-quorum-delay,35,18,17,59,90,140,301,1,1,1,2,false,false
progress-aware-quorum-delay,35,18,17,60,90,140,301,1,1,1,2,false,false
progress-aware-quorum-delay,35,18,17,61,90,140,301,1,1,1,2,false,false
progress-aware-quorum-delay,35,18,17,62,90,140,301,1,1,1,2,false,false
progress-aware-quorum-delay,35,18,17,63,90,140,301,1,1,1,2,false,false
progress-aware-quorum-delay,35,18,17,64,90,140,301,1,1,1,2,false,false
progress-aware-quorum-delay,35,18,17,65,90,140,301,1,1,1,2,false,false
progress-aware-quorum-delay,35,18,17,66,90,140,301,1,1,1,2,false,false
progress-aware-quorum-delay,35,18,17,67,90,140,301,1,1,1,2,false,false
progress-aware-quorum-delay,35,18,17,68,90,140,301,1,1,1,2,false,false
progress-aware-quorum-delay,35,18,17,69,90,140,301,1,1,1,2,false,false
progress-aware-quorum-delay,35,18,17,70,90,140,301,1,1,1,2,false,false
progress-aware-quorum-delay,35,18,17,71,90,140,301,1,1,1,2,false,false
progress-aware-quorum-delay,35,18,17,72,90,140,301,1,1,1,2,false,false
progress-aware-quorum-delay,35,18,17,73,90,140,301,1,1,1,2,false,false
progress-aware-quorum-delay,35,18,17,74,90,140,301,1,1,1,2,false,false
progress-aware-quorum-delay,35,18,17,75,90,140,301,1,1,1,2,false,false
progress-aware-quorum-delay,35,18,17,76,90,140,301,1,1,1,2,false,false
progress-aware-quorum-delay,35,18,17,77,90,140,301,1,1,1,2,false,false
progress-aware-quorum-delay,35,18,17,78,90,140,301,1,1,1,2,false,false
progress-aware-quorum-delay,35,18,17,79,90,140,301,1,1,1,2,false,false
progress-aware-quorum-delay,35,18,17,80,90,140,301,1,1,1,2,false,false
progress-aware-quorum-delay,35,18,17,81,90,140,301,1,1,1,2,false,false
progress-aware-quorum-delay,35,18,17,82,90,140,301,1,1,1,2,false,false
progress-aware-quorum-delay,35,18,17,83,90,140,301,1,1,1,2,false,false
progress-aware-quorum-delay,35,18,17,84,90,140,301,1,1,1,2,false,false
progress-aware-quorum-delay,35,18,17,85,90,140,301,1,1,1,2,false,false
progress-aware-quorum-delay,35,18,17,86,90,140,301,1,1,1,2,false,false
progress-aware-quorum-delay,35,18,17,87,90,140,301,1,1,1,2,false,false
progress-aware-quorum-delay,35,18,17,88,90,140,301,1,1,1,2,false,false
progress-aware-quorum-delay,35,18,17,89,90,140,301,1,1,1,2,false,false
progress-aware-quorum-delay,35,18,17,90,90,140,301,1,1,1,2,false,false
progress-aware-quorum-delay,35,18,17,91,90,140,301,1,1,1,2,false,false
progress-aware-quorum-delay,35,18,17,92,90,140,301,1,1,1,2,false,false
progress-aware-quorum-delay,35,18,17,93,90,140,301,1,1,1,2,false,false
progress-aware-quorum-delay,35,18,17,94,90,140,301,1,1,1,2,false,false
progress-aware-quorum-delay,35,18,17,95,90,140,301,1,1,1,2,false,false
progress-aware-quorum-delay,35,18,17,96,90,140,301,1,1,1,2,false,false
progress-aware-quorum-delay,35,18,17,97,90,140,301,1,1,1,2,false,false
progress-aware-quorum-delay,35,18,17,98,90,140,301,1,1,1,2,false,false
progress-aware-quorum-delay,35,18,17,99,90,140,301,1,1,1,2,false,false
progress-aware-quorum-delay,35,18,17,100,90,140,301,1,1,1,2,false,false
progress-aware-quorum-delay,35,18,17,101,90,140,301,1,1,1,2,false,false
progress-aware-quorum-delay,35,18,17,102,90,140,301,1,1,1,2,false,false
progress-aware-quorum-delay,35,18,17,103,90,140,301,1,1,1,2,false,false
progress-aware-quorum-delay,35,18,17,104,90,140,301,1,1,1,2,false,false
progress-aware-quorum-delay,35,18,17,105,90,140,301,1,1,1,2,false,false
progress-aware-quorum-delay,35,18,17,106,90,140,301,1,1,1,2,false,false
progress-aware-quorum-delay,35,18,17,107,90,140,301,1,1,1,2,false,false
progress-aware-quorum-delay,35,18,17,108,90,140,301,1,1,1,2,false,false
progress-aware-quorum-delay,35,18,17,109,90,140,301,1,1,1,2,false,false
progress-aware-quorum-delay,35,18,17,110,90,140,301,1,1,1,2,false,false
progress-aware-quorum-delay,35,18,17,111,90,140,301,1,1,1,2,false,false
progress-aware-quorum-delay,35,18,17,112,90,140,301,1,1,1,2,false,false
progress-aware-quorum-delay,35,18,17,113,90,140,301,1,1,1,2,false,false
progress-aware-quorum-delay,35,18,17,114,90,140,301,1,1,1,2,false,false
progress-aware-quorum-delay,35,18,17,115,90,140,301,1,1,1,2,false,false
progress-aware-quorum-delay,35,18,17,116,90,140,301,1,1,1,2,false,false
progress-aware-quorum-delay,35,18,17,117,90,140,301,1,1,1,2,false,false
progress-aware-quorum-delay,35,18,17,118,90,140,301,1,1,1,2,false,false
progress-aware-quorum-delay,35,18,17,119,90,140,301,1,1,1,2,false,false
progress-aware-quorum-delay,35,18,17,120,90,140,301,1,1,1,2,false,false
progress-aware-quorum-delay,35,18,17,121,90,140,301,1,1,1,2,false,false
progress-aware-quorum-delay,35,18,17,122,90,140,301,1,1,1,2,false,false
progress-aware-quorum-delay,35,18,17,123,90,140,301,1,1,1,2,false,false
progress-aware-quorum-delay,35,18,17,124,90,140,301,1,1,1,2,false,false
progress-aware-quorum-delay,35,18,17,125,90,140,301,1,1,1,2,false,false
progress-aware-quorum-delay,35,18,17,126,90,140,301,1,1,1,2,false,false
progress-aware-quorum-delay,35,18,17,127,90,140,301,1,1,1,2,false,false
progress-aware-quorum-delay,35,18,17,128,90,140,301,1,1,1,2,false,false
progress-aware-quorum-delay,35,18,17,129,90,140,301,1,1,1,2,false,false
progress-aware-quorum-delay,35,18,17,130,90,140,301,1,1,1,2,false,false
progress-aware-quorum-delay,35,18,17,131,90,140,301,1,1,1,2,false,false
progress-aware-quorum-delay,35,18,17,132,90,140,301,1,1,1,2,false,false
progress-aware-quorum-delay,35,18,17,133,90,140,301,1,1,1,2,false,false
progress-aware-quorum-delay,35,18,17,134,90,140,301,1,1,1,2,false,false
progress-aware-quorum-delay,35,18,17,135,90,140,301,1,1,1,2,false,false
progress-aware-quorum-delay,35,18,17,136,90,140,301,1,1,1,2,false,false
progress-aware-quorum-delay,35,18,17,137,90,140,301,1,1,1,2,false,false
progress-aware-quorum-delay,35,18,17,138,90,140,301,1,1,1,2,false,false
progress-aware-quorum-delay,35,18,17,139,90,140,301,1,1,1,2,false,false
progress-aware-quorum-delay,35,18,17,140,90,140,301,1,1,1,2,false,false
progress-aware-quorum-delay,35,18,17,141,90,140,301,1,1,1,2,false,false
progress-aware-quorum-delay,35,18,17,142,90,140,301,1,1,1,2,false,false
progress-aware-quorum-delay,35,18,17,143,90,140,301,1,1,1,2,false,false
progress-aware-quorum-delay,35,18,17,144,90,140,301,1,1,1,2,false,false
progress-aware-quorum-delay,35,18,17,145,90,140,301,1,1,1,2,false,false
progress-aware-quorum-delay,35,18,17,146,90,140,301,1,1,1,2,false,false
progress-aware-quorum-delay,35,18,17,147,90,140,301,1,1,1,2,false,false
progress-aware-quorum-delay,35,18,17,148,90,140,301,1,1,1,2,false,false
progress-aware-quorum-delay,35,18,17,149,90,140,301,1,1,1,2,false,false
progress-aware-quorum-delay,35,18,17,150,90,140,301,1,1,1,2,false,false
progress-aware-quorum-delay,35,18,17,151,90,140,301,1,1,1,2,false,false
progress-aware-quorum-delay,35,18,17,152,90,140,301,1,1,1,2,false,false
progress-aware-quorum-delay,35,18,17,153,90,140,301,1,1,1,2,false,false
progress-aware-quorum-delay,35,18,17,154,90,140,301,1,1,1,2,false,false
progress-aware-quorum-delay,35,18,17,155,90,140,301,1,1,1,2,false,false
progress-aware-quorum-delay,35,18,17,156,90,140,301,1,1,1,2,false,false
progress-aware-quorum-delay,35,18,17,157,90,140,301,1,1,1,2,false,false
progress-aware-quorum-delay,35,18,17,158,90,140,301,1,1,1,2,false,false
progress-aware-quorum-delay,35,18,17,159,90,140,301,1,1,1,2,false,false
progress-aware-quorum-delay,35,18,17,160,90,140,301,1,1,1,2,false,false
progress-aware-quorum-delay,35,18,17,161,90,140,301,1,1,1,2,false,false
progress-aware-quorum-delay,35,18,17,162,90,140,301,1,1,1,2,false,false
progress-aware-quorum-delay,35,18,17,163,90,140,301,1,1,1,2,false,false
progress-aware-quorum-delay,35,18,17,164,90,140,301,1,1,1,2,false,false
progress-aware-quorum-delay,35,18,17,165,90,140,301,1,1,1,2,false,false
progress-aware-quorum-delay,35,18,17,166,90,140,301,1,1,1,2,false,false
progress-aware-quorum-delay,35,18,17,167,90,140,301,1,1,1,2,false,false
progress-aware-quorum-delay,35,18,17,168,90,140,301,1,1,1,2,false,false
progress-aware-quorum-delay,35,18,17,169,90,140,301,1,1,1,2,false,false
progress-aware-quorum-delay,35,18,17,170,90,140,301,1,1,1,2,false,false
progress-aware-quorum-delay,35,18,17,171,90,140,301,1,1,1,2,false,false
progress-aware-quorum-delay,35,18,17,172,90,140,301,1,1,1,2,false,false
progress-aware-quorum-delay,35,18,17,173,90,140,301,1,1,1,2,false,false
progress-aware-quorum-delay,35,18,17,174,90,140,301,1,1,1,2,false,false
progress-aware-quorum-delay,35,18,17,175,90,140,301,1,1,1,2,false,false
progress-aware-quorum-delay,35,18,17,176,90,140,301,1,1,1,2,false,false
progress-aware-quorum-delay,35,18,17,177,90,140,301,1,1,1,2,false,false
progress-aware-quorum-delay,35,18,17,178,90,140,301,1,1,1,2,false,false
progress-aware-quorum-delay,35,18,17,179,90,140,301,1,1,1,2,false,false
progress-aware-quorum-delay,35,18,17,180,90,140,301,1,1,1,2,false,false
progress-aware-quorum-delay,35,18,17,181,90,140,301,1,1,1,2,false,false
progress-aware-quorum-delay,35,18,17,182,90,140,301,1,1,1,2,false,false
progress-aware-quorum-delay,35,18,17,183,90,140,301,1,1,1,2,false,false
progress-aware-quorum-delay,35,18,17,184,90,140,301,1,1,1,2,false,false
progress-aware-quorum-delay,35,18,17,185,90,140,301,1,1,1,2,false,false
progress-aware-quorum-delay,35,18,17,186,90,140,301,1,1,1,2,false,false
progress-aware-quorum-delay,35,18,17,187,90,140,301,1,1,1,2,false,false
progress-aware-quorum-delay,35,18,17,188,90,140,301,1,1,1,2,false,false
progress-aware-quorum-delay,35,18,17,189,90,140,301,1,1,1,2,false,false
progress-aware-quorum-delay,35,18,17,190,90,140,301,1,1,1,2,false,false
progress-aware-quorum-delay,35,18,17,191,90,140,301,1,1,1,2,false,false
progress-aware-quorum-delay,35,18,17,192,90,140,301,1,1,1,2,false,false
progress-aware-quorum-delay,35,18,17,193,90,140,301,1,1,1,2,false,false
progress-aware-quorum-delay,35,18,17,194,90,140,301,1,1,1,2,false,false
progress-aware-quorum-delay,35,18,17,195,90,140,301,1,1,1,2,false,false
progress-aware-quorum-delay,35,18,17,196,90,140,301,1,1,1,2,false,false
progress-aware-quorum-delay,35,18,17,197,90,140,301,1,1,1,2,false,false
progress-aware-quorum-delay,35,18,17,198,90,140,301,1,1,1,2,false,false
progress-aware-quorum-delay,35,18,17,199,90,140,301,1,1,1,2,false,false
progress-aware-quorum-delay,35,18,17,200,90,140,301,1,1,1,2,false,false
