scheduler,n,quorum,surplus,seed,k,p,steps,timeouts,decisions,retries,max_ballot,reached_step_cap,safety
prob-interleaved-uniform-budget-delay,5,3,2,1,3,0.2,24,0,1,0,0,false,false
prob-interleaved-uniform-budget-delay,5,3,2,2,3,0.2,24,0,1,0,0,false,false
prob-interleaved-uniform-budget-delay,5,3,2,3,3,0.2,24,0,1,0,0,false,false
prob-interleaved-uniform-budget-delay,5,3,2,4,3,0.2,24,0,1,0,0,false,false
prob-interleaved-uniform-budget-delay,5,3,2,5,3,0.2,24,0,1,0,0,false,false
prob-interleaved-uniform-budget-delay,5,3,2,6,3,0.2,24,0,1,0,0,false,false
prob-interleaved-uniform-budget-delay,5,3,2,7,3,0.2,24,0,1,0,0,false,false
prob-interleaved-uniform-budget-delay,5,3,2,8,3,0.2,23,0,1,0,0,false,false
prob-interleaved-uniform-budget-delay,5,3,2,9,3,0.2,24,0,1,0,0,false,false
prob-interleaved-uniform-budget-delay,5,3,2,10,3,0.2,24,0,1,0,0,false,false
prob-interleaved-uniform-budget-delay,5,3,2,11,3,0.2,22,0,1,0,0,false,false
prob-interleaved-uniform-budget-delay,5,3,2,12,3,0.2,24,0,1,0,0,false,false
prob-interleaved-uniform-budget-delay,5,3,2,13,3,0.2,24,0,1,0,0,false,false
prob-interleaved-uniform-budget-delay,5,3,2,14,3,0.2,24,0,1,0,0,false,false
prob-interleaved-uniform-budget-delay,5,3,2,15,3,0.2,24,0,1,0,0,false,false
prob-interleaved-uniform-budget-delay,5,3,2,16,3,0.2,24,0,1,0,0,false,false
prob-interleaved-uniform-budget-delay,5,3,2,17,3,0.2,24,0,1,0,0,false,false
prob-interleaved-uniform-budget-delay,5,3,2,18,3,0.2,24,0,1,0,0,false,false
prob-interleaved-uniform-budget-delay,5,3,2,19,3,0.2,24,0,1,0,0,false,false
prob-interleaved-uniform-budget-delay,5,3,2,20,3,0.2,24,0,1,0,0,false,false
prob-interleaved-uniform-budget-delay,5,3,2,21,3,0.2,24,0,1,0,0,false,false
prob-interleaved-uniform-budget-delay,5,3,2,22,3,0.2,23,0,1,0,0,false,false
prob-interleaved-uniform-budget-delay,5,3,2,23,3,0.2,24,0,1,0,0,false,false
prob-interleaved-uniform-budget-delay,5,3,2,24,3,0.2,24,0,1,0,0,false,false
prob-interleaved-uniform-budget-delay,5,3,2,25,3,0.2,24,0,1,0,0,false,false
prob-interleaved-uniform-budget-delay,5,3,2,26,3,0.2,23,0,1,0,0,false,false
prob-interleaved-uniform-budget-delay,5,3,2,27,3,0.2,23,0,1,0,0,false,false
prob-interleaved-uniform-budget-delay,5,3,2,28,3,0.2,24,0,1,0,0,false,false
prob-interleaved-uniform-budget-delay,5,3,2,29,3,0.2,22,0,1,0,0,false,false
prob-interleaved-uniform-budget-delay,5,3,2,30,3,0.2,24,0,1,0,0,false,false
prob-interleaved-uniform-budget-delay,5,3,2,31,3,0.2,24,0,1,0,0,false,false
prob-interleaved-uniform-budget-delay,5,3,2,32,3,0.2,24,0,1,0,0,false,false
prob-interleaved-uniform-budget-delay,5,3,2,33,3,0.2,24,0,1,0,0,false,false
prob-interleaved-uniform-budget-delay,5,3,2,34,3,0.2,24,0,1,0,0,false,false
prob-interleaved-uniform-budget-delay,5,3,2,35,3,0.2,21,0,1,0,0,false,false
prob-interleaved-uniform-budget-delay,5,3,2,36,3,0.2,24,0,1,0,0,false,false
prob-interleaved-uniform-budget-delay,5,3,2,37,3,0.2,24,0,1,0,0,false,false
prob-interleaved-uniform-budget-delay,5,3,2,38,3,0.2,24,0,1,0,0,false,false
prob-interleaved-uniform-budget-delay,5,3,2,39,3,0.2,24,0,1,0,0,false,false
prob-interleaved-uniform-budget-delay,5,3,2,40,3,0.2,24,0,1,0,0,false,false
prob-interleaved-uniform-budget-delay,5,3,2,41,3,0.2,24,0,1,0,0,false,false
prob-interleaved-uniform-budget-delay,5,3,2,42,3,0.2,24,0,1,0,0,false,false
prob-interleaved-uniform-budget-delay,5,3,2,43,3,0.2,24,0,1,0,0,false,false
prob-interleaved-uniform-budget-delay,5,3,2,44,3,0.2,24,0,1,0,0,false,false
prob-interleaved-uniform-budget-delay,5,3,2,45,3,0.2,24,0,1,0,0,false,false
prob-interleaved-uniform-budget-delay,5,3,2,46,3,0.2,24,0,1,0,0,false,false
prob-interleaved-uniform-budget-delay,5,3,2,47,3,0.2,24,0,1,0,0,false,false
prob-interleaved-uniform-budget-delay,5,3,2,48,3,0.2,24,0,1,0,0,false,false
prob-interleaved-uniform-budget-delay,5,3,2,49,3,0.2,24,0,1,0,0,false,false
prob-interleaved-uniform-budget-delay,5,3,2,50,3,0.2,24,0,1,0,0,false,false
prob-interleaved-uniform-budget-delay,5,3,2,51,3,0.2,24,0,1,0,0,false,false
prob-interleaved-uniform-budget-delay,5,3,2,52,3,0.2,24,0,1,0,0,false,false
prob-interleaved-uniform-budget-delay,5,3,2,53,3,0.2,22,0,1,0,0,false,false
prob-interleaved-uniform-budget-delay,5,3,2,54,3,0.2,24,0,1,0,0,false,false
prob-interleaved-uniform-budget-delay,5,3,2,55,3,0.2,24,0,1,0,0,false,false
prob-interleaved-uniform-budget-delay,5,3,2,56,3,0.2,24,0,1,0,0,false,false
prob-interleaved-uniform-budget-delay,5,3,2,57,3,0.2,22,0,1,0,0,false,false
prob-interleaved-uniform-budget-delay,5,3,2,58,3,0.2,24,0,1,0,0,false,false
prob-interleaved-uniform-budget-delay,5,3,2,59,3,0.2,24,0,1,0,0,false,false
prob-interleaved-uniform-budget-delay,5,3,2,60,3,0.2,24,0,1,0,0,false,false
prob-interleaved-uniform-budget-delay,5,3,2,61,3,0.2,24,0,1,0,0,false,false
prob-interleaved-uniform-budget-delay,5,3,2,62,3,0.2,24,0,1,0,0,false,false
prob-interleaved-uniform-budget-delay,5,3,2,63,3,0.2,24,0,1,0,0,false,false
prob-interleaved-uniform-budget-delay,5,3,2,64,3,0.2,24,0,1,0,0,false,false
prob-interleaved-uniform-budget-delay,5,3,2,65,3,0.2,23,0,1,0,0,false,false
prob-interleaved-uniform-budget-delay,5,3,2,66,3,0.2,23,0,1,0,0,false,false
prob-interleaved-uniform-budget-delay,5,3,2,67,3,0.2,24,0,1,0,0,false,false
prob-interleaved-uniform-budget-delay,5,3,2,68,3,0.2,24,0,1,0,0,false,false
prob-interleaved-uniform-budget-delay,5,3,2,69,3,0.2,24,0,1,0,0,false,false
prob-interleaved-uniform-budget-delay,5,3,2,70,3,0.2,24,0,1,0,0,false,false
prob-interleaved-uniform-budget-delay,5,3,2,71,3,0.2,23,0,1,0,0,false,false
prob-interleaved-uniform-budget-delay,5,3,2,72,3,0.2,24,0,1,0,0,false,false
prob-interleaved-uniform-budget-delay,5,3,2,73,3,0.2,24,0,1,0,0,false,false
prob-interleaved-uniform-budget-delay,5,3,2,74,3,0.2,24,0,1,0,0,false,false
prob-interleaved-uniform-budget-delay,5,3,2,75,3,0.2,24,0,1,0,0,false,false
prob-interleaved-uniform-budget-delay,5,3,2,76,3,0.2,24,0,1,0,0,false,false
prob-interleaved-uniform-budget-delay,5,3,2,77,3,0.2,24,0,1,0,0,false,false
prob-interleaved-uniform-budget-delay,5,3,2,78,3,0.2,24,0,1,0,0,false,false
prob-interleaved-uniform-budget-delay,5,3,2,79,3,0.2,24,0,1,0,0,false,false
prob-interleaved-uniform-budget-delay,5,3,2,80,3,0.2,24,0,1,0,0,false,false
prob-interleaved-uniform-budget-delay,5,3,2,81,3,0.2,23,0,1,0,0,false,false
prob-interleaved-uniform-budget-delay,5,3,2,82,3,0.2,24,0,1,0,0,false,false
prob-interleaved-uniform-budget-delay,5,3,2,83,3,0.2,23,0,1,0,0,false,false
prob-interleaved-uniform-budget-delay,5,3,2,84,3,0.2,24,0,1,0,0,false,false
prob-interleaved-uniform-budget-delay,5,3,2,85,3,0.2,24,0,1,0,0,false,false
prob-interleaved-uniform-budget-delay,5,3,2,86,3,0.2,24,0,1,0,0,false,false
prob-interleaved-uniform-budget-delay,5,3,2,87,3,0.2,24,0,1,0,0,false,false
prob-interleaved-uniform-budget-delay,5,3,2,88,3,0.2,22,0,1,0,0,false,false
prob-interleaved-uniform-budget-delay,5,3,2,89,3,0.2,24,0,1,0,0,false,false
prob-interleaved-uniform-budget-delay,5,3,2,90,3,0.2,24,0,1,0,0,false,false
prob-interleaved-uniform-budget-delay,5,3,2,91,3,0.2,24,0,1,0,0,false,false
prob-interleaved-uniform-budget-delay,5,3,2,92,3,0.2,24,0,1,0,0,false,false
prob-interleaved-uniform-budget-delay,5,3,2,93,3,0.2,24,0,1,0,0,false,false
prob-interleaved-uniform-budget-delay,5,3,2,94,3,0.2,24,0,1,0,0,false,false
prob-interleaved-uniform-budget-delay,5,3,2,95,3,0.2,24,0,1,0,0,false,false
prob-interleaved-uniform-budget-delay,5,3,2,96,3,0.2,24,0,1,0,0,false,false
prob-interleaved-uniform-budget-delay,5,3,2,97,3,0.2,24,0,1,0,0,false,false
prob-interleaved-uniform-budget-delay,5,3,2,98,3,0.2,24,0,1,0,0,false,false
prob-interleaved-uniform-budget-delay,5,3,2,99,3,0.2,24,0,1,0,0,false,false
prob-interleaved-uniform-budget-delay,5,3,2,100,3,0.2,24,0,1,0,0,false,false
prob-interleaved-uniform-budget-delay,5,3,2,101,3,0.2,23,0,1,0,0,false,false
prob-interleaved-uniform-budget-delay,5,3,2,102,3,0.2,23,0,1,0,0,false,false
prob-interleaved-uniform-budget-delay,5,3,2,103,3,0.2,23,0,1,0,0,false,false
prob-interleaved-uniform-budget-delay,5,3,2,104,3,0.2,24,0,1,0,0,false,false
prob-interleaved-uniform-budget-delay,5,3,2,105,3,0.2,24,0,1,0,0,false,false
prob-interleaved-uniform-budget-delay,5,3,2,106,3,0.2,24,0,1,0,0,false,false
prob-interleaved-uniform-budget-delay,5,3,2,107,3,0.2,24,0,1,0,0,false,false
prob-interleaved-uniform-budget-delay,5,3,2,108,3,0.2,24,0,1,0,0,false,false
prob-interleaved-uniform-budget-delay,5,3,2,109,3,0.2,24,0,1,0,0,false,false
prob-interleaved-uniform-budget-delay,5,3,2,110,3,0.2,24,0,1,0,0,false,false
prob-interleaved-uniform-budget-delay,5,3,2,111,3,0.2,24,0,1,0,0,false,false
prob-interleaved-uniform-budget-delay,5,3,2,112,3,0.2,24,0,1,0,0,false,false
prob-interleaved-uniform-budget-delay,5,3,2,113,3,0.2,24,0,1,0,0,false,false
prob-interleaved-uniform-budget-delay,5,3,2,114,3,0.2,24,0,1,0,0,false,false
prob-interleaved-uniform-budget-delay,5,3,2,115,3,0.2,24,0,1,0,0,false,false
prob-interleaved-uniform-budget-delay,5,3,2,116,3,0.2,23,0,1,0,0,false,false
prob-interleaved-uniform-budget-delay,5,3,2,117,3,0.2,24,0,1,0,0,false,false
prob-interleaved-uniform-budget-delay,5,3,2,118,3,0.2,24,0,1,0,0,false,false
prob-interleaved-uniform-budget-delay,5,3,2,119,3,0.2,24,0,1,0,0,false,false
prob-interleaved-uniform-budget-delay,5,3,2,120,3,0.2,24,0,1,0,0,false,false
prob-interleaved-uniform-budget-delay,5,3,2,121,3,0.2,23,0,1,0,0,false,false
prob-interleaved-uniform-budget-delay,5,3,2,122,3,0.2,24,0,1,0,0,false,false
prob-interleaved-uniform-budget-delay,5,3,2,123,3,0.2,24,0,1,0,0,false,false
prob-interleaved-uniform-budget-delay,5,3,2,124,3,0.2,23,0,1,0,0,false,false
prob-interleaved-uniform-budget-delay,5,3,2,125,3,0.2,24,0,1,0,0,false,false
prob-interleaved-uniform-budget-delay,5,3,2,126,3,0.2,23,0,1,0,0,false,false
prob-interleaved-uniform-budget-delay,5,3,2,127,3,0.2,24,0,1,0,0,false,false
prob-interleaved-uniform-budget-delay,5,3,2,128,3,0.2,24,0,1,0,0,false,false
prob-interleaved-uniform-budget-delay,5,3,2,129,3,0.2,24,0,1,0,0,false,false
prob-interleaved-uniform-budget-delay,5,3,2,130,3,0.2,24,0,1,0,0,false,false
prob-interleaved-uniform-budget-delay,5,3,2,131,3,0.2,23,0,1,0,0,false,false
prob-interleaved-uniform-budget-delay,5,3,2,132,3,0.2,24,0,1,0,0,false,false
prob-interleaved-uniform-budget-delay,5,3,2,133,3,0.2,24,0,1,0,0,false,false
prob-interleaved-uniform-budget-delay,5,3,2,134,3,0.2,24,0,1,0,0,false,false
prob-interleaved-uniform-budget-delay,5,3,2,135,3,0.2,24,0,1,0,0,false,false
prob-interleaved-uniform-budget-delay,5,3,2,136,3,0.2,24,0,1,0,0,false,false
prob-interleaved-uniform-budget-delay,5,3,2,137,3,0.2,23,0,1,0,0,false,false
prob-interleaved-uniform-budget-delay,5,3,2,138,3,0.2,24,0,1,0,0,false,false
prob-interleaved-uniform-budget-delay,5,3,2,139,3,0.2,24,0,1,0,0,false,false
prob-interleaved-uniform-budget-delay,5,3,2,140,3,0.2,23,0,1,0,0,false,false
prob-interleaved-uniform-budget-delay,5,3,2,141,3,0.2,24,0,1,0,0,false,false
prob-interleaved-uniform-budget-delay,5,3,2,142,3,0.2,24,0,1,0,0,false,false
prob-interleaved-uniform-budget-delay,5,3,2,143,3,0.2,23,0,1,0,0,false,false
prob-interleaved-uniform-budget-delay,5,3,2,144,3,0.2,24,0,1,0,0,false,false
prob-interleaved-uniform-budget-delay,5,3,2,145,3,0.2,24,0,1,0,0,false,false
prob-interleaved-uniform-budget-delay,5,3,2,146,3,0.2,24,0,1,0,0,false,false
prob-interleaved-uniform-budget-delay,5,3,2,147,3,0.2,24,0,1,0,0,false,false
prob-interleaved-uniform-budget-delay,5,3,2,148,3,0.2,24,0,1,0,0,false,false
prob-interleaved-uniform-budget-delay,5,3,2,149,3,0.2,24,0,1,0,0,false,false
prob-interleaved-uniform-budget-delay,5,3,2,150,3,0.2,24,0,1,0,0,false,false
prob-interleaved-uniform-budget-delay,5,3,2,151,3,0.2,24,0,1,0,0,false,false
prob-interleaved-uniform-budget-delay,5,3,2,152,3,0.2,24,0,1,0,0,false,false
prob-interleaved-uniform-budget-delay,5,3,2,153,3,0.2,24,0,1,0,0,false,false
prob-interleaved-uniform-budget-delay,5,3,2,154,3,0.2,24,0,1,0,0,false,false
prob-interleaved-uniform-budget-delay,5,3,2,155,3,0.2,24,0,1,0,0,false,false
prob-interleaved-uniform-budget-delay,5,3,2,156,3,0.2,24,0,1,0,0,false,false
prob-interleaved-uniform-budget-delay,5,3,2,157,3,0.2,23,0,1,0,0,false,false
prob-interleaved-uniform-budget-delay,5,3,2,158,3,0.2,23,0,1,0,0,false,false
prob-interleaved-uniform-budget-delay,5,3,2,159,3,0.2,24,0,1,0,0,false,false
prob-interleaved-uniform-budget-delay,5,3,2,160,3,0.2,24,0,1,0,0,false,false
prob-interleaved-uniform-budget-delay,5,3,2,161,3,0.2,24,0,1,0,0,false,false
prob-interleaved-uniform-budget-delay,5,3,2,162,3,0.2,24,0,1,0,0,false,false
prob-interleaved-uniform-budget-delay,5,3,2,163,3,0.2,24,0,1,0,0,false,false
prob-interleaved-uniform-budget-delay,5,3,2,164,3,0.2,24,0,1,0,0,false,false
prob-interleaved-uniform-budget-delay,5,3,2,165,3,0.2,23,0,1,0,0,false,false
prob-interleaved-uniform-budget-delay,5,3,2,166,3,0.2,24,0,1,0,0,false,false
prob-interleaved-uniform-budget-delay,5,3,2,167,3,0.2,24,0,1,0,0,false,false
prob-interleaved-uniform-budget-delay,5,3,2,168,3,0.2,22,0,1,0,0,false,false
prob-interleaved-uniform-budget-delay,5,3,2,169,3,0.2,24,0,1,0,0,false,false
prob-interleaved-uniform-budget-delay,5,3,2,170,3,0.2,24,0,1,0,0,false,false
prob-interleaved-uniform-budget-delay,5,3,2,171,3,0.2,24,0,1,0,0,false,false
prob-interleaved-uniform-budget-delay,5,3,2,172,3,0.2,24,0,1,0,0,false,false
prob-interleaved-uniform-budget-delay,5,3,2,173,3,0.2,24,0,1,0,0,false,false
prob-interleaved-uniform-budget-delay,5,3,2,174,3,0.2,24,0,1,0,0,false,false
prob-interleaved-uniform-budget-delay,5,3,2,175,3,0.2,24,0,1,0,0,false,false
prob-interleaved-uniform-budget-delay,5,3,2,176,3,0.2,22,0,1,0,0,false,false
prob-interleaved-uniform-budget-delay,5,3,2,177,3,0.2,22,0,1,0,0,false,false
prob-interleaved-uniform-budget-delay,5,3,2,178,3,0.2,24,0,1,0,0,false,false
prob-interleaved-uniform-budget-delay,5,3,2,179,3,0.2,24,0,1,0,0,false,false
prob-interleaved-uniform-budget-delay,5,3,2,180,3,0.2,24,0,1,0,0,false,false
prob-interleaved-uniform-budget-delay,5,3,2,181,3,0.2,24,0,1,0,0,false,false
prob-interleaved-uniform-budget-delay,5,3,2,182,3,0.2,24,0,1,0,0,false,false
prob-interleaved-uniform-budget-delay,5,3,2,183,3,0.2,24,0,1,0,0,false,false
prob-interleaved-uniform-budget-delay,5,3,2,184,3,0.2,24,0,1,0,0,false,false
prob-interleaved-uniform-budget-delay,5,3,2,185,3,0.2,24,0,1,0,0,false,false
prob-interleaved-uniform-budget-delay,5,3,2,186,3,0.2,24,0,1,0,0,false,false
prob-interleaved-uniform-budget-delay,5,3,2,187,3,0.2,23,0,1,0,0,false,false
prob-interleaved-uniform-budget-delay,5,3,2,188,3,0.2,24,0,1,0,0,false,false
prob-interleaved-uniform-budget-delay,5,3,2,189,3,0.2,24,0,1,0,0,false,false
prob-interleaved-uniform-budget-delay,5,3,2,190,3,0.2,24,0,1,0,0,false,false
prob-interleaved-uniform-budget-delay,5,3,2,191,3,0.2,24,0,1,0,0,false,false
prob-interleaved-uniform-budget-delay,5,3,2,192,3,0.2,24,0,1,0,0,false,false
prob-interleaved-uniform-budget-delay,5,3,2,193,3,0.2,24,0,1,0,0,false,false
prob-interleaved-uniform-budget-delay,5,3,2,194,3,0.2,23,0,1,0,0,false,false
prob-interleaved-uniform-budget-delay,5,3,2,195,3,0.2,24,0,1,0,0,false,false
prob-interleaved-uniform-budget-delay,5,3,2,196,3,0.2,22,0,1,0,0,false,false
prob-interleaved-uniform-budget-delay,5,3,2,197,3,0.2,24,0,1,0,0,false,false
prob-interleaved-uniform-budget-delay,5,3,2,198,3,0.2,24,0,1,0,0,false,false
prob-interleaved-uniform-budget-delay,5,3,2,199,3,0.2,24,0,1,0,0,false,false
prob-interleaved-uniform-budget-delay,5,3,2,200,3,0.2,24,0,1,0,0,false,false
progress-aware-quorum-delay,5,3,2,1,3,0.2,24,0,1,0,0,false,false
progress-aware-quorum-delay,5,3,2,2,3,0.2,24,0,1,0,0,false,false
progress-aware-quorum-delay,5,3,2,3,3,0.2,24,0,1,0,0,false,false
progress-aware-quorum-delay,5,3,2,4,3,0.2,24,0,1,0,0,false,false
progress-aware-quorum-delay,5,3,2,5,3,0.2,24,0,1,0,0,false,false
progress-aware-quorum-delay,5,3,2,6,3,0.2,24,0,1,0,0,false,false
progress-aware-quorum-delay,5,3,2,7,3,0.2,24,0,1,0,0,false,false
progress-aware-quorum-delay,5,3,2,8,3,0.2,24,0,1,0,0,false,false
progress-aware-quorum-delay,5,3,2,9,3,0.2,24,0,1,0,0,false,false
progress-aware-quorum-delay,5,3,2,10,3,0.2,24,0,1,0,0,false,false
progress-aware-quorum-delay,5,3,2,11,3,0.2,24,0,1,0,0,false,false
progress-aware-quorum-delay,5,3,2,12,3,0.2,24,0,1,0,0,false,false
progress-aware-quorum-delay,5,3,2,13,3,0.2,24,0,1,0,0,false,false
progress-aware-quorum-delay,5,3,2,14,3,0.2,24,0,1,0,0,false,false
progress-aware-quorum-delay,5,3,2,15,3,0.2,24,0,1,0,0,false,false
progress-aware-quorum-delay,5,3,2,16,3,0.2,24,0,1,0,0,false,false
progress-aware-quorum-delay,5,3,2,17,3,0.2,24,0,1,0,0,false,false
progress-aware-quorum-delay,5,3,2,18,3,0.2,24,0,1,0,0,false,false
progress-aware-quorum-delay,5,3,2,19,3,0.2,24,0,1,0,0,false,false
progress-aware-quorum-delay,5,3,2,20,3,0.2,24,0,1,0,0,false,false
progress-aware-quorum-delay,5,3,2,21,3,0.2,24,0,1,0,0,false,false
progress-aware-quorum-delay,5,3,2,22,3,0.2,24,0,1,0,0,false,false
progress-aware-quorum-delay,5,3,2,23,3,0.2,24,0,1,0,0,false,false
progress-aware-quorum-delay,5,3,2,24,3,0.2,24,0,1,0,0,false,false
progress-aware-quorum-delay,5,3,2,25,3,0.2,24,0,1,0,0,false,false
progress-aware-quorum-delay,5,3,2,26,3,0.2,24,0,1,0,0,false,false
progress-aware-quorum-delay,5,3,2,27,3,0.2,24,0,1,0,0,false,false
progress-aware-quorum-delay,5,3,2,28,3,0.2,24,0,1,0,0,false,false
progress-aware-quorum-delay,5,3,2,29,3,0.2,24,0,1,0,0,false,false
progress-aware-quorum-delay,5,3,2,30,3,0.2,24,0,1,0,0,false,false
progress-aware-quorum-delay,5,3,2,31,3,0.2,24,0,1,0,0,false,false
progress-aware-quorum-delay,5,3,2,32,3,0.2,24,0,1,0,0,false,false
progress-aware-quorum-delay,5,3,2,33,3,0.2,24,0,1,0,0,false,false
progress-aware-quorum-delay,5,3,2,34,3,0.2,24,0,1,0,0,false,false
progress-aware-quorum-delay,5,3,2,35,3,0.2,24,0,1,0,0,false,false
progress-aware-quorum-delay,5,3,2,36,3,0.2,24,0,1,0,0,false,false
progress-aware-quorum-delay,5,3,2,37,3,0.2,24,0,1,0,0,false,false
progress-aware-quorum-delay,5,3,2,38,3,0.2,24,0,1,0,0,false,false
progress-aware-quorum-delay,5,3,2,39,3,0.2,24,0,1,0,0,false,false
progress-aware-quorum-delay,5,3,2,40,3,0.2,24,0,1,0,0,false,false
progress-aware-quorum-delay,5,3,2,41,3,0.2,24,0,1,0,0,false,false
progress-aware-quorum-delay,5,3,2,42,3,0.2,24,0,1,0,0,false,false
progress-aware-quorum-delay,5,3,2,43,3,0.2,24,0,1,0,0,false,false
progress-aware-quorum-delay,5,3,2,44,3,0.2,24,0,1,0,0,false,false
progress-aware-quorum-delay,5,3,2,45,3,0.2,24,0,1,0,0,false,false
progress-aware-quorum-delay,5,3,2,46,3,0.2,24,0,1,0,0,false,false
progress-aware-quorum-delay,5,3,2,47,3,0.2,24,0,1,0,0,false,false
progress-aware-quorum-delay,5,3,2,48,3,0.2,24,0,1,0,0,false,false
progress-aware-quorum-delay,5,3,2,49,3,0.2,24,0,1,0,0,false,false
progress-aware-quorum-delay,5,3,2,50,3,0.2,24,0,1,0,0,false,false
progress-aware-quorum-delay,5,3,2,51,3,0.2,24,0,1,0,0,false,false
progress-aware-quorum-delay,5,3,2,52,3,0.2,24,0,1,0,0,false,false
progress-aware-quorum-delay,5,3,2,53,3,0.2,24,0,1,0,0,false,false
progress-aware-quorum-delay,5,3,2,54,3,0.2,24,0,1,0,0,false,false
progress-aware-quorum-delay,5,3,2,55,3,0.2,24,0,1,0,0,false,false
progress-aware-quorum-delay,5,3,2,56,3,0.2,24,0,1,0,0,false,false
progress-aware-quorum-delay,5,3,2,57,3,0.2,24,0,1,0,0,false,false
progress-aware-quorum-delay,5,3,2,58,3,0.2,24,0,1,0,0,false,false
progress-aware-quorum-delay,5,3,2,59,3,0.2,24,0,1,0,0,false,false
progress-aware-quorum-delay,5,3,2,60,3,0.2,24,0,1,0,0,false,false
progress-aware-quorum-delay,5,3,2,61,3,0.2,24,0,1,0,0,false,false
progress-aware-quorum-delay,5,3,2,62,3,0.2,24,0,1,0,0,false,false
progress-aware-quorum-delay,5,3,2,63,3,0.2,24,0,1,0,0,false,false
progress-aware-quorum-delay,5,3,2,64,3,0.2,24,0,1,0,0,false,false
progress-aware-quorum-delay,5,3,2,65,3,0.2,24,0,1,0,0,false,false
progress-aware-quorum-delay,5,3,2,66,3,0.2,24,0,1,0,0,false,false
progress-aware-quorum-delay,5,3,2,67,3,0.2,24,0,1,0,0,false,false
progress-aware-quorum-delay,5,3,2,68,3,0.2,24,0,1,0,0,false,false
progress-aware-quorum-delay,5,3,2,69,3,0.2,24,0,1,0,0,false,false
progress-aware-quorum-delay,5,3,2,70,3,0.2,24,0,1,0,0,false,false
progress-aware-quorum-delay,5,3,2,71,3,0.2,24,0,1,0,0,false,false
progress-aware-quorum-delay,5,3,2,72,3,0.2,24,0,1,0,0,false,false
progress-aware-quorum-delay,5,3,2,73,3,0.2,24,0,1,0,0,false,false
progress-aware-quorum-delay,5,3,2,74,3,0.2,24,0,1,0,0,false,false
progress-aware-quorum-delay,5,3,2,75,3,0.2,24,0,1,0,0,false,false
progress-aware-quorum-delay,5,3,2,76,3,0.2,24,0,1,0,0,false,false
progress-aware-quorum-delay,5,3,2,77,3,0.2,24,0,1,0,0,false,false
progress-aware-quorum-delay,5,3,2,78,3,0.2,24,0,1,0,0,false,false
progress-aware-quorum-delay,5,3,2,79,3,0.2,24,0,1,0,0,false,false
progress-aware-quorum-delay,5,3,2,80,3,0.2,24,0,1,0,0,false,false
progress-aware-quorum-delay,5,3,2,81,3,0.2,24,0,1,0,0,false,false
progress-aware-quorum-delay,5,3,2,82,3,0.2,24,0,1,0,0,false,false
progress-aware-quorum-delay,5,3,2,83,3,0.2,24,0,1,0,0,false,false
progress-aware-quorum-delay,5,3,2,84,3,0.2,24,0,1,0,0,false,false
progress-aware-quorum-delay,5,3,2,85,3,0.2,24,0,1,0,0,false,false
progress-aware-quorum-delay,5,3,2,86,3,0.2,24,0,1,0,0,false,false
progress-aware-quorum-delay,5,3,2,87,3,0.2,24,0,1,0,0,false,false
progress-aware-quorum-delay,5,3,2,88,3,0.2,24,0,1,0,0,false,false
progress-aware-quorum-delay,5,3,2,89,3,0.2,24,0,1,0,0,false,false
progress-aware-quorum-delay,5,3,2,90,3,0.2,24,0,1,0,0,false,false
progress-aware-quorum-delay,5,3,2,91,3,0.2,24,0,1,0,0,false,false
progress-aware-quorum-delay,5,3,2,92,3,0.2,24,0,1,0,0,false,false
progress-aware-quorum-delay,5,3,2,93,3,0.2,24,0,1,0,0,false,false
progress-aware-quorum-delay,5,3,2,94,3,0.2,24,0,1,0,0,false,false
progress-aware-quorum-delay,5,3,2,95,3,0.2,24,0,1,0,0,false,false
progress-aware-quorum-delay,5,3,2,96,3,0.2,24,0,1,0,0,false,false
progress-aware-quorum-delay,5,3,2,97,3,0.2,24,0,1,0,0,false,false
progress-aware-quorum-delay,5,3,2,98,3,0.2,24,0,1,0,0,false,false
progress-aware-quorum-delay,5,3,2,99,3,0.2,24,0,1,0,0,false,false
progress-aware-quorum-delay,5,3,2,100,3,0.2,24,0,1,0,0,false,false
progress-aware-quorum-delay,5,3,2,101,3,0.2,24,0,1,0,0,false,false
progress-aware-quorum-delay,5,3,2,102,3,0.2,24,0,1,0,0,false,false
progress-aware-quorum-delay,5,3,2,103,3,0.2,24,0,1,0,0,false,false
progress-aware-quorum-delay,5,3,2,104,3,0.2,24,0,1,0,0,false,false
progress-aware-quorum-delay,5,3,2,105,3,0.2,24,0,1,0,0,false,false
progress-aware-quorum-delay,5,3,2,106,3,0.2,24,0,1,0,0,false,false
progress-aware-quorum-delay,5,3,2,107,3,0.2,24,0,1,0,0,false,false
progress-aware-quorum-delay,5,3,2,108,3,0.2,24,0,1,0,0,false,false
progress-aware-quorum-delay,5,3,2,109,3,0.2,24,0,1,0,0,false,false
progress-aware-quorum-delay,5,3,2,110,3,0.2,24,0,1,0,0,false,false
progress-aware-quorum-delay,5,3,2,111,3,0.2,24,0,1,0,0,false,false
progress-aware-quorum-delay,5,3,2,112,3,0.2,24,0,1,0,0,false,false
progress-aware-quorum-delay,5,3,2,113,3,0.2,24,0,1,0,0,false,false
progress-aware-quorum-delay,5,3,2,114,3,0.2,24,0,1,0,0,false,false
progress-aware-quorum-delay,5,3,2,115,3,0.2,24,0,1,0,0,false,false
progress-aware-quorum-delay,5,3,2,116,3,0.2,24,0,1,0,0,false,false
progress-aware-quorum-delay,5,3,2,117,3,0.2,24,0,1,0,0,false,false
progress-aware-quorum-delay,5,3,2,118,3,0.2,24,0,1,0,0,false,false
progress-aware-quorum-delay,5,3,2,119,3,0.2,24,0,1,0,0,false,false
progress-aware-quorum-delay,5,3,2,120,3,0.2,24,0,1,0,0,false,false
progress-aware-quorum-delay,5,3,2,121,3,0.2,24,0,1,0,0,false,false
progress-aware-quorum-delay,5,3,2,122,3,0.2,24,0,1,0,0,false,false
progress-aware-quorum-delay,5,3,2,123,3,0.2,24,0,1,0,0,false,false
progress-aware-quorum-delay,5,3,2,124,3,0.2,24,0,1,0,0,false,false
progress-aware-quorum-delay,5,3,2,125,3,0.2,24,0,1,0,0,false,false
progress-aware-quorum-delay,5,3,2,126,3,0.2,24,0,1,0,0,false,false
progress-aware-quorum-delay,5,3,2,127,3,0.2,24,0,1,0,0,false,false
progress-aware-quorum-delay,5,3,2,128,3,0.2,24,0,1,0,0,false,false
progress-aware-quorum-delay,5,3,2,129,3,0.2,24,0,1,0,0,false,false
progress-aware-quorum-delay,5,3,2,130,3,0.2,24,0,1,0,0,false,false
progress-aware-quorum-delay,5,3,2,131,3,0.2,24,0,1,0,0,false,false
progress-aware-quorum-delay,5,3,2,132,3,0.2,24,0,1,0,0,false,false
progress-aware-quorum-delay,5,3,2,133,3,0.2,24,0,1,0,0,false,false
progress-aware-quorum-delay,5,3,2,134,3,0.2,24,0,1,0,0,false,false
progress-aware-quorum-delay,5,3,2,135,3,0.2,24,0,1,0,0,false,false
progress-aware-quorum-delay,5,3,2,136,3,0.2,24,0,1,0,0,false,false
progress-aware-quorum-delay,5,3,2,137,3,0.2,24,0,1,0,0,false,false
progress-aware-quorum-delay,5,3,2,138,3,0.2,24,0,1,0,0,false,false
progress-aware-quorum-delay,5,3,2,139,3,0.2,24,0,1,0,0,false,false
progress-aware-quorum-delay,5,3,2,140,3,0.2,24,0,1,0,0,false,false
progress-aware-quorum-delay,5,3,2,141,3,0.2,24,0,1,0,0,false,false
progress-aware-quorum-delay,5,3,2,142,3,0.2,24,0,1,0,0,false,false
progress-aware-quorum-delay,5,3,2,143,3,0.2,24,0,1,0,0,false,false
progress-aware-quorum-delay,5,3,2,144,3,0.2,24,0,1,0,0,false,false
progress-aware-quorum-delay,5,3,2,145,3,0.2,24,0,1,0,0,false,false
progress-aware-quorum-delay,5,3,2,146,3,0.2,24,0,1,0,0,false,false
progress-aware-quorum-delay,5,3,2,147,3,0.2,24,0,1,0,0,false,false
progress-aware-quorum-delay,5,3,2,148,3,0.2,24,0,1,0,0,false,false
progress-aware-quorum-delay,5,3,2,149,3,0.2,24,0,1,0,0,false,false
progress-aware-quorum-delay,5,3,2,150,3,0.2,24,0,1,0,0,false,false
progress-aware-quorum-delay,5,3,2,151,3,0.2,24,0,1,0,0,false,false
progress-aware-quorum-delay,5,3,2,152,3,0.2,24,0,1,0,0,false,false
progress-aware-quorum-delay,5,3,2,153,3,0.2,24,0,1,0,0,false,false
progress-aware-quorum-delay,5,3,2,154,3,0.2,24,0,1,0,0,false,false
progress-aware-quorum-delay,5,3,2,155,3,0.2,24,0,1,0,0,false,false
progress-aware-quorum-delay,5,3,2,156,3,0.2,24,0,1,0,0,false,false
progress-aware-quorum-delay,5,3,2,157,3,0.2,24,0,1,0,0,false,false
progress-aware-quorum-delay,5,3,2,158,3,0.2,24,0,1,0,0,false,false
progress-aware-quorum-delay,5,3,2,159,3,0.2,24,0,1,0,0,false,false
progress-aware-quorum-delay,5,3,2,160,3,0.2,24,0,1,0,0,false,false
progress-aware-quorum-delay,5,3,2,161,3,0.2,24,0,1,0,0,false,false
progress-aware-quorum-delay,5,3,2,162,3,0.2,24,0,1,0,0,false,false
progress-aware-quorum-delay,5,3,2,163,3,0.2,24,0,1,0,0,false,false
progress-aware-quorum-delay,5,3,2,164,3,0.2,24,0,1,0,0,false,false
progress-aware-quorum-delay,5,3,2,165,3,0.2,24,0,1,0,0,false,false
progress-aware-quorum-delay,5,3,2,166,3,0.2,24,0,1,0,0,false,false
progress-aware-quorum-delay,5,3,2,167,3,0.2,24,0,1,0,0,false,false
progress-aware-quorum-delay,5,3,2,168,3,0.2,24,0,1,0,0,false,false
progress-aware-quorum-delay,5,3,2,169,3,0.2,24,0,1,0,0,false,false
progress-aware-quorum-delay,5,3,2,170,3,0.2,24,0,1,0,0,false,false
progress-aware-quorum-delay,5,3,2,171,3,0.2,24,0,1,0,0,false,false
progress-aware-quorum-delay,5,3,2,172,3,0.2,24,0,1,0,0,false,false
progress-aware-quorum-delay,5,3,2,173,3,0.2,24,0,1,0,0,false,false
progress-aware-quorum-delay,5,3,2,174,3,0.2,24,0,1,0,0,false,false
progress-aware-quorum-delay,5,3,2,175,3,0.2,24,0,1,0,0,false,false
progress-aware-quorum-delay,5,3,2,176,3,0.2,24,0,1,0,0,false,false
progress-aware-quorum-delay,5,3,2,177,3,0.2,24,0,1,0,0,false,false
progress-aware-quorum-delay,5,3,2,178,3,0.2,24,0,1,0,0,false,false
progress-aware-quorum-delay,5,3,2,179,3,0.2,24,0,1,0,0,false,false
progress-aware-quorum-delay,5,3,2,180,3,0.2,24,0,1,0,0,false,false
progress-aware-quorum-delay,5,3,2,181,3,0.2,24,0,1,0,0,false,false
progress-aware-quorum-delay,5,3,2,182,3,0.2,24,0,1,0,0,false,false
progress-aware-quorum-delay,5,3,2,183,3,0.2,24,0,1,0,0,false,false
progress-aware-quorum-delay,5,3,2,184,3,0.2,24,0,1,0,0,false,false
progress-aware-quorum-delay,5,3,2,185,3,0.2,24,0,1,0,0,false,false
progress-aware-quorum-delay,5,3,2,186,3,0.2,24,0,1,0,0,false,false
progress-aware-quorum-delay,5,3,2,187,3,0.2,24,0,1,0,0,false,false
progress-aware-quorum-delay,5,3,2,188,3,0.2,24,0,1,0,0,false,false
progress-aware-quorum-delay,5,3,2,189,3,0.2,24,0,1,0,0,false,false
progress-aware-quorum-delay,5,3,2,190,3,0.2,24,0,1,0,0,false,false
progress-aware-quorum-delay,5,3,2,191,3,0.2,24,0,1,0,0,false,false
progress-aware-quorum-delay,5,3,2,192,3,0.2,24,0,1,0,0,false,false
progress-aware-quorum-delay,5,3,2,193,3,0.2,24,0,1,0,0,false,false
progress-aware-quorum-delay,5,3,2,194,3,0.2,24,0,1,0,0,false,false
progress-aware-quorum-delay,5,3,2,195,3,0.2,24,0,1,0,0,false,false
progress-aware-quorum-delay,5,3,2,196,3,0.2,24,0,1,0,0,false,false
progress-aware-quorum-delay,5,3,2,197,3,0.2,24,0,1,0,0,false,false
progress-aware-quorum-delay,5,3,2,198,3,0.2,24,0,1,0,0,false,false
progress-aware-quorum-delay,5,3,2,199,3,0.2,24,0,1,0,0,false,false
progress-aware-quorum-delay,5,3,2,200,3,0.2,24,0,1,0,0,false,false
prob-interleaved-uniform-budget-delay,9,5,4,1,5,0.2,1842,100,1,100,101,false,false
prob-interleaved-uniform-budget-delay,9,5,4,2,5,0.2,1842,100,1,100,101,false,false
prob-interleaved-uniform-budget-delay,9,5,4,3,5,0.2,1842,100,1,100,101,false,false
prob-interleaved-uniform-budget-delay,9,5,4,4,5,0.2,1860,100,1,100,101,false,false
prob-interleaved-uniform-budget-delay,9,5,4,5,5,0.2,1842,100,1,100,101,false,false
prob-interleaved-uniform-budget-delay,9,5,4,6,5,0.2,1842,100,1,100,101,false,false
prob-interleaved-uniform-budget-delay,9,5,4,7,5,0.2,1842,100,1,100,101,false,false
prob-interleaved-uniform-budget-delay,9,5,4,8,5,0.2,1860,100,1,100,101,false,false
prob-interleaved-uniform-budget-delay,9,5,4,9,5,0.2,1842,100,1,100,101,false,false
prob-interleaved-uniform-budget-delay,9,5,4,10,5,0.2,1842,100,1,100,101,false,false
prob-interleaved-uniform-budget-delay,9,5,4,11,5,0.2,1860,100,1,100,101,false,false
prob-interleaved-uniform-budget-delay,9,5,4,12,5,0.2,1842,100,1,100,101,false,false
prob-interleaved-uniform-budget-delay,9,5,4,13,5,0.2,1860,100,1,100,101,false,false
prob-interleaved-uniform-budget-delay,9,5,4,14,5,0.2,1842,100,1,100,101,false,false
prob-interleaved-uniform-budget-delay,9,5,4,15,5,0.2,1860,100,1,100,101,false,false
prob-interleaved-uniform-budget-delay,9,5,4,16,5,0.2,1842,100,1,100,101,false,false
prob-interleaved-uniform-budget-delay,9,5,4,17,5,0.2,1842,100,1,100,101,false,false
prob-interleaved-uniform-budget-delay,9,5,4,18,5,0.2,1842,100,1,100,101,false,false
prob-interleaved-uniform-budget-delay,9,5,4,19,5,0.2,1860,100,1,100,101,false,false
prob-interleaved-uniform-budget-delay,9,5,4,20,5,0.2,1842,100,1,100,101,false,false
prob-interleaved-uniform-budget-delay,9,5,4,21,5,0.2,1842,100,1,100,101,false,false
prob-interleaved-uniform-budget-delay,9,5,4,22,5,0.2,1860,100,1,100,101,false,false
prob-interleaved-uniform-budget-delay,9,5,4,23,5,0.2,1860,100,1,100,101,false,false
prob-interleaved-uniform-budget-delay,9,5,4,24,5,0.2,1842,100,1,100,101,false,false
prob-interleaved-uniform-budget-delay,9,5,4,25,5,0.2,1860,100,1,100,101,false,false
prob-interleaved-uniform-budget-delay,9,5,4,26,5,0.2,1842,100,1,100,101,false,false
prob-interleaved-uniform-budget-delay,9,5,4,27,5,0.2,1860,100,1,100,101,false,false
prob-interleaved-uniform-budget-delay,9,5,4,28,5,0.2,1842,100,1,100,101,false,false
prob-interleaved-uniform-budget-delay,9,5,4,29,5,0.2,1860,100,1,100,101,false,false
prob-interleaved-uniform-budget-delay,9,5,4,30,5,0.2,1842,100,1,100,101,false,false
prob-interleaved-uniform-budget-delay,9,5,4,31,5,0.2,1842,100,1,100,101,false,false
prob-interleaved-uniform-budget-delay,9,5,4,32,5,0.2,1842,100,1,100,101,false,false
prob-interleaved-uniform-budget-delay,9,5,4,33,5,0.2,1842,100,1,100,101,false,false
prob-interleaved-uniform-budget-delay,9,5,4,34,5,0.2,1842,100,1,100,101,false,false
prob-interleaved-uniform-budget-delay,9,5,4,35,5,0.2,1860,100,1,100,101,false,false
prob-interleaved-uniform-budget-delay,9,5,4,36,5,0.2,1842,100,1,100,101,false,false
prob-interleaved-uniform-budget-delay,9,5,4,37,5,0.2,1860,100,1,100,101,false,false
prob-interleaved-uniform-budget-delay,9,5,4,38,5,0.2,1842,100,1,100,101,false,false
prob-interleaved-uniform-budget-delay,9,5,4,39,5,0.2,1842,100,1,100,101,false,false
prob-interleaved-uniform-budget-delay,9,5,4,40,5,0.2,1842,100,1,100,101,false,false
prob-interleaved-uniform-budget-delay,9,5,4,41,5,0.2,1860,100,1,100,101,false,false
prob-interleaved-uniform-budget-delay,9,5,4,42,5,0.2,1842,100,1,100,101,false,false
prob-interleaved-uniform-budget-delay,9,5,4,43,5,0.2,1842,100,1,100,101,false,false
prob-interleaved-uniform-budget-delay,9,5,4,44,5,0.2,1842,100,1,100,101,false,false
prob-interleaved-uniform-budget-delay,9,5,4,45,5,0.2,1842,100,1,100,101,false,false
prob-interleaved-uniform-budget-delay,9,5,4,46,5,0.2,1842,100,1,100,101,false,false
prob-interleaved-uniform-budget-delay,9,5,4,47,5,0.2,1842,100,1,100,101,false,false
prob-interleaved-uniform-budget-delay,9,5,4,48,5,0.2,1842,100,1,100,101,false,false
prob-interleaved-uniform-budget-delay,9,5,4,49,5,0.2,1842,100,1,100,101,false,false
prob-interleaved-uniform-budget-delay,9,5,4,50,5,0.2,1842,100,1,100,101,false,false
prob-interleaved-uniform-budget-delay,9,5,4,51,5,0.2,1842,100,1,100,101,false,false
prob-interleaved-uniform-budget-delay,9,5,4,52,5,0.2,1842,100,1,100,101,false,false
prob-interleaved-uniform-budget-delay,9,5,4,53,5,0.2,1860,100,1,100,101,false,false
prob-interleaved-uniform-budget-delay,9,5,4,54,5,0.2,1842,100,1,100,101,false,false
prob-interleaved-uniform-budget-delay,9,5,4,55,5,0.2,1842,100,1,100,101,false,false
prob-interleaved-uniform-budget-delay,9,5,4,56,5,0.2,1842,100,1,100,101,false,false
prob-interleaved-uniform-budget-delay,9,5,4,57,5,0.2,1860,100,1,100,101,false,false
prob-interleaved-uniform-budget-delay,9,5,4,58,5,0.2,1842,100,1,100,101,false,false
prob-interleaved-uniform-budget-delay,9,5,4,59,5,0.2,1842,100,1,100,101,false,false
prob-interleaved-uniform-budget-delay,9,5,4,60,5,0.2,1860,100,1,100,101,false,false
prob-interleaved-uniform-budget-delay,9,5,4,61,5,0.2,1842,100,1,100,101,false,false
prob-interleaved-uniform-budget-delay,9,5,4,62,5,0.2,1842,100,1,100,101,false,false
prob-interleaved-uniform-budget-delay,9,5,4,63,5,0.2,1842,100,1,100,101,false,false
prob-interleaved-uniform-budget-delay,9,5,4,64,5,0.2,1842,100,1,100,101,false,false
prob-interleaved-uniform-budget-delay,9,5,4,65,5,0.2,1842,100,1,100,101,false,false
prob-interleaved-uniform-budget-delay,9,5,4,66,5,0.2,1860,100,1,100,101,false,false
prob-interleaved-uniform-budget-delay,9,5,4,67,5,0.2,1860,100,1,100,101,false,false
prob-interleaved-uniform-budget-delay,9,5,4,68,5,0.2,1842,100,1,100,101,false,false
prob-interleaved-uniform-budget-delay,9,5,4,69,5,0.2,1842,100,1,100,101,false,false
prob-interleaved-uniform-budget-delay,9,5,4,70,5,0.2,1842,100,1,100,101,false,false
prob-interleaved-uniform-budget-delay,9,5,4,71,5,0.2,1860,100,1,100,101,false,false
prob-interleaved-uniform-budget-delay,9,5,4,72,5,0.2,1842,100,1,100,101,false,false
prob-interleaved-uniform-budget-delay,9,5,4,73,5,0.2,1860,100,1,100,101,false,false
prob-interleaved-uniform-budget-delay,9,5,4,74,5,0.2,1842,100,1,100,101,false,false
prob-interleaved-uniform-budget-delay,9,5,4,75,5,0.2,1842,100,1,100,101,false,false
prob-interleaved-uniform-budget-delay,9,5,4,76,5,0.2,1842,100,1,100,101,false,false
prob-interleaved-uniform-budget-delay,9,5,4,77,5,0.2,1842,100,1,100,101,false,false
prob-interleaved-uniform-budget-delay,9,5,4,78,5,0.2,1842,100,1,100,101,false,false
prob-interleaved-uniform-budget-delay,9,5,4,79,5,0.2,1842,100,1,100,101,false,false
prob-interleaved-uniform-budget-delay,9,5,4,80,5,0.2,1842,100,1,100,101,false,false
prob-interleaved-uniform-budget-delay,9,5,4,81,5,0.2,1860,100,1,100,101,false,false
prob-interleaved-uniform-budget-delay,9,5,4,82,5,0.2,1842,100,1,100,101,false,false
prob-interleaved-uniform-budget-delay,9,5,4,83,5,0.2,1842,100,1,100,101,false,false
prob-interleaved-uniform-budget-delay,9,5,4,84,5,0.2,1842,100,1,100,101,false,false
prob-interleaved-uniform-budget-delay,9,5,4,85,5,0.2,1842,100,1,100,101,false,false
prob-interleaved-uniform-budget-delay,9,5,4,86,5,0.2,1842,100,1,100,101,false,false
prob-interleaved-uniform-budget-delay,9,5,4,87,5,0.2,1842,100,1,100,101,false,false
prob-interleaved-uniform-budget-delay,9,5,4,88,5,0.2,1860,100,1,100,101,false,false
prob-interleaved-uniform-budget-delay,9,5,4,89,5,0.2,1842,100,1,100,101,false,false
prob-interleaved-uniform-budget-delay,9,5,4,90,5,0.2,1842,100,1,100,101,false,false
prob-interleaved-uniform-budget-delay,9,5,4,91,5,0.2,1842,100,1,100,101,false,false
prob-interleaved-uniform-budget-delay,9,5,4,92,5,0.2,1842,100,1,100,101,false,false
prob-interleaved-uniform-budget-delay,9,5,4,93,5,0.2,1842,100,1,100,101,false,false
prob-interleaved-uniform-budget-delay,9,5,4,94,5,0.2,1842,100,1,100,101,false,false
prob-interleaved-uniform-budget-delay,9,5,4,95,5,0.2,1842,100,1,100,101,false,false
prob-interleaved-uniform-budget-delay,9,5,4,96,5,0.2,1842,100,1,100,101,false,false
prob-interleaved-uniform-budget-delay,9,5,4,97,5,0.2,1842,100,1,100,101,false,false
prob-interleaved-uniform-budget-delay,9,5,4,98,5,0.2,1842,100,1,100,101,false,false
prob-interleaved-uniform-budget-delay,9,5,4,99,5,0.2,1860,100,1,100,101,false,false
prob-interleaved-uniform-budget-delay,9,5,4,100,5,0.2,1842,100,1,100,101,false,false
prob-interleaved-uniform-budget-delay,9,5,4,101,5,0.2,1860,100,1,100,101,false,false
prob-interleaved-uniform-budget-delay,9,5,4,102,5,0.2,1860,100,1,100,101,false,false
prob-interleaved-uniform-budget-delay,9,5,4,103,5,0.2,1842,100,1,100,101,false,false
prob-interleaved-uniform-budget-delay,9,5,4,104,5,0.2,1842,100,1,100,101,false,false
prob-interleaved-uniform-budget-delay,9,5,4,105,5,0.2,1842,100,1,100,101,false,false
prob-interleaved-uniform-budget-delay,9,5,4,106,5,0.2,1842,100,1,100,101,false,false
prob-interleaved-uniform-budget-delay,9,5,4,107,5,0.2,1842,100,1,100,101,false,false
prob-interleaved-uniform-budget-delay,9,5,4,108,5,0.2,1842,100,1,100,101,false,false
prob-interleaved-uniform-budget-delay,9,5,4,109,5,0.2,1842,100,1,100,101,false,false
prob-interleaved-uniform-budget-delay,9,5,4,110,5,0.2,1842,100,1,100,101,false,false
prob-interleaved-uniform-budget-delay,9,5,4,111,5,0.2,1842,100,1,100,101,false,false
prob-interleaved-uniform-budget-delay,9,5,4,112,5,0.2,1842,100,1,100,101,false,false
prob-interleaved-uniform-budget-delay,9,5,4,113,5,0.2,1860,100,1,100,101,false,false
prob-interleaved-uniform-budget-delay,9,5,4,114,5,0.2,1842,100,1,100,101,false,false
prob-interleaved-uniform-budget-delay,9,5,4,115,5,0.2,1842,100,1,100,101,false,false
prob-interleaved-uniform-budget-delay,9,5,4,116,5,0.2,1842,100,1,100,101,false,false
prob-interleaved-uniform-budget-delay,9,5,4,117,5,0.2,1842,100,1,100,101,false,false
prob-interleaved-uniform-budget-delay,9,5,4,118,5,0.2,1842,100,1,100,101,false,false
prob-interleaved-uniform-budget-delay,9,5,4,119,5,0.2,1842,100,1,100,101,false,false
prob-interleaved-uniform-budget-delay,9,5,4,120,5,0.2,1842,100,1,100,101,false,false
prob-interleaved-uniform-budget-delay,9,5,4,121,5,0.2,1842,100,1,100,101,false,false
prob-interleaved-uniform-budget-delay,9,5,4,122,5,0.2,1842,100,1,100,101,false,false
prob-interleaved-uniform-budget-delay,9,5,4,123,5,0.2,1842,100,1,100,101,false,false
prob-interleaved-uniform-budget-delay,9,5,4,124,5,0.2,1860,100,1,100,101,false,false
prob-interleaved-uniform-budget-delay,9,5,4,125,5,0.2,1860,100,1,100,101,false,false
prob-interleaved-uniform-budget-delay,9,5,4,126,5,0.2,1842,100,1,100,101,false,false
prob-interleaved-uniform-budget-delay,9,5,4,127,5,0.2,1842,100,1,100,101,false,false
prob-interleaved-uniform-budget-delay,9,5,4,128,5,0.2,1842,100,1,100,101,false,false
prob-interleaved-uniform-budget-delay,9,5,4,129,5,0.2,1860,100,1,100,101,false,false
prob-interleaved-uniform-budget-delay,9,5,4,130,5,0.2,1842,100,1,100,101,false,false
prob-interleaved-uniform-budget-delay,9,5,4,131,5,0.2,1842,100,1,100,101,false,false
prob-interleaved-uniform-budget-delay,9,5,4,132,5,0.2,1842,100,1,100,101,false,false
prob-interleaved-uniform-budget-delay,9,5,4,133,5,0.2,1842,100,1,100,101,false,false
prob-interleaved-uniform-budget-delay,9,5,4,134,5,0.2,1842,100,1,100,101,false,false
prob-interleaved-uniform-budget-delay,9,5,4,135,5,0.2,1860,100,1,100,101,false,false
prob-interleaved-uniform-budget-delay,9,5,4,136,5,0.2,1842,100,1,100,101,false,false
prob-interleaved-uniform-budget-delay,9,5,4,137,5,0.2,1842,100,1,100,101,false,false
prob-interleaved-uniform-budget-delay,9,5,4,138,5,0.2,1842,100,1,100,101,false,false
prob-interleaved-uniform-budget-delay,9,5,4,139,5,0.2,1842,100,1,100,101,false,false
prob-interleaved-uniform-budget-delay,9,5,4,140,5,0.2,1842,100,1,100,101,false,false
prob-interleaved-uniform-budget-delay,9,5,4,141,5,0.2,1842,100,1,100,101,false,false
prob-interleaved-uniform-budget-delay,9,5,4,142,5,0.2,1842,100,1,100,101,false,false
prob-interleaved-uniform-budget-delay,9,5,4,143,5,0.2,1842,100,1,100,101,false,false
prob-interleaved-uniform-budget-delay,9,5,4,144,5,0.2,1842,100,1,100,101,false,false
prob-interleaved-uniform-budget-delay,9,5,4,145,5,0.2,1860,100,1,100,101,false,false
prob-interleaved-uniform-budget-delay,9,5,4,146,5,0.2,1842,100,1,100,101,false,false
prob-interleaved-uniform-budget-delay,9,5,4,147,5,0.2,1842,100,1,100,101,false,false
prob-interleaved-uniform-budget-delay,9,5,4,148,5,0.2,1842,100,1,100,101,false,false
prob-interleaved-uniform-budget-delay,9,5,4,149,5,0.2,1860,100,1,100,101,false,false
prob-interleaved-uniform-budget-delay,9,5,4,150,5,0.2,1842,100,1,100,101,false,false
prob-interleaved-uniform-budget-delay,9,5,4,151,5,0.2,1842,100,1,100,101,false,false
prob-interleaved-uniform-budget-delay,9,5,4,152,5,0.2,1842,100,1,100,101,false,false
prob-interleaved-uniform-budget-delay,9,5,4,153,5,0.2,1842,100,1,100,101,false,false
prob-interleaved-uniform-budget-delay,9,5,4,154,5,0.2,1842,100,1,100,101,false,false
prob-interleaved-uniform-budget-delay,9,5,4,155,5,0.2,1860,100,1,100,101,false,false
prob-interleaved-uniform-budget-delay,9,5,4,156,5,0.2,1842,100,1,100,101,false,false
prob-interleaved-uniform-budget-delay,9,5,4,157,5,0.2,1860,100,1,100,101,false,false
prob-interleaved-uniform-budget-delay,9,5,4,158,5,0.2,1860,100,1,100,101,false,false
prob-interleaved-uniform-budget-delay,9,5,4,159,5,0.2,1860,100,1,100,101,false,false
prob-interleaved-uniform-budget-delay,9,5,4,160,5,0.2,1842,100,1,100,101,false,false
prob-interleaved-uniform-budget-delay,9,5,4,161,5,0.2,1842,100,1,100,101,false,false
prob-interleaved-uniform-budget-delay,9,5,4,162,5,0.2,1842,100,1,100,101,false,false
prob-interleaved-uniform-budget-delay,9,5,4,163,5,0.2,1842,100,1,100,101,false,false
prob-interleaved-uniform-budget-delay,9,5,4,164,5,0.2,1842,100,1,100,101,false,false
prob-interleaved-uniform-budget-delay,9,5,4,165,5,0.2,1860,100,1,100,101,false,false
prob-interleaved-uniform-budget-delay,9,5,4,166,5,0.2,1842,100,1,100,101,false,false
prob-interleaved-uniform-budget-delay,9,5,4,167,5,0.2,1842,100,1,100,101,false,false
prob-interleaved-uniform-budget-delay,9,5,4,168,5,0.2,1860,100,1,100,101,false,false
prob-interleaved-uniform-budget-delay,9,5,4,169,5,0.2,1842,100,1,100,101,false,false
prob-interleaved-uniform-budget-delay,9,5,4,170,5,0.2,1860,100,1,100,101,false,false
prob-interleaved-uniform-budget-delay,9,5,4,171,5,0.2,1842,100,1,100,101,false,false
prob-interleaved-uniform-budget-delay,9,5,4,172,5,0.2,1842,100,1,100,101,false,false
prob-interleaved-uniform-budget-delay,9,5,4,173,5,0.2,1842,100,1,100,101,false,false
prob-interleaved-uniform-budget-delay,9,5,4,174,5,0.2,1842,100,1,100,101,false,false
prob-interleaved-uniform-budget-delay,9,5,4,175,5,0.2,1842,100,1,100,101,false,false
prob-interleaved-uniform-budget-delay,9,5,4,176,5,0.2,1860,100,1,100,101,false,false
prob-interleaved-uniform-budget-delay,9,5,4,177,5,0.2,1860,100,1,100,101,false,false
prob-interleaved-uniform-budget-delay,9,5,4,178,5,0.2,1842,100,1,100,101,false,false
prob-interleaved-uniform-budget-delay,9,5,4,179,5,0.2,1842,100,1,100,101,false,false
prob-interleaved-uniform-budget-delay,9,5,4,180,5,0.2,1842,100,1,100,101,false,false
prob-interleaved-uniform-budget-delay,9,5,4,181,5,0.2,1842,100,1,100,101,false,false
prob-interleaved-uniform-budget-delay,9,5,4,182,5,0.2,1842,100,1,100,101,false,false
prob-interleaved-uniform-budget-delay,9,5,4,183,5,0.2,1842,100,1,100,101,false,false
prob-interleaved-uniform-budget-delay,9,5,4,184,5,0.2,1842,100,1,100,101,false,false
prob-interleaved-uniform-budget-delay,9,5,4,185,5,0.2,1842,100,1,100,101,false,false
prob-interleaved-uniform-budget-delay,9,5,4,186,5,0.2,1842,100,1,100,101,false,false
prob-interleaved-uniform-budget-delay,9,5,4,187,5,0.2,1860,100,1,100,101,false,false
prob-interleaved-uniform-budget-delay,9,5,4,188,5,0.2,1860,100,1,100,101,false,false
prob-interleaved-uniform-budget-delay,9,5,4,189,5,0.2,1860,100,1,100,101,false,false
prob-interleaved-uniform-budget-delay,9,5,4,190,5,0.2,1842,100,1,100,101,false,false
prob-interleaved-uniform-budget-delay,9,5,4,191,5,0.2,1842,100,1,100,101,false,false
prob-interleaved-uniform-budget-delay,9,5,4,192,5,0.2,1842,100,1,100,101,false,false
prob-interleaved-uniform-budget-delay,9,5,4,193,5,0.2,1842,100,1,100,101,false,false
prob-interleaved-uniform-budget-delay,9,5,4,194,5,0.2,1860,100,1,100,101,false,false
prob-interleaved-uniform-budget-delay,9,5,4,195,5,0.2,1842,100,1,100,101,false,false
prob-interleaved-uniform-budget-delay,9,5,4,196,5,0.2,1860,100,1,100,101,false,false
prob-interleaved-uniform-budget-delay,9,5,4,197,5,0.2,1842,100,1,100,101,false,false
prob-interleaved-uniform-budget-delay,9,5,4,198,5,0.2,1842,100,1,100,101,false,false
prob-interleaved-uniform-budget-delay,9,5,4,199,5,0.2,1842,100,1,100,101,false,false
prob-interleaved-uniform-budget-delay,9,5,4,200,5,0.2,1842,100,1,100,101,false,false
progress-aware-quorum-delay,9,5,4,1,5,0.2,1842,100,1,100,101,false,false
progress-aware-quorum-delay,9,5,4,2,5,0.2,1842,100,1,100,101,false,false
progress-aware-quorum-delay,9,5,4,3,5,0.2,1842,100,1,100,101,false,false
progress-aware-quorum-delay,9,5,4,4,5,0.2,1842,100,1,100,101,false,false
progress-aware-quorum-delay,9,5,4,5,5,0.2,1842,100,1,100,101,false,false
progress-aware-quorum-delay,9,5,4,6,5,0.2,1842,100,1,100,101,false,false
progress-aware-quorum-delay,9,5,4,7,5,0.2,1842,100,1,100,101,false,false
progress-aware-quorum-delay,9,5,4,8,5,0.2,1842,100,1,100,101,false,false
progress-aware-quorum-delay,9,5,4,9,5,0.2,1842,100,1,100,101,false,false
progress-aware-quorum-delay,9,5,4,10,5,0.2,1842,100,1,100,101,false,false
progress-aware-quorum-delay,9,5,4,11,5,0.2,1842,100,1,100,101,false,false
progress-aware-quorum-delay,9,5,4,12,5,0.2,1842,100,1,100,101,false,false
progress-aware-quorum-delay,9,5,4,13,5,0.2,1842,100,1,100,101,false,false
progress-aware-quorum-delay,9,5,4,14,5,0.2,1842,100,1,100,101,false,false
progress-aware-quorum-delay,9,5,4,15,5,0.2,1842,100,1,100,101,false,false
progress-aware-quorum-delay,9,5,4,16,5,0.2,1842,100,1,100,101,false,false
progress-aware-quorum-delay,9,5,4,17,5,0.2,1842,100,1,100,101,false,false
progress-aware-quorum-delay,9,5,4,18,5,0.2,1842,100,1,100,101,false,false
progress-aware-quorum-delay,9,5,4,19,5,0.2,1842,100,1,100,101,false,false
progress-aware-quorum-delay,9,5,4,20,5,0.2,1842,100,1,100,101,false,false
progress-aware-quorum-delay,9,5,4,21,5,0.2,1842,100,1,100,101,false,false
progress-aware-quorum-delay,9,5,4,22,5,0.2,1842,100,1,100,101,false,false
progress-aware-quorum-delay,9,5,4,23,5,0.2,1842,100,1,100,101,false,false
progress-aware-quorum-delay,9,5,4,24,5,0.2,1842,100,1,100,101,false,false
progress-aware-quorum-delay,9,5,4,25,5,0.2,1842,100,1,100,101,false,false
progress-aware-quorum-delay,9,5,4,26,5,0.2,1842,100,1,100,101,false,false
progress-aware-quorum-delay,9,5,4,27,5,0.2,1842,100,1,100,101,false,false
progress-aware-quorum-delay,9,5,4,28,5,0.2,1842,100,1,100,101,false,false
progress-aware-quorum-delay,9,5,4,29,5,0.2,1842,100,1,100,101,false,false
progress-aware-quorum-delay,9,5,4,30,5,0.2,1842,100,1,100,101,false,false
progress-aware-quorum-delay,9,5,4,31,5,0.2,1842,100,1,100,101,false,false
progress-aware-quorum-delay,9,5,4,32,5,0.2,1842,100,1,100,101,false,false
progress-aware-quorum-delay,9,5,4,33,5,0.2,1842,100,1,100,101,false,false
progress-aware-quorum-delay,9,5,4,34,5,0.2,1842,100,1,100,101,false,false
progress-aware-quorum-delay,9,5,4,35,5,0.2,1842,100,1,100,101,false,false
progress-aware-quorum-delay,9,5,4,36,5,0.2,1842,100,1,100,101,false,false
progress-aware-quorum-delay,9,5,4,37,5,0.2,1842,100,1,100,101,false,false
progress-aware-quorum-delay,9,5,4,38,5,0.2,1842,100,1,100,101,false,false
progress-aware-quorum-delay,9,5,4,39,5,0.2,1842,100,1,100,101,false,false
progress-aware-quorum-delay,9,5,4,40,5,0.2,1842,100,1,100,101,false,false
progress-aware-quorum-delay,9,5,4,41,5,0.2,1842,100,1,100,101,false,false
progress-aware-quorum-delay,9,5,4,42,5,0.2,1842,100,1,100,101,false,false
progress-aware-quorum-delay,9,5,4,43,5,0.2,1842,100,1,100,101,false,false
progress-aware-quorum-delay,9,5,4,44,5,0.2,1842,100,1,100,101,false,false
progress-aware-quorum-delay,9,5,4,45,5,0.2,1842,100,1,100,101,false,false
progress-aware-quorum-delay,9,5,4,46,5,0.2,1842,100,1,100,101,false,false
progress-aware-quorum-delay,9,5,4,47,5,0.2,1842,100,1,100,101,false,false
progress-aware-quorum-delay,9,5,4,48,5,0.2,1842,100,1,100,101,false,false
progress-aware-quorum-delay,9,5,4,49,5,0.2,1842,100,1,100,101,false,false
progress-aware-quorum-delay,9,5,4,50,5,0.2,1842,100,1,100,101,false,false
progress-aware-quorum-delay,9,5,4,51,5,0.2,1842,100,1,100,101,false,false
progress-aware-quorum-delay,9,5,4,52,5,0.2,1842,100,1,100,101,false,false
progress-aware-quorum-delay,9,5,4,53,5,0.2,1842,100,1,100,101,false,false
progress-aware-quorum-delay,9,5,4,54,5,0.2,1842,100,1,100,101,false,false
progress-aware-quorum-delay,9,5,4,55,5,0.2,1842,100,1,100,101,false,false
progress-aware-quorum-delay,9,5,4,56,5,0.2,1842,100,1,100,101,false,false
progress-aware-quorum-delay,9,5,4,57,5,0.2,1842,100,1,100,101,false,false
progress-aware-quorum-delay,9,5,4,58,5,0.2,1842,100,1,100,101,false,false
progress-aware-quorum-delay,9,5,4,59,5,0.2,1842,100,1,100,101,false,false
progress-aware-quorum-delay,9,5,4,60,5,0.2,1842,100,1,100,101,false,false
progress-aware-quorum-delay,9,5,4,61,5,0.2,1842,100,1,100,101,false,false
progress-aware-quorum-delay,9,5,4,62,5,0.2,1842,100,1,100,101,false,false
progress-aware-quorum-delay,9,5,4,63,5,0.2,1842,100,1,100,101,false,false
progress-aware-quorum-delay,9,5,4,64,5,0.2,1842,100,1,100,101,false,false
progress-aware-quorum-delay,9,5,4,65,5,0.2,1842,100,1,100,101,false,false
progress-aware-quorum-delay,9,5,4,66,5,0.2,1842,100,1,100,101,false,false
progress-aware-quorum-delay,9,5,4,67,5,0.2,1842,100,1,100,101,false,false
progress-aware-quorum-delay,9,5,4,68,5,0.2,1842,100,1,100,101,false,false
progress-aware-quorum-delay,9,5,4,69,5,0.2,1842,100,1,100,101,false,false
progress-aware-quorum-delay,9,5,4,70,5,0.2,1842,100,1,100,101,false,false
progress-aware-quorum-delay,9,5,4,71,5,0.2,1842,100,1,100,101,false,false
progress-aware-quorum-delay,9,5,4,72,5,0.2,1842,100,1,100,101,false,false
progress-aware-quorum-delay,9,5,4,73,5,0.2,1842,100,1,100,101,false,false
progress-aware-quorum-delay,9,5,4,74,5,0.2,1842,100,1,100,101,false,false
progress-aware-quorum-delay,9,5,4,75,5,0.2,1842,100,1,100,101,false,false
progress-aware-quorum-delay,9,5,4,76,5,0.2,1842,100,1,100,101,false,false
progress-aware-quorum-delay,9,5,4,77,5,0.2,1842,100,1,100,101,false,false
progress-aware-quorum-delay,9,5,4,78,5,0.2,1842,100,1,100,101,false,false
progress-aware-quorum-delay,9,5,4,79,5,0.2,1842,100,1,100,101,false,false
progress-aware-quorum-delay,9,5,4,80,5,0.2,1842,100,1,100,101,false,false
progress-aware-quorum-delay,9,5,4,81,5,0.2,1842,100,1,100,101,false,false
progress-aware-quorum-delay,9,5,4,82,5,0.2,1842,100,1,100,101,false,false
progress-aware-quorum-delay,9,5,4,83,5,0.2,1842,100,1,100,101,false,false
progress-aware-quorum-delay,9,5,4,84,5,0.2,1842,100,1,100,101,false,false
progress-aware-quorum-delay,9,5,4,85,5,0.2,1842,100,1,100,101,false,false
progress-aware-quorum-delay,9,5,4,86,5,0.2,1842,100,1,100,101,false,false
progress-aware-quorum-delay,9,5,4,87,5,0.2,1842,100,1,100,101,false,false
progress-aware-quorum-delay,9,5,4,88,5,0.2,1842,100,1,100,101,false,false
progress-aware-quorum-delay,9,5,4,89,5,0.2,1842,100,1,100,101,false,false
progress-aware-quorum-delay,9,5,4,90,5,0.2,1842,100,1,100,101,false,false
progress-aware-quorum-delay,9,5,4,91,5,0.2,1842,100,1,100,101,false,false
progress-aware-quorum-delay,9,5,4,92,5,0.2,1842,100,1,100,101,false,false
progress-aware-quorum-delay,9,5,4,93,5,0.2,1842,100,1,100,101,false,false
progress-aware-quorum-delay,9,5,4,94,5,0.2,1842,100,1,100,101,false,false
progress-aware-quorum-delay,9,5,4,95,5,0.2,1842,100,1,100,101,false,false
progress-aware-quorum-delay,9,5,4,96,5,0.2,1842,100,1,100,101,false,false
progress-aware-quorum-delay,9,5,4,97,5,0.2,1842,100,1,100,101,false,false
progress-aware-quorum-delay,9,5,4,98,5,0.2,1842,100,1,100,101,false,false
progress-aware-quorum-delay,9,5,4,99,5,0.2,1842,100,1,100,101,false,false
progress-aware-quorum-delay,9,5,4,100,5,0.2,1842,100,1,100,101,false,false
progress-aware-quorum-delay,9,5,4,101,5,0.2,1842,100,1,100,101,false,false
progress-aware-quorum-delay,9,5,4,102,5,0.2,1842,100,1,100,101,false,false
progress-aware-quorum-delay,9,5,4,103,5,0.2,1842,100,1,100,101,false,false
progress-aware-quorum-delay,9,5,4,104,5,0.2,1842,100,1,100,101,false,false
progress-aware-quorum-delay,9,5,4,105,5,0.2,1842,100,1,100,101,false,false
progress-aware-quorum-delay,9,5,4,106,5,0.2,1842,100,1,100,101,false,false
progress-aware-quorum-delay,9,5,4,107,5,0.2,1842,100,1,100,101,false,false
progress-aware-quorum-delay,9,5,4,108,5,0.2,1842,100,1,100,101,false,false
progress-aware-quorum-delay,9,5,4,109,5,0.2,1842,100,1,100,101,false,false
progress-aware-quorum-delay,9,5,4,110,5,0.2,1842,100,1,100,101,false,false
progress-aware-quorum-delay,9,5,4,111,5,0.2,1842,100,1,100,101,false,false
progress-aware-quorum-delay,9,5,4,112,5,0.2,1842,100,1,100,101,false,false
progress-aware-quorum-delay,9,5,4,113,5,0.2,1842,100,1,100,101,false,false
progress-aware-quorum-delay,9,5,4,114,5,0.2,1842,100,1,100,101,false,false
progress-aware-quorum-delay,9,5,4,115,5,0.2,1842,100,1,100,101,false,false
progress-aware-quorum-delay,9,5,4,116,5,0.2,1842,100,1,100,101,false,false
progress-aware-quorum-delay,9,5,4,117,5,0.2,1842,100,1,100,101,false,false
progress-aware-quorum-delay,9,5,4,118,5,0.2,1842,100,1,100,101,false,false
progress-aware-quorum-delay,9,5,4,119,5,0.2,1842,100,1,100,101,false,false
progress-aware-quorum-delay,9,5,4,120,5,0.2,1842,100,1,100,101,false,false
progress-aware-quorum-delay,9,5,4,121,5,0.2,1842,100,1,100,101,false,false
progress-aware-quorum-delay,9,5,4,122,5,0.2,1842,100,1,100,101,false,false
progress-aware-quorum-delay,9,5,4,123,5,0.2,1842,100,1,100,101,false,false
progress-aware-quorum-delay,9,5,4,124,5,0.2,1842,100,1,100,101,false,false
progress-aware-quorum-delay,9,5,4,125,5,0.2,1842,100,1,100,101,false,false
progress-aware-quorum-delay,9,5,4,126,5,0.2,1842,100,1,100,101,false,false
progress-aware-quorum-delay,9,5,4,127,5,0.2,1842,100,1,100,101,false,false
progress-aware-quorum-delay,9,5,4,128,5,0.2,1842,100,1,100,101,false,false
progress-aware-quorum-delay,9,5,4,129,5,0.2,1842,100,1,100,101,false,false
progress-aware-quorum-delay,9,5,4,130,5,0.2,1842,100,1,100,101,false,false
progress-aware-quorum-delay,9,5,4,131,5,0.2,1842,100,1,100,101,false,false
progress-aware-quorum-delay,9,5,4,132,5,0.2,1842,100,1,100,101,false,false
progress-aware-quorum-delay,9,5,4,133,5,0.2,1842,100,1,100,101,false,false
progress-aware-quorum-delay,9,5,4,134,5,0.2,1842,100,1,100,101,false,false
progress-aware-quorum-delay,9,5,4,135,5,0.2,1842,100,1,100,101,false,false
progress-aware-quorum-delay,9,5,4,136,5,0.2,1842,100,1,100,101,false,false
progress-aware-quorum-delay,9,5,4,137,5,0.2,1842,100,1,100,101,false,false
progress-aware-quorum-delay,9,5,4,138,5,0.2,1842,100,1,100,101,false,false
progress-aware-quorum-delay,9,5,4,139,5,0.2,1842,100,1,100,101,false,false
progress-aware-quorum-delay,9,5,4,140,5,0.2,1842,100,1,100,101,false,false
progress-aware-quorum-delay,9,5,4,141,5,0.2,1842,100,1,100,101,false,false
progress-aware-quorum-delay,9,5,4,142,5,0.2,1842,100,1,100,101,false,false
progress-aware-quorum-delay,9,5,4,143,5,0.2,1842,100,1,100,101,false,false
progress-aware-quorum-delay,9,5,4,144,5,0.2,1842,100,1,100,101,false,false
progress-aware-quorum-delay,9,5,4,145,5,0.2,1842,100,1,100,101,false,false
progress-aware-quorum-delay,9,5,4,146,5,0.2,1842,100,1,100,101,false,false
progress-aware-quorum-delay,9,5,4,147,5,0.2,1842,100,1,100,101,false,false
progress-aware-quorum-delay,9,5,4,148,5,0.2,1842,100,1,100,101,false,false
progress-aware-quorum-delay,9,5,4,149,5,0.2,1842,100,1,100,101,false,false
progress-aware-quorum-delay,9,5,4,150,5,0.2,1842,100,1,100,101,false,false
progress-aware-quorum-delay,9,5,4,151,5,0.2,1842,100,1,100,101,false,false
progress-aware-quorum-delay,9,5,4,152,5,0.2,1842,100,1,100,101,false,false
progress-aware-quorum-delay,9,5,4,153,5,0.2,1842,100,1,100,101,false,false
progress-aware-quorum-delay,9,5,4,154,5,0.2,1842,100,1,100,101,false,false
progress-aware-quorum-delay,9,5,4,155,5,0.2,1842,100,1,100,101,false,false
progress-aware-quorum-delay,9,5,4,156,5,0.2,1842,100,1,100,101,false,false
progress-aware-quorum-delay,9,5,4,157,5,0.2,1842,100,1,100,101,false,false
progress-aware-quorum-delay,9,5,4,158,5,0.2,1842,100,1,100,101,false,false
progress-aware-quorum-delay,9,5,4,159,5,0.2,1842,100,1,100,101,false,false
progress-aware-quorum-delay,9,5,4,160,5,0.2,1842,100,1,100,101,false,false
progress-aware-quorum-delay,9,5,4,161,5,0.2,1842,100,1,100,101,false,false
progress-aware-quorum-delay,9,5,4,162,5,0.2,1842,100,1,100,101,false,false
progress-aware-quorum-delay,9,5,4,163,5,0.2,1842,100,1,100,101,false,false
progress-aware-quorum-delay,9,5,4,164,5,0.2,1842,100,1,100,101,false,false
progress-aware-quorum-delay,9,5,4,165,5,0.2,1842,100,1,100,101,false,false
progress-aware-quorum-delay,9,5,4,166,5,0.2,1842,100,1,100,101,false,false
progress-aware-quorum-delay,9,5,4,167,5,0.2,1842,100,1,100,101,false,false
progress-aware-quorum-delay,9,5,4,168,5,0.2,1842,100,1,100,101,false,false
progress-aware-quorum-delay,9,5,4,169,5,0.2,1842,100,1,100,101,false,false
progress-aware-quorum-delay,9,5,4,170,5,0.2,1842,100,1,100,101,false,false
progress-aware-quorum-delay,9,5,4,171,5,0.2,1842,100,1,100,101,false,false
progress-aware-quorum-delay,9,5,4,172,5,0.2,1842,100,1,100,101,false,false
progress-aware-quorum-delay,9,5,4,173,5,0.2,1842,100,1,100,101,false,false
progress-aware-quorum-delay,9,5,4,174,5,0.2,1842,100,1,100,101,false,false
progress-aware-quorum-delay,9,5,4,175,5,0.2,1842,100,1,100,101,false,false
progress-aware-quorum-delay,9,5,4,176,5,0.2,1842,100,1,100,101,false,false
progress-aware-quorum-delay,9,5,4,177,5,0.2,1842,100,1,100,101,false,false
progress-aware-quorum-delay,9,5,4,178,5,0.2,1842,100,1,100,101,false,false
progress-aware-quorum-delay,9,5,4,179,5,0.2,1842,100,1,100,101,false,false
progress-aware-quorum-delay,9,5,4,180,5,0.2,1842,100,1,100,101,false,false
progress-aware-quorum-delay,9,5,4,181,5,0.2,1842,100,1,100,101,false,false
progress-aware-quorum-delay,9,5,4,182,5,0.2,1842,100,1,100,101,false,false
progress-aware-quorum-delay,9,5,4,183,5,0.2,1842,100,1,100,101,false,false
progress-aware-quorum-delay,9,5,4,184,5,0.2,1842,100,1,100,101,false,false
progress-aware-quorum-delay,9,5,4,185,5,0.2,1842,100,1,100,101,false,false
progress-aware-quorum-delay,9,5,4,186,5,0.2,1842,100,1,100,101,false,false
progress-aware-quorum-delay,9,5,4,187,5,0.2,1842,100,1,100,101,false,false
progress-aware-quorum-delay,9,5,4,188,5,0.2,1842,100,1,100,101,false,false
progress-aware-quorum-delay,9,5,4,189,5,0.2,1842,100,1,100,101,false,false
progress-aware-quorum-delay,9,5,4,190,5,0.2,1842,100,1,100,101,false,false
progress-aware-quorum-delay,9,5,4,191,5,0.2,1842,100,1,100,101,false,false
progress-aware-quorum-delay,9,5,4,192,5,0.2,1842,100,1,100,101,false,false
progress-aware-quorum-delay,9,5,4,193,5,0.2,1842,100,1,100,101,false,false
progress-aware-quorum-delay,9,5,4,194,5,0.2,1842,100,1,100,101,false,false
progress-aware-quorum-delay,9,5,4,195,5,0.2,1842,100,1,100,101,false,false
progress-aware-quorum-delay,9,5,4,196,5,0.2,1842,100,1,100,101,false,false
progress-aware-quorum-delay,9,5,4,197,5,0.2,1842,100,1,100,101,false,false
progress-aware-quorum-delay,9,5,4,198,5,0.2,1842,100,1,100,101,false,false
progress-aware-quorum-delay,9,5,4,199,5,0.2,1842,100,1,100,101,false,false
progress-aware-quorum-delay,9,5,4,200,5,0.2,1842,100,1,100,101,false,false
prob-interleaved-uniform-budget-delay,15,8,7,1,8,0.2,3069,100,1,100,101,false,false
prob-interleaved-uniform-budget-delay,15,8,7,2,8,0.2,3069,100,1,100,101,false,false
prob-interleaved-uniform-budget-delay,15,8,7,3,8,0.2,3069,100,1,100,101,false,false
prob-interleaved-uniform-budget-delay,15,8,7,4,8,0.2,3069,100,1,100,101,false,false
prob-interleaved-uniform-budget-delay,15,8,7,5,8,0.2,3069,100,1,100,101,false,false
prob-interleaved-uniform-budget-delay,15,8,7,6,8,0.2,3069,100,1,100,101,false,false
prob-interleaved-uniform-budget-delay,15,8,7,7,8,0.2,3069,100,1,100,101,false,false
prob-interleaved-uniform-budget-delay,15,8,7,8,8,0.2,3069,100,1,100,101,false,false
prob-interleaved-uniform-budget-delay,15,8,7,9,8,0.2,3069,100,1,100,101,false,false
prob-interleaved-uniform-budget-delay,15,8,7,10,8,0.2,3069,100,1,100,101,false,false
prob-interleaved-uniform-budget-delay,15,8,7,11,8,0.2,3069,100,1,100,101,false,false
prob-interleaved-uniform-budget-delay,15,8,7,12,8,0.2,3069,100,1,100,101,false,false
prob-interleaved-uniform-budget-delay,15,8,7,13,8,0.2,3069,100,1,100,101,false,false
prob-interleaved-uniform-budget-delay,15,8,7,14,8,0.2,3069,100,1,100,101,false,false
prob-interleaved-uniform-budget-delay,15,8,7,15,8,0.2,3069,100,1,100,101,false,false
prob-interleaved-uniform-budget-delay,15,8,7,16,8,0.2,3069,100,1,100,101,false,false
prob-interleaved-uniform-budget-delay,15,8,7,17,8,0.2,3069,100,1,100,101,false,false
prob-interleaved-uniform-budget-delay,15,8,7,18,8,0.2,3069,100,1,100,101,false,false
prob-interleaved-uniform-budget-delay,15,8,7,19,8,0.2,3069,100,1,100,101,false,false
prob-interleaved-uniform-budget-delay,15,8,7,20,8,0.2,3069,100,1,100,101,false,false
prob-interleaved-uniform-budget-delay,15,8,7,21,8,0.2,3069,100,1,100,101,false,false
prob-interleaved-uniform-budget-delay,15,8,7,22,8,0.2,3069,100,1,100,101,false,false
prob-interleaved-uniform-budget-delay,15,8,7,23,8,0.2,3069,100,1,100,101,false,false
prob-interleaved-uniform-budget-delay,15,8,7,24,8,0.2,3069,100,1,100,101,false,false
prob-interleaved-uniform-budget-delay,15,8,7,25,8,0.2,3069,100,1,100,101,false,false
prob-interleaved-uniform-budget-delay,15,8,7,26,8,0.2,3069,100,1,100,101,false,false
prob-interleaved-uniform-budget-delay,15,8,7,27,8,0.2,3069,100,1,100,101,false,false
prob-interleaved-uniform-budget-delay,15,8,7,28,8,0.2,3069,100,1,100,101,false,false
prob-interleaved-uniform-budget-delay,15,8,7,29,8,0.2,3069,100,1,100,101,false,false
prob-interleaved-uniform-budget-delay,15,8,7,30,8,0.2,3069,100,1,100,101,false,false
prob-interleaved-uniform-budget-delay,15,8,7,31,8,0.2,3069,100,1,100,101,false,false
prob-interleaved-uniform-budget-delay,15,8,7,32,8,0.2,3069,100,1,100,101,false,false
prob-interleaved-uniform-budget-delay,15,8,7,33,8,0.2,3069,100,1,100,101,false,false
prob-interleaved-uniform-budget-delay,15,8,7,34,8,0.2,3069,100,1,100,101,false,false
prob-interleaved-uniform-budget-delay,15,8,7,35,8,0.2,3069,100,1,100,101,false,false
prob-interleaved-uniform-budget-delay,15,8,7,36,8,0.2,3069,100,1,100,101,false,false
prob-interleaved-uniform-budget-delay,15,8,7,37,8,0.2,3069,100,1,100,101,false,false
prob-interleaved-uniform-budget-delay,15,8,7,38,8,0.2,3069,100,1,100,101,false,false
prob-interleaved-uniform-budget-delay,15,8,7,39,8,0.2,3069,100,1,100,101,false,false
prob-interleaved-uniform-budget-delay,15,8,7,40,8,0.2,3069,100,1,100,101,false,false
prob-interleaved-uniform-budget-delay,15,8,7,41,8,0.2,3069,100,1,100,101,false,false
prob-interleaved-uniform-budget-delay,15,8,7,42,8,0.2,3069,100,1,100,101,false,false
prob-interleaved-uniform-budget-delay,15,8,7,43,8,0.2,3069,100,1,100,101,false,false
prob-interleaved-uniform-budget-delay,15,8,7,44,8,0.2,3069,100,1,100,101,false,false
prob-interleaved-uniform-budget-delay,15,8,7,45,8,0.2,3069,100,1,100,101,false,false
prob-interleaved-uniform-budget-delay,15,8,7,46,8,0.2,3069,100,1,100,101,false,false
prob-interleaved-uniform-budget-delay,15,8,7,47,8,0.2,3069,100,1,100,101,false,false
prob-interleaved-uniform-budget-delay,15,8,7,48,8,0.2,3069,100,1,100,101,false,false
prob-interleaved-uniform-budget-delay,15,8,7,49,8,0.2,3069,100,1,100,101,false,false
prob-interleaved-uniform-budget-delay,15,8,7,50,8,0.2,3069,100,1,100,101,false,false
prob-interleaved-uniform-budget-delay,15,8,7,51,8,0.2,3069,100,1,100,101,false,false
prob-interleaved-uniform-budget-delay,15,8,7,52,8,0.2,3069,100,1,100,101,false,false
prob-interleaved-uniform-budget-delay,15,8,7,53,8,0.2,3069,100,1,100,101,false,false
prob-interleaved-uniform-budget-delay,15,8,7,54,8,0.2,3069,100,1,100,101,false,false
prob-interleaved-uniform-budget-delay,15,8,7,55,8,0.2,3069,100,1,100,101,false,false
prob-interleaved-uniform-budget-delay,15,8,7,56,8,0.2,3069,100,1,100,101,false,false
prob-interleaved-uniform-budget-delay,15,8,7,57,8,0.2,3069,100,1,100,101,false,false
prob-interleaved-uniform-budget-delay,15,8,7,58,8,0.2,3069,100,1,100,101,false,false
prob-interleaved-uniform-budget-delay,15,8,7,59,8,0.2,3069,100,1,100,101,false,false
prob-interleaved-uniform-budget-delay,15,8,7,60,8,0.2,3069,100,1,100,101,false,false
prob-interleaved-uniform-budget-delay,15,8,7,61,8,0.2,3069,100,1,100,101,false,false
prob-interleaved-uniform-budget-delay,15,8,7,62,8,0.2,3069,100,1,100,101,false,false
prob-interleaved-uniform-budget-delay,15,8,7,63,8,0.2,3069,100,1,100,101,false,false
prob-interleaved-uniform-budget-delay,15,8,7,64,8,0.2,3069,100,1,100,101,false,false
prob-interleaved-uniform-budget-delay,15,8,7,65,8,0.2,3069,100,1,100,101,false,false
prob-interleaved-uniform-budget-delay,15,8,7,66,8,0.2,3069,100,1,100,101,false,false
prob-interleaved-uniform-budget-delay,15,8,7,67,8,0.2,3069,100,1,100,101,false,false
prob-interleaved-uniform-budget-delay,15,8,7,68,8,0.2,3069,100,1,100,101,false,false
prob-interleaved-uniform-budget-delay,15,8,7,69,8,0.2,3069,100,1,100,101,false,false
prob-interleaved-uniform-budget-delay,15,8,7,70,8,0.2,3069,100,1,100,101,false,false
prob-interleaved-uniform-budget-delay,15,8,7,71,8,0.2,3069,100,1,100,101,false,false
prob-interleaved-uniform-budget-delay,15,8,7,72,8,0.2,3069,100,1,100,101,false,false
prob-interleaved-uniform-budget-delay,15,8,7,73,8,0.2,3069,100,1,100,101,false,false
prob-interleaved-uniform-budget-delay,15,8,7,74,8,0.2,3069,100,1,100,101,false,false
prob-interleaved-uniform-budget-delay,15,8,7,75,8,0.2,3069,100,1,100,101,false,false
prob-interleaved-uniform-budget-delay,15,8,7,76,8,0.2,3069,100,1,100,101,false,false
prob-interleaved-uniform-budget-delay,15,8,7,77,8,0.2,3069,100,1,100,101,false,false
prob-interleaved-uniform-budget-delay,15,8,7,78,8,0.2,3069,100,1,100,101,false,false
prob-interleaved-uniform-budget-delay,15,8,7,79,8,0.2,3069,100,1,100,101,false,false
prob-interleaved-uniform-budget-delay,15,8,7,80,8,0.2,3069,100,1,100,101,false,false
prob-interleaved-uniform-budget-delay,15,8,7,81,8,0.2,3069,100,1,100,101,false,false
prob-interleaved-uniform-budget-delay,15,8,7,82,8,0.2,3069,100,1,100,101,false,false
prob-interleaved-uniform-budget-delay,15,8,7,83,8,0.2,3069,100,1,100,101,false,false
prob-interleaved-uniform-budget-delay,15,8,7,84,8,0.2,3069,100,1,100,101,false,false
prob-interleaved-uniform-budget-delay,15,8,7,85,8,0.2,3069,100,1,100,101,false,false
prob-interleaved-uniform-budget-delay,15,8,7,86,8,0.2,3069,100,1,100,101,false,false
prob-interleaved-uniform-budget-delay,15,8,7,87,8,0.2,3069,100,1,100,101,false,false
prob-interleaved-uniform-budget-delay,15,8,7,88,8,0.2,3069,100,1,100,101,false,false
prob-interleaved-uniform-budget-delay,15,8,7,89,8,0.2,3069,100,1,100,101,false,false
prob-interleaved-uniform-budget-delay,15,8,7,90,8,0.2,3069,100,1,100,101,false,false
prob-interleaved-uniform-budget-delay,15,8,7,91,8,0.2,3069,100,1,100,101,false,false
prob-interleaved-uniform-budget-delay,15,8,7,92,8,0.2,3069,100,1,100,101,false,false
prob-interleaved-uniform-budget-delay,15,8,7,93,8,0.2,3069,100,1,100,101,false,false
prob-interleaved-uniform-budget-delay,15,8,7,94,8,0.2,3069,100,1,100,101,false,false
prob-interleaved-uniform-budget-delay,15,8,7,95,8,0.2,3069,100,1,100,101,false,false
prob-interleaved-uniform-budget-delay,15,8,7,96,8,0.2,3069,100,1,100,101,false,false
prob-interleaved-uniform-budget-delay,15,8,7,97,8,0.2,3069,100,1,100,101,false,false
prob-interleaved-uniform-budget-delay,15,8,7,98,8,0.2,3069,100,1,100,101,false,false
prob-interleaved-uniform-budget-delay,15,8,7,99,8,0.2,3069,100,1,100,101,false,false
prob-interleaved-uniform-budget-delay,15,8,7,100,8,0.2,3069,100,1,100,101,false,false
prob-interleaved-uniform-budget-delay,15,8,7,101,8,0.2,3069,100,1,100,101,false,false
prob-interleaved-uniform-budget-delay,15,8,7,102,8,0.2,3069,100,1,100,101,false,false
prob-interleaved-uniform-budget-delay,15,8,7,103,8,0.2,3069,100,1,100,101,false,false
prob-interleaved-uniform-budget-delay,15,8,7,104,8,0.2,3069,100,1,100,101,false,false
prob-interleaved-uniform-budget-delay,15,8,7,105,8,0.2,3069,100,1,100,101,false,false
prob-interleaved-uniform-budget-delay,15,8,7,106,8,0.2,3069,100,1,100,101,false,false
prob-interleaved-uniform-budget-delay,15,8,7,107,8,0.2,3069,100,1,100,101,false,false
prob-interleaved-uniform-budget-delay,15,8,7,108,8,0.2,3069,100,1,100,101,false,false
prob-interleaved-uniform-budget-delay,15,8,7,109,8,0.2,3069,100,1,100,101,false,false
prob-interleaved-uniform-budget-delay,15,8,7,110,8,0.2,3069,100,1,100,101,false,false
prob-interleaved-uniform-budget-delay,15,8,7,111,8,0.2,3069,100,1,100,101,false,false
prob-interleaved-uniform-budget-delay,15,8,7,112,8,0.2,3069,100,1,100,101,false,false
prob-interleaved-uniform-budget-delay,15,8,7,113,8,0.2,3069,100,1,100,101,false,false
prob-interleaved-uniform-budget-delay,15,8,7,114,8,0.2,3069,100,1,100,101,false,false
prob-interleaved-uniform-budget-delay,15,8,7,115,8,0.2,3069,100,1,100,101,false,false
prob-interleaved-uniform-budget-delay,15,8,7,116,8,0.2,3069,100,1,100,101,false,false
prob-interleaved-uniform-budget-delay,15,8,7,117,8,0.2,3069,100,1,100,101,false,false
prob-interleaved-uniform-budget-delay,15,8,7,118,8,0.2,3069,100,1,100,101,false,false
prob-interleaved-uniform-budget-delay,15,8,7,119,8,0.2,3069,100,1,100,101,false,false
prob-interleaved-uniform-budget-delay,15,8,7,120,8,0.2,3069,100,1,100,101,false,false
prob-interleaved-uniform-budget-delay,15,8,7,121,8,0.2,3069,100,1,100,101,false,false
prob-interleaved-uniform-budget-delay,15,8,7,122,8,0.2,3069,100,1,100,101,false,false
prob-interleaved-uniform-budget-delay,15,8,7,123,8,0.2,3069,100,1,100,101,false,false
prob-interleaved-uniform-budget-delay,15,8,7,124,8,0.2,3069,100,1,100,101,false,false
prob-interleaved-uniform-budget-delay,15,8,7,125,8,0.2,3069,100,1,100,101,false,false
prob-interleaved-uniform-budget-delay,15,8,7,126,8,0.2,3069,100,1,100,101,false,false
prob-interleaved-uniform-budget-delay,15,8,7,127,8,0.2,3069,100,1,100,101,false,false
prob-interleaved-uniform-budget-delay,15,8,7,128,8,0.2,3069,100,1,100,101,false,false
prob-interleaved-uniform-budget-delay,15,8,7,129,8,0.2,3069,100,1,100,101,false,false
prob-interleaved-uniform-budget-delay,15,8,7,130,8,0.2,3069,100,1,100,101,false,false
prob-interleaved-uniform-budget-delay,15,8,7,131,8,0.2,3069,100,1,100,101,false,false
prob-interleaved-uniform-budget-delay,15,8,7,132,8,0.2,3069,100,1,100,101,false,false
prob-interleaved-uniform-budget-delay,15,8,7,133,8,0.2,3069,100,1,100,101,false,false
prob-interleaved-uniform-budget-delay,15,8,7,134,8,0.2,3069,100,1,100,101,false,false
prob-interleaved-uniform-budget-delay,15,8,7,135,8,0.2,3069,100,1,100,101,false,false
prob-interleaved-uniform-budget-delay,15,8,7,136,8,0.2,3069,100,1,100,101,false,false
prob-interleaved-uniform-budget-delay,15,8,7,137,8,0.2,3069,100,1,100,101,false,false
prob-interleaved-uniform-budget-delay,15,8,7,138,8,0.2,3069,100,1,100,101,false,false
prob-interleaved-uniform-budget-delay,15,8,7,139,8,0.2,3069,100,1,100,101,false,false
prob-interleaved-uniform-budget-delay,15,8,7,140,8,0.2,3069,100,1,100,101,false,false
prob-interleaved-uniform-budget-delay,15,8,7,141,8,0.2,3069,100,1,100,101,false,false
prob-interleaved-uniform-budget-delay,15,8,7,142,8,0.2,3069,100,1,100,101,false,false
prob-interleaved-uniform-budget-delay,15,8,7,143,8,0.2,3069,100,1,100,101,false,false
prob-interleaved-uniform-budget-delay,15,8,7,144,8,0.2,3069,100,1,100,101,false,false
prob-interleaved-uniform-budget-delay,15,8,7,145,8,0.2,3069,100,1,100,101,false,false
prob-interleaved-uniform-budget-delay,15,8,7,146,8,0.2,3069,100,1,100,101,false,false
prob-interleaved-uniform-budget-delay,15,8,7,147,8,0.2,3069,100,1,100,101,false,false
prob-interleaved-uniform-budget-delay,15,8,7,148,8,0.2,3069,100,1,100,101,false,false
prob-interleaved-uniform-budget-delay,15,8,7,149,8,0.2,3069,100,1,100,101,false,false
prob-interleaved-uniform-budget-delay,15,8,7,150,8,0.2,3069,100,1,100,101,false,false
prob-interleaved-uniform-budget-delay,15,8,7,151,8,0.2,3069,100,1,100,101,false,false
prob-interleaved-uniform-budget-delay,15,8,7,152,8,0.2,3069,100,1,100,101,false,false
prob-interleaved-uniform-budget-delay,15,8,7,153,8,0.2,3069,100,1,100,101,false,false
prob-interleaved-uniform-budget-delay,15,8,7,154,8,0.2,3069,100,1,100,101,false,false
prob-interleaved-uniform-budget-delay,15,8,7,155,8,0.2,3069,100,1,100,101,false,false
prob-interleaved-uniform-budget-delay,15,8,7,156,8,0.2,3069,100,1,100,101,false,false
prob-interleaved-uniform-budget-delay,15,8,7,157,8,0.2,3069,100,1,100,101,false,false
prob-interleaved-uniform-budget-delay,15,8,7,158,8,0.2,3069,100,1,100,101,false,false
prob-interleaved-uniform-budget-delay,15,8,7,159,8,0.2,3069,100,1,100,101,false,false
prob-interleaved-uniform-budget-delay,15,8,7,160,8,0.2,3069,100,1,100,101,false,false
prob-interleaved-uniform-budget-delay,15,8,7,161,8,0.2,3069,100,1,100,101,false,false
prob-interleaved-uniform-budget-delay,15,8,7,162,8,0.2,3069,100,1,100,101,false,false
prob-interleaved-uniform-budget-delay,15,8,7,163,8,0.2,3069,100,1,100,101,false,false
prob-interleaved-uniform-budget-delay,15,8,7,164,8,0.2,3069,100,1,100,101,false,false
prob-interleaved-uniform-budget-delay,15,8,7,165,8,0.2,3069,100,1,100,101,false,false
prob-interleaved-uniform-budget-delay,15,8,7,166,8,0.2,3069,100,1,100,101,false,false
prob-interleaved-uniform-budget-delay,15,8,7,167,8,0.2,3069,100,1,100,101,false,false
prob-interleaved-uniform-budget-delay,15,8,7,168,8,0.2,3069,100,1,100,101,false,false
prob-interleaved-uniform-budget-delay,15,8,7,169,8,0.2,3069,100,1,100,101,false,false
prob-interleaved-uniform-budget-delay,15,8,7,170,8,0.2,3069,100,1,100,101,false,false
prob-interleaved-uniform-budget-delay,15,8,7,171,8,0.2,3069,100,1,100,101,false,false
prob-interleaved-uniform-budget-delay,15,8,7,172,8,0.2,3069,100,1,100,101,false,false
prob-interleaved-uniform-budget-delay,15,8,7,173,8,0.2,3069,100,1,100,101,false,false
prob-interleaved-uniform-budget-delay,15,8,7,174,8,0.2,3069,100,1,100,101,false,false
prob-interleaved-uniform-budget-delay,15,8,7,175,8,0.2,3069,100,1,100,101,false,false
prob-interleaved-uniform-budget-delay,15,8,7,176,8,0.2,3069,100,1,100,101,false,false
prob-interleaved-uniform-budget-delay,15,8,7,177,8,0.2,3069,100,1,100,101,false,false
prob-interleaved-uniform-budget-delay,15,8,7,178,8,0.2,3069,100,1,100,101,false,false
prob-interleaved-uniform-budget-delay,15,8,7,179,8,0.2,3069,100,1,100,101,false,false
prob-interleaved-uniform-budget-delay,15,8,7,180,8,0.2,3069,100,1,100,101,false,false
prob-interleaved-uniform-budget-delay,15,8,7,181,8,0.2,3069,100,1,100,101,false,false
prob-interleaved-uniform-budget-delay,15,8,7,182,8,0.2,3069,100,1,100,101,false,false
prob-interleaved-uniform-budget-delay,15,8,7,183,8,0.2,3069,100,1,100,101,false,false
prob-interleaved-uniform-budget-delay,15,8,7,184,8,0.2,3069,100,1,100,101,false,false
prob-interleaved-uniform-budget-delay,15,8,7,185,8,0.2,3069,100,1,100,101,false,false
prob-interleaved-uniform-budget-delay,15,8,7,186,8,0.2,3069,100,1,100,101,false,false
prob-interleaved-uniform-budget-delay,15,8,7,187,8,0.2,3069,100,1,100,101,false,false
prob-interleaved-uniform-budget-delay,15,8,7,188,8,0.2,3069,100,1,100,101,false,false
prob-interleaved-uniform-budget-delay,15,8,7,189,8,0.2,3069,100,1,100,101,false,false
prob-interleaved-uniform-budget-delay,15,8,7,190,8,0.2,3069,100,1,100,101,false,false
prob-interleaved-uniform-budget-delay,15,8,7,191,8,0.2,3069,100,1,100,101,false,false
prob-interleaved-uniform-budget-delay,15,8,7,192,8,0.2,3069,100,1,100,101,false,false
prob-interleaved-uniform-budget-delay,15,8,7,193,8,0.2,3069,100,1,100,101,false,false
prob-interleaved-uniform-budget-delay,15,8,7,194,8,0.2,3069,100,1,100,101,false,false
prob-interleaved-uniform-budget-delay,15,8,7,195,8,0.2,3069,100,1,100,101,false,false
prob-interleaved-uniform-budget-delay,15,8,7,196,8,0.2,3069,100,1,100,101,false,false
prob-interleaved-uniform-budget-delay,15,8,7,197,8,0.2,3069,100,1,100,101,false,false
prob-interleaved-uniform-budget-delay,15,8,7,198,8,0.2,3069,100,1,100,101,false,false
prob-interleaved-uniform-budget-delay,15,8,7,199,8,0.2,3069,100,1,100,101,false,false
prob-interleaved-uniform-budget-delay,15,8,7,200,8,0.2,3069,100,1,100,101,false,false
progress-aware-quorum-delay,15,8,7,1,8,0.2,3069,100,1,100,101,false,false
progress-aware-quorum-delay,15,8,7,2,8,0.2,3069,100,1,100,101,false,false
progress-aware-quorum-delay,15,8,7,3,8,0.2,3069,100,1,100,101,false,false
progress-aware-quorum-delay,15,8,7,4,8,0.2,3069,100,1,100,101,false,false
progress-aware-quorum-delay,15,8,7,5,8,0.2,3069,100,1,100,101,false,false
progress-aware-quorum-delay,15,8,7,6,8,0.2,3069,100,1,100,101,false,false
progress-aware-quorum-delay,15,8,7,7,8,0.2,3069,100,1,100,101,false,false
progress-aware-quorum-delay,15,8,7,8,8,0.2,3069,100,1,100,101,false,false
progress-aware-quorum-delay,15,8,7,9,8,0.2,3069,100,1,100,101,false,false
progress-aware-quorum-delay,15,8,7,10,8,0.2,3069,100,1,100,101,false,false
progress-aware-quorum-delay,15,8,7,11,8,0.2,3069,100,1,100,101,false,false
progress-aware-quorum-delay,15,8,7,12,8,0.2,3069,100,1,100,101,false,false
progress-aware-quorum-delay,15,8,7,13,8,0.2,3069,100,1,100,101,false,false
progress-aware-quorum-delay,15,8,7,14,8,0.2,3069,100,1,100,101,false,false
progress-aware-quorum-delay,15,8,7,15,8,0.2,3069,100,1,100,101,false,false
progress-aware-quorum-delay,15,8,7,16,8,0.2,3069,100,1,100,101,false,false
progress-aware-quorum-delay,15,8,7,17,8,0.2,3069,100,1,100,101,false,false
progress-aware-quorum-delay,15,8,7,18,8,0.2,3069,100,1,100,101,false,false
progress-aware-quorum-delay,15,8,7,19,8,0.2,3069,100,1,100,101,false,false
progress-aware-quorum-delay,15,8,7,20,8,0.2,3069,100,1,100,101,false,false
progress-aware-quorum-delay,15,8,7,21,8,0.2,3069,100,1,100,101,false,false
progress-aware-quorum-delay,15,8,7,22,8,0.2,3069,100,1,100,101,false,false
progress-aware-quorum-delay,15,8,7,23,8,0.2,3069,100,1,100,101,false,false
progress-aware-quorum-delay,15,8,7,24,8,0.2,3069,100,1,100,101,false,false
progress-aware-quorum-delay,15,8,7,25,8,0.2,3069,100,1,100,101,false,false
progress-aware-quorum-delay,15,8,7,26,8,0.2,3069,100,1,100,101,false,false
progress-aware-quorum-delay,15,8,7,27,8,0.2,3069,100,1,100,101,false,false
progress-aware-quorum-delay,15,8,7,28,8,0.2,3069,100,1,100,101,false,false
progress-aware-quorum-delay,15,8,7,29,8,0.2,3069,100,1,100,101,false,false
progress-aware-quorum-delay,15,8,7,30,8,0.2,3069,100,1,100,101,false,false
progress-aware-quorum-delay,15,8,7,31,8,0.2,3069,100,1,100,101,false,false
progress-aware-quorum-delay,15,8,7,32,8,0.2,3069,100,1,100,101,false,false
progress-aware-quorum-delay,15,8,7,33,8,0.2,3069,100,1,100,101,false,false
progress-aware-quorum-delay,15,8,7,34,8,0.2,3069,100,1,100,101,false,false
progress-aware-quorum-delay,15,8,7,35,8,0.2,3069,100,1,100,101,false,false
progress-aware-quorum-delay,15,8,7,36,8,0.2,3069,100,1,100,101,false,false
progress-aware-quorum-delay,15,8,7,37,8,0.2,3069,100,1,100,101,false,false
progress-aware-quorum-delay,15,8,7,38,8,0.2,3069,100,1,100,101,false,false
progress-aware-quorum-delay,15,8,7,39,8,0.2,3069,100,1,100,101,false,false
progress-aware-quorum-delay,15,8,7,40,8,0.2,3069,100,1,100,101,false,false
progress-aware-quorum-delay,15,8,7,41,8,0.2,3069,100,1,100,101,false,false
progress-aware-quorum-delay,15,8,7,42,8,0.2,3069,100,1,100,101,false,false
progress-aware-quorum-delay,15,8,7,43,8,0.2,3069,100,1,100,101,false,false
progress-aware-quorum-delay,15,8,7,44,8,0.2,3069,100,1,100,101,false,false
progress-aware-quorum-delay,15,8,7,45,8,0.2,3069,100,1,100,101,false,false
progress-aware-quorum-delay,15,8,7,46,8,0.2,3069,100,1,100,101,false,false
progress-aware-quorum-delay,15,8,7,47,8,0.2,3069,100,1,100,101,false,false
progress-aware-quorum-delay,15,8,7,48,8,0.2,3069,100,1,100,101,false,false
progress-aware-quorum-delay,15,8,7,49,8,0.2,3069,100,1,100,101,false,false
progress-aware-quorum-delay,15,8,7,50,8,0.2,3069,100,1,100,101,false,false
progress-aware-quorum-delay,15,8,7,51,8,0.2,3069,100,1,100,101,false,false
progress-aware-quorum-delay,15,8,7,52,8,0.2,3069,100,1,100,101,false,false
progress-aware-quorum-delay,15,8,7,53,8,0.2,3069,100,1,100,101,false,false
progress-aware-quorum-delay,15,8,7,54,8,0.2,3069,100,1,100,101,false,false
progress-aware-quorum-delay,15,8,7,55,8,0.2,3069,100,1,100,101,false,false
progress-aware-quorum-delay,15,8,7,56,8,0.2,3069,100,1,100,101,false,false
progress-aware-quorum-delay,15,8,7,57,8,0.2,3069,100,1,100,101,false,false
progress-aware-quorum-delay,15,8,7,58,8,0.2,3069,100,1,100,101,false,false
progress-aware-quorum-delay,15,8,7,59,8,0.2,3069,100,1,100,101,false,false
progress-aware-quorum-delay,15,8,7,60,8,0.2,3069,100,1,100,101,false,false
progress-aware-quorum-delay,15,8,7,61,8,0.2,3069,100,1,100,101,false,false
progress-aware-quorum-delay,15,8,7,62,8,0.2,3069,100,1,100,101,false,false
progress-aware-quorum-delay,15,8,7,63,8,0.2,3069,100,1,100,101,false,false
progress-aware-quorum-delay,15,8,7,64,8,0.2,3069,100,1,100,101,false,false
progress-aware-quorum-delay,15,8,7,65,8,0.2,3069,100,1,100,101,false,false
progress-aware-quorum-delay,15,8,7,66,8,0.2,3069,100,1,100,101,false,false
progress-aware-quorum-delay,15,8,7,67,8,0.2,3069,100,1,100,101,false,false
progress-aware-quorum-delay,15,8,7,68,8,0.2,3069,100,1,100,101,false,false
progress-aware-quorum-delay,15,8,7,69,8,0.2,3069,100,1,100,101,false,false
progress-aware-quorum-delay,15,8,7,70,8,0.2,3069,100,1,100,101,false,false
progress-aware-quorum-delay,15,8,7,71,8,0.2,3069,100,1,100,101,false,false
progress-aware-quorum-delay,15,8,7,72,8,0.2,3069,100,1,100,101,false,false
progress-aware-quorum-delay,15,8,7,73,8,0.2,3069,100,1,100,101,false,false
progress-aware-quorum-delay,15,8,7,74,8,0.2,3069,100,1,100,101,false,false
progress-aware-quorum-delay,15,8,7,75,8,0.2,3069,100,1,100,101,false,false
progress-aware-quorum-delay,15,8,7,76,8,0.2,3069,100,1,100,101,false,false
progress-aware-quorum-delay,15,8,7,77,8,0.2,3069,100,1,100,101,false,false
progress-aware-quorum-delay,15,8,7,78,8,0.2,3069,100,1,100,101,false,false
progress-aware-quorum-delay,15,8,7,79,8,0.2,3069,100,1,100,101,false,false
progress-aware-quorum-delay,15,8,7,80,8,0.2,3069,100,1,100,101,false,false
progress-aware-quorum-delay,15,8,7,81,8,0.2,3069,100,1,100,101,false,false
progress-aware-quorum-delay,15,8,7,82,8,0.2,3069,100,1,100,101,false,false
progress-aware-quorum-delay,15,8,7,83,8,0.2,3069,100,1,100,101,false,false
progress-aware-quorum-delay,15,8,7,84,8,0.2,3069,100,1,100,101,false,false
progress-aware-quorum-delay,15,8,7,85,8,0.2,3069,100,1,100,101,false,false
progress-aware-quorum-delay,15,8,7,86,8,0.2,3069,100,1,100,101,false,false
progress-aware-quorum-delay,15,8,7,87,8,0.2,3069,100,1,100,101,false,false
progress-aware-quorum-delay,15,8,7,88,8,0.2,3069,100,1,100,101,false,false
progress-aware-quorum-delay,15,8,7,89,8,0.2,3069,100,1,100,101,false,false
progress-aware-quorum-delay,15,8,7,90,8,0.2,3069,100,1,100,101,false,false
progress-aware-quorum-delay,15,8,7,91,8,0.2,3069,100,1,100,101,false,false
progress-aware-quorum-delay,15,8,7,92,8,0.2,3069,100,1,100,101,false,false
progress-aware-quorum-delay,15,8,7,93,8,0.2,3069,100,1,100,101,false,false
progress-aware-quorum-delay,15,8,7,94,8,0.2,3069,100,1,100,101,false,false
progress-aware-quorum-delay,15,8,7,95,8,0.2,3069,100,1,100,101,false,false
progress-aware-quorum-delay,15,8,7,96,8,0.2,3069,100,1,100,101,false,false
progress-aware-quorum-delay,15,8,7,97,8,0.2,3069,100,1,100,101,false,false
progress-aware-quorum-delay,15,8,7,98,8,0.2,3069,100,1,100,101,false,false
progress-aware-quorum-delay,15,8,7,99,8,0.2,3069,100,1,100,101,false,false
progress-aware-quorum-delay,15,8,7,100,8,0.2,3069,100,1,100,101,false,false
progress-aware-quorum-delay,15,8,7,101,8,0.2,3069,100,1,100,101,false,false
progress-aware-quorum-delay,15,8,7,102,8,0.2,3069,100,1,100,101,false,false
progress-aware-quorum-delay,15,8,7,103,8,0.2,3069,100,1,100,101,false,false
progress-aware-quorum-delay,15,8,7,104,8,0.2,3069,100,1,100,101,false,false
progress-aware-quorum-delay,15,8,7,105,8,0.2,3069,100,1,100,101,false,false
progress-aware-quorum-delay,15,8,7,106,8,0.2,3069,100,1,100,101,false,false
progress-aware-quorum-delay,15,8,7,107,8,0.2,3069,100,1,100,101,false,false
progress-aware-quorum-delay,15,8,7,108,8,0.2,3069,100,1,100,101,false,false
progress-aware-quorum-delay,15,8,7,109,8,0.2,3069,100,1,100,101,false,false
progress-aware-quorum-delay,15,8,7,110,8,0.2,3069,100,1,100,101,false,false
progress-aware-quorum-delay,15,8,7,111,8,0.2,3069,100,1,100,101,false,false
progress-aware-quorum-delay,15,8,7,112,8,0.2,3069,100,1,100,101,false,false
progress-aware-quorum-delay,15,8,7,113,8,0.2,3069,100,1,100,101,false,false
progress-aware-quorum-delay,15,8,7,114,8,0.2,3069,100,1,100,101,false,false
progress-aware-quorum-delay,15,8,7,115,8,0.2,3069,100,1,100,101,false,false
progress-aware-quorum-delay,15,8,7,116,8,0.2,3069,100,1,100,101,false,false
progress-aware-quorum-delay,15,8,7,117,8,0.2,3069,100,1,100,101,false,false
progress-aware-quorum-delay,15,8,7,118,8,0.2,3069,100,1,100,101,false,false
progress-aware-quorum-delay,15,8,7,119,8,0.2,3069,100,1,100,101,false,false
progress-aware-quorum-delay,15,8,7,120,8,0.2,3069,100,1,100,101,false,false
progress-aware-quorum-delay,15,8,7,121,8,0.2,3069,100,1,100,101,false,false
progress-aware-quorum-delay,15,8,7,122,8,0.2,3069,100,1,100,101,false,false
progress-aware-quorum-delay,15,8,7,123,8,0.2,3069,100,1,100,101,false,false
progress-aware-quorum-delay,15,8,7,124,8,0.2,3069,100,1,100,101,false,false
progress-aware-quorum-delay,15,8,7,125,8,0.2,3069,100,1,100,101,false,false
progress-aware-quorum-delay,15,8,7,126,8,0.2,3069,100,1,100,101,false,false
progress-aware-quorum-delay,15,8,7,127,8,0.2,3069,100,1,100,101,false,false
progress-aware-quorum-delay,15,8,7,128,8,0.2,3069,100,1,100,101,false,false
progress-aware-quorum-delay,15,8,7,129,8,0.2,3069,100,1,100,101,false,false
progress-aware-quorum-delay,15,8,7,130,8,0.2,3069,100,1,100,101,false,false
progress-aware-quorum-delay,15,8,7,131,8,0.2,3069,100,1,100,101,false,false
progress-aware-quorum-delay,15,8,7,132,8,0.2,3069,100,1,100,101,false,false
progress-aware-quorum-delay,15,8,7,133,8,0.2,3069,100,1,100,101,false,false
progress-aware-quorum-delay,15,8,7,134,8,0.2,3069,100,1,100,101,false,false
progress-aware-quorum-delay,15,8,7,135,8,0.2,3069,100,1,100,101,false,false
progress-aware-quorum-delay,15,8,7,136,8,0.2,3069,100,1,100,101,false,false
progress-aware-quorum-delay,15,8,7,137,8,0.2,3069,100,1,100,101,false,false
progress-aware-quorum-delay,15,8,7,138,8,0.2,3069,100,1,100,101,false,false
progress-aware-quorum-delay,15,8,7,139,8,0.2,3069,100,1,100,101,false,false
progress-aware-quorum-delay,15,8,7,140,8,0.2,3069,100,1,100,101,false,false
progress-aware-quorum-delay,15,8,7,141,8,0.2,3069,100,1,100,101,false,false
progress-aware-quorum-delay,15,8,7,142,8,0.2,3069,100,1,100,101,false,false
progress-aware-quorum-delay,15,8,7,143,8,0.2,3069,100,1,100,101,false,false
progress-aware-quorum-delay,15,8,7,144,8,0.2,3069,100,1,100,101,false,false
progress-aware-quorum-delay,15,8,7,145,8,0.2,3069,100,1,100,101,false,false
progress-aware-quorum-delay,15,8,7,146,8,0.2,3069,100,1,100,101,false,false
progress-aware-quorum-delay,15,8,7,147,8,0.2,3069,100,1,100,101,false,false
progress-aware-quorum-delay,15,8,7,148,8,0.2,3069,100,1,100,101,false,false
progress-aware-quorum-delay,15,8,7,149,8,0.2,3069,100,1,100,101,false,false
progress-aware-quorum-delay,15,8,7,150,8,0.2,3069,100,1,100,101,false,false
progress-aware-quorum-delay,15,8,7,151,8,0.2,3069,100,1,100,101,false,false
progress-aware-quorum-delay,15,8,7,152,8,0.2,3069,100,1,100,101,false,false
progress-aware-quorum-delay,15,8,7,153,8,0.2,3069,100,1,100,101,false,false
progress-aware-quorum-delay,15,8,7,154,8,0.2,3069,100,1,100,101,false,false
progress-aware-quorum-delay,15,8,7,155,8,0.2,3069,100,1,100,101,false,false
progress-aware-quorum-delay,15,8,7,156,8,0.2,3069,100,1,100,101,false,false
progress-aware-quorum-delay,15,8,7,157,8,0.2,3069,100,1,100,101,false,false
progress-aware-quorum-delay,15,8,7,158,8,0.2,3069,100,1,100,101,false,false
progress-aware-quorum-delay,15,8,7,159,8,0.2,3069,100,1,100,101,false,false
progress-aware-quorum-delay,15,8,7,160,8,0.2,3069,100,1,100,101,false,false
progress-aware-quorum-delay,15,8,7,161,8,0.2,3069,100,1,100,101,false,false
progress-aware-quorum-delay,15,8,7,162,8,0.2,3069,100,1,100,101,false,false
progress-aware-quorum-delay,15,8,7,163,8,0.2,3069,100,1,100,101,false,false
progress-aware-quorum-delay,15,8,7,164,8,0.2,3069,100,1,100,101,false,false
progress-aware-quorum-delay,15,8,7,165,8,0.2,3069,100,1,100,101,false,false
progress-aware-quorum-delay,15,8,7,166,8,0.2,3069,100,1,100,101,false,false
progress-aware-quorum-delay,15,8,7,167,8,0.2,3069,100,1,100,101,false,false
progress-aware-quorum-delay,15,8,7,168,8,0.2,3069,100,1,100,101,false,false
progress-aware-quorum-delay,15,8,7,169,8,0.2,3069,100,1,100,101,false,false
progress-aware-quorum-delay,15,8,7,170,8,0.2,3069,100,1,100,101,false,false
progress-aware-quorum-delay,15,8,7,171,8,0.2,3069,100,1,100,101,false,false
progress-aware-quorum-delay,15,8,7,172,8,0.2,3069,100,1,100,101,false,false
progress-aware-quorum-delay,15,8,7,173,8,0.2,3069,100,1,100,101,false,false
progress-aware-quorum-delay,15,8,7,174,8,0.2,3069,100,1,100,101,false,false
progress-aware-quorum-delay,15,8,7,175,8,0.2,3069,100,1,100,101,false,false
progress-aware-quorum-delay,15,8,7,176,8,0.2,3069,100,1,100,101,false,false
progress-aware-quorum-delay,15,8,7,177,8,0.2,3069,100,1,100,101,false,false
progress-aware-quorum-delay,15,8,7,178,8,0.2,3069,100,1,100,101,false,false
progress-aware-quorum-delay,15,8,7,179,8,0.2,3069,100,1,100,101,false,false
progress-aware-quorum-delay,15,8,7,180,8,0.2,3069,100,1,100,101,false,false
progress-aware-quorum-delay,15,8,7,181,8,0.2,3069,100,1,100,101,false,false
progress-aware-quorum-delay,15,8,7,182,8,0.2,3069,100,1,100,101,false,false
progress-aware-quorum-delay,15,8,7,183,8,0.2,3069,100,1,100,101,false,false
progress-aware-quorum-delay,15,8,7,184,8,0.2,3069,100,1,100,101,false,false
progress-aware-quorum-delay,15,8,7,185,8,0.2,3069,100,1,100,101,false,false
progress-aware-quorum-delay,15,8,7,186,8,0.2,3069,100,1,100,101,false,false
progress-aware-quorum-delay,15,8,7,187,8,0.2,3069,100,1,100,101,false,false
progress-aware-quorum-delay,15,8,7,188,8,0.2,3069,100,1,100,101,false,false
progress-aware-quorum-delay,15,8,7,189,8,0.2,3069,100,1,100,101,false,false
progress-aware-quorum-delay,15,8,7,190,8,0.2,3069,100,1,100,101,false,false
progress-aware-quorum-delay,15,8,7,191,8,0.2,3069,100,1,100,101,false,false
progress-aware-quorum-delay,15,8,7,192,8,0.2,3069,100,1,100,101,false,false
progress-aware-quorum-delay,15,8,7,193,8,0.2,3069,100,1,100,101,false,false
progress-aware-quorum-delay,15,8,7,194,8,0.2,3069,100,1,100,101,false,false
progress-aware-quorum-delay,15,8,7,195,8,0.2,3069,100,1,100,101,false,false
progress-aware-quorum-delay,15,8,7,196,8,0.2,3069,100,1,100,101,false,false
progress-aware-quorum-delay,15,8,7,197,8,0.2,3069,100,1,100,101,false,false
progress-aware-quorum-delay,15,8,7,198,8,0.2,3069,100,1,100,101,false,false
progress-aware-quorum-delay,15,8,7,199,8,0.2,3069,100,1,100,101,false,false
progress-aware-quorum-delay,15,8,7,200,8,0.2,3069,100,1,100,101,false,false
prob-interleaved-uniform-budget-delay,25,13,12,1,13,0.2,5000,100,0,100,101,true,false
prob-interleaved-uniform-budget-delay,25,13,12,2,13,0.2,5000,100,0,100,101,true,false
prob-interleaved-uniform-budget-delay,25,13,12,3,13,0.2,5000,100,0,100,101,true,false
prob-interleaved-uniform-budget-delay,25,13,12,4,13,0.2,5000,100,0,100,101,true,false
prob-interleaved-uniform-budget-delay,25,13,12,5,13,0.2,5000,100,0,100,101,true,false
prob-interleaved-uniform-budget-delay,25,13,12,6,13,0.2,5000,100,0,100,101,true,false
prob-interleaved-uniform-budget-delay,25,13,12,7,13,0.2,5000,100,0,100,101,true,false
prob-interleaved-uniform-budget-delay,25,13,12,8,13,0.2,5000,100,0,100,101,true,false
prob-interleaved-uniform-budget-delay,25,13,12,9,13,0.2,5000,100,0,100,101,true,false
prob-interleaved-uniform-budget-delay,25,13,12,10,13,0.2,5000,100,0,100,101,true,false
prob-interleaved-uniform-budget-delay,25,13,12,11,13,0.2,5000,100,0,100,101,true,false
prob-interleaved-uniform-budget-delay,25,13,12,12,13,0.2,5000,100,0,100,101,true,false
prob-interleaved-uniform-budget-delay,25,13,12,13,13,0.2,5000,100,0,100,101,true,false
prob-interleaved-uniform-budget-delay,25,13,12,14,13,0.2,5000,100,0,100,101,true,false
prob-interleaved-uniform-budget-delay,25,13,12,15,13,0.2,5000,100,0,100,101,true,false
prob-interleaved-uniform-budget-delay,25,13,12,16,13,0.2,5000,100,0,100,101,true,false
prob-interleaved-uniform-budget-delay,25,13,12,17,13,0.2,5000,100,0,100,101,true,false
prob-interleaved-uniform-budget-delay,25,13,12,18,13,0.2,5000,100,0,100,101,true,false
prob-interleaved-uniform-budget-delay,25,13,12,19,13,0.2,5000,100,0,100,101,true,false
prob-interleaved-uniform-budget-delay,25,13,12,20,13,0.2,5000,100,0,100,101,true,false
prob-interleaved-uniform-budget-delay,25,13,12,21,13,0.2,5000,100,0,100,101,true,false
prob-interleaved-uniform-budget-delay,25,13,12,22,13,0.2,5000,100,0,100,101,true,false
prob-interleaved-uniform-budget-delay,25,13,12,23,13,0.2,5000,100,0,100,101,true,false
prob-interleaved-uniform-budget-delay,25,13,12,24,13,0.2,5000,100,0,100,101,true,false
prob-interleaved-uniform-budget-delay,25,13,12,25,13,0.2,5000,100,0,100,101,true,false
prob-interleaved-uniform-budget-delay,25,13,12,26,13,0.2,5000,100,0,100,101,true,false
prob-interleaved-uniform-budget-delay,25,13,12,27,13,0.2,5000,100,0,100,101,true,false
prob-interleaved-uniform-budget-delay,25,13,12,28,13,0.2,5000,100,0,100,101,true,false
prob-interleaved-uniform-budget-delay,25,13,12,29,13,0.2,5000,100,0,100,101,true,false
prob-interleaved-uniform-budget-delay,25,13,12,30,13,0.2,5000,100,0,100,101,true,false
prob-interleaved-uniform-budget-delay,25,13,12,31,13,0.2,5000,100,0,100,101,true,false
prob-interleaved-uniform-budget-delay,25,13,12,32,13,0.2,5000,100,0,100,101,true,false
prob-interleaved-uniform-budget-delay,25,13,12,33,13,0.2,5000,100,0,100,101,true,false
prob-interleaved-uniform-budget-delay,25,13,12,34,13,0.2,5000,100,0,100,101,true,false
prob-interleaved-uniform-budget-delay,25,13,12,35,13,0.2,5000,100,0,100,101,true,false
prob-interleaved-uniform-budget-delay,25,13,12,36,13,0.2,5000,100,0,100,101,true,false
prob-interleaved-uniform-budget-delay,25,13,12,37,13,0.2,5000,100,0,100,101,true,false
prob-interleaved-uniform-budget-delay,25,13,12,38,13,0.2,5000,100,0,100,101,true,false
prob-interleaved-uniform-budget-delay,25,13,12,39,13,0.2,5000,100,0,100,101,true,false
prob-interleaved-uniform-budget-delay,25,13,12,40,13,0.2,5000,100,0,100,101,true,false
prob-interleaved-uniform-budget-delay,25,13,12,41,13,0.2,5000,100,0,100,101,true,false
prob-interleaved-uniform-budget-delay,25,13,12,42,13,0.2,5000,100,0,100,101,true,false
prob-interleaved-uniform-budget-delay,25,13,12,43,13,0.2,5000,100,0,100,101,true,false
prob-interleaved-uniform-budget-delay,25,13,12,44,13,0.2,5000,100,0,100,101,true,false
prob-interleaved-uniform-budget-delay,25,13,12,45,13,0.2,5000,100,0,100,101,true,false
prob-interleaved-uniform-budget-delay,25,13,12,46,13,0.2,5000,100,0,100,101,true,false
prob-interleaved-uniform-budget-delay,25,13,12,47,13,0.2,5000,100,0,100,101,true,false
prob-interleaved-uniform-budget-delay,25,13,12,48,13,0.2,5000,100,0,100,101,true,false
prob-interleaved-uniform-budget-delay,25,13,12,49,13,0.2,5000,100,0,100,101,true,false
prob-interleaved-uniform-budget-delay,25,13,12,50,13,0.2,5000,100,0,100,101,true,false
prob-interleaved-uniform-budget-delay,25,13,12,51,13,0.2,5000,100,0,100,101,true,false
prob-interleaved-uniform-budget-delay,25,13,12,52,13,0.2,5000,100,0,100,101,true,false
prob-interleaved-uniform-budget-delay,25,13,12,53,13,0.2,5000,100,0,100,101,true,false
prob-interleaved-uniform-budget-delay,25,13,12,54,13,0.2,5000,100,0,100,101,true,false
prob-interleaved-uniform-budget-delay,25,13,12,55,13,0.2,5000,100,0,100,101,true,false
prob-interleaved-uniform-budget-delay,25,13,12,56,13,0.2,5000,100,0,100,101,true,false
prob-interleaved-uniform-budget-delay,25,13,12,57,13,0.2,5000,100,0,100,101,true,false
prob-interleaved-uniform-budget-delay,25,13,12,58,13,0.2,5000,100,0,100,101,true,false
prob-interleaved-uniform-budget-delay,25,13,12,59,13,0.2,5000,100,0,100,101,true,false
prob-interleaved-uniform-budget-delay,25,13,12,60,13,0.2,5000,100,0,100,101,true,false
prob-interleaved-uniform-budget-delay,25,13,12,61,13,0.2,5000,100,0,100,101,true,false
prob-interleaved-uniform-budget-delay,25,13,12,62,13,0.2,5000,100,0,100,101,true,false
prob-interleaved-uniform-budget-delay,25,13,12,63,13,0.2,5000,100,0,100,101,true,false
prob-interleaved-uniform-budget-delay,25,13,12,64,13,0.2,5000,100,0,100,101,true,false
prob-interleaved-uniform-budget-delay,25,13,12,65,13,0.2,5000,100,0,100,101,true,false
prob-interleaved-uniform-budget-delay,25,13,12,66,13,0.2,5000,100,0,100,101,true,false
prob-interleaved-uniform-budget-delay,25,13,12,67,13,0.2,5000,100,0,100,101,true,false
prob-interleaved-uniform-budget-delay,25,13,12,68,13,0.2,5000,100,0,100,101,true,false
prob-interleaved-uniform-budget-delay,25,13,12,69,13,0.2,5000,100,0,100,101,true,false
prob-interleaved-uniform-budget-delay,25,13,12,70,13,0.2,5000,100,0,100,101,true,false
prob-interleaved-uniform-budget-delay,25,13,12,71,13,0.2,5000,100,0,100,101,true,false
prob-interleaved-uniform-budget-delay,25,13,12,72,13,0.2,5000,100,0,100,101,true,false
prob-interleaved-uniform-budget-delay,25,13,12,73,13,0.2,5000,100,0,100,101,true,false
prob-interleaved-uniform-budget-delay,25,13,12,74,13,0.2,5000,100,0,100,101,true,false
prob-interleaved-uniform-budget-delay,25,13,12,75,13,0.2,5000,100,0,100,101,true,false
prob-interleaved-uniform-budget-delay,25,13,12,76,13,0.2,5000,100,0,100,101,true,false
prob-interleaved-uniform-budget-delay,25,13,12,77,13,0.2,5000,100,0,100,101,true,false
prob-interleaved-uniform-budget-delay,25,13,12,78,13,0.2,5000,100,0,100,101,true,false
prob-interleaved-uniform-budget-delay,25,13,12,79,13,0.2,5000,100,0,100,101,true,false
prob-interleaved-uniform-budget-delay,25,13,12,80,13,0.2,5000,100,0,100,101,true,false
prob-interleaved-uniform-budget-delay,25,13,12,81,13,0.2,5000,100,0,100,101,true,false
prob-interleaved-uniform-budget-delay,25,13,12,82,13,0.2,5000,100,0,100,101,true,false
prob-interleaved-uniform-budget-delay,25,13,12,83,13,0.2,5000,100,0,100,101,true,false
prob-interleaved-uniform-budget-delay,25,13,12,84,13,0.2,5000,100,0,100,101,true,false
prob-interleaved-uniform-budget-delay,25,13,12,85,13,0.2,5000,100,0,100,101,true,false
prob-interleaved-uniform-budget-delay,25,13,12,86,13,0.2,5000,100,0,100,101,true,false
prob-interleaved-uniform-budget-delay,25,13,12,87,13,0.2,5000,100,0,100,101,true,false
prob-interleaved-uniform-budget-delay,25,13,12,88,13,0.2,5000,100,0,100,101,true,false
prob-interleaved-uniform-budget-delay,25,13,12,89,13,0.2,5000,100,0,100,101,true,false
prob-interleaved-uniform-budget-delay,25,13,12,90,13,0.2,5000,100,0,100,101,true,false
prob-interleaved-uniform-budget-delay,25,13,12,91,13,0.2,5000,100,0,100,101,true,false
prob-interleaved-uniform-budget-delay,25,13,12,92,13,0.2,5000,100,0,100,101,true,false
prob-interleaved-uniform-budget-delay,25,13,12,93,13,0.2,5000,100,0,100,101,true,false
prob-interleaved-uniform-budget-delay,25,13,12,94,13,0.2,5000,100,0,100,101,true,false
prob-interleaved-uniform-budget-delay,25,13,12,95,13,0.2,5000,100,0,100,101,true,false
prob-interleaved-uniform-budget-delay,25,13,12,96,13,0.2,5000,100,0,100,101,true,false
prob-interleaved-uniform-budget-delay,25,13,12,97,13,0.2,5000,100,0,100,101,true,false
prob-interleaved-uniform-budget-delay,25,13,12,98,13,0.2,5000,100,0,100,101,true,false
prob-interleaved-uniform-budget-delay,25,13,12,99,13,0.2,5000,100,0,100,101,true,false
prob-interleaved-uniform-budget-delay,25,13,12,100,13,0.2,5000,100,0,100,101,true,false
prob-interleaved-uniform-budget-delay,25,13,12,101,13,0.2,5000,100,0,100,101,true,false
prob-interleaved-uniform-budget-delay,25,13,12,102,13,0.2,5000,100,0,100,101,true,false
prob-interleaved-uniform-budget-delay,25,13,12,103,13,0.2,5000,100,0,100,101,true,false
prob-interleaved-uniform-budget-delay,25,13,12,104,13,0.2,5000,100,0,100,101,true,false
prob-interleaved-uniform-budget-delay,25,13,12,105,13,0.2,5000,100,0,100,101,true,false
prob-interleaved-uniform-budget-delay,25,13,12,106,13,0.2,5000,100,0,100,101,true,false
prob-interleaved-uniform-budget-delay,25,13,12,107,13,0.2,5000,100,0,100,101,true,false
prob-interleaved-uniform-budget-delay,25,13,12,108,13,0.2,5000,100,0,100,101,true,false
prob-interleaved-uniform-budget-delay,25,13,12,109,13,0.2,5000,100,0,100,101,true,false
prob-interleaved-uniform-budget-delay,25,13,12,110,13,0.2,5000,100,0,100,101,true,false
prob-interleaved-uniform-budget-delay,25,13,12,111,13,0.2,5000,100,0,100,101,true,false
prob-interleaved-uniform-budget-delay,25,13,12,112,13,0.2,5000,100,0,100,101,true,false
prob-interleaved-uniform-budget-delay,25,13,12,113,13,0.2,5000,100,0,100,101,true,false
prob-interleaved-uniform-budget-delay,25,13,12,114,13,0.2,5000,100,0,100,101,true,false
prob-interleaved-uniform-budget-delay,25,13,12,115,13,0.2,5000,100,0,100,101,true,false
prob-interleaved-uniform-budget-delay,25,13,12,116,13,0.2,5000,100,0,100,101,true,false
prob-interleaved-uniform-budget-delay,25,13,12,117,13,0.2,5000,100,0,100,101,true,false
prob-interleaved-uniform-budget-delay,25,13,12,118,13,0.2,5000,100,0,100,101,true,false
prob-interleaved-uniform-budget-delay,25,13,12,119,13,0.2,5000,100,0,100,101,true,false
prob-interleaved-uniform-budget-delay,25,13,12,120,13,0.2,5000,100,0,100,101,true,false
prob-interleaved-uniform-budget-delay,25,13,12,121,13,0.2,5000,100,0,100,101,true,false
prob-interleaved-uniform-budget-delay,25,13,12,122,13,0.2,5000,100,0,100,101,true,false
prob-interleaved-uniform-budget-delay,25,13,12,123,13,0.2,5000,100,0,100,101,true,false
prob-interleaved-uniform-budget-delay,25,13,12,124,13,0.2,5000,100,0,100,101,true,false
prob-interleaved-uniform-budget-delay,25,13,12,125,13,0.2,5000,100,0,100,101,true,false
prob-interleaved-uniform-budget-delay,25,13,12,126,13,0.2,5000,100,0,100,101,true,false
prob-interleaved-uniform-budget-delay,25,13,12,127,13,0.2,5000,100,0,100,101,true,false
prob-interleaved-uniform-budget-delay,25,13,12,128,13,0.2,5000,100,0,100,101,true,false
prob-interleaved-uniform-budget-delay,25,13,12,129,13,0.2,5000,100,0,100,101,true,false
prob-interleaved-uniform-budget-delay,25,13,12,130,13,0.2,5000,100,0,100,101,true,false
prob-interleaved-uniform-budget-delay,25,13,12,131,13,0.2,5000,100,0,100,101,true,false
prob-interleaved-uniform-budget-delay,25,13,12,132,13,0.2,5000,100,0,100,101,true,false
prob-interleaved-uniform-budget-delay,25,13,12,133,13,0.2,5000,100,0,100,101,true,false
prob-interleaved-uniform-budget-delay,25,13,12,134,13,0.2,5000,100,0,100,101,true,false
prob-interleaved-uniform-budget-delay,25,13,12,135,13,0.2,5000,100,0,100,101,true,false
prob-interleaved-uniform-budget-delay,25,13,12,136,13,0.2,5000,100,0,100,101,true,false
prob-interleaved-uniform-budget-delay,25,13,12,137,13,0.2,5000,100,0,100,101,true,false
prob-interleaved-uniform-budget-delay,25,13,12,138,13,0.2,5000,100,0,100,101,true,false
prob-interleaved-uniform-budget-delay,25,13,12,139,13,0.2,5000,100,0,100,101,true,false
prob-interleaved-uniform-budget-delay,25,13,12,140,13,0.2,5000,100,0,100,101,true,false
prob-interleaved-uniform-budget-delay,25,13,12,141,13,0.2,5000,100,0,100,101,true,false
prob-interleaved-uniform-budget-delay,25,13,12,142,13,0.2,5000,100,0,100,101,true,false
prob-interleaved-uniform-budget-delay,25,13,12,143,13,0.2,5000,100,0,100,101,true,false
prob-interleaved-uniform-budget-delay,25,13,12,144,13,0.2,5000,100,0,100,101,true,false
prob-interleaved-uniform-budget-delay,25,13,12,145,13,0.2,5000,100,0,100,101,true,false
prob-interleaved-uniform-budget-delay,25,13,12,146,13,0.2,5000,100,0,100,101,true,false
prob-interleaved-uniform-budget-delay,25,13,12,147,13,0.2,5000,100,0,100,101,true,false
prob-interleaved-uniform-budget-delay,25,13,12,148,13,0.2,5000,100,0,100,101,true,false
prob-interleaved-uniform-budget-delay,25,13,12,149,13,0.2,5000,100,0,100,101,true,false
prob-interleaved-uniform-budget-delay,25,13,12,150,13,0.2,5000,100,0,100,101,true,false
prob-interleaved-uniform-budget-delay,25,13,12,151,13,0.2,5000,100,0,100,101,true,false
prob-interleaved-uniform-budget-delay,25,13,12,152,13,0.2,5000,100,0,100,101,true,false
prob-interleaved-uniform-budget-delay,25,13,12,153,13,0.2,5000,100,0,100,101,true,false
prob-interleaved-uniform-budget-delay,25,13,12,154,13,0.2,5000,100,0,100,101,true,false
prob-interleaved-uniform-budget-delay,25,13,12,155,13,0.2,5000,100,0,100,101,true,false
prob-interleaved-uniform-budget-delay,25,13,12,156,13,0.2,5000,100,0,100,101,true,false
prob-interleaved-uniform-budget-delay,25,13,12,157,13,0.2,5000,100,0,100,101,true,false
prob-interleaved-uniform-budget-delay,25,13,12,158,13,0.2,5000,100,0,100,101,true,false
prob-interleaved-uniform-budget-delay,25,13,12,159,13,0.2,5000,100,0,100,101,true,false
prob-interleaved-uniform-budget-delay,25,13,12,160,13,0.2,5000,100,0,100,101,true,false
prob-interleaved-uniform-budget-delay,25,13,12,161,13,0.2,5000,100,0,100,101,true,false
prob-interleaved-uniform-budget-delay,25,13,12,162,13,0.2,5000,100,0,100,101,true,false
prob-interleaved-uniform-budget-delay,25,13,12,163,13,0.2,5000,100,0,100,101,true,false
prob-interleaved-uniform-budget-delay,25,13,12,164,13,0.2,5000,100,0,100,101,true,false
prob-interleaved-uniform-budget-delay,25,13,12,165,13,0.2,5000,100,0,100,101,true,false
prob-interleaved-uniform-budget-delay,25,13,12,166,13,0.2,5000,100,0,100,101,true,false
prob-interleaved-uniform-budget-delay,25,13,12,167,13,0.2,5000,100,0,100,101,true,false
prob-interleaved-uniform-budget-delay,25,13,12,168,13,0.2,5000,100,0,100,101,true,false
prob-interleaved-uniform-budget-delay,25,13,12,169,13,0.2,5000,100,0,100,101,true,false
prob-interleaved-uniform-budget-delay,25,13,12,170,13,0.2,5000,100,0,100,101,true,false
prob-interleaved-uniform-budget-delay,25,13,12,171,13,0.2,5000,100,0,100,101,true,false
prob-interleaved-uniform-budget-delay,25,13,12,172,13,0.2,5000,100,0,100,101,true,false
prob-interleaved-uniform-budget-delay,25,13,12,173,13,0.2,5000,100,0,100,101,true,false
prob-interleaved-uniform-budget-delay,25,13,12,174,13,0.2,5000,100,0,100,101,true,false
prob-interleaved-uniform-budget-delay,25,13,12,175,13,0.2,5000,100,0,100,101,true,false
prob-interleaved-uniform-budget-delay,25,13,12,176,13,0.2,5000,100,0,100,101,true,false
prob-interleaved-uniform-budget-delay,25,13,12,177,13,0.2,5000,100,0,100,101,true,false
prob-interleaved-uniform-budget-delay,25,13,12,178,13,0.2,5000,100,0,100,101,true,false
prob-interleaved-uniform-budget-delay,25,13,12,179,13,0.2,5000,100,0,100,101,true,false
prob-interleaved-uniform-budget-delay,25,13,12,180,13,0.2,5000,100,0,100,101,true,false
prob-interleaved-uniform-budget-delay,25,13,12,181,13,0.2,5000,100,0,100,101,true,false
prob-interleaved-uniform-budget-delay,25,13,12,182,13,0.2,5000,100,0,100,101,true,false
prob-interleaved-uniform-budget-delay,25,13,12,183,13,0.2,5000,100,0,100,101,true,false
prob-interleaved-uniform-budget-delay,25,13,12,184,13,0.2,5000,100,0,100,101,true,false
prob-interleaved-uniform-budget-delay,25,13,12,185,13,0.2,5000,100,0,100,101,true,false
prob-interleaved-uniform-budget-delay,25,13,12,186,13,0.2,5000,100,0,100,101,true,false
prob-interleaved-uniform-budget-delay,25,13,12,187,13,0.2,5000,100,0,100,101,true,false
prob-interleaved-uniform-budget-delay,25,13,12,188,13,0.2,5000,100,0,100,101,true,false
prob-interleaved-uniform-budget-delay,25,13,12,189,13,0.2,5000,100,0,100,101,true,false
prob-interleaved-uniform-budget-delay,25,13,12,190,13,0.2,5000,100,0,100,101,true,false
prob-interleaved-uniform-budget-delay,25,13,12,191,13,0.2,5000,100,0,100,101,true,false
prob-interleaved-uniform-budget-delay,25,13,12,192,13,0.2,5000,100,0,100,101,true,false
prob-interleaved-uniform-budget-delay,25,13,12,193,13,0.2,5000,100,0,100,101,true,false
prob-interleaved-uniform-budget-delay,25,13,12,194,13,0.2,5000,100,0,100,101,true,false
prob-interleaved-uniform-budget-delay,25,13,12,195,13,0.2,5000,100,0,100,101,true,false
prob-interleaved-uniform-budget-delay,25,13,12,196,13,0.2,5000,100,0,100,101,true,false
prob-interleaved-uniform-budget-delay,25,13,12,197,13,0.2,5000,100,0,100,101,true,false
prob-interleaved-uniform-budget-delay,25,13,12,198,13,0.2,5000,100,0,100,101,true,false
prob-interleaved-uniform-budget-delay,25,13,12,199,13,0.2,5000,100,0,100,101,true,false
prob-interleaved-uniform-budget-delay,25,13,12,200,13,0.2,5000,100,0,100,101,true,false
progress-aware-quorum-delay,25,13,12,1,13,0.2,5000,100,0,100,101,true,false
progress-aware-quorum-delay,25,13,12,2,13,0.2,5000,100,0,100,101,true,false
progress-aware-quorum-delay,25,13,12,3,13,0.2,5000,100,0,100,101,true,false
progress-aware-quorum-delay,25,13,12,4,13,0.2,5000,100,0,100,101,true,false
progress-aware-quorum-delay,25,13,12,5,13,0.2,5000,100,0,100,101,true,false
progress-aware-quorum-delay,25,13,12,6,13,0.2,5000,100,0,100,101,true,false
progress-aware-quorum-delay,25,13,12,7,13,0.2,5000,100,0,100,101,true,false
progress-aware-quorum-delay,25,13,12,8,13,0.2,5000,100,0,100,101,true,false
progress-aware-quorum-delay,25,13,12,9,13,0.2,5000,100,0,100,101,true,false
progress-aware-quorum-delay,25,13,12,10,13,0.2,5000,100,0,100,101,true,false
progress-aware-quorum-delay,25,13,12,11,13,0.2,5000,100,0,100,101,true,false
progress-aware-quorum-delay,25,13,12,12,13,0.2,5000,100,0,100,101,true,false
progress-aware-quorum-delay,25,13,12,13,13,0.2,5000,100,0,100,101,true,false
progress-aware-quorum-delay,25,13,12,14,13,0.2,5000,100,0,100,101,true,false
progress-aware-quorum-delay,25,13,12,15,13,0.2,5000,100,0,100,101,true,false
progress-aware-quorum-delay,25,13,12,16,13,0.2,5000,100,0,100,101,true,false
progress-aware-quorum-delay,25,13,12,17,13,0.2,5000,100,0,100,101,true,false
progress-aware-quorum-delay,25,13,12,18,13,0.2,5000,100,0,100,101,true,false
progress-aware-quorum-delay,25,13,12,19,13,0.2,5000,100,0,100,101,true,false
progress-aware-quorum-delay,25,13,12,20,13,0.2,5000,100,0,100,101,true,false
progress-aware-quorum-delay,25,13,12,21,13,0.2,5000,100,0,100,101,true,false
progress-aware-quorum-delay,25,13,12,22,13,0.2,5000,100,0,100,101,true,false
progress-aware-quorum-delay,25,13,12,23,13,0.2,5000,100,0,100,101,true,false
progress-aware-quorum-delay,25,13,12,24,13,0.2,5000,100,0,100,101,true,false
progress-aware-quorum-delay,25,13,12,25,13,0.2,5000,100,0,100,101,true,false
progress-aware-quorum-delay,25,13,12,26,13,0.2,5000,100,0,100,101,true,false
progress-aware-quorum-delay,25,13,12,27,13,0.2,5000,100,0,100,101,true,false
progress-aware-quorum-delay,25,13,12,28,13,0.2,5000,100,0,100,101,true,false
progress-aware-quorum-delay,25,13,12,29,13,0.2,5000,100,0,100,101,true,false
progress-aware-quorum-delay,25,13,12,30,13,0.2,5000,100,0,100,101,true,false
progress-aware-quorum-delay,25,13,12,31,13,0.2,5000,100,0,100,101,true,false
progress-aware-quorum-delay,25,13,12,32,13,0.2,5000,100,0,100,101,true,false
progress-aware-quorum-delay,25,13,12,33,13,0.2,5000,100,0,100,101,true,false
progress-aware-quorum-delay,25,13,12,34,13,0.2,5000,100,0,100,101,true,false
progress-aware-quorum-delay,25,13,12,35,13,0.2,5000,100,0,100,101,true,false
progress-aware-quorum-delay,25,13,12,36,13,0.2,5000,100,0,100,101,true,false
progress-aware-quorum-delay,25,13,12,37,13,0.2,5000,100,0,100,101,true,false
progress-aware-quorum-delay,25,13,12,38,13,0.2,5000,100,0,100,101,true,false
progress-aware-quorum-delay,25,13,12,39,13,0.2,5000,100,0,100,101,true,false
progress-aware-quorum-delay,25,13,12,40,13,0.2,5000,100,0,100,101,true,false
progress-aware-quorum-delay,25,13,12,41,13,0.2,5000,100,0,100,101,true,false
progress-aware-quorum-delay,25,13,12,42,13,0.2,5000,100,0,100,101,true,false
progress-aware-quorum-delay,25,13,12,43,13,0.2,5000,100,0,100,101,true,false
progress-aware-quorum-delay,25,13,12,44,13,0.2,5000,100,0,100,101,true,false
progress-aware-quorum-delay,25,13,12,45,13,0.2,5000,100,0,100,101,true,false
progress-aware-quorum-delay,25,13,12,46,13,0.2,5000,100,0,100,101,true,false
progress-aware-quorum-delay,25,13,12,47,13,0.2,5000,100,0,100,101,true,false
progress-aware-quorum-delay,25,13,12,48,13,0.2,5000,100,0,100,101,true,false
progress-aware-quorum-delay,25,13,12,49,13,0.2,5000,100,0,100,101,true,false
progress-aware-quorum-delay,25,13,12,50,13,0.2,5000,100,0,100,101,true,false
progress-aware-quorum-delay,25,13,12,51,13,0.2,5000,100,0,100,101,true,false
progress-aware-quorum-delay,25,13,12,52,13,0.2,5000,100,0,100,101,true,false
progress-aware-quorum-delay,25,13,12,53,13,0.2,5000,100,0,100,101,true,false
progress-aware-quorum-delay,25,13,12,54,13,0.2,5000,100,0,100,101,true,false
progress-aware-quorum-delay,25,13,12,55,13,0.2,5000,100,0,100,101,true,false
progress-aware-quorum-delay,25,13,12,56,13,0.2,5000,100,0,100,101,true,false
progress-aware-quorum-delay,25,13,12,57,13,0.2,5000,100,0,100,101,true,false
progress-aware-quorum-delay,25,13,12,58,13,0.2,5000,100,0,100,101,true,false
progress-aware-quorum-delay,25,13,12,59,13,0.2,5000,100,0,100,101,true,false
progress-aware-quorum-delay,25,13,12,60,13,0.2,5000,100,0,100,101,true,false
progress-aware-quorum-delay,25,13,12,61,13,0.2,5000,100,0,100,101,true,false
progress-aware-quorum-delay,25,13,12,62,13,0.2,5000,100,0,100,101,true,false
progress-aware-quorum-delay,25,13,12,63,13,0.2,5000,100,0,100,101,true,false
progress-aware-quorum-delay,25,13,12,64,13,0.2,5000,100,0,100,101,true,false
progress-aware-quorum-delay,25,13,12,65,13,0.2,5000,100,0,100,101,true,false
progress-aware-quorum-delay,25,13,12,66,13,0.2,5000,100,0,100,101,true,false
progress-aware-quorum-delay,25,13,12,67,13,0.2,5000,100,0,100,101,true,false
progress-aware-quorum-delay,25,13,12,68,13,0.2,5000,100,0,100,101,true,false
progress-aware-quorum-delay,25,13,12,69,13,0.2,5000,100,0,100,101,true,false
progress-aware-quorum-delay,25,13,12,70,13,0.2,5000,100,0,100,101,true,false
progress-aware-quorum-delay,25,13,12,71,13,0.2,5000,100,0,100,101,true,false
progress-aware-quorum-delay,25,13,12,72,13,0.2,5000,100,0,100,101,true,false
progress-aware-quorum-delay,25,13,12,73,13,0.2,5000,100,0,100,101,true,false
progress-aware-quorum-delay,25,13,12,74,13,0.2,5000,100,0,100,101,true,false
progress-aware-quorum-delay,25,13,12,75,13,0.2,5000,100,0,100,101,true,false
progress-aware-quorum-delay,25,13,12,76,13,0.2,5000,100,0,100,101,true,false
progress-aware-quorum-delay,25,13,12,77,13,0.2,5000,100,0,100,101,true,false
progress-aware-quorum-delay,25,13,12,78,13,0.2,5000,100,0,100,101,true,false
progress-aware-quorum-delay,25,13,12,79,13,0.2,5000,100,0,100,101,true,false
progress-aware-quorum-delay,25,13,12,80,13,0.2,5000,100,0,100,101,true,false
progress-aware-quorum-delay,25,13,12,81,13,0.2,5000,100,0,100,101,true,false
progress-aware-quorum-delay,25,13,12,82,13,0.2,5000,100,0,100,101,true,false
progress-aware-quorum-delay,25,13,12,83,13,0.2,5000,100,0,100,101,true,false
progress-aware-quorum-delay,25,13,12,84,13,0.2,5000,100,0,100,101,true,false
progress-aware-quorum-delay,25,13,12,85,13,0.2,5000,100,0,100,101,true,false
progress-aware-quorum-delay,25,13,12,86,13,0.2,5000,100,0,100,101,true,false
progress-aware-quorum-delay,25,13,12,87,13,0.2,5000,100,0,100,101,true,false
progress-aware-quorum-delay,25,13,12,88,13,0.2,5000,100,0,100,101,true,false
progress-aware-quorum-delay,25,13,12,89,13,0.2,5000,100,0,100,101,true,false
progress-aware-quorum-delay,25,13,12,90,13,0.2,5000,100,0,100,101,true,false
progress-aware-quorum-delay,25,13,12,91,13,0.2,5000,100,0,100,101,true,false
progress-aware-quorum-delay,25,13,12,92,13,0.2,5000,100,0,100,101,true,false
progress-aware-quorum-delay,25,13,12,93,13,0.2,5000,100,0,100,101,true,false
progress-aware-quorum-delay,25,13,12,94,13,0.2,5000,100,0,100,101,true,false
progress-aware-quorum-delay,25,13,12,95,13,0.2,5000,100,0,100,101,true,false
progress-aware-quorum-delay,25,13,12,96,13,0.2,5000,100,0,100,101,true,false
progress-aware-quorum-delay,25,13,12,97,13,0.2,5000,100,0,100,101,true,false
progress-aware-quorum-delay,25,13,12,98,13,0.2,5000,100,0,100,101,true,false
progress-aware-quorum-delay,25,13,12,99,13,0.2,5000,100,0,100,101,true,false
progress-aware-quorum-delay,25,13,12,100,13,0.2,5000,100,0,100,101,true,false
progress-aware-quorum-delay,25,13,12,101,13,0.2,5000,100,0,100,101,true,false
progress-aware-quorum-delay,25,13,12,102,13,0.2,5000,100,0,100,101,true,false
progress-aware-quorum-delay,25,13,12,103,13,0.2,5000,100,0,100,101,true,false
progress-aware-quorum-delay,25,13,12,104,13,0.2,5000,100,0,100,101,true,false
progress-aware-quorum-delay,25,13,12,105,13,0.2,5000,100,0,100,101,true,false
progress-aware-quorum-delay,25,13,12,106,13,0.2,5000,100,0,100,101,true,false
progress-aware-quorum-delay,25,13,12,107,13,0.2,5000,100,0,100,101,true,false
progress-aware-quorum-delay,25,13,12,108,13,0.2,5000,100,0,100,101,true,false
progress-aware-quorum-delay,25,13,12,109,13,0.2,5000,100,0,100,101,true,false
progress-aware-quorum-delay,25,13,12,110,13,0.2,5000,100,0,100,101,true,false
progress-aware-quorum-delay,25,13,12,111,13,0.2,5000,100,0,100,101,true,false
progress-aware-quorum-delay,25,13,12,112,13,0.2,5000,100,0,100,101,true,false
progress-aware-quorum-delay,25,13,12,113,13,0.2,5000,100,0,100,101,true,false
progress-aware-quorum-delay,25,13,12,114,13,0.2,5000,100,0,100,101,true,false
progress-aware-quorum-delay,25,13,12,115,13,0.2,5000,100,0,100,101,true,false
progress-aware-quorum-delay,25,13,12,116,13,0.2,5000,100,0,100,101,true,false
progress-aware-quorum-delay,25,13,12,117,13,0.2,5000,100,0,100,101,true,false
progress-aware-quorum-delay,25,13,12,118,13,0.2,5000,100,0,100,101,true,false
progress-aware-quorum-delay,25,13,12,119,13,0.2,5000,100,0,100,101,true,false
progress-aware-quorum-delay,25,13,12,120,13,0.2,5000,100,0,100,101,true,false
progress-aware-quorum-delay,25,13,12,121,13,0.2,5000,100,0,100,101,true,false
progress-aware-quorum-delay,25,13,12,122,13,0.2,5000,100,0,100,101,true,false
progress-aware-quorum-delay,25,13,12,123,13,0.2,5000,100,0,100,101,true,false
progress-aware-quorum-delay,25,13,12,124,13,0.2,5000,100,0,100,101,true,false
progress-aware-quorum-delay,25,13,12,125,13,0.2,5000,100,0,100,101,true,false
progress-aware-quorum-delay,25,13,12,126,13,0.2,5000,100,0,100,101,true,false
progress-aware-quorum-delay,25,13,12,127,13,0.2,5000,100,0,100,101,true,false
progress-aware-quorum-delay,25,13,12,128,13,0.2,5000,100,0,100,101,true,false
progress-aware-quorum-delay,25,13,12,129,13,0.2,5000,100,0,100,101,true,false
progress-aware-quorum-delay,25,13,12,130,13,0.2,5000,100,0,100,101,true,false
progress-aware-quorum-delay,25,13,12,131,13,0.2,5000,100,0,100,101,true,false
progress-aware-quorum-delay,25,13,12,132,13,0.2,5000,100,0,100,101,true,false
progress-aware-quorum-delay,25,13,12,133,13,0.2,5000,100,0,100,101,true,false
progress-aware-quorum-delay,25,13,12,134,13,0.2,5000,100,0,100,101,true,false
progress-aware-quorum-delay,25,13,12,135,13,0.2,5000,100,0,100,101,true,false
progress-aware-quorum-delay,25,13,12,136,13,0.2,5000,100,0,100,101,true,false
progress-aware-quorum-delay,25,13,12,137,13,0.2,5000,100,0,100,101,true,false
progress-aware-quorum-delay,25,13,12,138,13,0.2,5000,100,0,100,101,true,false
progress-aware-quorum-delay,25,13,12,139,13,0.2,5000,100,0,100,101,true,false
progress-aware-quorum-delay,25,13,12,140,13,0.2,5000,100,0,100,101,true,false
progress-aware-quorum-delay,25,13,12,141,13,0.2,5000,100,0,100,101,true,false
progress-aware-quorum-delay,25,13,12,142,13,0.2,5000,100,0,100,101,true,false
progress-aware-quorum-delay,25,13,12,143,13,0.2,5000,100,0,100,101,true,false
progress-aware-quorum-delay,25,13,12,144,13,0.2,5000,100,0,100,101,true,false
progress-aware-quorum-delay,25,13,12,145,13,0.2,5000,100,0,100,101,true,false
progress-aware-quorum-delay,25,13,12,146,13,0.2,5000,100,0,100,101,true,false
progress-aware-quorum-delay,25,13,12,147,13,0.2,5000,100,0,100,101,true,false
progress-aware-quorum-delay,25,13,12,148,13,0.2,5000,100,0,100,101,true,false
progress-aware-quorum-delay,25,13,12,149,13,0.2,5000,100,0,100,101,true,false
progress-aware-quorum-delay,25,13,12,150,13,0.2,5000,100,0,100,101,true,false
progress-aware-quorum-delay,25,13,12,151,13,0.2,5000,100,0,100,101,true,false
progress-aware-quorum-delay,25,13,12,152,13,0.2,5000,100,0,100,101,true,false
progress-aware-quorum-delay,25,13,12,153,13,0.2,5000,100,0,100,101,true,false
progress-aware-quorum-delay,25,13,12,154,13,0.2,5000,100,0,100,101,true,false
progress-aware-quorum-delay,25,13,12,155,13,0.2,5000,100,0,100,101,true,false
progress-aware-quorum-delay,25,13,12,156,13,0.2,5000,100,0,100,101,true,false
progress-aware-quorum-delay,25,13,12,157,13,0.2,5000,100,0,100,101,true,false
progress-aware-quorum-delay,25,13,12,158,13,0.2,5000,100,0,100,101,true,false
progress-aware-quorum-delay,25,13,12,159,13,0.2,5000,100,0,100,101,true,false
progress-aware-quorum-delay,25,13,12,160,13,0.2,5000,100,0,100,101,true,false
progress-aware-quorum-delay,25,13,12,161,13,0.2,5000,100,0,100,101,true,false
progress-aware-quorum-delay,25,13,12,162,13,0.2,5000,100,0,100,101,true,false
progress-aware-quorum-delay,25,13,12,163,13,0.2,5000,100,0,100,101,true,false
progress-aware-quorum-delay,25,13,12,164,13,0.2,5000,100,0,100,101,true,false
progress-aware-quorum-delay,25,13,12,165,13,0.2,5000,100,0,100,101,true,false
progress-aware-quorum-delay,25,13,12,166,13,0.2,5000,100,0,100,101,true,false
progress-aware-quorum-delay,25,13,12,167,13,0.2,5000,100,0,100,101,true,false
progress-aware-quorum-delay,25,13,12,168,13,0.2,5000,100,0,100,101,true,false
progress-aware-quorum-delay,25,13,12,169,13,0.2,5000,100,0,100,101,true,false
progress-aware-quorum-delay,25,13,12,170,13,0.2,5000,100,0,100,101,true,false
progress-aware-quorum-delay,25,13,12,171,13,0.2,5000,100,0,100,101,true,false
progress-aware-quorum-delay,25,13,12,172,13,0.2,5000,100,0,100,101,true,false
progress-aware-quorum-delay,25,13,12,173,13,0.2,5000,100,0,100,101,true,false
progress-aware-quorum-delay,25,13,12,174,13,0.2,5000,100,0,100,101,true,false
progress-aware-quorum-delay,25,13,12,175,13,0.2,5000,100,0,100,101,true,false
progress-aware-quorum-delay,25,13,12,176,13,0.2,5000,100,0,100,101,true,false
progress-aware-quorum-delay,25,13,12,177,13,0.2,5000,100,0,100,101,true,false
progress-aware-quorum-delay,25,13,12,178,13,0.2,5000,100,0,100,101,true,false
progress-aware-quorum-delay,25,13,12,179,13,0.2,5000,100,0,100,101,true,false
progress-aware-quorum-delay,25,13,12,180,13,0.2,5000,100,0,100,101,true,false
progress-aware-quorum-delay,25,13,12,181,13,0.2,5000,100,0,100,101,true,false
progress-aware-quorum-delay,25,13,12,182,13,0.2,5000,100,0,100,101,true,false
progress-aware-quorum-delay,25,13,12,183,13,0.2,5000,100,0,100,101,true,false
progress-aware-quorum-delay,25,13,12,184,13,0.2,5000,100,0,100,101,true,false
progress-aware-quorum-delay,25,13,12,185,13,0.2,5000,100,0,100,101,true,false
progress-aware-quorum-delay,25,13,12,186,13,0.2,5000,100,0,100,101,true,false
progress-aware-quorum-delay,25,13,12,187,13,0.2,5000,100,0,100,101,true,false
progress-aware-quorum-delay,25,13,12,188,13,0.2,5000,100,0,100,101,true,false
progress-aware-quorum-delay,25,13,12,189,13,0.2,5000,100,0,100,101,true,false
progress-aware-quorum-delay,25,13,12,190,13,0.2,5000,100,0,100,101,true,false
progress-aware-quorum-delay,25,13,12,191,13,0.2,5000,100,0,100,101,true,false
progress-aware-quorum-delay,25,13,12,192,13,0.2,5000,100,0,100,101,true,false
progress-aware-quorum-delay,25,13,12,193,13,0.2,5000,100,0,100,101,true,false
progress-aware-quorum-delay,25,13,12,194,13,0.2,5000,100,0,100,101,true,false
progress-aware-quorum-delay,25,13,12,195,13,0.2,5000,100,0,100,101,true,false
progress-aware-quorum-delay,25,13,12,196,13,0.2,5000,100,0,100,101,true,false
progress-aware-quorum-delay,25,13,12,197,13,0.2,5000,100,0,100,101,true,false
progress-aware-quorum-delay,25,13,12,198,13,0.2,5000,100,0,100,101,true,false
progress-aware-quorum-delay,25,13,12,199,13,0.2,5000,100,0,100,101,true,false
progress-aware-quorum-delay,25,13,12,200,13,0.2,5000,100,0,100,101,true,false
