
=== Run 1 ===
Nodes: 25
Quorum: 13
Simulation starting
[step=0] DELIVER from=1 to=1 type=Prepare { ballot: 1 } queue_len=24
[PAXOS-TICK] phase=WaitingForPromises elapsed=0 timeout=15 ballot=1 promises=0 accepted=0
[PROB-INTERLEAVED-UNIFORM] spent=1 remaining=12 queue_len=25 delayed=Prepare { ballot: 1 }
[PAXOS-TICK] phase=WaitingForPromises elapsed=1 timeout=15 ballot=1 promises=0 accepted=0
[PROB-INTERLEAVED-UNIFORM] spent=2 remaining=11 queue_len=25 delayed=Prepare { ballot: 1 }
[PAXOS-TICK] phase=WaitingForPromises elapsed=2 timeout=15 ballot=1 promises=0 accepted=0
[step=3] DELIVER from=1 to=2 type=Prepare { ballot: 1 } queue_len=24
[PAXOS-TICK] phase=WaitingForPromises elapsed=3 timeout=15 ballot=1 promises=0 accepted=0
[step=4] DELIVER from=1 to=3 type=Prepare { ballot: 1 } queue_len=24
[PAXOS-TICK] phase=WaitingForPromises elapsed=4 timeout=15 ballot=1 promises=0 accepted=0
[step=5] DELIVER from=1 to=4 type=Prepare { ballot: 1 } queue_len=24
[PAXOS-TICK] phase=WaitingForPromises elapsed=5 timeout=15 ballot=1 promises=0 accepted=0
[PROB-INTERLEAVED-UNIFORM] spent=3 remaining=10 queue_len=25 delayed=Prepare { ballot: 1 }
[PAXOS-TICK] phase=WaitingForPromises elapsed=6 timeout=15 ballot=1 promises=0 accepted=0
[step=7] DELIVER from=1 to=5 type=Prepare { ballot: 1 } queue_len=24
[PAXOS-TICK] phase=WaitingForPromises elapsed=7 timeout=15 ballot=1 promises=0 accepted=0
[step=8] DELIVER from=1 to=6 type=Prepare { ballot: 1 } queue_len=24
[PAXOS-TICK] phase=WaitingForPromises elapsed=8 timeout=15 ballot=1 promises=0 accepted=0
[PROB-INTERLEAVED-UNIFORM] spent=4 remaining=9 queue_len=25 delayed=Promise { ballot: 1, accepted_ballot: None, accepted_value: None }
[PAXOS-TICK] phase=WaitingForPromises elapsed=9 timeout=15 ballot=1 promises=0 accepted=0
[PROB-INTERLEAVED-UNIFORM] spent=5 remaining=8 queue_len=25 delayed=Prepare { ballot: 1 }
[PAXOS-TICK] phase=WaitingForPromises elapsed=10 timeout=15 ballot=1 promises=0 accepted=0
[step=11] DELIVER from=1 to=8 type=Prepare { ballot: 1 } queue_len=24
[PAXOS-TICK] phase=WaitingForPromises elapsed=11 timeout=15 ballot=1 promises=0 accepted=0
[step=12] DELIVER from=1 to=10 type=Prepare { ballot: 1 } queue_len=24
[PAXOS-TICK] phase=WaitingForPromises elapsed=12 timeout=15 ballot=1 promises=0 accepted=0
[step=13] DELIVER from=1 to=11 type=Prepare { ballot: 1 } queue_len=24
[PAXOS-TICK] phase=WaitingForPromises elapsed=13 timeout=15 ballot=1 promises=0 accepted=0
[step=14] DELIVER from=1 to=12 type=Prepare { ballot: 1 } queue_len=24
[PAXOS-TICK] phase=WaitingForPromises elapsed=14 timeout=15 ballot=1 promises=0 accepted=0
[TIMEOUT-CAUSE] phase=WaitingForPromises ballot=1 promises=0 accepted=0 quorum=13
[step=15] DELIVER from=1 to=13 type=Prepare { ballot: 1 } queue_len=49
[PAXOS-TICK] phase=WaitingForPromises elapsed=0 timeout=15 ballot=2 promises=0 accepted=0
[step=16] DELIVER from=1 to=14 type=Prepare { ballot: 1 } queue_len=49
[PAXOS-TICK] phase=WaitingForPromises elapsed=1 timeout=15 ballot=2 promises=0 accepted=0
[PROB-INTERLEAVED-UNIFORM] spent=6 remaining=7 queue_len=50 delayed=Prepare { ballot: 2 }
[PAXOS-TICK] phase=WaitingForPromises elapsed=2 timeout=15 ballot=2 promises=0 accepted=0
[step=18] DELIVER from=1 to=15 type=Prepare { ballot: 1 } queue_len=49
[PAXOS-TICK] phase=WaitingForPromises elapsed=3 timeout=15 ballot=2 promises=0 accepted=0
[step=19] DELIVER from=1 to=17 type=Prepare { ballot: 1 } queue_len=49
[PAXOS-TICK] phase=WaitingForPromises elapsed=4 timeout=15 ballot=2 promises=0 accepted=0
[step=20] DELIVER from=1 to=18 type=Prepare { ballot: 1 } queue_len=49
[PAXOS-TICK] phase=WaitingForPromises elapsed=5 timeout=15 ballot=2 promises=0 accepted=0
[PROB-INTERLEAVED-UNIFORM] spent=7 remaining=6 queue_len=50 delayed=Prepare { ballot: 2 }
[PAXOS-TICK] phase=WaitingForPromises elapsed=6 timeout=15 ballot=2 promises=0 accepted=0
[PROB-INTERLEAVED-UNIFORM] spent=8 remaining=5 queue_len=50 delayed=Prepare { ballot: 2 }
[PAXOS-TICK] phase=WaitingForPromises elapsed=7 timeout=15 ballot=2 promises=0 accepted=0
[step=23] DELIVER from=1 to=19 type=Prepare { ballot: 1 } queue_len=49
[PAXOS-TICK] phase=WaitingForPromises elapsed=8 timeout=15 ballot=2 promises=0 accepted=0
[step=24] DELIVER from=1 to=20 type=Prepare { ballot: 1 } queue_len=49
[PAXOS-TICK] phase=WaitingForPromises elapsed=9 timeout=15 ballot=2 promises=0 accepted=0
[step=25] DELIVER from=1 to=21 type=Prepare { ballot: 1 } queue_len=49
[PAXOS-TICK] phase=WaitingForPromises elapsed=10 timeout=15 ballot=2 promises=0 accepted=0
[step=26] DELIVER from=1 to=23 type=Prepare { ballot: 1 } queue_len=49
[PAXOS-TICK] phase=WaitingForPromises elapsed=11 timeout=15 ballot=2 promises=0 accepted=0
[PROB-INTERLEAVED-UNIFORM] spent=9 remaining=4 queue_len=50 delayed=Prepare { ballot: 2 }
[PAXOS-TICK] phase=WaitingForPromises elapsed=12 timeout=15 ballot=2 promises=0 accepted=0
[step=28] DELIVER from=1 to=24 type=Prepare { ballot: 1 } queue_len=49
[PAXOS-TICK] phase=WaitingForPromises elapsed=13 timeout=15 ballot=2 promises=0 accepted=0
[PROB-INTERLEAVED-UNIFORM] spent=10 remaining=3 queue_len=50 delayed=Prepare { ballot: 2 }
[PAXOS-TICK] phase=WaitingForPromises elapsed=14 timeout=15 ballot=2 promises=0 accepted=0
[TIMEOUT-CAUSE] phase=WaitingForPromises ballot=2 promises=0 accepted=0 quorum=13
[step=30] DELIVER from=1 to=25 type=Prepare { ballot: 1 } queue_len=74
[PAXOS-TICK] phase=WaitingForPromises elapsed=0 timeout=15 ballot=3 promises=0 accepted=0
[step=31] DELIVER from=1 to=1 type=Promise { ballot: 1, accepted_ballot: None, accepted_value: None } queue_len=74
[PROMISE-TRACE] from=1 received_ballot=1 current_ballot=3 match=false
[PAXOS-TICK] phase=WaitingForPromises elapsed=1 timeout=15 ballot=3 promises=0 accepted=0
[step=32] DELIVER from=1 to=7 type=Prepare { ballot: 1 } queue_len=73
[PAXOS-TICK] phase=WaitingForPromises elapsed=2 timeout=15 ballot=3 promises=0 accepted=0
[step=33] DELIVER from=1 to=9 type=Prepare { ballot: 1 } queue_len=73
[PAXOS-TICK] phase=WaitingForPromises elapsed=3 timeout=15 ballot=3 promises=0 accepted=0
[step=34] DELIVER from=2 to=1 type=Promise { ballot: 1, accepted_ballot: None, accepted_value: None } queue_len=73
[PROMISE-TRACE] from=2 received_ballot=1 current_ballot=3 match=false
[PAXOS-TICK] phase=WaitingForPromises elapsed=4 timeout=15 ballot=3 promises=0 accepted=0
[step=35] DELIVER from=4 to=1 type=Promise { ballot: 1, accepted_ballot: None, accepted_value: None } queue_len=72
[PROMISE-TRACE] from=4 received_ballot=1 current_ballot=3 match=false
[PAXOS-TICK] phase=WaitingForPromises elapsed=5 timeout=15 ballot=3 promises=0 accepted=0
[step=36] DELIVER from=1 to=22 type=Prepare { ballot: 1 } queue_len=71
[PAXOS-TICK] phase=WaitingForPromises elapsed=6 timeout=15 ballot=3 promises=0 accepted=0
[step=37] DELIVER from=5 to=1 type=Promise { ballot: 1, accepted_ballot: None, accepted_value: None } queue_len=71
[PROMISE-TRACE] from=5 received_ballot=1 current_ballot=3 match=false
[PAXOS-TICK] phase=WaitingForPromises elapsed=7 timeout=15 ballot=3 promises=0 accepted=0
[step=38] DELIVER from=6 to=1 type=Promise { ballot: 1, accepted_ballot: None, accepted_value: None } queue_len=70
[PROMISE-TRACE] from=6 received_ballot=1 current_ballot=3 match=false
[PAXOS-TICK] phase=WaitingForPromises elapsed=8 timeout=15 ballot=3 promises=0 accepted=0
[step=39] DELIVER from=3 to=1 type=Promise { ballot: 1, accepted_ballot: None, accepted_value: None } queue_len=69
[PROMISE-TRACE] from=3 received_ballot=1 current_ballot=3 match=false
[PAXOS-TICK] phase=WaitingForPromises elapsed=9 timeout=15 ballot=3 promises=0 accepted=0
[step=40] DELIVER from=1 to=16 type=Prepare { ballot: 1 } queue_len=68
[PAXOS-TICK] phase=WaitingForPromises elapsed=10 timeout=15 ballot=3 promises=0 accepted=0
[PROB-INTERLEAVED-UNIFORM] spent=11 remaining=2 queue_len=69 delayed=Prepare { ballot: 3 }
[PAXOS-TICK] phase=WaitingForPromises elapsed=11 timeout=15 ballot=3 promises=0 accepted=0
[PROB-INTERLEAVED-UNIFORM] spent=12 remaining=1 queue_len=69 delayed=Promise { ballot: 1, accepted_ballot: None, accepted_value: None }
[PAXOS-TICK] phase=WaitingForPromises elapsed=12 timeout=15 ballot=3 promises=0 accepted=0
[step=43] DELIVER from=8 to=1 type=Promise { ballot: 1, accepted_ballot: None, accepted_value: None } queue_len=68
[PROMISE-TRACE] from=8 received_ballot=1 current_ballot=3 match=false
[PAXOS-TICK] phase=WaitingForPromises elapsed=13 timeout=15 ballot=3 promises=0 accepted=0
[step=44] DELIVER from=10 to=1 type=Promise { ballot: 1, accepted_ballot: None, accepted_value: None } queue_len=67
[PROMISE-TRACE] from=10 received_ballot=1 current_ballot=3 match=false
[PAXOS-TICK] phase=WaitingForPromises elapsed=14 timeout=15 ballot=3 promises=0 accepted=0
[TIMEOUT-CAUSE] phase=WaitingForPromises ballot=3 promises=0 accepted=0 quorum=13
[step=45] DELIVER from=11 to=1 type=Promise { ballot: 1, accepted_ballot: None, accepted_value: None } queue_len=91
[PROMISE-TRACE] from=11 received_ballot=1 current_ballot=4 match=false
[PAXOS-TICK] phase=WaitingForPromises elapsed=0 timeout=15 ballot=4 promises=0 accepted=0
[step=46] DELIVER from=12 to=1 type=Promise { ballot: 1, accepted_ballot: None, accepted_value: None } queue_len=90
[PROMISE-TRACE] from=12 received_ballot=1 current_ballot=4 match=false
[PAXOS-TICK] phase=WaitingForPromises elapsed=1 timeout=15 ballot=4 promises=0 accepted=0
[PROB-INTERLEAVED-UNIFORM] spent=13 remaining=0 queue_len=90 delayed=Prepare { ballot: 2 }
[PAXOS-TICK] phase=WaitingForPromises elapsed=2 timeout=15 ballot=4 promises=0 accepted=0
[step=48] DELIVER from=1 to=2 type=Prepare { ballot: 2 } queue_len=89
[PAXOS-TICK] phase=WaitingForPromises elapsed=3 timeout=15 ballot=4 promises=0 accepted=0
[step=49] DELIVER from=1 to=3 type=Prepare { ballot: 2 } queue_len=89
[PAXOS-TICK] phase=WaitingForPromises elapsed=4 timeout=15 ballot=4 promises=0 accepted=0
[step=50] DELIVER from=1 to=4 type=Prepare { ballot: 2 } queue_len=89
[PAXOS-TICK] phase=WaitingForPromises elapsed=5 timeout=15 ballot=4 promises=0 accepted=0
[step=51] DELIVER from=1 to=5 type=Prepare { ballot: 2 } queue_len=89
[PAXOS-TICK] phase=WaitingForPromises elapsed=6 timeout=15 ballot=4 promises=0 accepted=0
[step=52] DELIVER from=1 to=7 type=Prepare { ballot: 2 } queue_len=89
[PAXOS-TICK] phase=WaitingForPromises elapsed=7 timeout=15 ballot=4 promises=0 accepted=0
[step=53] DELIVER from=1 to=9 type=Prepare { ballot: 2 } queue_len=89
[PAXOS-TICK] phase=WaitingForPromises elapsed=8 timeout=15 ballot=4 promises=0 accepted=0
[step=54] DELIVER from=1 to=10 type=Prepare { ballot: 2 } queue_len=89
[PAXOS-TICK] phase=WaitingForPromises elapsed=9 timeout=15 ballot=4 promises=0 accepted=0
[step=55] DELIVER from=1 to=11 type=Prepare { ballot: 2 } queue_len=89
[PAXOS-TICK] phase=WaitingForPromises elapsed=10 timeout=15 ballot=4 promises=0 accepted=0
[step=56] DELIVER from=1 to=12 type=Prepare { ballot: 2 } queue_len=89
[PAXOS-TICK] phase=WaitingForPromises elapsed=11 timeout=15 ballot=4 promises=0 accepted=0
[step=57] DELIVER from=1 to=14 type=Prepare { ballot: 2 } queue_len=89
[PAXOS-TICK] phase=WaitingForPromises elapsed=12 timeout=15 ballot=4 promises=0 accepted=0
[step=58] DELIVER from=1 to=15 type=Prepare { ballot: 2 } queue_len=89
[PAXOS-TICK] phase=WaitingForPromises elapsed=13 timeout=15 ballot=4 promises=0 accepted=0
[step=59] DELIVER from=1 to=16 type=Prepare { ballot: 2 } queue_len=89
[PAXOS-TICK] phase=WaitingForPromises elapsed=14 timeout=15 ballot=4 promises=0 accepted=0
[TIMEOUT-CAUSE] phase=WaitingForPromises ballot=4 promises=0 accepted=0 quorum=13
[step=60] DELIVER from=1 to=17 type=Prepare { ballot: 2 } queue_len=114
[PAXOS-TICK] phase=WaitingForPromises elapsed=0 timeout=15 ballot=5 promises=0 accepted=0
[step=61] DELIVER from=1 to=18 type=Prepare { ballot: 2 } queue_len=114
[PAXOS-TICK] phase=WaitingForPromises elapsed=1 timeout=15 ballot=5 promises=0 accepted=0
[step=62] DELIVER from=1 to=19 type=Prepare { ballot: 2 } queue_len=114
[PAXOS-TICK] phase=WaitingForPromises elapsed=2 timeout=15 ballot=5 promises=0 accepted=0
[step=63] DELIVER from=1 to=20 type=Prepare { ballot: 2 } queue_len=114
[PAXOS-TICK] phase=WaitingForPromises elapsed=3 timeout=15 ballot=5 promises=0 accepted=0
[step=64] DELIVER from=1 to=21 type=Prepare { ballot: 2 } queue_len=114
[PAXOS-TICK] phase=WaitingForPromises elapsed=4 timeout=15 ballot=5 promises=0 accepted=0
[step=65] DELIVER from=1 to=22 type=Prepare { ballot: 2 } queue_len=114
[PAXOS-TICK] phase=WaitingForPromises elapsed=5 timeout=15 ballot=5 promises=0 accepted=0
[step=66] DELIVER from=1 to=24 type=Prepare { ballot: 2 } queue_len=114
[PAXOS-TICK] phase=WaitingForPromises elapsed=6 timeout=15 ballot=5 promises=0 accepted=0
[step=67] DELIVER from=1 to=25 type=Prepare { ballot: 2 } queue_len=114
[PAXOS-TICK] phase=WaitingForPromises elapsed=7 timeout=15 ballot=5 promises=0 accepted=0
[step=68] DELIVER from=13 to=1 type=Promise { ballot: 1, accepted_ballot: None, accepted_value: None } queue_len=114
[PROMISE-TRACE] from=13 received_ballot=1 current_ballot=5 match=false
[PAXOS-TICK] phase=WaitingForPromises elapsed=8 timeout=15 ballot=5 promises=0 accepted=0
[step=69] DELIVER from=14 to=1 type=Promise { ballot: 1, accepted_ballot: None, accepted_value: None } queue_len=113
[PROMISE-TRACE] from=14 received_ballot=1 current_ballot=5 match=false
[PAXOS-TICK] phase=WaitingForPromises elapsed=9 timeout=15 ballot=5 promises=0 accepted=0
[step=70] DELIVER from=15 to=1 type=Promise { ballot: 1, accepted_ballot: None, accepted_value: None } queue_len=112
[PROMISE-TRACE] from=15 received_ballot=1 current_ballot=5 match=false
[PAXOS-TICK] phase=WaitingForPromises elapsed=10 timeout=15 ballot=5 promises=0 accepted=0
[step=71] DELIVER from=17 to=1 type=Promise { ballot: 1, accepted_ballot: None, accepted_value: None } queue_len=111
[PROMISE-TRACE] from=17 received_ballot=1 current_ballot=5 match=false
[PAXOS-TICK] phase=WaitingForPromises elapsed=11 timeout=15 ballot=5 promises=0 accepted=0
[step=72] DELIVER from=18 to=1 type=Promise { ballot: 1, accepted_ballot: None, accepted_value: None } queue_len=110
[PROMISE-TRACE] from=18 received_ballot=1 current_ballot=5 match=false
[PAXOS-TICK] phase=WaitingForPromises elapsed=12 timeout=15 ballot=5 promises=0 accepted=0
[step=73] DELIVER from=1 to=8 type=Prepare { ballot: 2 } queue_len=109
[PAXOS-TICK] phase=WaitingForPromises elapsed=13 timeout=15 ballot=5 promises=0 accepted=0
[step=74] DELIVER from=1 to=23 type=Prepare { ballot: 2 } queue_len=109
[PAXOS-TICK] phase=WaitingForPromises elapsed=14 timeout=15 ballot=5 promises=0 accepted=0
[TIMEOUT-CAUSE] phase=WaitingForPromises ballot=5 promises=0 accepted=0 quorum=13
[step=75] DELIVER from=19 to=1 type=Promise { ballot: 1, accepted_ballot: None, accepted_value: None } queue_len=134
[PROMISE-TRACE] from=19 received_ballot=1 current_ballot=6 match=false
[PAXOS-TICK] phase=WaitingForPromises elapsed=0 timeout=15 ballot=6 promises=0 accepted=0
[step=76] DELIVER from=20 to=1 type=Promise { ballot: 1, accepted_ballot: None, accepted_value: None } queue_len=133
[PROMISE-TRACE] from=20 received_ballot=1 current_ballot=6 match=false
[PAXOS-TICK] phase=WaitingForPromises elapsed=1 timeout=15 ballot=6 promises=0 accepted=0
[step=77] DELIVER from=21 to=1 type=Promise { ballot: 1, accepted_ballot: None, accepted_value: None } queue_len=132
[PROMISE-TRACE] from=21 received_ballot=1 current_ballot=6 match=false
[PAXOS-TICK] phase=WaitingForPromises elapsed=2 timeout=15 ballot=6 promises=0 accepted=0
[step=78] DELIVER from=23 to=1 type=Promise { ballot: 1, accepted_ballot: None, accepted_value: None } queue_len=131
[PROMISE-TRACE] from=23 received_ballot=1 current_ballot=6 match=false
[PAXOS-TICK] phase=WaitingForPromises elapsed=3 timeout=15 ballot=6 promises=0 accepted=0
[step=79] DELIVER from=1 to=6 type=Prepare { ballot: 2 } queue_len=130
[PAXOS-TICK] phase=WaitingForPromises elapsed=4 timeout=15 ballot=6 promises=0 accepted=0
[step=80] DELIVER from=24 to=1 type=Promise { ballot: 1, accepted_ballot: None, accepted_value: None } queue_len=130
[PROMISE-TRACE] from=24 received_ballot=1 current_ballot=6 match=false
[PAXOS-TICK] phase=WaitingForPromises elapsed=5 timeout=15 ballot=6 promises=0 accepted=0
[step=81] DELIVER from=1 to=1 type=Prepare { ballot: 2 } queue_len=129
[PAXOS-TICK] phase=WaitingForPromises elapsed=6 timeout=15 ballot=6 promises=0 accepted=0
[step=82] DELIVER from=1 to=2 type=Prepare { ballot: 3 } queue_len=129
[PAXOS-TICK] phase=WaitingForPromises elapsed=7 timeout=15 ballot=6 promises=0 accepted=0
[step=83] DELIVER from=1 to=3 type=Prepare { ballot: 3 } queue_len=129
[PAXOS-TICK] phase=WaitingForPromises elapsed=8 timeout=15 ballot=6 promises=0 accepted=0
[step=84] DELIVER from=1 to=4 type=Prepare { ballot: 3 } queue_len=129
[PAXOS-TICK] phase=WaitingForPromises elapsed=9 timeout=15 ballot=6 promises=0 accepted=0
[step=85] DELIVER from=1 to=5 type=Prepare { ballot: 3 } queue_len=129
[PAXOS-TICK] phase=WaitingForPromises elapsed=10 timeout=15 ballot=6 promises=0 accepted=0
[step=86] DELIVER from=1 to=6 type=Prepare { ballot: 3 } queue_len=129
[PAXOS-TICK] phase=WaitingForPromises elapsed=11 timeout=15 ballot=6 promises=0 accepted=0
[step=87] DELIVER from=1 to=7 type=Prepare { ballot: 3 } queue_len=129
[PAXOS-TICK] phase=WaitingForPromises elapsed=12 timeout=15 ballot=6 promises=0 accepted=0
[step=88] DELIVER from=1 to=8 type=Prepare { ballot: 3 } queue_len=129
[PAXOS-TICK] phase=WaitingForPromises elapsed=13 timeout=15 ballot=6 promises=0 accepted=0
[step=89] DELIVER from=1 to=9 type=Prepare { ballot: 3 } queue_len=129
[PAXOS-TICK] phase=WaitingForPromises elapsed=14 timeout=15 ballot=6 promises=0 accepted=0
[TIMEOUT-CAUSE] phase=WaitingForPromises ballot=6 promises=0 accepted=0 quorum=13
[step=90] DELIVER from=1 to=10 type=Prepare { ballot: 3 } queue_len=154
[PAXOS-TICK] phase=WaitingForPromises elapsed=0 timeout=15 ballot=7 promises=0 accepted=0
[step=91] DELIVER from=1 to=11 type=Prepare { ballot: 3 } queue_len=154
[PAXOS-TICK] phase=WaitingForPromises elapsed=1 timeout=15 ballot=7 promises=0 accepted=0
[step=92] DELIVER from=1 to=12 type=Prepare { ballot: 3 } queue_len=154
[PAXOS-TICK] phase=WaitingForPromises elapsed=2 timeout=15 ballot=7 promises=0 accepted=0
[step=93] DELIVER from=1 to=13 type=Prepare { ballot: 3 } queue_len=154
[PAXOS-TICK] phase=WaitingForPromises elapsed=3 timeout=15 ballot=7 promises=0 accepted=0
[step=94] DELIVER from=1 to=14 type=Prepare { ballot: 3 } queue_len=154
[PAXOS-TICK] phase=WaitingForPromises elapsed=4 timeout=15 ballot=7 promises=0 accepted=0
[step=95] DELIVER from=1 to=15 type=Prepare { ballot: 3 } queue_len=154
[PAXOS-TICK] phase=WaitingForPromises elapsed=5 timeout=15 ballot=7 promises=0 accepted=0
[step=96] DELIVER from=1 to=16 type=Prepare { ballot: 3 } queue_len=154
[PAXOS-TICK] phase=WaitingForPromises elapsed=6 timeout=15 ballot=7 promises=0 accepted=0
[step=97] DELIVER from=1 to=17 type=Prepare { ballot: 3 } queue_len=154
[PAXOS-TICK] phase=WaitingForPromises elapsed=7 timeout=15 ballot=7 promises=0 accepted=0
[step=98] DELIVER from=1 to=18 type=Prepare { ballot: 3 } queue_len=154
[PAXOS-TICK] phase=WaitingForPromises elapsed=8 timeout=15 ballot=7 promises=0 accepted=0
[step=99] DELIVER from=1 to=19 type=Prepare { ballot: 3 } queue_len=154
[PAXOS-TICK] phase=WaitingForPromises elapsed=9 timeout=15 ballot=7 promises=0 accepted=0
[step=100] DELIVER from=1 to=20 type=Prepare { ballot: 3 } queue_len=154
[PAXOS-TICK] phase=WaitingForPromises elapsed=10 timeout=15 ballot=7 promises=0 accepted=0
[step=101] DELIVER from=1 to=21 type=Prepare { ballot: 3 } queue_len=154
[PAXOS-TICK] phase=WaitingForPromises elapsed=11 timeout=15 ballot=7 promises=0 accepted=0
[step=102] DELIVER from=1 to=22 type=Prepare { ballot: 3 } queue_len=154
[PAXOS-TICK] phase=WaitingForPromises elapsed=12 timeout=15 ballot=7 promises=0 accepted=0
[step=103] DELIVER from=1 to=23 type=Prepare { ballot: 3 } queue_len=154
[PAXOS-TICK] phase=WaitingForPromises elapsed=13 timeout=15 ballot=7 promises=0 accepted=0
[step=104] DELIVER from=1 to=24 type=Prepare { ballot: 3 } queue_len=154
[PAXOS-TICK] phase=WaitingForPromises elapsed=14 timeout=15 ballot=7 promises=0 accepted=0
[TIMEOUT-CAUSE] phase=WaitingForPromises ballot=7 promises=0 accepted=0 quorum=13
[step=105] DELIVER from=1 to=25 type=Prepare { ballot: 3 } queue_len=179
[PAXOS-TICK] phase=WaitingForPromises elapsed=0 timeout=15 ballot=8 promises=0 accepted=0
[step=106] DELIVER from=25 to=1 type=Promise { ballot: 1, accepted_ballot: None, accepted_value: None } queue_len=179
[PROMISE-TRACE] from=25 received_ballot=1 current_ballot=8 match=false
[PAXOS-TICK] phase=WaitingForPromises elapsed=1 timeout=15 ballot=8 promises=0 accepted=0
[step=107] DELIVER from=7 to=1 type=Promise { ballot: 1, accepted_ballot: None, accepted_value: None } queue_len=178
[PROMISE-TRACE] from=7 received_ballot=1 current_ballot=8 match=false
[PAXOS-TICK] phase=WaitingForPromises elapsed=2 timeout=15 ballot=8 promises=0 accepted=0
[step=108] DELIVER from=22 to=1 type=Promise { ballot: 1, accepted_ballot: None, accepted_value: None } queue_len=177
[PROMISE-TRACE] from=22 received_ballot=1 current_ballot=8 match=false
[PAXOS-TICK] phase=WaitingForPromises elapsed=3 timeout=15 ballot=8 promises=0 accepted=0
[step=109] DELIVER from=16 to=1 type=Promise { ballot: 1, accepted_ballot: None, accepted_value: None } queue_len=176
[PROMISE-TRACE] from=16 received_ballot=1 current_ballot=8 match=false
[PAXOS-TICK] phase=WaitingForPromises elapsed=4 timeout=15 ballot=8 promises=0 accepted=0
[step=110] DELIVER from=1 to=1 type=Prepare { ballot: 3 } queue_len=175
[PAXOS-TICK] phase=WaitingForPromises elapsed=5 timeout=15 ballot=8 promises=0 accepted=0
[step=111] DELIVER from=9 to=1 type=Promise { ballot: 1, accepted_ballot: None, accepted_value: None } queue_len=175
[PROMISE-TRACE] from=9 received_ballot=1 current_ballot=8 match=false
[PAXOS-TICK] phase=WaitingForPromises elapsed=6 timeout=15 ballot=8 promises=0 accepted=0
[step=112] DELIVER from=1 to=1 type=Prepare { ballot: 4 } queue_len=174
[PAXOS-TICK] phase=WaitingForPromises elapsed=7 timeout=15 ballot=8 promises=0 accepted=0
[step=113] DELIVER from=1 to=2 type=Prepare { ballot: 4 } queue_len=174
[PAXOS-TICK] phase=WaitingForPromises elapsed=8 timeout=15 ballot=8 promises=0 accepted=0
[step=114] DELIVER from=1 to=3 type=Prepare { ballot: 4 } queue_len=174
[PAXOS-TICK] phase=WaitingForPromises elapsed=9 timeout=15 ballot=8 promises=0 accepted=0
[step=115] DELIVER from=1 to=4 type=Prepare { ballot: 4 } queue_len=174
[PAXOS-TICK] phase=WaitingForPromises elapsed=10 timeout=15 ballot=8 promises=0 accepted=0
[step=116] DELIVER from=1 to=5 type=Prepare { ballot: 4 } queue_len=174
[PAXOS-TICK] phase=WaitingForPromises elapsed=11 timeout=15 ballot=8 promises=0 accepted=0
[step=117] DELIVER from=1 to=6 type=Prepare { ballot: 4 } queue_len=174
[PAXOS-TICK] phase=WaitingForPromises elapsed=12 timeout=15 ballot=8 promises=0 accepted=0
[step=118] DELIVER from=1 to=7 type=Prepare { ballot: 4 } queue_len=174
[PAXOS-TICK] phase=WaitingForPromises elapsed=13 timeout=15 ballot=8 promises=0 accepted=0
[step=119] DELIVER from=1 to=8 type=Prepare { ballot: 4 } queue_len=174
[PAXOS-TICK] phase=WaitingForPromises elapsed=14 timeout=15 ballot=8 promises=0 accepted=0
[TIMEOUT-CAUSE] phase=WaitingForPromises ballot=8 promises=0 accepted=0 quorum=13
[step=120] DELIVER from=1 to=9 type=Prepare { ballot: 4 } queue_len=199
[PAXOS-TICK] phase=WaitingForPromises elapsed=0 timeout=15 ballot=9 promises=0 accepted=0
[step=121] DELIVER from=1 to=10 type=Prepare { ballot: 4 } queue_len=199
[PAXOS-TICK] phase=WaitingForPromises elapsed=1 timeout=15 ballot=9 promises=0 accepted=0
[step=122] DELIVER from=1 to=11 type=Prepare { ballot: 4 } queue_len=199
[PAXOS-TICK] phase=WaitingForPromises elapsed=2 timeout=15 ballot=9 promises=0 accepted=0
[step=123] DELIVER from=1 to=12 type=Prepare { ballot: 4 } queue_len=199
[PAXOS-TICK] phase=WaitingForPromises elapsed=3 timeout=15 ballot=9 promises=0 accepted=0
[step=124] DELIVER from=1 to=13 type=Prepare { ballot: 4 } queue_len=199
[PAXOS-TICK] phase=WaitingForPromises elapsed=4 timeout=15 ballot=9 promises=0 accepted=0
[step=125] DELIVER from=1 to=14 type=Prepare { ballot: 4 } queue_len=199
[PAXOS-TICK] phase=WaitingForPromises elapsed=5 timeout=15 ballot=9 promises=0 accepted=0
[step=126] DELIVER from=1 to=15 type=Prepare { ballot: 4 } queue_len=199
[PAXOS-TICK] phase=WaitingForPromises elapsed=6 timeout=15 ballot=9 promises=0 accepted=0
[step=127] DELIVER from=1 to=16 type=Prepare { ballot: 4 } queue_len=199
[PAXOS-TICK] phase=WaitingForPromises elapsed=7 timeout=15 ballot=9 promises=0 accepted=0
[step=128] DELIVER from=1 to=17 type=Prepare { ballot: 4 } queue_len=199
[PAXOS-TICK] phase=WaitingForPromises elapsed=8 timeout=15 ballot=9 promises=0 accepted=0
[step=129] DELIVER from=1 to=18 type=Prepare { ballot: 4 } queue_len=199
[PAXOS-TICK] phase=WaitingForPromises elapsed=9 timeout=15 ballot=9 promises=0 accepted=0
[step=130] DELIVER from=1 to=19 type=Prepare { ballot: 4 } queue_len=199
[PAXOS-TICK] phase=WaitingForPromises elapsed=10 timeout=15 ballot=9 promises=0 accepted=0
[step=131] DELIVER from=1 to=20 type=Prepare { ballot: 4 } queue_len=199
[PAXOS-TICK] phase=WaitingForPromises elapsed=11 timeout=15 ballot=9 promises=0 accepted=0
[step=132] DELIVER from=1 to=21 type=Prepare { ballot: 4 } queue_len=199
[PAXOS-TICK] phase=WaitingForPromises elapsed=12 timeout=15 ballot=9 promises=0 accepted=0
[step=133] DELIVER from=1 to=22 type=Prepare { ballot: 4 } queue_len=199
[PAXOS-TICK] phase=WaitingForPromises elapsed=13 timeout=15 ballot=9 promises=0 accepted=0
[step=134] DELIVER from=1 to=23 type=Prepare { ballot: 4 } queue_len=199
[PAXOS-TICK] phase=WaitingForPromises elapsed=14 timeout=15 ballot=9 promises=0 accepted=0
[TIMEOUT-CAUSE] phase=WaitingForPromises ballot=9 promises=0 accepted=0 quorum=13
[step=135] DELIVER from=1 to=24 type=Prepare { ballot: 4 } queue_len=224
[PAXOS-TICK] phase=WaitingForPromises elapsed=0 timeout=15 ballot=10 promises=0 accepted=0
[step=136] DELIVER from=1 to=25 type=Prepare { ballot: 4 } queue_len=224
[PAXOS-TICK] phase=WaitingForPromises elapsed=1 timeout=15 ballot=10 promises=0 accepted=0
[step=137] DELIVER from=1 to=13 type=Prepare { ballot: 2 } queue_len=224
[NACK-CAUSE] node=13 incoming=Prepare { ballot: 2 } incoming_ballot=2 promised_ballot=4
[RETRY-MOTIF] cause=stale_prepare node=13 incoming_ballot=2 promised_ballot=4 gap=2
[NACK-SEND] from=13 to=1 ballot=2 promised_ballot=4
[PAXOS-TICK] phase=WaitingForPromises elapsed=2 timeout=15 ballot=10 promises=0 accepted=0
[step=138] DELIVER from=2 to=1 type=Promise { ballot: 2, accepted_ballot: None, accepted_value: None } queue_len=224
[PROMISE-TRACE] from=2 received_ballot=2 current_ballot=10 match=false
[PAXOS-TICK] phase=WaitingForPromises elapsed=3 timeout=15 ballot=10 promises=0 accepted=0
[step=139] DELIVER from=3 to=1 type=Promise { ballot: 2, accepted_ballot: None, accepted_value: None } queue_len=223
[PROMISE-TRACE] from=3 received_ballot=2 current_ballot=10 match=false
[PAXOS-TICK] phase=WaitingForPromises elapsed=4 timeout=15 ballot=10 promises=0 accepted=0
[step=140] DELIVER from=4 to=1 type=Promise { ballot: 2, accepted_ballot: None, accepted_value: None } queue_len=222
[PROMISE-TRACE] from=4 received_ballot=2 current_ballot=10 match=false
[PAXOS-TICK] phase=WaitingForPromises elapsed=5 timeout=15 ballot=10 promises=0 accepted=0
[step=141] DELIVER from=5 to=1 type=Promise { ballot: 2, accepted_ballot: None, accepted_value: None } queue_len=221
[PROMISE-TRACE] from=5 received_ballot=2 current_ballot=10 match=false
[PAXOS-TICK] phase=WaitingForPromises elapsed=6 timeout=15 ballot=10 promises=0 accepted=0
[step=142] DELIVER from=7 to=1 type=Promise { ballot: 2, accepted_ballot: None, accepted_value: None } queue_len=220
[PROMISE-TRACE] from=7 received_ballot=2 current_ballot=10 match=false
[PAXOS-TICK] phase=WaitingForPromises elapsed=7 timeout=15 ballot=10 promises=0 accepted=0
[step=143] DELIVER from=9 to=1 type=Promise { ballot: 2, accepted_ballot: None, accepted_value: None } queue_len=219
[PROMISE-TRACE] from=9 received_ballot=2 current_ballot=10 match=false
[PAXOS-TICK] phase=WaitingForPromises elapsed=8 timeout=15 ballot=10 promises=0 accepted=0
[step=144] DELIVER from=10 to=1 type=Promise { ballot: 2, accepted_ballot: None, accepted_value: None } queue_len=218
[PROMISE-TRACE] from=10 received_ballot=2 current_ballot=10 match=false
[PAXOS-TICK] phase=WaitingForPromises elapsed=9 timeout=15 ballot=10 promises=0 accepted=0
[step=145] DELIVER from=11 to=1 type=Promise { ballot: 2, accepted_ballot: None, accepted_value: None } queue_len=217
[PROMISE-TRACE] from=11 received_ballot=2 current_ballot=10 match=false
[PAXOS-TICK] phase=WaitingForPromises elapsed=10 timeout=15 ballot=10 promises=0 accepted=0
[step=146] DELIVER from=12 to=1 type=Promise { ballot: 2, accepted_ballot: None, accepted_value: None } queue_len=216
[PROMISE-TRACE] from=12 received_ballot=2 current_ballot=10 match=false
[PAXOS-TICK] phase=WaitingForPromises elapsed=11 timeout=15 ballot=10 promises=0 accepted=0
[step=147] DELIVER from=14 to=1 type=Promise { ballot: 2, accepted_ballot: None, accepted_value: None } queue_len=215
[PROMISE-TRACE] from=14 received_ballot=2 current_ballot=10 match=false
[PAXOS-TICK] phase=WaitingForPromises elapsed=12 timeout=15 ballot=10 promises=0 accepted=0
[step=148] DELIVER from=15 to=1 type=Promise { ballot: 2, accepted_ballot: None, accepted_value: None } queue_len=214
[PROMISE-TRACE] from=15 received_ballot=2 current_ballot=10 match=false
[PAXOS-TICK] phase=WaitingForPromises elapsed=13 timeout=15 ballot=10 promises=0 accepted=0
[step=149] DELIVER from=16 to=1 type=Promise { ballot: 2, accepted_ballot: None, accepted_value: None } queue_len=213
[PROMISE-TRACE] from=16 received_ballot=2 current_ballot=10 match=false
[PAXOS-TICK] phase=WaitingForPromises elapsed=14 timeout=15 ballot=10 promises=0 accepted=0
[TIMEOUT-CAUSE] phase=WaitingForPromises ballot=10 promises=0 accepted=0 quorum=13
[step=150] DELIVER from=1 to=1 type=Prepare { ballot: 5 } queue_len=237
[PAXOS-TICK] phase=WaitingForPromises elapsed=0 timeout=15 ballot=11 promises=0 accepted=0
[step=151] DELIVER from=1 to=2 type=Prepare { ballot: 5 } queue_len=237
[PAXOS-TICK] phase=WaitingForPromises elapsed=1 timeout=15 ballot=11 promises=0 accepted=0
[step=152] DELIVER from=1 to=3 type=Prepare { ballot: 5 } queue_len=237
[PAXOS-TICK] phase=WaitingForPromises elapsed=2 timeout=15 ballot=11 promises=0 accepted=0
[step=153] DELIVER from=1 to=4 type=Prepare { ballot: 5 } queue_len=237
[PAXOS-TICK] phase=WaitingForPromises elapsed=3 timeout=15 ballot=11 promises=0 accepted=0
[step=154] DELIVER from=1 to=5 type=Prepare { ballot: 5 } queue_len=237
[PAXOS-TICK] phase=WaitingForPromises elapsed=4 timeout=15 ballot=11 promises=0 accepted=0
[step=155] DELIVER from=1 to=6 type=Prepare { ballot: 5 } queue_len=237
[PAXOS-TICK] phase=WaitingForPromises elapsed=5 timeout=15 ballot=11 promises=0 accepted=0
[step=156] DELIVER from=1 to=7 type=Prepare { ballot: 5 } queue_len=237
[PAXOS-TICK] phase=WaitingForPromises elapsed=6 timeout=15 ballot=11 promises=0 accepted=0
[step=157] DELIVER from=1 to=8 type=Prepare { ballot: 5 } queue_len=237
[PAXOS-TICK] phase=WaitingForPromises elapsed=7 timeout=15 ballot=11 promises=0 accepted=0
[step=158] DELIVER from=1 to=9 type=Prepare { ballot: 5 } queue_len=237
[PAXOS-TICK] phase=WaitingForPromises elapsed=8 timeout=15 ballot=11 promises=0 accepted=0
[step=159] DELIVER from=1 to=10 type=Prepare { ballot: 5 } queue_len=237
[PAXOS-TICK] phase=WaitingForPromises elapsed=9 timeout=15 ballot=11 promises=0 accepted=0
[step=160] DELIVER from=1 to=11 type=Prepare { ballot: 5 } queue_len=237
[PAXOS-TICK] phase=WaitingForPromises elapsed=10 timeout=15 ballot=11 promises=0 accepted=0
[step=161] DELIVER from=1 to=12 type=Prepare { ballot: 5 } queue_len=237
[PAXOS-TICK] phase=WaitingForPromises elapsed=11 timeout=15 ballot=11 promises=0 accepted=0
[step=162] DELIVER from=1 to=13 type=Prepare { ballot: 5 } queue_len=237
[PAXOS-TICK] phase=WaitingForPromises elapsed=12 timeout=15 ballot=11 promises=0 accepted=0
[step=163] DELIVER from=1 to=14 type=Prepare { ballot: 5 } queue_len=237
[PAXOS-TICK] phase=WaitingForPromises elapsed=13 timeout=15 ballot=11 promises=0 accepted=0
[step=164] DELIVER from=1 to=15 type=Prepare { ballot: 5 } queue_len=237
[PAXOS-TICK] phase=WaitingForPromises elapsed=14 timeout=15 ballot=11 promises=0 accepted=0
[TIMEOUT-CAUSE] phase=WaitingForPromises ballot=11 promises=0 accepted=0 quorum=13
[step=165] DELIVER from=1 to=16 type=Prepare { ballot: 5 } queue_len=262
[PAXOS-TICK] phase=WaitingForPromises elapsed=0 timeout=15 ballot=12 promises=0 accepted=0
[step=166] DELIVER from=1 to=17 type=Prepare { ballot: 5 } queue_len=262
[PAXOS-TICK] phase=WaitingForPromises elapsed=1 timeout=15 ballot=12 promises=0 accepted=0
[step=167] DELIVER from=1 to=18 type=Prepare { ballot: 5 } queue_len=262
[PAXOS-TICK] phase=WaitingForPromises elapsed=2 timeout=15 ballot=12 promises=0 accepted=0
[step=168] DELIVER from=1 to=19 type=Prepare { ballot: 5 } queue_len=262
[PAXOS-TICK] phase=WaitingForPromises elapsed=3 timeout=15 ballot=12 promises=0 accepted=0
[step=169] DELIVER from=1 to=20 type=Prepare { ballot: 5 } queue_len=262
[PAXOS-TICK] phase=WaitingForPromises elapsed=4 timeout=15 ballot=12 promises=0 accepted=0
[step=170] DELIVER from=1 to=21 type=Prepare { ballot: 5 } queue_len=262
[PAXOS-TICK] phase=WaitingForPromises elapsed=5 timeout=15 ballot=12 promises=0 accepted=0
[step=171] DELIVER from=1 to=22 type=Prepare { ballot: 5 } queue_len=262
[PAXOS-TICK] phase=WaitingForPromises elapsed=6 timeout=15 ballot=12 promises=0 accepted=0
[step=172] DELIVER from=1 to=23 type=Prepare { ballot: 5 } queue_len=262
[PAXOS-TICK] phase=WaitingForPromises elapsed=7 timeout=15 ballot=12 promises=0 accepted=0
[step=173] DELIVER from=1 to=24 type=Prepare { ballot: 5 } queue_len=262
[PAXOS-TICK] phase=WaitingForPromises elapsed=8 timeout=15 ballot=12 promises=0 accepted=0
[step=174] DELIVER from=1 to=25 type=Prepare { ballot: 5 } queue_len=262
[PAXOS-TICK] phase=WaitingForPromises elapsed=9 timeout=15 ballot=12 promises=0 accepted=0
[step=175] DELIVER from=17 to=1 type=Promise { ballot: 2, accepted_ballot: None, accepted_value: None } queue_len=262
[PROMISE-TRACE] from=17 received_ballot=2 current_ballot=12 match=false
[PAXOS-TICK] phase=WaitingForPromises elapsed=10 timeout=15 ballot=12 promises=0 accepted=0
[step=176] DELIVER from=18 to=1 type=Promise { ballot: 2, accepted_ballot: None, accepted_value: None } queue_len=261
[PROMISE-TRACE] from=18 received_ballot=2 current_ballot=12 match=false
[PAXOS-TICK] phase=WaitingForPromises elapsed=11 timeout=15 ballot=12 promises=0 accepted=0
[step=177] DELIVER from=19 to=1 type=Promise { ballot: 2, accepted_ballot: None, accepted_value: None } queue_len=260
[PROMISE-TRACE] from=19 received_ballot=2 current_ballot=12 match=false
[PAXOS-TICK] phase=WaitingForPromises elapsed=12 timeout=15 ballot=12 promises=0 accepted=0
[step=178] DELIVER from=20 to=1 type=Promise { ballot: 2, accepted_ballot: None, accepted_value: None } queue_len=259
[PROMISE-TRACE] from=20 received_ballot=2 current_ballot=12 match=false
[PAXOS-TICK] phase=WaitingForPromises elapsed=13 timeout=15 ballot=12 promises=0 accepted=0
[step=179] DELIVER from=21 to=1 type=Promise { ballot: 2, accepted_ballot: None, accepted_value: None } queue_len=258
[PROMISE-TRACE] from=21 received_ballot=2 current_ballot=12 match=false
[PAXOS-TICK] phase=WaitingForPromises elapsed=14 timeout=15 ballot=12 promises=0 accepted=0
[TIMEOUT-CAUSE] phase=WaitingForPromises ballot=12 promises=0 accepted=0 quorum=13
[step=180] DELIVER from=22 to=1 type=Promise { ballot: 2, accepted_ballot: None, accepted_value: None } queue_len=282
[PROMISE-TRACE] from=22 received_ballot=2 current_ballot=13 match=false
[PAXOS-TICK] phase=WaitingForPromises elapsed=0 timeout=15 ballot=13 promises=0 accepted=0
[step=181] DELIVER from=24 to=1 type=Promise { ballot: 2, accepted_ballot: None, accepted_value: None } queue_len=281
[PROMISE-TRACE] from=24 received_ballot=2 current_ballot=13 match=false
[PAXOS-TICK] phase=WaitingForPromises elapsed=1 timeout=15 ballot=13 promises=0 accepted=0
[step=182] DELIVER from=25 to=1 type=Promise { ballot: 2, accepted_ballot: None, accepted_value: None } queue_len=280
[PROMISE-TRACE] from=25 received_ballot=2 current_ballot=13 match=false
[PAXOS-TICK] phase=WaitingForPromises elapsed=2 timeout=15 ballot=13 promises=0 accepted=0
[step=183] DELIVER from=8 to=1 type=Promise { ballot: 2, accepted_ballot: None, accepted_value: None } queue_len=279
[PROMISE-TRACE] from=8 received_ballot=2 current_ballot=13 match=false
[PAXOS-TICK] phase=WaitingForPromises elapsed=3 timeout=15 ballot=13 promises=0 accepted=0
[step=184] DELIVER from=23 to=1 type=Promise { ballot: 2, accepted_ballot: None, accepted_value: None } queue_len=278
[PROMISE-TRACE] from=23 received_ballot=2 current_ballot=13 match=false
[PAXOS-TICK] phase=WaitingForPromises elapsed=4 timeout=15 ballot=13 promises=0 accepted=0
[step=185] DELIVER from=1 to=1 type=Prepare { ballot: 6 } queue_len=277
[PAXOS-TICK] phase=WaitingForPromises elapsed=5 timeout=15 ballot=13 promises=0 accepted=0
[step=186] DELIVER from=1 to=2 type=Prepare { ballot: 6 } queue_len=277
[PAXOS-TICK] phase=WaitingForPromises elapsed=6 timeout=15 ballot=13 promises=0 accepted=0
[step=187] DELIVER from=1 to=3 type=Prepare { ballot: 6 } queue_len=277
[PAXOS-TICK] phase=WaitingForPromises elapsed=7 timeout=15 ballot=13 promises=0 accepted=0
[step=188] DELIVER from=1 to=4 type=Prepare { ballot: 6 } queue_len=277
[PAXOS-TICK] phase=WaitingForPromises elapsed=8 timeout=15 ballot=13 promises=0 accepted=0
[step=189] DELIVER from=1 to=5 type=Prepare { ballot: 6 } queue_len=277
[PAXOS-TICK] phase=WaitingForPromises elapsed=9 timeout=15 ballot=13 promises=0 accepted=0
[step=190] DELIVER from=1 to=6 type=Prepare { ballot: 6 } queue_len=277
[PAXOS-TICK] phase=WaitingForPromises elapsed=10 timeout=15 ballot=13 promises=0 accepted=0
[step=191] DELIVER from=1 to=7 type=Prepare { ballot: 6 } queue_len=277
[PAXOS-TICK] phase=WaitingForPromises elapsed=11 timeout=15 ballot=13 promises=0 accepted=0
[step=192] DELIVER from=1 to=8 type=Prepare { ballot: 6 } queue_len=277
[PAXOS-TICK] phase=WaitingForPromises elapsed=12 timeout=15 ballot=13 promises=0 accepted=0
[step=193] DELIVER from=1 to=9 type=Prepare { ballot: 6 } queue_len=277
[PAXOS-TICK] phase=WaitingForPromises elapsed=13 timeout=15 ballot=13 promises=0 accepted=0
[step=194] DELIVER from=1 to=10 type=Prepare { ballot: 6 } queue_len=277
[PAXOS-TICK] phase=WaitingForPromises elapsed=14 timeout=15 ballot=13 promises=0 accepted=0
[TIMEOUT-CAUSE] phase=WaitingForPromises ballot=13 promises=0 accepted=0 quorum=13
[step=195] DELIVER from=1 to=11 type=Prepare { ballot: 6 } queue_len=302
[PAXOS-TICK] phase=WaitingForPromises elapsed=0 timeout=15 ballot=14 promises=0 accepted=0
[step=196] DELIVER from=1 to=12 type=Prepare { ballot: 6 } queue_len=302
[PAXOS-TICK] phase=WaitingForPromises elapsed=1 timeout=15 ballot=14 promises=0 accepted=0
[step=197] DELIVER from=1 to=13 type=Prepare { ballot: 6 } queue_len=302
[PAXOS-TICK] phase=WaitingForPromises elapsed=2 timeout=15 ballot=14 promises=0 accepted=0
[step=198] DELIVER from=1 to=14 type=Prepare { ballot: 6 } queue_len=302
[PAXOS-TICK] phase=WaitingForPromises elapsed=3 timeout=15 ballot=14 promises=0 accepted=0
[step=199] DELIVER from=1 to=15 type=Prepare { ballot: 6 } queue_len=302
[PAXOS-TICK] phase=WaitingForPromises elapsed=4 timeout=15 ballot=14 promises=0 accepted=0
[step=200] DELIVER from=1 to=16 type=Prepare { ballot: 6 } queue_len=302
[PAXOS-TICK] phase=WaitingForPromises elapsed=5 timeout=15 ballot=14 promises=0 accepted=0
[step=201] DELIVER from=1 to=17 type=Prepare { ballot: 6 } queue_len=302
[PAXOS-TICK] phase=WaitingForPromises elapsed=6 timeout=15 ballot=14 promises=0 accepted=0
[step=202] DELIVER from=1 to=18 type=Prepare { ballot: 6 } queue_len=302
[PAXOS-TICK] phase=WaitingForPromises elapsed=7 timeout=15 ballot=14 promises=0 accepted=0
[step=203] DELIVER from=1 to=19 type=Prepare { ballot: 6 } queue_len=302
[PAXOS-TICK] phase=WaitingForPromises elapsed=8 timeout=15 ballot=14 promises=0 accepted=0
[step=204] DELIVER from=1 to=20 type=Prepare { ballot: 6 } queue_len=302
[PAXOS-TICK] phase=WaitingForPromises elapsed=9 timeout=15 ballot=14 promises=0 accepted=0
[step=205] DELIVER from=1 to=21 type=Prepare { ballot: 6 } queue_len=302
[PAXOS-TICK] phase=WaitingForPromises elapsed=10 timeout=15 ballot=14 promises=0 accepted=0
[step=206] DELIVER from=1 to=22 type=Prepare { ballot: 6 } queue_len=302
[PAXOS-TICK] phase=WaitingForPromises elapsed=11 timeout=15 ballot=14 promises=0 accepted=0
[step=207] DELIVER from=1 to=23 type=Prepare { ballot: 6 } queue_len=302
[PAXOS-TICK] phase=WaitingForPromises elapsed=12 timeout=15 ballot=14 promises=0 accepted=0
[step=208] DELIVER from=1 to=24 type=Prepare { ballot: 6 } queue_len=302
[PAXOS-TICK] phase=WaitingForPromises elapsed=13 timeout=15 ballot=14 promises=0 accepted=0
[step=209] DELIVER from=1 to=25 type=Prepare { ballot: 6 } queue_len=302
[PAXOS-TICK] phase=WaitingForPromises elapsed=14 timeout=15 ballot=14 promises=0 accepted=0
[TIMEOUT-CAUSE] phase=WaitingForPromises ballot=14 promises=0 accepted=0 quorum=13
[step=210] DELIVER from=6 to=1 type=Promise { ballot: 2, accepted_ballot: None, accepted_value: None } queue_len=327
[PROMISE-TRACE] from=6 received_ballot=2 current_ballot=15 match=false
[PAXOS-TICK] phase=WaitingForPromises elapsed=0 timeout=15 ballot=15 promises=0 accepted=0
[step=211] DELIVER from=1 to=1 type=Promise { ballot: 2, accepted_ballot: None, accepted_value: None } queue_len=326
[PROMISE-TRACE] from=1 received_ballot=2 current_ballot=15 match=false
[PAXOS-TICK] phase=WaitingForPromises elapsed=1 timeout=15 ballot=15 promises=0 accepted=0
[step=212] DELIVER from=2 to=1 type=Promise { ballot: 3, accepted_ballot: None, accepted_value: None } queue_len=325
[PROMISE-TRACE] from=2 received_ballot=3 current_ballot=15 match=false
[PAXOS-TICK] phase=WaitingForPromises elapsed=2 timeout=15 ballot=15 promises=0 accepted=0
[step=213] DELIVER from=3 to=1 type=Promise { ballot: 3, accepted_ballot: None, accepted_value: None } queue_len=324
[PROMISE-TRACE] from=3 received_ballot=3 current_ballot=15 match=false
[PAXOS-TICK] phase=WaitingForPromises elapsed=3 timeout=15 ballot=15 promises=0 accepted=0
[step=214] DELIVER from=4 to=1 type=Promise { ballot: 3, accepted_ballot: None, accepted_value: None } queue_len=323
[PROMISE-TRACE] from=4 received_ballot=3 current_ballot=15 match=false
[PAXOS-TICK] phase=WaitingForPromises elapsed=4 timeout=15 ballot=15 promises=0 accepted=0
[step=215] DELIVER from=5 to=1 type=Promise { ballot: 3, accepted_ballot: None, accepted_value: None } queue_len=322
[PROMISE-TRACE] from=5 received_ballot=3 current_ballot=15 match=false
[PAXOS-TICK] phase=WaitingForPromises elapsed=5 timeout=15 ballot=15 promises=0 accepted=0
[step=216] DELIVER from=6 to=1 type=Promise { ballot: 3, accepted_ballot: None, accepted_value: None } queue_len=321
[PROMISE-TRACE] from=6 received_ballot=3 current_ballot=15 match=false
[PAXOS-TICK] phase=WaitingForPromises elapsed=6 timeout=15 ballot=15 promises=0 accepted=0
[step=217] DELIVER from=7 to=1 type=Promise { ballot: 3, accepted_ballot: None, accepted_value: None } queue_len=320
[PROMISE-TRACE] from=7 received_ballot=3 current_ballot=15 match=false
[PAXOS-TICK] phase=WaitingForPromises elapsed=7 timeout=15 ballot=15 promises=0 accepted=0
[step=218] DELIVER from=8 to=1 type=Promise { ballot: 3, accepted_ballot: None, accepted_value: None } queue_len=319
[PROMISE-TRACE] from=8 received_ballot=3 current_ballot=15 match=false
[PAXOS-TICK] phase=WaitingForPromises elapsed=8 timeout=15 ballot=15 promises=0 accepted=0
[step=219] DELIVER from=9 to=1 type=Promise { ballot: 3, accepted_ballot: None, accepted_value: None } queue_len=318
[PROMISE-TRACE] from=9 received_ballot=3 current_ballot=15 match=false
[PAXOS-TICK] phase=WaitingForPromises elapsed=9 timeout=15 ballot=15 promises=0 accepted=0
[step=220] DELIVER from=1 to=1 type=Prepare { ballot: 7 } queue_len=317
[PAXOS-TICK] phase=WaitingForPromises elapsed=10 timeout=15 ballot=15 promises=0 accepted=0
[step=221] DELIVER from=1 to=2 type=Prepare { ballot: 7 } queue_len=317
[PAXOS-TICK] phase=WaitingForPromises elapsed=11 timeout=15 ballot=15 promises=0 accepted=0
[step=222] DELIVER from=1 to=3 type=Prepare { ballot: 7 } queue_len=317
[PAXOS-TICK] phase=WaitingForPromises elapsed=12 timeout=15 ballot=15 promises=0 accepted=0
[step=223] DELIVER from=1 to=4 type=Prepare { ballot: 7 } queue_len=317
[PAXOS-TICK] phase=WaitingForPromises elapsed=13 timeout=15 ballot=15 promises=0 accepted=0
[step=224] DELIVER from=1 to=5 type=Prepare { ballot: 7 } queue_len=317
[PAXOS-TICK] phase=WaitingForPromises elapsed=14 timeout=15 ballot=15 promises=0 accepted=0
[TIMEOUT-CAUSE] phase=WaitingForPromises ballot=15 promises=0 accepted=0 quorum=13
[step=225] DELIVER from=1 to=6 type=Prepare { ballot: 7 } queue_len=342
[PAXOS-TICK] phase=WaitingForPromises elapsed=0 timeout=15 ballot=16 promises=0 accepted=0
[step=226] DELIVER from=1 to=7 type=Prepare { ballot: 7 } queue_len=342
[PAXOS-TICK] phase=WaitingForPromises elapsed=1 timeout=15 ballot=16 promises=0 accepted=0
[step=227] DELIVER from=1 to=8 type=Prepare { ballot: 7 } queue_len=342
[PAXOS-TICK] phase=WaitingForPromises elapsed=2 timeout=15 ballot=16 promises=0 accepted=0
[step=228] DELIVER from=1 to=9 type=Prepare { ballot: 7 } queue_len=342
[PAXOS-TICK] phase=WaitingForPromises elapsed=3 timeout=15 ballot=16 promises=0 accepted=0
[step=229] DELIVER from=1 to=10 type=Prepare { ballot: 7 } queue_len=342
[PAXOS-TICK] phase=WaitingForPromises elapsed=4 timeout=15 ballot=16 promises=0 accepted=0
[step=230] DELIVER from=1 to=11 type=Prepare { ballot: 7 } queue_len=342
[PAXOS-TICK] phase=WaitingForPromises elapsed=5 timeout=15 ballot=16 promises=0 accepted=0
[step=231] DELIVER from=1 to=12 type=Prepare { ballot: 7 } queue_len=342
[PAXOS-TICK] phase=WaitingForPromises elapsed=6 timeout=15 ballot=16 promises=0 accepted=0
[step=232] DELIVER from=1 to=13 type=Prepare { ballot: 7 } queue_len=342
[PAXOS-TICK] phase=WaitingForPromises elapsed=7 timeout=15 ballot=16 promises=0 accepted=0
[step=233] DELIVER from=1 to=14 type=Prepare { ballot: 7 } queue_len=342
[PAXOS-TICK] phase=WaitingForPromises elapsed=8 timeout=15 ballot=16 promises=0 accepted=0
[step=234] DELIVER from=1 to=15 type=Prepare { ballot: 7 } queue_len=342
[PAXOS-TICK] phase=WaitingForPromises elapsed=9 timeout=15 ballot=16 promises=0 accepted=0
[step=235] DELIVER from=1 to=16 type=Prepare { ballot: 7 } queue_len=342
[PAXOS-TICK] phase=WaitingForPromises elapsed=10 timeout=15 ballot=16 promises=0 accepted=0
[step=236] DELIVER from=1 to=17 type=Prepare { ballot: 7 } queue_len=342
[PAXOS-TICK] phase=WaitingForPromises elapsed=11 timeout=15 ballot=16 promises=0 accepted=0
[step=237] DELIVER from=1 to=18 type=Prepare { ballot: 7 } queue_len=342
[PAXOS-TICK] phase=WaitingForPromises elapsed=12 timeout=15 ballot=16 promises=0 accepted=0
[step=238] DELIVER from=1 to=19 type=Prepare { ballot: 7 } queue_len=342
[PAXOS-TICK] phase=WaitingForPromises elapsed=13 timeout=15 ballot=16 promises=0 accepted=0
[step=239] DELIVER from=1 to=20 type=Prepare { ballot: 7 } queue_len=342
[PAXOS-TICK] phase=WaitingForPromises elapsed=14 timeout=15 ballot=16 promises=0 accepted=0
[TIMEOUT-CAUSE] phase=WaitingForPromises ballot=16 promises=0 accepted=0 quorum=13
[step=240] DELIVER from=1 to=21 type=Prepare { ballot: 7 } queue_len=367
[PAXOS-TICK] phase=WaitingForPromises elapsed=0 timeout=15 ballot=17 promises=0 accepted=0
[step=241] DELIVER from=1 to=22 type=Prepare { ballot: 7 } queue_len=367
[PAXOS-TICK] phase=WaitingForPromises elapsed=1 timeout=15 ballot=17 promises=0 accepted=0
[step=242] DELIVER from=1 to=23 type=Prepare { ballot: 7 } queue_len=367
[PAXOS-TICK] phase=WaitingForPromises elapsed=2 timeout=15 ballot=17 promises=0 accepted=0
[step=243] DELIVER from=1 to=24 type=Prepare { ballot: 7 } queue_len=367
[PAXOS-TICK] phase=WaitingForPromises elapsed=3 timeout=15 ballot=17 promises=0 accepted=0
[step=244] DELIVER from=1 to=25 type=Prepare { ballot: 7 } queue_len=367
[PAXOS-TICK] phase=WaitingForPromises elapsed=4 timeout=15 ballot=17 promises=0 accepted=0
[step=245] DELIVER from=10 to=1 type=Promise { ballot: 3, accepted_ballot: None, accepted_value: None } queue_len=367
[PROMISE-TRACE] from=10 received_ballot=3 current_ballot=17 match=false
[PAXOS-TICK] phase=WaitingForPromises elapsed=5 timeout=15 ballot=17 promises=0 accepted=0
[step=246] DELIVER from=11 to=1 type=Promise { ballot: 3, accepted_ballot: None, accepted_value: None } queue_len=366
[PROMISE-TRACE] from=11 received_ballot=3 current_ballot=17 match=false
[PAXOS-TICK] phase=WaitingForPromises elapsed=6 timeout=15 ballot=17 promises=0 accepted=0
[step=247] DELIVER from=12 to=1 type=Promise { ballot: 3, accepted_ballot: None, accepted_value: None } queue_len=365
[PROMISE-TRACE] from=12 received_ballot=3 current_ballot=17 match=false
[PAXOS-TICK] phase=WaitingForPromises elapsed=7 timeout=15 ballot=17 promises=0 accepted=0
[step=248] DELIVER from=13 to=1 type=Promise { ballot: 3, accepted_ballot: None, accepted_value: None } queue_len=364
[PROMISE-TRACE] from=13 received_ballot=3 current_ballot=17 match=false
[PAXOS-TICK] phase=WaitingForPromises elapsed=8 timeout=15 ballot=17 promises=0 accepted=0
[step=249] DELIVER from=14 to=1 type=Promise { ballot: 3, accepted_ballot: None, accepted_value: None } queue_len=363
[PROMISE-TRACE] from=14 received_ballot=3 current_ballot=17 match=false
[PAXOS-TICK] phase=WaitingForPromises elapsed=9 timeout=15 ballot=17 promises=0 accepted=0
[step=250] DELIVER from=15 to=1 type=Promise { ballot: 3, accepted_ballot: None, accepted_value: None } queue_len=362
[PROMISE-TRACE] from=15 received_ballot=3 current_ballot=17 match=false
[PAXOS-TICK] phase=WaitingForPromises elapsed=10 timeout=15 ballot=17 promises=0 accepted=0
[step=251] DELIVER from=16 to=1 type=Promise { ballot: 3, accepted_ballot: None, accepted_value: None } queue_len=361
[PROMISE-TRACE] from=16 received_ballot=3 current_ballot=17 match=false
[PAXOS-TICK] phase=WaitingForPromises elapsed=11 timeout=15 ballot=17 promises=0 accepted=0
[step=252] DELIVER from=17 to=1 type=Promise { ballot: 3, accepted_ballot: None, accepted_value: None } queue_len=360
[PROMISE-TRACE] from=17 received_ballot=3 current_ballot=17 match=false
[PAXOS-TICK] phase=WaitingForPromises elapsed=12 timeout=15 ballot=17 promises=0 accepted=0
[step=253] DELIVER from=18 to=1 type=Promise { ballot: 3, accepted_ballot: None, accepted_value: None } queue_len=359
[PROMISE-TRACE] from=18 received_ballot=3 current_ballot=17 match=false
[PAXOS-TICK] phase=WaitingForPromises elapsed=13 timeout=15 ballot=17 promises=0 accepted=0
[step=254] DELIVER from=19 to=1 type=Promise { ballot: 3, accepted_ballot: None, accepted_value: None } queue_len=358
[PROMISE-TRACE] from=19 received_ballot=3 current_ballot=17 match=false
[PAXOS-TICK] phase=WaitingForPromises elapsed=14 timeout=15 ballot=17 promises=0 accepted=0
[TIMEOUT-CAUSE] phase=WaitingForPromises ballot=17 promises=0 accepted=0 quorum=13
[step=255] DELIVER from=20 to=1 type=Promise { ballot: 3, accepted_ballot: None, accepted_value: None } queue_len=382
[PROMISE-TRACE] from=20 received_ballot=3 current_ballot=18 match=false
[PAXOS-TICK] phase=WaitingForPromises elapsed=0 timeout=15 ballot=18 promises=0 accepted=0
[step=256] DELIVER from=21 to=1 type=Promise { ballot: 3, accepted_ballot: None, accepted_value: None } queue_len=381
[PROMISE-TRACE] from=21 received_ballot=3 current_ballot=18 match=false
[PAXOS-TICK] phase=WaitingForPromises elapsed=1 timeout=15 ballot=18 promises=0 accepted=0
[step=257] DELIVER from=22 to=1 type=Promise { ballot: 3, accepted_ballot: None, accepted_value: None } queue_len=380
[PROMISE-TRACE] from=22 received_ballot=3 current_ballot=18 match=false
[PAXOS-TICK] phase=WaitingForPromises elapsed=2 timeout=15 ballot=18 promises=0 accepted=0
[step=258] DELIVER from=23 to=1 type=Promise { ballot: 3, accepted_ballot: None, accepted_value: None } queue_len=379
[PROMISE-TRACE] from=23 received_ballot=3 current_ballot=18 match=false
[PAXOS-TICK] phase=WaitingForPromises elapsed=3 timeout=15 ballot=18 promises=0 accepted=0
[step=259] DELIVER from=24 to=1 type=Promise { ballot: 3, accepted_ballot: None, accepted_value: None } queue_len=378
[PROMISE-TRACE] from=24 received_ballot=3 current_ballot=18 match=false
[PAXOS-TICK] phase=WaitingForPromises elapsed=4 timeout=15 ballot=18 promises=0 accepted=0
[step=260] DELIVER from=1 to=1 type=Prepare { ballot: 8 } queue_len=377
[PAXOS-TICK] phase=WaitingForPromises elapsed=5 timeout=15 ballot=18 promises=0 accepted=0
[step=261] DELIVER from=1 to=2 type=Prepare { ballot: 8 } queue_len=377
[PAXOS-TICK] phase=WaitingForPromises elapsed=6 timeout=15 ballot=18 promises=0 accepted=0
[step=262] DELIVER from=1 to=3 type=Prepare { ballot: 8 } queue_len=377
[PAXOS-TICK] phase=WaitingForPromises elapsed=7 timeout=15 ballot=18 promises=0 accepted=0
[step=263] DELIVER from=1 to=4 type=Prepare { ballot: 8 } queue_len=377
[PAXOS-TICK] phase=WaitingForPromises elapsed=8 timeout=15 ballot=18 promises=0 accepted=0
[step=264] DELIVER from=1 to=5 type=Prepare { ballot: 8 } queue_len=377
[PAXOS-TICK] phase=WaitingForPromises elapsed=9 timeout=15 ballot=18 promises=0 accepted=0
[step=265] DELIVER from=1 to=6 type=Prepare { ballot: 8 } queue_len=377
[PAXOS-TICK] phase=WaitingForPromises elapsed=10 timeout=15 ballot=18 promises=0 accepted=0
[step=266] DELIVER from=1 to=7 type=Prepare { ballot: 8 } queue_len=377
[PAXOS-TICK] phase=WaitingForPromises elapsed=11 timeout=15 ballot=18 promises=0 accepted=0
[step=267] DELIVER from=1 to=8 type=Prepare { ballot: 8 } queue_len=377
[PAXOS-TICK] phase=WaitingForPromises elapsed=12 timeout=15 ballot=18 promises=0 accepted=0
[step=268] DELIVER from=1 to=9 type=Prepare { ballot: 8 } queue_len=377
[PAXOS-TICK] phase=WaitingForPromises elapsed=13 timeout=15 ballot=18 promises=0 accepted=0
[step=269] DELIVER from=1 to=10 type=Prepare { ballot: 8 } queue_len=377
[PAXOS-TICK] phase=WaitingForPromises elapsed=14 timeout=15 ballot=18 promises=0 accepted=0
[TIMEOUT-CAUSE] phase=WaitingForPromises ballot=18 promises=0 accepted=0 quorum=13
[step=270] DELIVER from=1 to=11 type=Prepare { ballot: 8 } queue_len=402
[PAXOS-TICK] phase=WaitingForPromises elapsed=0 timeout=15 ballot=19 promises=0 accepted=0
[step=271] DELIVER from=1 to=12 type=Prepare { ballot: 8 } queue_len=402
[PAXOS-TICK] phase=WaitingForPromises elapsed=1 timeout=15 ballot=19 promises=0 accepted=0
[step=272] DELIVER from=1 to=13 type=Prepare { ballot: 8 } queue_len=402
[PAXOS-TICK] phase=WaitingForPromises elapsed=2 timeout=15 ballot=19 promises=0 accepted=0
[step=273] DELIVER from=1 to=14 type=Prepare { ballot: 8 } queue_len=402
[PAXOS-TICK] phase=WaitingForPromises elapsed=3 timeout=15 ballot=19 promises=0 accepted=0
[step=274] DELIVER from=1 to=15 type=Prepare { ballot: 8 } queue_len=402
[PAXOS-TICK] phase=WaitingForPromises elapsed=4 timeout=15 ballot=19 promises=0 accepted=0
[step=275] DELIVER from=1 to=16 type=Prepare { ballot: 8 } queue_len=402
[PAXOS-TICK] phase=WaitingForPromises elapsed=5 timeout=15 ballot=19 promises=0 accepted=0
[step=276] DELIVER from=1 to=17 type=Prepare { ballot: 8 } queue_len=402
[PAXOS-TICK] phase=WaitingForPromises elapsed=6 timeout=15 ballot=19 promises=0 accepted=0
[step=277] DELIVER from=1 to=18 type=Prepare { ballot: 8 } queue_len=402
[PAXOS-TICK] phase=WaitingForPromises elapsed=7 timeout=15 ballot=19 promises=0 accepted=0
[step=278] DELIVER from=1 to=19 type=Prepare { ballot: 8 } queue_len=402
[PAXOS-TICK] phase=WaitingForPromises elapsed=8 timeout=15 ballot=19 promises=0 accepted=0
[step=279] DELIVER from=1 to=20 type=Prepare { ballot: 8 } queue_len=402
[PAXOS-TICK] phase=WaitingForPromises elapsed=9 timeout=15 ballot=19 promises=0 accepted=0
[step=280] DELIVER from=1 to=21 type=Prepare { ballot: 8 } queue_len=402
[PAXOS-TICK] phase=WaitingForPromises elapsed=10 timeout=15 ballot=19 promises=0 accepted=0
[step=281] DELIVER from=1 to=22 type=Prepare { ballot: 8 } queue_len=402
[PAXOS-TICK] phase=WaitingForPromises elapsed=11 timeout=15 ballot=19 promises=0 accepted=0
[step=282] DELIVER from=1 to=23 type=Prepare { ballot: 8 } queue_len=402
[PAXOS-TICK] phase=WaitingForPromises elapsed=12 timeout=15 ballot=19 promises=0 accepted=0
[step=283] DELIVER from=1 to=24 type=Prepare { ballot: 8 } queue_len=402
[PAXOS-TICK] phase=WaitingForPromises elapsed=13 timeout=15 ballot=19 promises=0 accepted=0
[step=284] DELIVER from=1 to=25 type=Prepare { ballot: 8 } queue_len=402
[PAXOS-TICK] phase=WaitingForPromises elapsed=14 timeout=15 ballot=19 promises=0 accepted=0
[TIMEOUT-CAUSE] phase=WaitingForPromises ballot=19 promises=0 accepted=0 quorum=13
[step=285] DELIVER from=25 to=1 type=Promise { ballot: 3, accepted_ballot: None, accepted_value: None } queue_len=427
[PROMISE-TRACE] from=25 received_ballot=3 current_ballot=20 match=false
[PAXOS-TICK] phase=WaitingForPromises elapsed=0 timeout=15 ballot=20 promises=0 accepted=0
[step=286] DELIVER from=1 to=1 type=Promise { ballot: 3, accepted_ballot: None, accepted_value: None } queue_len=426
[PROMISE-TRACE] from=1 received_ballot=3 current_ballot=20 match=false
[PAXOS-TICK] phase=WaitingForPromises elapsed=1 timeout=15 ballot=20 promises=0 accepted=0
[step=287] DELIVER from=1 to=1 type=Promise { ballot: 4, accepted_ballot: None, accepted_value: None } queue_len=425
[PROMISE-TRACE] from=1 received_ballot=4 current_ballot=20 match=false
[PAXOS-TICK] phase=WaitingForPromises elapsed=2 timeout=15 ballot=20 promises=0 accepted=0
[step=288] DELIVER from=2 to=1 type=Promise { ballot: 4, accepted_ballot: None, accepted_value: None } queue_len=424
[PROMISE-TRACE] from=2 received_ballot=4 current_ballot=20 match=false
[PAXOS-TICK] phase=WaitingForPromises elapsed=3 timeout=15 ballot=20 promises=0 accepted=0
[step=289] DELIVER from=3 to=1 type=Promise { ballot: 4, accepted_ballot: None, accepted_value: None } queue_len=423
[PROMISE-TRACE] from=3 received_ballot=4 current_ballot=20 match=false
[PAXOS-TICK] phase=WaitingForPromises elapsed=4 timeout=15 ballot=20 promises=0 accepted=0
[step=290] DELIVER from=4 to=1 type=Promise { ballot: 4, accepted_ballot: None, accepted_value: None } queue_len=422
[PROMISE-TRACE] from=4 received_ballot=4 current_ballot=20 match=false
[PAXOS-TICK] phase=WaitingForPromises elapsed=5 timeout=15 ballot=20 promises=0 accepted=0
[step=291] DELIVER from=5 to=1 type=Promise { ballot: 4, accepted_ballot: None, accepted_value: None } queue_len=421
[PROMISE-TRACE] from=5 received_ballot=4 current_ballot=20 match=false
[PAXOS-TICK] phase=WaitingForPromises elapsed=6 timeout=15 ballot=20 promises=0 accepted=0
[step=292] DELIVER from=6 to=1 type=Promise { ballot: 4, accepted_ballot: None, accepted_value: None } queue_len=420
[PROMISE-TRACE] from=6 received_ballot=4 current_ballot=20 match=false
[PAXOS-TICK] phase=WaitingForPromises elapsed=7 timeout=15 ballot=20 promises=0 accepted=0
[step=293] DELIVER from=7 to=1 type=Promise { ballot: 4, accepted_ballot: None, accepted_value: None } queue_len=419
[PROMISE-TRACE] from=7 received_ballot=4 current_ballot=20 match=false
[PAXOS-TICK] phase=WaitingForPromises elapsed=8 timeout=15 ballot=20 promises=0 accepted=0
[step=294] DELIVER from=8 to=1 type=Promise { ballot: 4, accepted_ballot: None, accepted_value: None } queue_len=418
[PROMISE-TRACE] from=8 received_ballot=4 current_ballot=20 match=false
[PAXOS-TICK] phase=WaitingForPromises elapsed=9 timeout=15 ballot=20 promises=0 accepted=0
[step=295] DELIVER from=1 to=1 type=Prepare { ballot: 9 } queue_len=417
[PAXOS-TICK] phase=WaitingForPromises elapsed=10 timeout=15 ballot=20 promises=0 accepted=0
[step=296] DELIVER from=1 to=2 type=Prepare { ballot: 9 } queue_len=417
[PAXOS-TICK] phase=WaitingForPromises elapsed=11 timeout=15 ballot=20 promises=0 accepted=0
[step=297] DELIVER from=1 to=3 type=Prepare { ballot: 9 } queue_len=417
[PAXOS-TICK] phase=WaitingForPromises elapsed=12 timeout=15 ballot=20 promises=0 accepted=0
[step=298] DELIVER from=1 to=4 type=Prepare { ballot: 9 } queue_len=417
[PAXOS-TICK] phase=WaitingForPromises elapsed=13 timeout=15 ballot=20 promises=0 accepted=0
[step=299] DELIVER from=1 to=5 type=Prepare { ballot: 9 } queue_len=417
[PAXOS-TICK] phase=WaitingForPromises elapsed=14 timeout=15 ballot=20 promises=0 accepted=0
[TIMEOUT-CAUSE] phase=WaitingForPromises ballot=20 promises=0 accepted=0 quorum=13
[step=300] DELIVER from=1 to=6 type=Prepare { ballot: 9 } queue_len=442
[PAXOS-TICK] phase=WaitingForPromises elapsed=0 timeout=15 ballot=21 promises=0 accepted=0
[step=301] DELIVER from=1 to=7 type=Prepare { ballot: 9 } queue_len=442
[PAXOS-TICK] phase=WaitingForPromises elapsed=1 timeout=15 ballot=21 promises=0 accepted=0
[step=302] DELIVER from=1 to=8 type=Prepare { ballot: 9 } queue_len=442
[PAXOS-TICK] phase=WaitingForPromises elapsed=2 timeout=15 ballot=21 promises=0 accepted=0
[step=303] DELIVER from=1 to=9 type=Prepare { ballot: 9 } queue_len=442
[PAXOS-TICK] phase=WaitingForPromises elapsed=3 timeout=15 ballot=21 promises=0 accepted=0
[step=304] DELIVER from=1 to=10 type=Prepare { ballot: 9 } queue_len=442
[PAXOS-TICK] phase=WaitingForPromises elapsed=4 timeout=15 ballot=21 promises=0 accepted=0
[step=305] DELIVER from=1 to=11 type=Prepare { ballot: 9 } queue_len=442
[PAXOS-TICK] phase=WaitingForPromises elapsed=5 timeout=15 ballot=21 promises=0 accepted=0
[step=306] DELIVER from=1 to=12 type=Prepare { ballot: 9 } queue_len=442
[PAXOS-TICK] phase=WaitingForPromises elapsed=6 timeout=15 ballot=21 promises=0 accepted=0
[step=307] DELIVER from=1 to=13 type=Prepare { ballot: 9 } queue_len=442
[PAXOS-TICK] phase=WaitingForPromises elapsed=7 timeout=15 ballot=21 promises=0 accepted=0
[step=308] DELIVER from=1 to=14 type=Prepare { ballot: 9 } queue_len=442
[PAXOS-TICK] phase=WaitingForPromises elapsed=8 timeout=15 ballot=21 promises=0 accepted=0
[step=309] DELIVER from=1 to=15 type=Prepare { ballot: 9 } queue_len=442
[PAXOS-TICK] phase=WaitingForPromises elapsed=9 timeout=15 ballot=21 promises=0 accepted=0
[step=310] DELIVER from=1 to=16 type=Prepare { ballot: 9 } queue_len=442
[PAXOS-TICK] phase=WaitingForPromises elapsed=10 timeout=15 ballot=21 promises=0 accepted=0
[step=311] DELIVER from=1 to=17 type=Prepare { ballot: 9 } queue_len=442
[PAXOS-TICK] phase=WaitingForPromises elapsed=11 timeout=15 ballot=21 promises=0 accepted=0
[step=312] DELIVER from=1 to=18 type=Prepare { ballot: 9 } queue_len=442
[PAXOS-TICK] phase=WaitingForPromises elapsed=12 timeout=15 ballot=21 promises=0 accepted=0
[step=313] DELIVER from=1 to=19 type=Prepare { ballot: 9 } queue_len=442
[PAXOS-TICK] phase=WaitingForPromises elapsed=13 timeout=15 ballot=21 promises=0 accepted=0
[step=314] DELIVER from=1 to=20 type=Prepare { ballot: 9 } queue_len=442
[PAXOS-TICK] phase=WaitingForPromises elapsed=14 timeout=15 ballot=21 promises=0 accepted=0
[TIMEOUT-CAUSE] phase=WaitingForPromises ballot=21 promises=0 accepted=0 quorum=13
[step=315] DELIVER from=1 to=21 type=Prepare { ballot: 9 } queue_len=467
[PAXOS-TICK] phase=WaitingForPromises elapsed=0 timeout=15 ballot=22 promises=0 accepted=0
[step=316] DELIVER from=1 to=22 type=Prepare { ballot: 9 } queue_len=467
[PAXOS-TICK] phase=WaitingForPromises elapsed=1 timeout=15 ballot=22 promises=0 accepted=0
[step=317] DELIVER from=1 to=23 type=Prepare { ballot: 9 } queue_len=467
[PAXOS-TICK] phase=WaitingForPromises elapsed=2 timeout=15 ballot=22 promises=0 accepted=0
[step=318] DELIVER from=1 to=24 type=Prepare { ballot: 9 } queue_len=467
[PAXOS-TICK] phase=WaitingForPromises elapsed=3 timeout=15 ballot=22 promises=0 accepted=0
[step=319] DELIVER from=1 to=25 type=Prepare { ballot: 9 } queue_len=467
[PAXOS-TICK] phase=WaitingForPromises elapsed=4 timeout=15 ballot=22 promises=0 accepted=0
[step=320] DELIVER from=9 to=1 type=Promise { ballot: 4, accepted_ballot: None, accepted_value: None } queue_len=467
[PROMISE-TRACE] from=9 received_ballot=4 current_ballot=22 match=false
[PAXOS-TICK] phase=WaitingForPromises elapsed=5 timeout=15 ballot=22 promises=0 accepted=0
[step=321] DELIVER from=10 to=1 type=Promise { ballot: 4, accepted_ballot: None, accepted_value: None } queue_len=466
[PROMISE-TRACE] from=10 received_ballot=4 current_ballot=22 match=false
[PAXOS-TICK] phase=WaitingForPromises elapsed=6 timeout=15 ballot=22 promises=0 accepted=0
[step=322] DELIVER from=11 to=1 type=Promise { ballot: 4, accepted_ballot: None, accepted_value: None } queue_len=465
[PROMISE-TRACE] from=11 received_ballot=4 current_ballot=22 match=false
[PAXOS-TICK] phase=WaitingForPromises elapsed=7 timeout=15 ballot=22 promises=0 accepted=0
[step=323] DELIVER from=12 to=1 type=Promise { ballot: 4, accepted_ballot: None, accepted_value: None } queue_len=464
[PROMISE-TRACE] from=12 received_ballot=4 current_ballot=22 match=false
[PAXOS-TICK] phase=WaitingForPromises elapsed=8 timeout=15 ballot=22 promises=0 accepted=0
[step=324] DELIVER from=13 to=1 type=Promise { ballot: 4, accepted_ballot: None, accepted_value: None } queue_len=463
[PROMISE-TRACE] from=13 received_ballot=4 current_ballot=22 match=false
[PAXOS-TICK] phase=WaitingForPromises elapsed=9 timeout=15 ballot=22 promises=0 accepted=0
[step=325] DELIVER from=14 to=1 type=Promise { ballot: 4, accepted_ballot: None, accepted_value: None } queue_len=462
[PROMISE-TRACE] from=14 received_ballot=4 current_ballot=22 match=false
[PAXOS-TICK] phase=WaitingForPromises elapsed=10 timeout=15 ballot=22 promises=0 accepted=0
[step=326] DELIVER from=15 to=1 type=Promise { ballot: 4, accepted_ballot: None, accepted_value: None } queue_len=461
[PROMISE-TRACE] from=15 received_ballot=4 current_ballot=22 match=false
[PAXOS-TICK] phase=WaitingForPromises elapsed=11 timeout=15 ballot=22 promises=0 accepted=0
[step=327] DELIVER from=16 to=1 type=Promise { ballot: 4, accepted_ballot: None, accepted_value: None } queue_len=460
[PROMISE-TRACE] from=16 received_ballot=4 current_ballot=22 match=false
[PAXOS-TICK] phase=WaitingForPromises elapsed=12 timeout=15 ballot=22 promises=0 accepted=0
[step=328] DELIVER from=17 to=1 type=Promise { ballot: 4, accepted_ballot: None, accepted_value: None } queue_len=459
[PROMISE-TRACE] from=17 received_ballot=4 current_ballot=22 match=false
[PAXOS-TICK] phase=WaitingForPromises elapsed=13 timeout=15 ballot=22 promises=0 accepted=0
[step=329] DELIVER from=18 to=1 type=Promise { ballot: 4, accepted_ballot: None, accepted_value: None } queue_len=458
[PROMISE-TRACE] from=18 received_ballot=4 current_ballot=22 match=false
[PAXOS-TICK] phase=WaitingForPromises elapsed=14 timeout=15 ballot=22 promises=0 accepted=0
[TIMEOUT-CAUSE] phase=WaitingForPromises ballot=22 promises=0 accepted=0 quorum=13
[step=330] DELIVER from=19 to=1 type=Promise { ballot: 4, accepted_ballot: None, accepted_value: None } queue_len=482
[PROMISE-TRACE] from=19 received_ballot=4 current_ballot=23 match=false
[PAXOS-TICK] phase=WaitingForPromises elapsed=0 timeout=15 ballot=23 promises=0 accepted=0
[step=331] DELIVER from=20 to=1 type=Promise { ballot: 4, accepted_ballot: None, accepted_value: None } queue_len=481
[PROMISE-TRACE] from=20 received_ballot=4 current_ballot=23 match=false
[PAXOS-TICK] phase=WaitingForPromises elapsed=1 timeout=15 ballot=23 promises=0 accepted=0
[step=332] DELIVER from=21 to=1 type=Promise { ballot: 4, accepted_ballot: None, accepted_value: None } queue_len=480
[PROMISE-TRACE] from=21 received_ballot=4 current_ballot=23 match=false
[PAXOS-TICK] phase=WaitingForPromises elapsed=2 timeout=15 ballot=23 promises=0 accepted=0
[step=333] DELIVER from=22 to=1 type=Promise { ballot: 4, accepted_ballot: None, accepted_value: None } queue_len=479
[PROMISE-TRACE] from=22 received_ballot=4 current_ballot=23 match=false
[PAXOS-TICK] phase=WaitingForPromises elapsed=3 timeout=15 ballot=23 promises=0 accepted=0
[step=334] DELIVER from=23 to=1 type=Promise { ballot: 4, accepted_ballot: None, accepted_value: None } queue_len=478
[PROMISE-TRACE] from=23 received_ballot=4 current_ballot=23 match=false
[PAXOS-TICK] phase=WaitingForPromises elapsed=4 timeout=15 ballot=23 promises=0 accepted=0
[step=335] DELIVER from=1 to=1 type=Prepare { ballot: 10 } queue_len=477
[PAXOS-TICK] phase=WaitingForPromises elapsed=5 timeout=15 ballot=23 promises=0 accepted=0
[step=336] DELIVER from=1 to=2 type=Prepare { ballot: 10 } queue_len=477
[PAXOS-TICK] phase=WaitingForPromises elapsed=6 timeout=15 ballot=23 promises=0 accepted=0
[step=337] DELIVER from=1 to=3 type=Prepare { ballot: 10 } queue_len=477
[PAXOS-TICK] phase=WaitingForPromises elapsed=7 timeout=15 ballot=23 promises=0 accepted=0
[step=338] DELIVER from=1 to=4 type=Prepare { ballot: 10 } queue_len=477
[PAXOS-TICK] phase=WaitingForPromises elapsed=8 timeout=15 ballot=23 promises=0 accepted=0
[step=339] DELIVER from=1 to=5 type=Prepare { ballot: 10 } queue_len=477
[PAXOS-TICK] phase=WaitingForPromises elapsed=9 timeout=15 ballot=23 promises=0 accepted=0
[step=340] DELIVER from=1 to=6 type=Prepare { ballot: 10 } queue_len=477
[PAXOS-TICK] phase=WaitingForPromises elapsed=10 timeout=15 ballot=23 promises=0 accepted=0
[step=341] DELIVER from=1 to=7 type=Prepare { ballot: 10 } queue_len=477
[PAXOS-TICK] phase=WaitingForPromises elapsed=11 timeout=15 ballot=23 promises=0 accepted=0
[step=342] DELIVER from=1 to=8 type=Prepare { ballot: 10 } queue_len=477
[PAXOS-TICK] phase=WaitingForPromises elapsed=12 timeout=15 ballot=23 promises=0 accepted=0
[step=343] DELIVER from=1 to=9 type=Prepare { ballot: 10 } queue_len=477
[PAXOS-TICK] phase=WaitingForPromises elapsed=13 timeout=15 ballot=23 promises=0 accepted=0
[step=344] DELIVER from=1 to=10 type=Prepare { ballot: 10 } queue_len=477
[PAXOS-TICK] phase=WaitingForPromises elapsed=14 timeout=15 ballot=23 promises=0 accepted=0
[TIMEOUT-CAUSE] phase=WaitingForPromises ballot=23 promises=0 accepted=0 quorum=13
[step=345] DELIVER from=1 to=11 type=Prepare { ballot: 10 } queue_len=502
[PAXOS-TICK] phase=WaitingForPromises elapsed=0 timeout=15 ballot=24 promises=0 accepted=0
[step=346] DELIVER from=1 to=12 type=Prepare { ballot: 10 } queue_len=502
[PAXOS-TICK] phase=WaitingForPromises elapsed=1 timeout=15 ballot=24 promises=0 accepted=0
[step=347] DELIVER from=1 to=13 type=Prepare { ballot: 10 } queue_len=502
[PAXOS-TICK] phase=WaitingForPromises elapsed=2 timeout=15 ballot=24 promises=0 accepted=0
[step=348] DELIVER from=1 to=14 type=Prepare { ballot: 10 } queue_len=502
[PAXOS-TICK] phase=WaitingForPromises elapsed=3 timeout=15 ballot=24 promises=0 accepted=0
[step=349] DELIVER from=1 to=15 type=Prepare { ballot: 10 } queue_len=502
[PAXOS-TICK] phase=WaitingForPromises elapsed=4 timeout=15 ballot=24 promises=0 accepted=0
[step=350] DELIVER from=1 to=16 type=Prepare { ballot: 10 } queue_len=502
[PAXOS-TICK] phase=WaitingForPromises elapsed=5 timeout=15 ballot=24 promises=0 accepted=0
[step=351] DELIVER from=1 to=17 type=Prepare { ballot: 10 } queue_len=502
[PAXOS-TICK] phase=WaitingForPromises elapsed=6 timeout=15 ballot=24 promises=0 accepted=0
[step=352] DELIVER from=1 to=18 type=Prepare { ballot: 10 } queue_len=502
[PAXOS-TICK] phase=WaitingForPromises elapsed=7 timeout=15 ballot=24 promises=0 accepted=0
[step=353] DELIVER from=1 to=19 type=Prepare { ballot: 10 } queue_len=502
[PAXOS-TICK] phase=WaitingForPromises elapsed=8 timeout=15 ballot=24 promises=0 accepted=0
[step=354] DELIVER from=1 to=20 type=Prepare { ballot: 10 } queue_len=502
[PAXOS-TICK] phase=WaitingForPromises elapsed=9 timeout=15 ballot=24 promises=0 accepted=0
[step=355] DELIVER from=1 to=21 type=Prepare { ballot: 10 } queue_len=502
[PAXOS-TICK] phase=WaitingForPromises elapsed=10 timeout=15 ballot=24 promises=0 accepted=0
[step=356] DELIVER from=1 to=22 type=Prepare { ballot: 10 } queue_len=502
[PAXOS-TICK] phase=WaitingForPromises elapsed=11 timeout=15 ballot=24 promises=0 accepted=0
[step=357] DELIVER from=1 to=23 type=Prepare { ballot: 10 } queue_len=502
[PAXOS-TICK] phase=WaitingForPromises elapsed=12 timeout=15 ballot=24 promises=0 accepted=0
[step=358] DELIVER from=1 to=24 type=Prepare { ballot: 10 } queue_len=502
[PAXOS-TICK] phase=WaitingForPromises elapsed=13 timeout=15 ballot=24 promises=0 accepted=0
[step=359] DELIVER from=1 to=25 type=Prepare { ballot: 10 } queue_len=502
[PAXOS-TICK] phase=WaitingForPromises elapsed=14 timeout=15 ballot=24 promises=0 accepted=0
[TIMEOUT-CAUSE] phase=WaitingForPromises ballot=24 promises=0 accepted=0 quorum=13
[step=360] DELIVER from=24 to=1 type=Promise { ballot: 4, accepted_ballot: None, accepted_value: None } queue_len=527
[PROMISE-TRACE] from=24 received_ballot=4 current_ballot=25 match=false
[PAXOS-TICK] phase=WaitingForPromises elapsed=0 timeout=15 ballot=25 promises=0 accepted=0
[step=361] DELIVER from=25 to=1 type=Promise { ballot: 4, accepted_ballot: None, accepted_value: None } queue_len=526
[PROMISE-TRACE] from=25 received_ballot=4 current_ballot=25 match=false
[PAXOS-TICK] phase=WaitingForPromises elapsed=1 timeout=15 ballot=25 promises=0 accepted=0
[step=362] DELIVER from=13 to=1 type=Nack { ballot: 2, promised_ballot: 4 } queue_len=525
[PAXOS-NACK] from=13 to=1 promised=4 current=25
[PAXOS-NACK-IGNORED] stale_nack ballot=2 current=25 promised=4
[PAXOS-TICK] phase=WaitingForPromises elapsed=2 timeout=15 ballot=25 promises=0 accepted=0
[step=363] DELIVER from=1 to=1 type=Prepare { ballot: 11 } queue_len=524
[PAXOS-TICK] phase=WaitingForPromises elapsed=3 timeout=15 ballot=25 promises=0 accepted=0
[step=364] DELIVER from=1 to=2 type=Prepare { ballot: 11 } queue_len=524
[PAXOS-TICK] phase=WaitingForPromises elapsed=4 timeout=15 ballot=25 promises=0 accepted=0
[step=365] DELIVER from=1 to=3 type=Prepare { ballot: 11 } queue_len=524
[PAXOS-TICK] phase=WaitingForPromises elapsed=5 timeout=15 ballot=25 promises=0 accepted=0
[step=366] DELIVER from=1 to=4 type=Prepare { ballot: 11 } queue_len=524
[PAXOS-TICK] phase=WaitingForPromises elapsed=6 timeout=15 ballot=25 promises=0 accepted=0
[step=367] DELIVER from=1 to=5 type=Prepare { ballot: 11 } queue_len=524
[PAXOS-TICK] phase=WaitingForPromises elapsed=7 timeout=15 ballot=25 promises=0 accepted=0
[step=368] DELIVER from=1 to=6 type=Prepare { ballot: 11 } queue_len=524
[PAXOS-TICK] phase=WaitingForPromises elapsed=8 timeout=15 ballot=25 promises=0 accepted=0
[step=369] DELIVER from=1 to=7 type=Prepare { ballot: 11 } queue_len=524
[PAXOS-TICK] phase=WaitingForPromises elapsed=9 timeout=15 ballot=25 promises=0 accepted=0
[step=370] DELIVER from=1 to=8 type=Prepare { ballot: 11 } queue_len=524
[PAXOS-TICK] phase=WaitingForPromises elapsed=10 timeout=15 ballot=25 promises=0 accepted=0
[step=371] DELIVER from=1 to=9 type=Prepare { ballot: 11 } queue_len=524
[PAXOS-TICK] phase=WaitingForPromises elapsed=11 timeout=15 ballot=25 promises=0 accepted=0
[step=372] DELIVER from=1 to=10 type=Prepare { ballot: 11 } queue_len=524
[PAXOS-TICK] phase=WaitingForPromises elapsed=12 timeout=15 ballot=25 promises=0 accepted=0
[step=373] DELIVER from=1 to=11 type=Prepare { ballot: 11 } queue_len=524
[PAXOS-TICK] phase=WaitingForPromises elapsed=13 timeout=15 ballot=25 promises=0 accepted=0
[step=374] DELIVER from=1 to=12 type=Prepare { ballot: 11 } queue_len=524
[PAXOS-TICK] phase=WaitingForPromises elapsed=14 timeout=15 ballot=25 promises=0 accepted=0
[TIMEOUT-CAUSE] phase=WaitingForPromises ballot=25 promises=0 accepted=0 quorum=13
[step=375] DELIVER from=1 to=13 type=Prepare { ballot: 11 } queue_len=549
[PAXOS-TICK] phase=WaitingForPromises elapsed=0 timeout=15 ballot=26 promises=0 accepted=0
[step=376] DELIVER from=1 to=14 type=Prepare { ballot: 11 } queue_len=549
[PAXOS-TICK] phase=WaitingForPromises elapsed=1 timeout=15 ballot=26 promises=0 accepted=0
[step=377] DELIVER from=1 to=15 type=Prepare { ballot: 11 } queue_len=549
[PAXOS-TICK] phase=WaitingForPromises elapsed=2 timeout=15 ballot=26 promises=0 accepted=0
[step=378] DELIVER from=1 to=16 type=Prepare { ballot: 11 } queue_len=549
[PAXOS-TICK] phase=WaitingForPromises elapsed=3 timeout=15 ballot=26 promises=0 accepted=0
[step=379] DELIVER from=1 to=17 type=Prepare { ballot: 11 } queue_len=549
[PAXOS-TICK] phase=WaitingForPromises elapsed=4 timeout=15 ballot=26 promises=0 accepted=0
[step=380] DELIVER from=1 to=18 type=Prepare { ballot: 11 } queue_len=549
[PAXOS-TICK] phase=WaitingForPromises elapsed=5 timeout=15 ballot=26 promises=0 accepted=0
[step=381] DELIVER from=1 to=19 type=Prepare { ballot: 11 } queue_len=549
[PAXOS-TICK] phase=WaitingForPromises elapsed=6 timeout=15 ballot=26 promises=0 accepted=0
[step=382] DELIVER from=1 to=20 type=Prepare { ballot: 11 } queue_len=549
[PAXOS-TICK] phase=WaitingForPromises elapsed=7 timeout=15 ballot=26 promises=0 accepted=0
[step=383] DELIVER from=1 to=21 type=Prepare { ballot: 11 } queue_len=549
[PAXOS-TICK] phase=WaitingForPromises elapsed=8 timeout=15 ballot=26 promises=0 accepted=0
[step=384] DELIVER from=1 to=22 type=Prepare { ballot: 11 } queue_len=549
[PAXOS-TICK] phase=WaitingForPromises elapsed=9 timeout=15 ballot=26 promises=0 accepted=0
[step=385] DELIVER from=1 to=23 type=Prepare { ballot: 11 } queue_len=549
[PAXOS-TICK] phase=WaitingForPromises elapsed=10 timeout=15 ballot=26 promises=0 accepted=0
[step=386] DELIVER from=1 to=24 type=Prepare { ballot: 11 } queue_len=549
[PAXOS-TICK] phase=WaitingForPromises elapsed=11 timeout=15 ballot=26 promises=0 accepted=0
[step=387] DELIVER from=1 to=25 type=Prepare { ballot: 11 } queue_len=549
[PAXOS-TICK] phase=WaitingForPromises elapsed=12 timeout=15 ballot=26 promises=0 accepted=0
[step=388] DELIVER from=1 to=1 type=Promise { ballot: 5, accepted_ballot: None, accepted_value: None } queue_len=549
[PROMISE-TRACE] from=1 received_ballot=5 current_ballot=26 match=false
[PAXOS-TICK] phase=WaitingForPromises elapsed=13 timeout=15 ballot=26 promises=0 accepted=0
[step=389] DELIVER from=2 to=1 type=Promise { ballot: 5, accepted_ballot: None, accepted_value: None } queue_len=548
[PROMISE-TRACE] from=2 received_ballot=5 current_ballot=26 match=false
[PAXOS-TICK] phase=WaitingForPromises elapsed=14 timeout=15 ballot=26 promises=0 accepted=0
[TIMEOUT-CAUSE] phase=WaitingForPromises ballot=26 promises=0 accepted=0 quorum=13
[step=390] DELIVER from=3 to=1 type=Promise { ballot: 5, accepted_ballot: None, accepted_value: None } queue_len=572
[PROMISE-TRACE] from=3 received_ballot=5 current_ballot=27 match=false
[PAXOS-TICK] phase=WaitingForPromises elapsed=0 timeout=15 ballot=27 promises=0 accepted=0
[step=391] DELIVER from=4 to=1 type=Promise { ballot: 5, accepted_ballot: None, accepted_value: None } queue_len=571
[PROMISE-TRACE] from=4 received_ballot=5 current_ballot=27 match=false
[PAXOS-TICK] phase=WaitingForPromises elapsed=1 timeout=15 ballot=27 promises=0 accepted=0
[step=392] DELIVER from=5 to=1 type=Promise { ballot: 5, accepted_ballot: None, accepted_value: None } queue_len=570
[PROMISE-TRACE] from=5 received_ballot=5 current_ballot=27 match=false
[PAXOS-TICK] phase=WaitingForPromises elapsed=2 timeout=15 ballot=27 promises=0 accepted=0
[step=393] DELIVER from=6 to=1 type=Promise { ballot: 5, accepted_ballot: None, accepted_value: None } queue_len=569
[PROMISE-TRACE] from=6 received_ballot=5 current_ballot=27 match=false
[PAXOS-TICK] phase=WaitingForPromises elapsed=3 timeout=15 ballot=27 promises=0 accepted=0
[step=394] DELIVER from=7 to=1 type=Promise { ballot: 5, accepted_ballot: None, accepted_value: None } queue_len=568
[PROMISE-TRACE] from=7 received_ballot=5 current_ballot=27 match=false
[PAXOS-TICK] phase=WaitingForPromises elapsed=4 timeout=15 ballot=27 promises=0 accepted=0
[step=395] DELIVER from=8 to=1 type=Promise { ballot: 5, accepted_ballot: None, accepted_value: None } queue_len=567
[PROMISE-TRACE] from=8 received_ballot=5 current_ballot=27 match=false
[PAXOS-TICK] phase=WaitingForPromises elapsed=5 timeout=15 ballot=27 promises=0 accepted=0
[step=396] DELIVER from=9 to=1 type=Promise { ballot: 5, accepted_ballot: None, accepted_value: None } queue_len=566
[PROMISE-TRACE] from=9 received_ballot=5 current_ballot=27 match=false
[PAXOS-TICK] phase=WaitingForPromises elapsed=6 timeout=15 ballot=27 promises=0 accepted=0
[step=397] DELIVER from=10 to=1 type=Promise { ballot: 5, accepted_ballot: None, accepted_value: None } queue_len=565
[PROMISE-TRACE] from=10 received_ballot=5 current_ballot=27 match=false
[PAXOS-TICK] phase=WaitingForPromises elapsed=7 timeout=15 ballot=27 promises=0 accepted=0
[step=398] DELIVER from=11 to=1 type=Promise { ballot: 5, accepted_ballot: None, accepted_value: None } queue_len=564
[PROMISE-TRACE] from=11 received_ballot=5 current_ballot=27 match=false
[PAXOS-TICK] phase=WaitingForPromises elapsed=8 timeout=15 ballot=27 promises=0 accepted=0
[step=399] DELIVER from=12 to=1 type=Promise { ballot: 5, accepted_ballot: None, accepted_value: None } queue_len=563
[PROMISE-TRACE] from=12 received_ballot=5 current_ballot=27 match=false
[PAXOS-TICK] phase=WaitingForPromises elapsed=9 timeout=15 ballot=27 promises=0 accepted=0
[step=400] DELIVER from=13 to=1 type=Promise { ballot: 5, accepted_ballot: None, accepted_value: None } queue_len=562
[PROMISE-TRACE] from=13 received_ballot=5 current_ballot=27 match=false
[PAXOS-TICK] phase=WaitingForPromises elapsed=10 timeout=15 ballot=27 promises=0 accepted=0
[step=401] DELIVER from=14 to=1 type=Promise { ballot: 5, accepted_ballot: None, accepted_value: None } queue_len=561
[PROMISE-TRACE] from=14 received_ballot=5 current_ballot=27 match=false
[PAXOS-TICK] phase=WaitingForPromises elapsed=11 timeout=15 ballot=27 promises=0 accepted=0
[step=402] DELIVER from=15 to=1 type=Promise { ballot: 5, accepted_ballot: None, accepted_value: None } queue_len=560
[PROMISE-TRACE] from=15 received_ballot=5 current_ballot=27 match=false
[PAXOS-TICK] phase=WaitingForPromises elapsed=12 timeout=15 ballot=27 promises=0 accepted=0
[step=403] DELIVER from=1 to=1 type=Prepare { ballot: 12 } queue_len=559
[PAXOS-TICK] phase=WaitingForPromises elapsed=13 timeout=15 ballot=27 promises=0 accepted=0
[step=404] DELIVER from=1 to=2 type=Prepare { ballot: 12 } queue_len=559
[PAXOS-TICK] phase=WaitingForPromises elapsed=14 timeout=15 ballot=27 promises=0 accepted=0
[TIMEOUT-CAUSE] phase=WaitingForPromises ballot=27 promises=0 accepted=0 quorum=13
[step=405] DELIVER from=1 to=3 type=Prepare { ballot: 12 } queue_len=584
[PAXOS-TICK] phase=WaitingForPromises elapsed=0 timeout=15 ballot=28 promises=0 accepted=0
[step=406] DELIVER from=1 to=4 type=Prepare { ballot: 12 } queue_len=584
[PAXOS-TICK] phase=WaitingForPromises elapsed=1 timeout=15 ballot=28 promises=0 accepted=0
[step=407] DELIVER from=1 to=5 type=Prepare { ballot: 12 } queue_len=584
[PAXOS-TICK] phase=WaitingForPromises elapsed=2 timeout=15 ballot=28 promises=0 accepted=0
[step=408] DELIVER from=1 to=6 type=Prepare { ballot: 12 } queue_len=584
[PAXOS-TICK] phase=WaitingForPromises elapsed=3 timeout=15 ballot=28 promises=0 accepted=0
[step=409] DELIVER from=1 to=7 type=Prepare { ballot: 12 } queue_len=584
[PAXOS-TICK] phase=WaitingForPromises elapsed=4 timeout=15 ballot=28 promises=0 accepted=0
[step=410] DELIVER from=1 to=8 type=Prepare { ballot: 12 } queue_len=584
[PAXOS-TICK] phase=WaitingForPromises elapsed=5 timeout=15 ballot=28 promises=0 accepted=0
[step=411] DELIVER from=1 to=9 type=Prepare { ballot: 12 } queue_len=584
[PAXOS-TICK] phase=WaitingForPromises elapsed=6 timeout=15 ballot=28 promises=0 accepted=0
[step=412] DELIVER from=1 to=10 type=Prepare { ballot: 12 } queue_len=584
[PAXOS-TICK] phase=WaitingForPromises elapsed=7 timeout=15 ballot=28 promises=0 accepted=0
[step=413] DELIVER from=1 to=11 type=Prepare { ballot: 12 } queue_len=584
[PAXOS-TICK] phase=WaitingForPromises elapsed=8 timeout=15 ballot=28 promises=0 accepted=0
[step=414] DELIVER from=1 to=12 type=Prepare { ballot: 12 } queue_len=584
[PAXOS-TICK] phase=WaitingForPromises elapsed=9 timeout=15 ballot=28 promises=0 accepted=0
[step=415] DELIVER from=1 to=13 type=Prepare { ballot: 12 } queue_len=584
[PAXOS-TICK] phase=WaitingForPromises elapsed=10 timeout=15 ballot=28 promises=0 accepted=0
[step=416] DELIVER from=1 to=14 type=Prepare { ballot: 12 } queue_len=584
[PAXOS-TICK] phase=WaitingForPromises elapsed=11 timeout=15 ballot=28 promises=0 accepted=0
[step=417] DELIVER from=1 to=15 type=Prepare { ballot: 12 } queue_len=584
[PAXOS-TICK] phase=WaitingForPromises elapsed=12 timeout=15 ballot=28 promises=0 accepted=0
[step=418] DELIVER from=1 to=16 type=Prepare { ballot: 12 } queue_len=584
[PAXOS-TICK] phase=WaitingForPromises elapsed=13 timeout=15 ballot=28 promises=0 accepted=0
[step=419] DELIVER from=1 to=17 type=Prepare { ballot: 12 } queue_len=584
[PAXOS-TICK] phase=WaitingForPromises elapsed=14 timeout=15 ballot=28 promises=0 accepted=0
[TIMEOUT-CAUSE] phase=WaitingForPromises ballot=28 promises=0 accepted=0 quorum=13
[step=420] DELIVER from=1 to=18 type=Prepare { ballot: 12 } queue_len=609
[PAXOS-TICK] phase=WaitingForPromises elapsed=0 timeout=15 ballot=29 promises=0 accepted=0
[step=421] DELIVER from=1 to=19 type=Prepare { ballot: 12 } queue_len=609
[PAXOS-TICK] phase=WaitingForPromises elapsed=1 timeout=15 ballot=29 promises=0 accepted=0
[step=422] DELIVER from=1 to=20 type=Prepare { ballot: 12 } queue_len=609
[PAXOS-TICK] phase=WaitingForPromises elapsed=2 timeout=15 ballot=29 promises=0 accepted=0
[step=423] DELIVER from=1 to=21 type=Prepare { ballot: 12 } queue_len=609
[PAXOS-TICK] phase=WaitingForPromises elapsed=3 timeout=15 ballot=29 promises=0 accepted=0
[step=424] DELIVER from=1 to=22 type=Prepare { ballot: 12 } queue_len=609
[PAXOS-TICK] phase=WaitingForPromises elapsed=4 timeout=15 ballot=29 promises=0 accepted=0
[step=425] DELIVER from=1 to=23 type=Prepare { ballot: 12 } queue_len=609
[PAXOS-TICK] phase=WaitingForPromises elapsed=5 timeout=15 ballot=29 promises=0 accepted=0
[step=426] DELIVER from=1 to=24 type=Prepare { ballot: 12 } queue_len=609
[PAXOS-TICK] phase=WaitingForPromises elapsed=6 timeout=15 ballot=29 promises=0 accepted=0
[step=427] DELIVER from=1 to=25 type=Prepare { ballot: 12 } queue_len=609
[PAXOS-TICK] phase=WaitingForPromises elapsed=7 timeout=15 ballot=29 promises=0 accepted=0
[step=428] DELIVER from=16 to=1 type=Promise { ballot: 5, accepted_ballot: None, accepted_value: None } queue_len=609
[PROMISE-TRACE] from=16 received_ballot=5 current_ballot=29 match=false
[PAXOS-TICK] phase=WaitingForPromises elapsed=8 timeout=15 ballot=29 promises=0 accepted=0
[step=429] DELIVER from=17 to=1 type=Promise { ballot: 5, accepted_ballot: None, accepted_value: None } queue_len=608
[PROMISE-TRACE] from=17 received_ballot=5 current_ballot=29 match=false
[PAXOS-TICK] phase=WaitingForPromises elapsed=9 timeout=15 ballot=29 promises=0 accepted=0
[step=430] DELIVER from=18 to=1 type=Promise { ballot: 5, accepted_ballot: None, accepted_value: None } queue_len=607
[PROMISE-TRACE] from=18 received_ballot=5 current_ballot=29 match=false
[PAXOS-TICK] phase=WaitingForPromises elapsed=10 timeout=15 ballot=29 promises=0 accepted=0
[step=431] DELIVER from=19 to=1 type=Promise { ballot: 5, accepted_ballot: None, accepted_value: None } queue_len=606
[PROMISE-TRACE] from=19 received_ballot=5 current_ballot=29 match=false
[PAXOS-TICK] phase=WaitingForPromises elapsed=11 timeout=15 ballot=29 promises=0 accepted=0
[step=432] DELIVER from=20 to=1 type=Promise { ballot: 5, accepted_ballot: None, accepted_value: None } queue_len=605
[PROMISE-TRACE] from=20 received_ballot=5 current_ballot=29 match=false
[PAXOS-TICK] phase=WaitingForPromises elapsed=12 timeout=15 ballot=29 promises=0 accepted=0
[step=433] DELIVER from=21 to=1 type=Promise { ballot: 5, accepted_ballot: None, accepted_value: None } queue_len=604
[PROMISE-TRACE] from=21 received_ballot=5 current_ballot=29 match=false
[PAXOS-TICK] phase=WaitingForPromises elapsed=13 timeout=15 ballot=29 promises=0 accepted=0
[step=434] DELIVER from=22 to=1 type=Promise { ballot: 5, accepted_ballot: None, accepted_value: None } queue_len=603
[PROMISE-TRACE] from=22 received_ballot=5 current_ballot=29 match=false
[PAXOS-TICK] phase=WaitingForPromises elapsed=14 timeout=15 ballot=29 promises=0 accepted=0
[TIMEOUT-CAUSE] phase=WaitingForPromises ballot=29 promises=0 accepted=0 quorum=13
[step=435] DELIVER from=23 to=1 type=Promise { ballot: 5, accepted_ballot: None, accepted_value: None } queue_len=627
[PROMISE-TRACE] from=23 received_ballot=5 current_ballot=30 match=false
[PAXOS-TICK] phase=WaitingForPromises elapsed=0 timeout=15 ballot=30 promises=0 accepted=0
[step=436] DELIVER from=24 to=1 type=Promise { ballot: 5, accepted_ballot: None, accepted_value: None } queue_len=626
[PROMISE-TRACE] from=24 received_ballot=5 current_ballot=30 match=false
[PAXOS-TICK] phase=WaitingForPromises elapsed=1 timeout=15 ballot=30 promises=0 accepted=0
[step=437] DELIVER from=25 to=1 type=Promise { ballot: 5, accepted_ballot: None, accepted_value: None } queue_len=625
[PROMISE-TRACE] from=25 received_ballot=5 current_ballot=30 match=false
[PAXOS-TICK] phase=WaitingForPromises elapsed=2 timeout=15 ballot=30 promises=0 accepted=0
[step=438] DELIVER from=1 to=1 type=Prepare { ballot: 13 } queue_len=624
[PAXOS-TICK] phase=WaitingForPromises elapsed=3 timeout=15 ballot=30 promises=0 accepted=0
[step=439] DELIVER from=1 to=2 type=Prepare { ballot: 13 } queue_len=624
[PAXOS-TICK] phase=WaitingForPromises elapsed=4 timeout=15 ballot=30 promises=0 accepted=0
[step=440] DELIVER from=1 to=3 type=Prepare { ballot: 13 } queue_len=624
[PAXOS-TICK] phase=WaitingForPromises elapsed=5 timeout=15 ballot=30 promises=0 accepted=0
[step=441] DELIVER from=1 to=4 type=Prepare { ballot: 13 } queue_len=624
[PAXOS-TICK] phase=WaitingForPromises elapsed=6 timeout=15 ballot=30 promises=0 accepted=0
[step=442] DELIVER from=1 to=5 type=Prepare { ballot: 13 } queue_len=624
[PAXOS-TICK] phase=WaitingForPromises elapsed=7 timeout=15 ballot=30 promises=0 accepted=0
[step=443] DELIVER from=1 to=6 type=Prepare { ballot: 13 } queue_len=624
[PAXOS-TICK] phase=WaitingForPromises elapsed=8 timeout=15 ballot=30 promises=0 accepted=0
[step=444] DELIVER from=1 to=7 type=Prepare { ballot: 13 } queue_len=624
[PAXOS-TICK] phase=WaitingForPromises elapsed=9 timeout=15 ballot=30 promises=0 accepted=0
[step=445] DELIVER from=1 to=8 type=Prepare { ballot: 13 } queue_len=624
[PAXOS-TICK] phase=WaitingForPromises elapsed=10 timeout=15 ballot=30 promises=0 accepted=0
[step=446] DELIVER from=1 to=9 type=Prepare { ballot: 13 } queue_len=624
[PAXOS-TICK] phase=WaitingForPromises elapsed=11 timeout=15 ballot=30 promises=0 accepted=0
[step=447] DELIVER from=1 to=10 type=Prepare { ballot: 13 } queue_len=624
[PAXOS-TICK] phase=WaitingForPromises elapsed=12 timeout=15 ballot=30 promises=0 accepted=0
[step=448] DELIVER from=1 to=11 type=Prepare { ballot: 13 } queue_len=624
[PAXOS-TICK] phase=WaitingForPromises elapsed=13 timeout=15 ballot=30 promises=0 accepted=0
[step=449] DELIVER from=1 to=12 type=Prepare { ballot: 13 } queue_len=624
[PAXOS-TICK] phase=WaitingForPromises elapsed=14 timeout=15 ballot=30 promises=0 accepted=0
[TIMEOUT-CAUSE] phase=WaitingForPromises ballot=30 promises=0 accepted=0 quorum=13
[step=450] DELIVER from=1 to=13 type=Prepare { ballot: 13 } queue_len=649
[PAXOS-TICK] phase=WaitingForPromises elapsed=0 timeout=15 ballot=31 promises=0 accepted=0
[step=451] DELIVER from=1 to=14 type=Prepare { ballot: 13 } queue_len=649
[PAXOS-TICK] phase=WaitingForPromises elapsed=1 timeout=15 ballot=31 promises=0 accepted=0
[step=452] DELIVER from=1 to=15 type=Prepare { ballot: 13 } queue_len=649
[PAXOS-TICK] phase=WaitingForPromises elapsed=2 timeout=15 ballot=31 promises=0 accepted=0
[step=453] DELIVER from=1 to=16 type=Prepare { ballot: 13 } queue_len=649
[PAXOS-TICK] phase=WaitingForPromises elapsed=3 timeout=15 ballot=31 promises=0 accepted=0
[step=454] DELIVER from=1 to=17 type=Prepare { ballot: 13 } queue_len=649
[PAXOS-TICK] phase=WaitingForPromises elapsed=4 timeout=15 ballot=31 promises=0 accepted=0
[step=455] DELIVER from=1 to=18 type=Prepare { ballot: 13 } queue_len=649
[PAXOS-TICK] phase=WaitingForPromises elapsed=5 timeout=15 ballot=31 promises=0 accepted=0
[step=456] DELIVER from=1 to=19 type=Prepare { ballot: 13 } queue_len=649
[PAXOS-TICK] phase=WaitingForPromises elapsed=6 timeout=15 ballot=31 promises=0 accepted=0
[step=457] DELIVER from=1 to=20 type=Prepare { ballot: 13 } queue_len=649
[PAXOS-TICK] phase=WaitingForPromises elapsed=7 timeout=15 ballot=31 promises=0 accepted=0
[step=458] DELIVER from=1 to=21 type=Prepare { ballot: 13 } queue_len=649
[PAXOS-TICK] phase=WaitingForPromises elapsed=8 timeout=15 ballot=31 promises=0 accepted=0
[step=459] DELIVER from=1 to=22 type=Prepare { ballot: 13 } queue_len=649
[PAXOS-TICK] phase=WaitingForPromises elapsed=9 timeout=15 ballot=31 promises=0 accepted=0
[step=460] DELIVER from=1 to=23 type=Prepare { ballot: 13 } queue_len=649
[PAXOS-TICK] phase=WaitingForPromises elapsed=10 timeout=15 ballot=31 promises=0 accepted=0
[step=461] DELIVER from=1 to=24 type=Prepare { ballot: 13 } queue_len=649
[PAXOS-TICK] phase=WaitingForPromises elapsed=11 timeout=15 ballot=31 promises=0 accepted=0
[step=462] DELIVER from=1 to=25 type=Prepare { ballot: 13 } queue_len=649
[PAXOS-TICK] phase=WaitingForPromises elapsed=12 timeout=15 ballot=31 promises=0 accepted=0
[step=463] DELIVER from=1 to=1 type=Promise { ballot: 6, accepted_ballot: None, accepted_value: None } queue_len=649
[PROMISE-TRACE] from=1 received_ballot=6 current_ballot=31 match=false
[PAXOS-TICK] phase=WaitingForPromises elapsed=13 timeout=15 ballot=31 promises=0 accepted=0
[step=464] DELIVER from=2 to=1 type=Promise { ballot: 6, accepted_ballot: None, accepted_value: None } queue_len=648
[PROMISE-TRACE] from=2 received_ballot=6 current_ballot=31 match=false
[PAXOS-TICK] phase=WaitingForPromises elapsed=14 timeout=15 ballot=31 promises=0 accepted=0
[TIMEOUT-CAUSE] phase=WaitingForPromises ballot=31 promises=0 accepted=0 quorum=13
[step=465] DELIVER from=3 to=1 type=Promise { ballot: 6, accepted_ballot: None, accepted_value: None } queue_len=672
[PROMISE-TRACE] from=3 received_ballot=6 current_ballot=32 match=false
[PAXOS-TICK] phase=WaitingForPromises elapsed=0 timeout=15 ballot=32 promises=0 accepted=0
[step=466] DELIVER from=4 to=1 type=Promise { ballot: 6, accepted_ballot: None, accepted_value: None } queue_len=671
[PROMISE-TRACE] from=4 received_ballot=6 current_ballot=32 match=false
[PAXOS-TICK] phase=WaitingForPromises elapsed=1 timeout=15 ballot=32 promises=0 accepted=0
[step=467] DELIVER from=5 to=1 type=Promise { ballot: 6, accepted_ballot: None, accepted_value: None } queue_len=670
[PROMISE-TRACE] from=5 received_ballot=6 current_ballot=32 match=false
[PAXOS-TICK] phase=WaitingForPromises elapsed=2 timeout=15 ballot=32 promises=0 accepted=0
[step=468] DELIVER from=6 to=1 type=Promise { ballot: 6, accepted_ballot: None, accepted_value: None } queue_len=669
[PROMISE-TRACE] from=6 received_ballot=6 current_ballot=32 match=false
[PAXOS-TICK] phase=WaitingForPromises elapsed=3 timeout=15 ballot=32 promises=0 accepted=0
[step=469] DELIVER from=7 to=1 type=Promise { ballot: 6, accepted_ballot: None, accepted_value: None } queue_len=668
[PROMISE-TRACE] from=7 received_ballot=6 current_ballot=32 match=false
[PAXOS-TICK] phase=WaitingForPromises elapsed=4 timeout=15 ballot=32 promises=0 accepted=0
[step=470] DELIVER from=8 to=1 type=Promise { ballot: 6, accepted_ballot: None, accepted_value: None } queue_len=667
[PROMISE-TRACE] from=8 received_ballot=6 current_ballot=32 match=false
[PAXOS-TICK] phase=WaitingForPromises elapsed=5 timeout=15 ballot=32 promises=0 accepted=0
[step=471] DELIVER from=9 to=1 type=Promise { ballot: 6, accepted_ballot: None, accepted_value: None } queue_len=666
[PROMISE-TRACE] from=9 received_ballot=6 current_ballot=32 match=false
[PAXOS-TICK] phase=WaitingForPromises elapsed=6 timeout=15 ballot=32 promises=0 accepted=0
[step=472] DELIVER from=10 to=1 type=Promise { ballot: 6, accepted_ballot: None, accepted_value: None } queue_len=665
[PROMISE-TRACE] from=10 received_ballot=6 current_ballot=32 match=false
[PAXOS-TICK] phase=WaitingForPromises elapsed=7 timeout=15 ballot=32 promises=0 accepted=0
[step=473] DELIVER from=1 to=1 type=Prepare { ballot: 14 } queue_len=664
[PAXOS-TICK] phase=WaitingForPromises elapsed=8 timeout=15 ballot=32 promises=0 accepted=0
[step=474] DELIVER from=1 to=2 type=Prepare { ballot: 14 } queue_len=664
[PAXOS-TICK] phase=WaitingForPromises elapsed=9 timeout=15 ballot=32 promises=0 accepted=0
[step=475] DELIVER from=1 to=3 type=Prepare { ballot: 14 } queue_len=664
[PAXOS-TICK] phase=WaitingForPromises elapsed=10 timeout=15 ballot=32 promises=0 accepted=0
[step=476] DELIVER from=1 to=4 type=Prepare { ballot: 14 } queue_len=664
[PAXOS-TICK] phase=WaitingForPromises elapsed=11 timeout=15 ballot=32 promises=0 accepted=0
[step=477] DELIVER from=1 to=5 type=Prepare { ballot: 14 } queue_len=664
[PAXOS-TICK] phase=WaitingForPromises elapsed=12 timeout=15 ballot=32 promises=0 accepted=0
[step=478] DELIVER from=1 to=6 type=Prepare { ballot: 14 } queue_len=664
[PAXOS-TICK] phase=WaitingForPromises elapsed=13 timeout=15 ballot=32 promises=0 accepted=0
[step=479] DELIVER from=1 to=7 type=Prepare { ballot: 14 } queue_len=664
[PAXOS-TICK] phase=WaitingForPromises elapsed=14 timeout=15 ballot=32 promises=0 accepted=0
[TIMEOUT-CAUSE] phase=WaitingForPromises ballot=32 promises=0 accepted=0 quorum=13
[step=480] DELIVER from=1 to=8 type=Prepare { ballot: 14 } queue_len=689
[PAXOS-TICK] phase=WaitingForPromises elapsed=0 timeout=15 ballot=33 promises=0 accepted=0
[step=481] DELIVER from=1 to=9 type=Prepare { ballot: 14 } queue_len=689
[PAXOS-TICK] phase=WaitingForPromises elapsed=1 timeout=15 ballot=33 promises=0 accepted=0
[step=482] DELIVER from=1 to=10 type=Prepare { ballot: 14 } queue_len=689
[PAXOS-TICK] phase=WaitingForPromises elapsed=2 timeout=15 ballot=33 promises=0 accepted=0
[step=483] DELIVER from=1 to=11 type=Prepare { ballot: 14 } queue_len=689
[PAXOS-TICK] phase=WaitingForPromises elapsed=3 timeout=15 ballot=33 promises=0 accepted=0
[step=484] DELIVER from=1 to=12 type=Prepare { ballot: 14 } queue_len=689
[PAXOS-TICK] phase=WaitingForPromises elapsed=4 timeout=15 ballot=33 promises=0 accepted=0
[step=485] DELIVER from=1 to=13 type=Prepare { ballot: 14 } queue_len=689
[PAXOS-TICK] phase=WaitingForPromises elapsed=5 timeout=15 ballot=33 promises=0 accepted=0
[step=486] DELIVER from=1 to=14 type=Prepare { ballot: 14 } queue_len=689
[PAXOS-TICK] phase=WaitingForPromises elapsed=6 timeout=15 ballot=33 promises=0 accepted=0
[step=487] DELIVER from=1 to=15 type=Prepare { ballot: 14 } queue_len=689
[PAXOS-TICK] phase=WaitingForPromises elapsed=7 timeout=15 ballot=33 promises=0 accepted=0
[step=488] DELIVER from=1 to=16 type=Prepare { ballot: 14 } queue_len=689
[PAXOS-TICK] phase=WaitingForPromises elapsed=8 timeout=15 ballot=33 promises=0 accepted=0
[step=489] DELIVER from=1 to=17 type=Prepare { ballot: 14 } queue_len=689
[PAXOS-TICK] phase=WaitingForPromises elapsed=9 timeout=15 ballot=33 promises=0 accepted=0
[step=490] DELIVER from=1 to=18 type=Prepare { ballot: 14 } queue_len=689
[PAXOS-TICK] phase=WaitingForPromises elapsed=10 timeout=15 ballot=33 promises=0 accepted=0
[step=491] DELIVER from=1 to=19 type=Prepare { ballot: 14 } queue_len=689
[PAXOS-TICK] phase=WaitingForPromises elapsed=11 timeout=15 ballot=33 promises=0 accepted=0
[step=492] DELIVER from=1 to=20 type=Prepare { ballot: 14 } queue_len=689
[PAXOS-TICK] phase=WaitingForPromises elapsed=12 timeout=15 ballot=33 promises=0 accepted=0
[step=493] DELIVER from=1 to=21 type=Prepare { ballot: 14 } queue_len=689
[PAXOS-TICK] phase=WaitingForPromises elapsed=13 timeout=15 ballot=33 promises=0 accepted=0
[step=494] DELIVER from=1 to=22 type=Prepare { ballot: 14 } queue_len=689
[PAXOS-TICK] phase=WaitingForPromises elapsed=14 timeout=15 ballot=33 promises=0 accepted=0
[TIMEOUT-CAUSE] phase=WaitingForPromises ballot=33 promises=0 accepted=0 quorum=13
[step=495] DELIVER from=1 to=23 type=Prepare { ballot: 14 } queue_len=714
[PAXOS-TICK] phase=WaitingForPromises elapsed=0 timeout=15 ballot=34 promises=0 accepted=0
[step=496] DELIVER from=1 to=24 type=Prepare { ballot: 14 } queue_len=714
[PAXOS-TICK] phase=WaitingForPromises elapsed=1 timeout=15 ballot=34 promises=0 accepted=0
[step=497] DELIVER from=1 to=25 type=Prepare { ballot: 14 } queue_len=714
[PAXOS-TICK] phase=WaitingForPromises elapsed=2 timeout=15 ballot=34 promises=0 accepted=0
[step=498] DELIVER from=11 to=1 type=Promise { ballot: 6, accepted_ballot: None, accepted_value: None } queue_len=714
[PROMISE-TRACE] from=11 received_ballot=6 current_ballot=34 match=false
[PAXOS-TICK] phase=WaitingForPromises elapsed=3 timeout=15 ballot=34 promises=0 accepted=0
[step=499] DELIVER from=12 to=1 type=Promise { ballot: 6, accepted_ballot: None, accepted_value: None } queue_len=713
[PROMISE-TRACE] from=12 received_ballot=6 current_ballot=34 match=false
[PAXOS-TICK] phase=WaitingForPromises elapsed=4 timeout=15 ballot=34 promises=0 accepted=0
[step=500] DELIVER from=13 to=1 type=Promise { ballot: 6, accepted_ballot: None, accepted_value: None } queue_len=712
[PROMISE-TRACE] from=13 received_ballot=6 current_ballot=34 match=false
[PAXOS-TICK] phase=WaitingForPromises elapsed=5 timeout=15 ballot=34 promises=0 accepted=0
[step=501] DELIVER from=14 to=1 type=Promise { ballot: 6, accepted_ballot: None, accepted_value: None } queue_len=711
[PROMISE-TRACE] from=14 received_ballot=6 current_ballot=34 match=false
[PAXOS-TICK] phase=WaitingForPromises elapsed=6 timeout=15 ballot=34 promises=0 accepted=0
[step=502] DELIVER from=15 to=1 type=Promise { ballot: 6, accepted_ballot: None, accepted_value: None } queue_len=710
[PROMISE-TRACE] from=15 received_ballot=6 current_ballot=34 match=false
[PAXOS-TICK] phase=WaitingForPromises elapsed=7 timeout=15 ballot=34 promises=0 accepted=0
[step=503] DELIVER from=16 to=1 type=Promise { ballot: 6, accepted_ballot: None, accepted_value: None } queue_len=709
[PROMISE-TRACE] from=16 received_ballot=6 current_ballot=34 match=false
[PAXOS-TICK] phase=WaitingForPromises elapsed=8 timeout=15 ballot=34 promises=0 accepted=0
[step=504] DELIVER from=17 to=1 type=Promise { ballot: 6, accepted_ballot: None, accepted_value: None } queue_len=708
[PROMISE-TRACE] from=17 received_ballot=6 current_ballot=34 match=false
[PAXOS-TICK] phase=WaitingForPromises elapsed=9 timeout=15 ballot=34 promises=0 accepted=0
[step=505] DELIVER from=18 to=1 type=Promise { ballot: 6, accepted_ballot: None, accepted_value: None } queue_len=707
[PROMISE-TRACE] from=18 received_ballot=6 current_ballot=34 match=false
[PAXOS-TICK] phase=WaitingForPromises elapsed=10 timeout=15 ballot=34 promises=0 accepted=0
[step=506] DELIVER from=19 to=1 type=Promise { ballot: 6, accepted_ballot: None, accepted_value: None } queue_len=706
[PROMISE-TRACE] from=19 received_ballot=6 current_ballot=34 match=false
[PAXOS-TICK] phase=WaitingForPromises elapsed=11 timeout=15 ballot=34 promises=0 accepted=0
[step=507] DELIVER from=20 to=1 type=Promise { ballot: 6, accepted_ballot: None, accepted_value: None } queue_len=705
[PROMISE-TRACE] from=20 received_ballot=6 current_ballot=34 match=false
[PAXOS-TICK] phase=WaitingForPromises elapsed=12 timeout=15 ballot=34 promises=0 accepted=0
[step=508] DELIVER from=21 to=1 type=Promise { ballot: 6, accepted_ballot: None, accepted_value: None } queue_len=704
[PROMISE-TRACE] from=21 received_ballot=6 current_ballot=34 match=false
[PAXOS-TICK] phase=WaitingForPromises elapsed=13 timeout=15 ballot=34 promises=0 accepted=0
[step=509] DELIVER from=22 to=1 type=Promise { ballot: 6, accepted_ballot: None, accepted_value: None } queue_len=703
[PROMISE-TRACE] from=22 received_ballot=6 current_ballot=34 match=false
[PAXOS-TICK] phase=WaitingForPromises elapsed=14 timeout=15 ballot=34 promises=0 accepted=0
[TIMEOUT-CAUSE] phase=WaitingForPromises ballot=34 promises=0 accepted=0 quorum=13
[step=510] DELIVER from=23 to=1 type=Promise { ballot: 6, accepted_ballot: None, accepted_value: None } queue_len=727
[PROMISE-TRACE] from=23 received_ballot=6 current_ballot=35 match=false
[PAXOS-TICK] phase=WaitingForPromises elapsed=0 timeout=15 ballot=35 promises=0 accepted=0
[step=511] DELIVER from=24 to=1 type=Promise { ballot: 6, accepted_ballot: None, accepted_value: None } queue_len=726
[PROMISE-TRACE] from=24 received_ballot=6 current_ballot=35 match=false
[PAXOS-TICK] phase=WaitingForPromises elapsed=1 timeout=15 ballot=35 promises=0 accepted=0
[step=512] DELIVER from=25 to=1 type=Promise { ballot: 6, accepted_ballot: None, accepted_value: None } queue_len=725
[PROMISE-TRACE] from=25 received_ballot=6 current_ballot=35 match=false
[PAXOS-TICK] phase=WaitingForPromises elapsed=2 timeout=15 ballot=35 promises=0 accepted=0
[step=513] DELIVER from=1 to=1 type=Prepare { ballot: 15 } queue_len=724
[PAXOS-TICK] phase=WaitingForPromises elapsed=3 timeout=15 ballot=35 promises=0 accepted=0
[step=514] DELIVER from=1 to=2 type=Prepare { ballot: 15 } queue_len=724
[PAXOS-TICK] phase=WaitingForPromises elapsed=4 timeout=15 ballot=35 promises=0 accepted=0
[step=515] DELIVER from=1 to=3 type=Prepare { ballot: 15 } queue_len=724
[PAXOS-TICK] phase=WaitingForPromises elapsed=5 timeout=15 ballot=35 promises=0 accepted=0
[step=516] DELIVER from=1 to=4 type=Prepare { ballot: 15 } queue_len=724
[PAXOS-TICK] phase=WaitingForPromises elapsed=6 timeout=15 ballot=35 promises=0 accepted=0
[step=517] DELIVER from=1 to=5 type=Prepare { ballot: 15 } queue_len=724
[PAXOS-TICK] phase=WaitingForPromises elapsed=7 timeout=15 ballot=35 promises=0 accepted=0
[step=518] DELIVER from=1 to=6 type=Prepare { ballot: 15 } queue_len=724
[PAXOS-TICK] phase=WaitingForPromises elapsed=8 timeout=15 ballot=35 promises=0 accepted=0
[step=519] DELIVER from=1 to=7 type=Prepare { ballot: 15 } queue_len=724
[PAXOS-TICK] phase=WaitingForPromises elapsed=9 timeout=15 ballot=35 promises=0 accepted=0
[step=520] DELIVER from=1 to=8 type=Prepare { ballot: 15 } queue_len=724
[PAXOS-TICK] phase=WaitingForPromises elapsed=10 timeout=15 ballot=35 promises=0 accepted=0
[step=521] DELIVER from=1 to=9 type=Prepare { ballot: 15 } queue_len=724
[PAXOS-TICK] phase=WaitingForPromises elapsed=11 timeout=15 ballot=35 promises=0 accepted=0
[step=522] DELIVER from=1 to=10 type=Prepare { ballot: 15 } queue_len=724
[PAXOS-TICK] phase=WaitingForPromises elapsed=12 timeout=15 ballot=35 promises=0 accepted=0
[step=523] DELIVER from=1 to=11 type=Prepare { ballot: 15 } queue_len=724
[PAXOS-TICK] phase=WaitingForPromises elapsed=13 timeout=15 ballot=35 promises=0 accepted=0
[step=524] DELIVER from=1 to=12 type=Prepare { ballot: 15 } queue_len=724
[PAXOS-TICK] phase=WaitingForPromises elapsed=14 timeout=15 ballot=35 promises=0 accepted=0
[TIMEOUT-CAUSE] phase=WaitingForPromises ballot=35 promises=0 accepted=0 quorum=13
[step=525] DELIVER from=1 to=13 type=Prepare { ballot: 15 } queue_len=749
[PAXOS-TICK] phase=WaitingForPromises elapsed=0 timeout=15 ballot=36 promises=0 accepted=0
[step=526] DELIVER from=1 to=14 type=Prepare { ballot: 15 } queue_len=749
[PAXOS-TICK] phase=WaitingForPromises elapsed=1 timeout=15 ballot=36 promises=0 accepted=0
[step=527] DELIVER from=1 to=15 type=Prepare { ballot: 15 } queue_len=749
[PAXOS-TICK] phase=WaitingForPromises elapsed=2 timeout=15 ballot=36 promises=0 accepted=0
[step=528] DELIVER from=1 to=16 type=Prepare { ballot: 15 } queue_len=749
[PAXOS-TICK] phase=WaitingForPromises elapsed=3 timeout=15 ballot=36 promises=0 accepted=0
[step=529] DELIVER from=1 to=17 type=Prepare { ballot: 15 } queue_len=749
[PAXOS-TICK] phase=WaitingForPromises elapsed=4 timeout=15 ballot=36 promises=0 accepted=0
[step=530] DELIVER from=1 to=18 type=Prepare { ballot: 15 } queue_len=749
[PAXOS-TICK] phase=WaitingForPromises elapsed=5 timeout=15 ballot=36 promises=0 accepted=0
[step=531] DELIVER from=1 to=19 type=Prepare { ballot: 15 } queue_len=749
[PAXOS-TICK] phase=WaitingForPromises elapsed=6 timeout=15 ballot=36 promises=0 accepted=0
[step=532] DELIVER from=1 to=20 type=Prepare { ballot: 15 } queue_len=749
[PAXOS-TICK] phase=WaitingForPromises elapsed=7 timeout=15 ballot=36 promises=0 accepted=0
[step=533] DELIVER from=1 to=21 type=Prepare { ballot: 15 } queue_len=749
[PAXOS-TICK] phase=WaitingForPromises elapsed=8 timeout=15 ballot=36 promises=0 accepted=0
[step=534] DELIVER from=1 to=22 type=Prepare { ballot: 15 } queue_len=749
[PAXOS-TICK] phase=WaitingForPromises elapsed=9 timeout=15 ballot=36 promises=0 accepted=0
[step=535] DELIVER from=1 to=23 type=Prepare { ballot: 15 } queue_len=749
[PAXOS-TICK] phase=WaitingForPromises elapsed=10 timeout=15 ballot=36 promises=0 accepted=0
[step=536] DELIVER from=1 to=24 type=Prepare { ballot: 15 } queue_len=749
[PAXOS-TICK] phase=WaitingForPromises elapsed=11 timeout=15 ballot=36 promises=0 accepted=0
[step=537] DELIVER from=1 to=25 type=Prepare { ballot: 15 } queue_len=749
[PAXOS-TICK] phase=WaitingForPromises elapsed=12 timeout=15 ballot=36 promises=0 accepted=0
[step=538] DELIVER from=1 to=1 type=Promise { ballot: 7, accepted_ballot: None, accepted_value: None } queue_len=749
[PROMISE-TRACE] from=1 received_ballot=7 current_ballot=36 match=false
[PAXOS-TICK] phase=WaitingForPromises elapsed=13 timeout=15 ballot=36 promises=0 accepted=0
[step=539] DELIVER from=2 to=1 type=Promise { ballot: 7, accepted_ballot: None, accepted_value: None } queue_len=748
[PROMISE-TRACE] from=2 received_ballot=7 current_ballot=36 match=false
[PAXOS-TICK] phase=WaitingForPromises elapsed=14 timeout=15 ballot=36 promises=0 accepted=0
[TIMEOUT-CAUSE] phase=WaitingForPromises ballot=36 promises=0 accepted=0 quorum=13
[step=540] DELIVER from=3 to=1 type=Promise { ballot: 7, accepted_ballot: None, accepted_value: None } queue_len=772
[PROMISE-TRACE] from=3 received_ballot=7 current_ballot=37 match=false
[PAXOS-TICK] phase=WaitingForPromises elapsed=0 timeout=15 ballot=37 promises=0 accepted=0
[step=541] DELIVER from=4 to=1 type=Promise { ballot: 7, accepted_ballot: None, accepted_value: None } queue_len=771
[PROMISE-TRACE] from=4 received_ballot=7 current_ballot=37 match=false
[PAXOS-TICK] phase=WaitingForPromises elapsed=1 timeout=15 ballot=37 promises=0 accepted=0
[step=542] DELIVER from=5 to=1 type=Promise { ballot: 7, accepted_ballot: None, accepted_value: None } queue_len=770
[PROMISE-TRACE] from=5 received_ballot=7 current_ballot=37 match=false
[PAXOS-TICK] phase=WaitingForPromises elapsed=2 timeout=15 ballot=37 promises=0 accepted=0
[step=543] DELIVER from=1 to=1 type=Prepare { ballot: 16 } queue_len=769
[PAXOS-TICK] phase=WaitingForPromises elapsed=3 timeout=15 ballot=37 promises=0 accepted=0
[step=544] DELIVER from=1 to=2 type=Prepare { ballot: 16 } queue_len=769
[PAXOS-TICK] phase=WaitingForPromises elapsed=4 timeout=15 ballot=37 promises=0 accepted=0
[step=545] DELIVER from=1 to=3 type=Prepare { ballot: 16 } queue_len=769
[PAXOS-TICK] phase=WaitingForPromises elapsed=5 timeout=15 ballot=37 promises=0 accepted=0
[step=546] DELIVER from=1 to=4 type=Prepare { ballot: 16 } queue_len=769
[PAXOS-TICK] phase=WaitingForPromises elapsed=6 timeout=15 ballot=37 promises=0 accepted=0
[step=547] DELIVER from=1 to=5 type=Prepare { ballot: 16 } queue_len=769
[PAXOS-TICK] phase=WaitingForPromises elapsed=7 timeout=15 ballot=37 promises=0 accepted=0
[step=548] DELIVER from=1 to=6 type=Prepare { ballot: 16 } queue_len=769
[PAXOS-TICK] phase=WaitingForPromises elapsed=8 timeout=15 ballot=37 promises=0 accepted=0
[step=549] DELIVER from=1 to=7 type=Prepare { ballot: 16 } queue_len=769
[PAXOS-TICK] phase=WaitingForPromises elapsed=9 timeout=15 ballot=37 promises=0 accepted=0
[step=550] DELIVER from=1 to=8 type=Prepare { ballot: 16 } queue_len=769
[PAXOS-TICK] phase=WaitingForPromises elapsed=10 timeout=15 ballot=37 promises=0 accepted=0
[step=551] DELIVER from=1 to=9 type=Prepare { ballot: 16 } queue_len=769
[PAXOS-TICK] phase=WaitingForPromises elapsed=11 timeout=15 ballot=37 promises=0 accepted=0
[step=552] DELIVER from=1 to=10 type=Prepare { ballot: 16 } queue_len=769
[PAXOS-TICK] phase=WaitingForPromises elapsed=12 timeout=15 ballot=37 promises=0 accepted=0
[step=553] DELIVER from=1 to=11 type=Prepare { ballot: 16 } queue_len=769
[PAXOS-TICK] phase=WaitingForPromises elapsed=13 timeout=15 ballot=37 promises=0 accepted=0
[step=554] DELIVER from=1 to=12 type=Prepare { ballot: 16 } queue_len=769
[PAXOS-TICK] phase=WaitingForPromises elapsed=14 timeout=15 ballot=37 promises=0 accepted=0
[TIMEOUT-CAUSE] phase=WaitingForPromises ballot=37 promises=0 accepted=0 quorum=13
[step=555] DELIVER from=1 to=13 type=Prepare { ballot: 16 } queue_len=794
[PAXOS-TICK] phase=WaitingForPromises elapsed=0 timeout=15 ballot=38 promises=0 accepted=0
[step=556] DELIVER from=1 to=14 type=Prepare { ballot: 16 } queue_len=794
[PAXOS-TICK] phase=WaitingForPromises elapsed=1 timeout=15 ballot=38 promises=0 accepted=0
[step=557] DELIVER from=1 to=15 type=Prepare { ballot: 16 } queue_len=794
[PAXOS-TICK] phase=WaitingForPromises elapsed=2 timeout=15 ballot=38 promises=0 accepted=0
[step=558] DELIVER from=1 to=16 type=Prepare { ballot: 16 } queue_len=794
[PAXOS-TICK] phase=WaitingForPromises elapsed=3 timeout=15 ballot=38 promises=0 accepted=0
[step=559] DELIVER from=1 to=17 type=Prepare { ballot: 16 } queue_len=794
[PAXOS-TICK] phase=WaitingForPromises elapsed=4 timeout=15 ballot=38 promises=0 accepted=0
[step=560] DELIVER from=1 to=18 type=Prepare { ballot: 16 } queue_len=794
[PAXOS-TICK] phase=WaitingForPromises elapsed=5 timeout=15 ballot=38 promises=0 accepted=0
[step=561] DELIVER from=1 to=19 type=Prepare { ballot: 16 } queue_len=794
[PAXOS-TICK] phase=WaitingForPromises elapsed=6 timeout=15 ballot=38 promises=0 accepted=0
[step=562] DELIVER from=1 to=20 type=Prepare { ballot: 16 } queue_len=794
[PAXOS-TICK] phase=WaitingForPromises elapsed=7 timeout=15 ballot=38 promises=0 accepted=0
[step=563] DELIVER from=1 to=21 type=Prepare { ballot: 16 } queue_len=794
[PAXOS-TICK] phase=WaitingForPromises elapsed=8 timeout=15 ballot=38 promises=0 accepted=0
[step=564] DELIVER from=1 to=22 type=Prepare { ballot: 16 } queue_len=794
[PAXOS-TICK] phase=WaitingForPromises elapsed=9 timeout=15 ballot=38 promises=0 accepted=0
[step=565] DELIVER from=1 to=23 type=Prepare { ballot: 16 } queue_len=794
[PAXOS-TICK] phase=WaitingForPromises elapsed=10 timeout=15 ballot=38 promises=0 accepted=0
[step=566] DELIVER from=1 to=24 type=Prepare { ballot: 16 } queue_len=794
[PAXOS-TICK] phase=WaitingForPromises elapsed=11 timeout=15 ballot=38 promises=0 accepted=0
[step=567] DELIVER from=1 to=25 type=Prepare { ballot: 16 } queue_len=794
[PAXOS-TICK] phase=WaitingForPromises elapsed=12 timeout=15 ballot=38 promises=0 accepted=0
[step=568] DELIVER from=6 to=1 type=Promise { ballot: 7, accepted_ballot: None, accepted_value: None } queue_len=794
[PROMISE-TRACE] from=6 received_ballot=7 current_ballot=38 match=false
[PAXOS-TICK] phase=WaitingForPromises elapsed=13 timeout=15 ballot=38 promises=0 accepted=0
[step=569] DELIVER from=7 to=1 type=Promise { ballot: 7, accepted_ballot: None, accepted_value: None } queue_len=793
[PROMISE-TRACE] from=7 received_ballot=7 current_ballot=38 match=false
[PAXOS-TICK] phase=WaitingForPromises elapsed=14 timeout=15 ballot=38 promises=0 accepted=0
[TIMEOUT-CAUSE] phase=WaitingForPromises ballot=38 promises=0 accepted=0 quorum=13
[step=570] DELIVER from=8 to=1 type=Promise { ballot: 7, accepted_ballot: None, accepted_value: None } queue_len=817
[PROMISE-TRACE] from=8 received_ballot=7 current_ballot=39 match=false
[PAXOS-TICK] phase=WaitingForPromises elapsed=0 timeout=15 ballot=39 promises=0 accepted=0
[step=571] DELIVER from=9 to=1 type=Promise { ballot: 7, accepted_ballot: None, accepted_value: None } queue_len=816
[PROMISE-TRACE] from=9 received_ballot=7 current_ballot=39 match=false
[PAXOS-TICK] phase=WaitingForPromises elapsed=1 timeout=15 ballot=39 promises=0 accepted=0
[step=572] DELIVER from=10 to=1 type=Promise { ballot: 7, accepted_ballot: None, accepted_value: None } queue_len=815
[PROMISE-TRACE] from=10 received_ballot=7 current_ballot=39 match=false
[PAXOS-TICK] phase=WaitingForPromises elapsed=2 timeout=15 ballot=39 promises=0 accepted=0
[step=573] DELIVER from=11 to=1 type=Promise { ballot: 7, accepted_ballot: None, accepted_value: None } queue_len=814
[PROMISE-TRACE] from=11 received_ballot=7 current_ballot=39 match=false
[PAXOS-TICK] phase=WaitingForPromises elapsed=3 timeout=15 ballot=39 promises=0 accepted=0
[step=574] DELIVER from=12 to=1 type=Promise { ballot: 7, accepted_ballot: None, accepted_value: None } queue_len=813
[PROMISE-TRACE] from=12 received_ballot=7 current_ballot=39 match=false
[PAXOS-TICK] phase=WaitingForPromises elapsed=4 timeout=15 ballot=39 promises=0 accepted=0
[step=575] DELIVER from=13 to=1 type=Promise { ballot: 7, accepted_ballot: None, accepted_value: None } queue_len=812
[PROMISE-TRACE] from=13 received_ballot=7 current_ballot=39 match=false
[PAXOS-TICK] phase=WaitingForPromises elapsed=5 timeout=15 ballot=39 promises=0 accepted=0
[step=576] DELIVER from=14 to=1 type=Promise { ballot: 7, accepted_ballot: None, accepted_value: None } queue_len=811
[PROMISE-TRACE] from=14 received_ballot=7 current_ballot=39 match=false
[PAXOS-TICK] phase=WaitingForPromises elapsed=6 timeout=15 ballot=39 promises=0 accepted=0
[step=577] DELIVER from=15 to=1 type=Promise { ballot: 7, accepted_ballot: None, accepted_value: None } queue_len=810
[PROMISE-TRACE] from=15 received_ballot=7 current_ballot=39 match=false
[PAXOS-TICK] phase=WaitingForPromises elapsed=7 timeout=15 ballot=39 promises=0 accepted=0
[step=578] DELIVER from=16 to=1 type=Promise { ballot: 7, accepted_ballot: None, accepted_value: None } queue_len=809
[PROMISE-TRACE] from=16 received_ballot=7 current_ballot=39 match=false
[PAXOS-TICK] phase=WaitingForPromises elapsed=8 timeout=15 ballot=39 promises=0 accepted=0
[step=579] DELIVER from=17 to=1 type=Promise { ballot: 7, accepted_ballot: None, accepted_value: None } queue_len=808
[PROMISE-TRACE] from=17 received_ballot=7 current_ballot=39 match=false
[PAXOS-TICK] phase=WaitingForPromises elapsed=9 timeout=15 ballot=39 promises=0 accepted=0
[step=580] DELIVER from=18 to=1 type=Promise { ballot: 7, accepted_ballot: None, accepted_value: None } queue_len=807
[PROMISE-TRACE] from=18 received_ballot=7 current_ballot=39 match=false
[PAXOS-TICK] phase=WaitingForPromises elapsed=10 timeout=15 ballot=39 promises=0 accepted=0
[step=581] DELIVER from=19 to=1 type=Promise { ballot: 7, accepted_ballot: None, accepted_value: None } queue_len=806
[PROMISE-TRACE] from=19 received_ballot=7 current_ballot=39 match=false
[PAXOS-TICK] phase=WaitingForPromises elapsed=11 timeout=15 ballot=39 promises=0 accepted=0
[step=582] DELIVER from=20 to=1 type=Promise { ballot: 7, accepted_ballot: None, accepted_value: None } queue_len=805
[PROMISE-TRACE] from=20 received_ballot=7 current_ballot=39 match=false
[PAXOS-TICK] phase=WaitingForPromises elapsed=12 timeout=15 ballot=39 promises=0 accepted=0
[step=583] DELIVER from=1 to=1 type=Prepare { ballot: 17 } queue_len=804
[PAXOS-TICK] phase=WaitingForPromises elapsed=13 timeout=15 ballot=39 promises=0 accepted=0
[step=584] DELIVER from=1 to=2 type=Prepare { ballot: 17 } queue_len=804
[PAXOS-TICK] phase=WaitingForPromises elapsed=14 timeout=15 ballot=39 promises=0 accepted=0
[TIMEOUT-CAUSE] phase=WaitingForPromises ballot=39 promises=0 accepted=0 quorum=13
[step=585] DELIVER from=1 to=3 type=Prepare { ballot: 17 } queue_len=829
[PAXOS-TICK] phase=WaitingForPromises elapsed=0 timeout=15 ballot=40 promises=0 accepted=0
[step=586] DELIVER from=1 to=4 type=Prepare { ballot: 17 } queue_len=829
[PAXOS-TICK] phase=WaitingForPromises elapsed=1 timeout=15 ballot=40 promises=0 accepted=0
[step=587] DELIVER from=1 to=5 type=Prepare { ballot: 17 } queue_len=829
[PAXOS-TICK] phase=WaitingForPromises elapsed=2 timeout=15 ballot=40 promises=0 accepted=0
[step=588] DELIVER from=1 to=6 type=Prepare { ballot: 17 } queue_len=829
[PAXOS-TICK] phase=WaitingForPromises elapsed=3 timeout=15 ballot=40 promises=0 accepted=0
[step=589] DELIVER from=1 to=7 type=Prepare { ballot: 17 } queue_len=829
[PAXOS-TICK] phase=WaitingForPromises elapsed=4 timeout=15 ballot=40 promises=0 accepted=0
[step=590] DELIVER from=1 to=8 type=Prepare { ballot: 17 } queue_len=829
[PAXOS-TICK] phase=WaitingForPromises elapsed=5 timeout=15 ballot=40 promises=0 accepted=0
[step=591] DELIVER from=1 to=9 type=Prepare { ballot: 17 } queue_len=829
[PAXOS-TICK] phase=WaitingForPromises elapsed=6 timeout=15 ballot=40 promises=0 accepted=0
[step=592] DELIVER from=1 to=10 type=Prepare { ballot: 17 } queue_len=829
[PAXOS-TICK] phase=WaitingForPromises elapsed=7 timeout=15 ballot=40 promises=0 accepted=0
[step=593] DELIVER from=1 to=11 type=Prepare { ballot: 17 } queue_len=829
[PAXOS-TICK] phase=WaitingForPromises elapsed=8 timeout=15 ballot=40 promises=0 accepted=0
[step=594] DELIVER from=1 to=12 type=Prepare { ballot: 17 } queue_len=829
[PAXOS-TICK] phase=WaitingForPromises elapsed=9 timeout=15 ballot=40 promises=0 accepted=0
[step=595] DELIVER from=1 to=13 type=Prepare { ballot: 17 } queue_len=829
[PAXOS-TICK] phase=WaitingForPromises elapsed=10 timeout=15 ballot=40 promises=0 accepted=0
[step=596] DELIVER from=1 to=14 type=Prepare { ballot: 17 } queue_len=829
[PAXOS-TICK] phase=WaitingForPromises elapsed=11 timeout=15 ballot=40 promises=0 accepted=0
[step=597] DELIVER from=1 to=15 type=Prepare { ballot: 17 } queue_len=829
[PAXOS-TICK] phase=WaitingForPromises elapsed=12 timeout=15 ballot=40 promises=0 accepted=0
[step=598] DELIVER from=1 to=16 type=Prepare { ballot: 17 } queue_len=829
[PAXOS-TICK] phase=WaitingForPromises elapsed=13 timeout=15 ballot=40 promises=0 accepted=0
[step=599] DELIVER from=1 to=17 type=Prepare { ballot: 17 } queue_len=829
[PAXOS-TICK] phase=WaitingForPromises elapsed=14 timeout=15 ballot=40 promises=0 accepted=0
[TIMEOUT-CAUSE] phase=WaitingForPromises ballot=40 promises=0 accepted=0 quorum=13
[step=600] DELIVER from=1 to=18 type=Prepare { ballot: 17 } queue_len=854
[PAXOS-TICK] phase=WaitingForPromises elapsed=0 timeout=15 ballot=41 promises=0 accepted=0
[step=601] DELIVER from=1 to=19 type=Prepare { ballot: 17 } queue_len=854
[PAXOS-TICK] phase=WaitingForPromises elapsed=1 timeout=15 ballot=41 promises=0 accepted=0
[step=602] DELIVER from=1 to=20 type=Prepare { ballot: 17 } queue_len=854
[PAXOS-TICK] phase=WaitingForPromises elapsed=2 timeout=15 ballot=41 promises=0 accepted=0
[step=603] DELIVER from=1 to=21 type=Prepare { ballot: 17 } queue_len=854
[PAXOS-TICK] phase=WaitingForPromises elapsed=3 timeout=15 ballot=41 promises=0 accepted=0
[step=604] DELIVER from=1 to=22 type=Prepare { ballot: 17 } queue_len=854
[PAXOS-TICK] phase=WaitingForPromises elapsed=4 timeout=15 ballot=41 promises=0 accepted=0
[step=605] DELIVER from=1 to=23 type=Prepare { ballot: 17 } queue_len=854
[PAXOS-TICK] phase=WaitingForPromises elapsed=5 timeout=15 ballot=41 promises=0 accepted=0
[step=606] DELIVER from=1 to=24 type=Prepare { ballot: 17 } queue_len=854
[PAXOS-TICK] phase=WaitingForPromises elapsed=6 timeout=15 ballot=41 promises=0 accepted=0
[step=607] DELIVER from=1 to=25 type=Prepare { ballot: 17 } queue_len=854
[PAXOS-TICK] phase=WaitingForPromises elapsed=7 timeout=15 ballot=41 promises=0 accepted=0
[step=608] DELIVER from=21 to=1 type=Promise { ballot: 7, accepted_ballot: None, accepted_value: None } queue_len=854
[PROMISE-TRACE] from=21 received_ballot=7 current_ballot=41 match=false
[PAXOS-TICK] phase=WaitingForPromises elapsed=8 timeout=15 ballot=41 promises=0 accepted=0
[step=609] DELIVER from=22 to=1 type=Promise { ballot: 7, accepted_ballot: None, accepted_value: None } queue_len=853
[PROMISE-TRACE] from=22 received_ballot=7 current_ballot=41 match=false
[PAXOS-TICK] phase=WaitingForPromises elapsed=9 timeout=15 ballot=41 promises=0 accepted=0
[step=610] DELIVER from=23 to=1 type=Promise { ballot: 7, accepted_ballot: None, accepted_value: None } queue_len=852
[PROMISE-TRACE] from=23 received_ballot=7 current_ballot=41 match=false
[PAXOS-TICK] phase=WaitingForPromises elapsed=10 timeout=15 ballot=41 promises=0 accepted=0
[step=611] DELIVER from=24 to=1 type=Promise { ballot: 7, accepted_ballot: None, accepted_value: None } queue_len=851
[PROMISE-TRACE] from=24 received_ballot=7 current_ballot=41 match=false
[PAXOS-TICK] phase=WaitingForPromises elapsed=11 timeout=15 ballot=41 promises=0 accepted=0
[step=612] DELIVER from=25 to=1 type=Promise { ballot: 7, accepted_ballot: None, accepted_value: None } queue_len=850
[PROMISE-TRACE] from=25 received_ballot=7 current_ballot=41 match=false
[PAXOS-TICK] phase=WaitingForPromises elapsed=12 timeout=15 ballot=41 promises=0 accepted=0
[step=613] DELIVER from=1 to=1 type=Prepare { ballot: 18 } queue_len=849
[PAXOS-TICK] phase=WaitingForPromises elapsed=13 timeout=15 ballot=41 promises=0 accepted=0
[step=614] DELIVER from=1 to=2 type=Prepare { ballot: 18 } queue_len=849
[PAXOS-TICK] phase=WaitingForPromises elapsed=14 timeout=15 ballot=41 promises=0 accepted=0
[TIMEOUT-CAUSE] phase=WaitingForPromises ballot=41 promises=0 accepted=0 quorum=13
[step=615] DELIVER from=1 to=3 type=Prepare { ballot: 18 } queue_len=874
[PAXOS-TICK] phase=WaitingForPromises elapsed=0 timeout=15 ballot=42 promises=0 accepted=0
[step=616] DELIVER from=1 to=4 type=Prepare { ballot: 18 } queue_len=874
[PAXOS-TICK] phase=WaitingForPromises elapsed=1 timeout=15 ballot=42 promises=0 accepted=0
[step=617] DELIVER from=1 to=5 type=Prepare { ballot: 18 } queue_len=874
[PAXOS-TICK] phase=WaitingForPromises elapsed=2 timeout=15 ballot=42 promises=0 accepted=0
[step=618] DELIVER from=1 to=6 type=Prepare { ballot: 18 } queue_len=874
[PAXOS-TICK] phase=WaitingForPromises elapsed=3 timeout=15 ballot=42 promises=0 accepted=0
[step=619] DELIVER from=1 to=7 type=Prepare { ballot: 18 } queue_len=874
[PAXOS-TICK] phase=WaitingForPromises elapsed=4 timeout=15 ballot=42 promises=0 accepted=0
[step=620] DELIVER from=1 to=8 type=Prepare { ballot: 18 } queue_len=874
[PAXOS-TICK] phase=WaitingForPromises elapsed=5 timeout=15 ballot=42 promises=0 accepted=0
[step=621] DELIVER from=1 to=9 type=Prepare { ballot: 18 } queue_len=874
[PAXOS-TICK] phase=WaitingForPromises elapsed=6 timeout=15 ballot=42 promises=0 accepted=0
[step=622] DELIVER from=1 to=10 type=Prepare { ballot: 18 } queue_len=874
[PAXOS-TICK] phase=WaitingForPromises elapsed=7 timeout=15 ballot=42 promises=0 accepted=0
[step=623] DELIVER from=1 to=11 type=Prepare { ballot: 18 } queue_len=874
[PAXOS-TICK] phase=WaitingForPromises elapsed=8 timeout=15 ballot=42 promises=0 accepted=0
[step=624] DELIVER from=1 to=12 type=Prepare { ballot: 18 } queue_len=874
[PAXOS-TICK] phase=WaitingForPromises elapsed=9 timeout=15 ballot=42 promises=0 accepted=0
[step=625] DELIVER from=1 to=13 type=Prepare { ballot: 18 } queue_len=874
[PAXOS-TICK] phase=WaitingForPromises elapsed=10 timeout=15 ballot=42 promises=0 accepted=0
[step=626] DELIVER from=1 to=14 type=Prepare { ballot: 18 } queue_len=874
[PAXOS-TICK] phase=WaitingForPromises elapsed=11 timeout=15 ballot=42 promises=0 accepted=0
[step=627] DELIVER from=1 to=15 type=Prepare { ballot: 18 } queue_len=874
[PAXOS-TICK] phase=WaitingForPromises elapsed=12 timeout=15 ballot=42 promises=0 accepted=0
[step=628] DELIVER from=1 to=16 type=Prepare { ballot: 18 } queue_len=874
[PAXOS-TICK] phase=WaitingForPromises elapsed=13 timeout=15 ballot=42 promises=0 accepted=0
[step=629] DELIVER from=1 to=17 type=Prepare { ballot: 18 } queue_len=874
[PAXOS-TICK] phase=WaitingForPromises elapsed=14 timeout=15 ballot=42 promises=0 accepted=0
[TIMEOUT-CAUSE] phase=WaitingForPromises ballot=42 promises=0 accepted=0 quorum=13
[step=630] DELIVER from=1 to=18 type=Prepare { ballot: 18 } queue_len=899
[PAXOS-TICK] phase=WaitingForPromises elapsed=0 timeout=15 ballot=43 promises=0 accepted=0
[step=631] DELIVER from=1 to=19 type=Prepare { ballot: 18 } queue_len=899
[PAXOS-TICK] phase=WaitingForPromises elapsed=1 timeout=15 ballot=43 promises=0 accepted=0
[step=632] DELIVER from=1 to=20 type=Prepare { ballot: 18 } queue_len=899
[PAXOS-TICK] phase=WaitingForPromises elapsed=2 timeout=15 ballot=43 promises=0 accepted=0
[step=633] DELIVER from=1 to=21 type=Prepare { ballot: 18 } queue_len=899
[PAXOS-TICK] phase=WaitingForPromises elapsed=3 timeout=15 ballot=43 promises=0 accepted=0
[step=634] DELIVER from=1 to=22 type=Prepare { ballot: 18 } queue_len=899
[PAXOS-TICK] phase=WaitingForPromises elapsed=4 timeout=15 ballot=43 promises=0 accepted=0
[step=635] DELIVER from=1 to=23 type=Prepare { ballot: 18 } queue_len=899
[PAXOS-TICK] phase=WaitingForPromises elapsed=5 timeout=15 ballot=43 promises=0 accepted=0
[step=636] DELIVER from=1 to=24 type=Prepare { ballot: 18 } queue_len=899
[PAXOS-TICK] phase=WaitingForPromises elapsed=6 timeout=15 ballot=43 promises=0 accepted=0
[step=637] DELIVER from=1 to=25 type=Prepare { ballot: 18 } queue_len=899
[PAXOS-TICK] phase=WaitingForPromises elapsed=7 timeout=15 ballot=43 promises=0 accepted=0
[step=638] DELIVER from=1 to=1 type=Promise { ballot: 8, accepted_ballot: None, accepted_value: None } queue_len=899
[PROMISE-TRACE] from=1 received_ballot=8 current_ballot=43 match=false
[PAXOS-TICK] phase=WaitingForPromises elapsed=8 timeout=15 ballot=43 promises=0 accepted=0
[step=639] DELIVER from=2 to=1 type=Promise { ballot: 8, accepted_ballot: None, accepted_value: None } queue_len=898
[PROMISE-TRACE] from=2 received_ballot=8 current_ballot=43 match=false
[PAXOS-TICK] phase=WaitingForPromises elapsed=9 timeout=15 ballot=43 promises=0 accepted=0
[step=640] DELIVER from=3 to=1 type=Promise { ballot: 8, accepted_ballot: None, accepted_value: None } queue_len=897
[PROMISE-TRACE] from=3 received_ballot=8 current_ballot=43 match=false
[PAXOS-TICK] phase=WaitingForPromises elapsed=10 timeout=15 ballot=43 promises=0 accepted=0
[step=641] DELIVER from=4 to=1 type=Promise { ballot: 8, accepted_ballot: None, accepted_value: None } queue_len=896
[PROMISE-TRACE] from=4 received_ballot=8 current_ballot=43 match=false
[PAXOS-TICK] phase=WaitingForPromises elapsed=11 timeout=15 ballot=43 promises=0 accepted=0
[step=642] DELIVER from=5 to=1 type=Promise { ballot: 8, accepted_ballot: None, accepted_value: None } queue_len=895
[PROMISE-TRACE] from=5 received_ballot=8 current_ballot=43 match=false
[PAXOS-TICK] phase=WaitingForPromises elapsed=12 timeout=15 ballot=43 promises=0 accepted=0
[step=643] DELIVER from=6 to=1 type=Promise { ballot: 8, accepted_ballot: None, accepted_value: None } queue_len=894
[PROMISE-TRACE] from=6 received_ballot=8 current_ballot=43 match=false
[PAXOS-TICK] phase=WaitingForPromises elapsed=13 timeout=15 ballot=43 promises=0 accepted=0
[step=644] DELIVER from=7 to=1 type=Promise { ballot: 8, accepted_ballot: None, accepted_value: None } queue_len=893
[PROMISE-TRACE] from=7 received_ballot=8 current_ballot=43 match=false
[PAXOS-TICK] phase=WaitingForPromises elapsed=14 timeout=15 ballot=43 promises=0 accepted=0
[TIMEOUT-CAUSE] phase=WaitingForPromises ballot=43 promises=0 accepted=0 quorum=13
[step=645] DELIVER from=8 to=1 type=Promise { ballot: 8, accepted_ballot: None, accepted_value: None } queue_len=917
[PROMISE-TRACE] from=8 received_ballot=8 current_ballot=44 match=false
[PAXOS-TICK] phase=WaitingForPromises elapsed=0 timeout=15 ballot=44 promises=0 accepted=0
[step=646] DELIVER from=9 to=1 type=Promise { ballot: 8, accepted_ballot: None, accepted_value: None } queue_len=916
[PROMISE-TRACE] from=9 received_ballot=8 current_ballot=44 match=false
[PAXOS-TICK] phase=WaitingForPromises elapsed=1 timeout=15 ballot=44 promises=0 accepted=0
[step=647] DELIVER from=10 to=1 type=Promise { ballot: 8, accepted_ballot: None, accepted_value: None } queue_len=915
[PROMISE-TRACE] from=10 received_ballot=8 current_ballot=44 match=false
[PAXOS-TICK] phase=WaitingForPromises elapsed=2 timeout=15 ballot=44 promises=0 accepted=0
[step=648] DELIVER from=1 to=1 type=Prepare { ballot: 19 } queue_len=914
[PAXOS-TICK] phase=WaitingForPromises elapsed=3 timeout=15 ballot=44 promises=0 accepted=0
[step=649] DELIVER from=1 to=2 type=Prepare { ballot: 19 } queue_len=914
[PAXOS-TICK] phase=WaitingForPromises elapsed=4 timeout=15 ballot=44 promises=0 accepted=0
[step=650] DELIVER from=1 to=3 type=Prepare { ballot: 19 } queue_len=914
[PAXOS-TICK] phase=WaitingForPromises elapsed=5 timeout=15 ballot=44 promises=0 accepted=0
[step=651] DELIVER from=1 to=4 type=Prepare { ballot: 19 } queue_len=914
[PAXOS-TICK] phase=WaitingForPromises elapsed=6 timeout=15 ballot=44 promises=0 accepted=0
[step=652] DELIVER from=1 to=5 type=Prepare { ballot: 19 } queue_len=914
[PAXOS-TICK] phase=WaitingForPromises elapsed=7 timeout=15 ballot=44 promises=0 accepted=0
[step=653] DELIVER from=1 to=6 type=Prepare { ballot: 19 } queue_len=914
[PAXOS-TICK] phase=WaitingForPromises elapsed=8 timeout=15 ballot=44 promises=0 accepted=0
[step=654] DELIVER from=1 to=7 type=Prepare { ballot: 19 } queue_len=914
[PAXOS-TICK] phase=WaitingForPromises elapsed=9 timeout=15 ballot=44 promises=0 accepted=0
[step=655] DELIVER from=1 to=8 type=Prepare { ballot: 19 } queue_len=914
[PAXOS-TICK] phase=WaitingForPromises elapsed=10 timeout=15 ballot=44 promises=0 accepted=0
[step=656] DELIVER from=1 to=9 type=Prepare { ballot: 19 } queue_len=914
[PAXOS-TICK] phase=WaitingForPromises elapsed=11 timeout=15 ballot=44 promises=0 accepted=0
[step=657] DELIVER from=1 to=10 type=Prepare { ballot: 19 } queue_len=914
[PAXOS-TICK] phase=WaitingForPromises elapsed=12 timeout=15 ballot=44 promises=0 accepted=0
[step=658] DELIVER from=1 to=11 type=Prepare { ballot: 19 } queue_len=914
[PAXOS-TICK] phase=WaitingForPromises elapsed=13 timeout=15 ballot=44 promises=0 accepted=0
[step=659] DELIVER from=1 to=12 type=Prepare { ballot: 19 } queue_len=914
[PAXOS-TICK] phase=WaitingForPromises elapsed=14 timeout=15 ballot=44 promises=0 accepted=0
[TIMEOUT-CAUSE] phase=WaitingForPromises ballot=44 promises=0 accepted=0 quorum=13
[step=660] DELIVER from=1 to=13 type=Prepare { ballot: 19 } queue_len=939
[PAXOS-TICK] phase=WaitingForPromises elapsed=0 timeout=15 ballot=45 promises=0 accepted=0
[step=661] DELIVER from=1 to=14 type=Prepare { ballot: 19 } queue_len=939
[PAXOS-TICK] phase=WaitingForPromises elapsed=1 timeout=15 ballot=45 promises=0 accepted=0
[step=662] DELIVER from=1 to=15 type=Prepare { ballot: 19 } queue_len=939
[PAXOS-TICK] phase=WaitingForPromises elapsed=2 timeout=15 ballot=45 promises=0 accepted=0
[step=663] DELIVER from=1 to=16 type=Prepare { ballot: 19 } queue_len=939
[PAXOS-TICK] phase=WaitingForPromises elapsed=3 timeout=15 ballot=45 promises=0 accepted=0
[step=664] DELIVER from=1 to=17 type=Prepare { ballot: 19 } queue_len=939
[PAXOS-TICK] phase=WaitingForPromises elapsed=4 timeout=15 ballot=45 promises=0 accepted=0
[step=665] DELIVER from=1 to=18 type=Prepare { ballot: 19 } queue_len=939
[PAXOS-TICK] phase=WaitingForPromises elapsed=5 timeout=15 ballot=45 promises=0 accepted=0
[step=666] DELIVER from=1 to=19 type=Prepare { ballot: 19 } queue_len=939
[PAXOS-TICK] phase=WaitingForPromises elapsed=6 timeout=15 ballot=45 promises=0 accepted=0
[step=667] DELIVER from=1 to=20 type=Prepare { ballot: 19 } queue_len=939
[PAXOS-TICK] phase=WaitingForPromises elapsed=7 timeout=15 ballot=45 promises=0 accepted=0
[step=668] DELIVER from=1 to=21 type=Prepare { ballot: 19 } queue_len=939
[PAXOS-TICK] phase=WaitingForPromises elapsed=8 timeout=15 ballot=45 promises=0 accepted=0
[step=669] DELIVER from=1 to=22 type=Prepare { ballot: 19 } queue_len=939
[PAXOS-TICK] phase=WaitingForPromises elapsed=9 timeout=15 ballot=45 promises=0 accepted=0
[step=670] DELIVER from=1 to=23 type=Prepare { ballot: 19 } queue_len=939
[PAXOS-TICK] phase=WaitingForPromises elapsed=10 timeout=15 ballot=45 promises=0 accepted=0
[step=671] DELIVER from=1 to=24 type=Prepare { ballot: 19 } queue_len=939
[PAXOS-TICK] phase=WaitingForPromises elapsed=11 timeout=15 ballot=45 promises=0 accepted=0
[step=672] DELIVER from=1 to=25 type=Prepare { ballot: 19 } queue_len=939
[PAXOS-TICK] phase=WaitingForPromises elapsed=12 timeout=15 ballot=45 promises=0 accepted=0
[step=673] DELIVER from=11 to=1 type=Promise { ballot: 8, accepted_ballot: None, accepted_value: None } queue_len=939
[PROMISE-TRACE] from=11 received_ballot=8 current_ballot=45 match=false
[PAXOS-TICK] phase=WaitingForPromises elapsed=13 timeout=15 ballot=45 promises=0 accepted=0
[step=674] DELIVER from=12 to=1 type=Promise { ballot: 8, accepted_ballot: None, accepted_value: None } queue_len=938
[PROMISE-TRACE] from=12 received_ballot=8 current_ballot=45 match=false
[PAXOS-TICK] phase=WaitingForPromises elapsed=14 timeout=15 ballot=45 promises=0 accepted=0
[TIMEOUT-CAUSE] phase=WaitingForPromises ballot=45 promises=0 accepted=0 quorum=13
[step=675] DELIVER from=13 to=1 type=Promise { ballot: 8, accepted_ballot: None, accepted_value: None } queue_len=962
[PROMISE-TRACE] from=13 received_ballot=8 current_ballot=46 match=false
[PAXOS-TICK] phase=WaitingForPromises elapsed=0 timeout=15 ballot=46 promises=0 accepted=0
[step=676] DELIVER from=14 to=1 type=Promise { ballot: 8, accepted_ballot: None, accepted_value: None } queue_len=961
[PROMISE-TRACE] from=14 received_ballot=8 current_ballot=46 match=false
[PAXOS-TICK] phase=WaitingForPromises elapsed=1 timeout=15 ballot=46 promises=0 accepted=0
[step=677] DELIVER from=15 to=1 type=Promise { ballot: 8, accepted_ballot: None, accepted_value: None } queue_len=960
[PROMISE-TRACE] from=15 received_ballot=8 current_ballot=46 match=false
[PAXOS-TICK] phase=WaitingForPromises elapsed=2 timeout=15 ballot=46 promises=0 accepted=0
[step=678] DELIVER from=16 to=1 type=Promise { ballot: 8, accepted_ballot: None, accepted_value: None } queue_len=959
[PROMISE-TRACE] from=16 received_ballot=8 current_ballot=46 match=false
[PAXOS-TICK] phase=WaitingForPromises elapsed=3 timeout=15 ballot=46 promises=0 accepted=0
[step=679] DELIVER from=17 to=1 type=Promise { ballot: 8, accepted_ballot: None, accepted_value: None } queue_len=958
[PROMISE-TRACE] from=17 received_ballot=8 current_ballot=46 match=false
[PAXOS-TICK] phase=WaitingForPromises elapsed=4 timeout=15 ballot=46 promises=0 accepted=0
[step=680] DELIVER from=18 to=1 type=Promise { ballot: 8, accepted_ballot: None, accepted_value: None } queue_len=957
[PROMISE-TRACE] from=18 received_ballot=8 current_ballot=46 match=false
[PAXOS-TICK] phase=WaitingForPromises elapsed=5 timeout=15 ballot=46 promises=0 accepted=0
[step=681] DELIVER from=19 to=1 type=Promise { ballot: 8, accepted_ballot: None, accepted_value: None } queue_len=956
[PROMISE-TRACE] from=19 received_ballot=8 current_ballot=46 match=false
[PAXOS-TICK] phase=WaitingForPromises elapsed=6 timeout=15 ballot=46 promises=0 accepted=0
[step=682] DELIVER from=20 to=1 type=Promise { ballot: 8, accepted_ballot: None, accepted_value: None } queue_len=955
[PROMISE-TRACE] from=20 received_ballot=8 current_ballot=46 match=false
[PAXOS-TICK] phase=WaitingForPromises elapsed=7 timeout=15 ballot=46 promises=0 accepted=0
[step=683] DELIVER from=21 to=1 type=Promise { ballot: 8, accepted_ballot: None, accepted_value: None } queue_len=954
[PROMISE-TRACE] from=21 received_ballot=8 current_ballot=46 match=false
[PAXOS-TICK] phase=WaitingForPromises elapsed=8 timeout=15 ballot=46 promises=0 accepted=0
[step=684] DELIVER from=22 to=1 type=Promise { ballot: 8, accepted_ballot: None, accepted_value: None } queue_len=953
[PROMISE-TRACE] from=22 received_ballot=8 current_ballot=46 match=false
[PAXOS-TICK] phase=WaitingForPromises elapsed=9 timeout=15 ballot=46 promises=0 accepted=0
[step=685] DELIVER from=23 to=1 type=Promise { ballot: 8, accepted_ballot: None, accepted_value: None } queue_len=952
[PROMISE-TRACE] from=23 received_ballot=8 current_ballot=46 match=false
[PAXOS-TICK] phase=WaitingForPromises elapsed=10 timeout=15 ballot=46 promises=0 accepted=0
[step=686] DELIVER from=24 to=1 type=Promise { ballot: 8, accepted_ballot: None, accepted_value: None } queue_len=951
[PROMISE-TRACE] from=24 received_ballot=8 current_ballot=46 match=false
[PAXOS-TICK] phase=WaitingForPromises elapsed=11 timeout=15 ballot=46 promises=0 accepted=0
[step=687] DELIVER from=25 to=1 type=Promise { ballot: 8, accepted_ballot: None, accepted_value: None } queue_len=950
[PROMISE-TRACE] from=25 received_ballot=8 current_ballot=46 match=false
[PAXOS-TICK] phase=WaitingForPromises elapsed=12 timeout=15 ballot=46 promises=0 accepted=0
[step=688] DELIVER from=1 to=1 type=Prepare { ballot: 20 } queue_len=949
[PAXOS-TICK] phase=WaitingForPromises elapsed=13 timeout=15 ballot=46 promises=0 accepted=0
[step=689] DELIVER from=1 to=2 type=Prepare { ballot: 20 } queue_len=949
[PAXOS-TICK] phase=WaitingForPromises elapsed=14 timeout=15 ballot=46 promises=0 accepted=0
[TIMEOUT-CAUSE] phase=WaitingForPromises ballot=46 promises=0 accepted=0 quorum=13
[step=690] DELIVER from=1 to=3 type=Prepare { ballot: 20 } queue_len=974
[PAXOS-TICK] phase=WaitingForPromises elapsed=0 timeout=15 ballot=47 promises=0 accepted=0
[step=691] DELIVER from=1 to=4 type=Prepare { ballot: 20 } queue_len=974
[PAXOS-TICK] phase=WaitingForPromises elapsed=1 timeout=15 ballot=47 promises=0 accepted=0
[step=692] DELIVER from=1 to=5 type=Prepare { ballot: 20 } queue_len=974
[PAXOS-TICK] phase=WaitingForPromises elapsed=2 timeout=15 ballot=47 promises=0 accepted=0
[step=693] DELIVER from=1 to=6 type=Prepare { ballot: 20 } queue_len=974
[PAXOS-TICK] phase=WaitingForPromises elapsed=3 timeout=15 ballot=47 promises=0 accepted=0
[step=694] DELIVER from=1 to=7 type=Prepare { ballot: 20 } queue_len=974
[PAXOS-TICK] phase=WaitingForPromises elapsed=4 timeout=15 ballot=47 promises=0 accepted=0
[step=695] DELIVER from=1 to=8 type=Prepare { ballot: 20 } queue_len=974
[PAXOS-TICK] phase=WaitingForPromises elapsed=5 timeout=15 ballot=47 promises=0 accepted=0
[step=696] DELIVER from=1 to=9 type=Prepare { ballot: 20 } queue_len=974
[PAXOS-TICK] phase=WaitingForPromises elapsed=6 timeout=15 ballot=47 promises=0 accepted=0
[step=697] DELIVER from=1 to=10 type=Prepare { ballot: 20 } queue_len=974
[PAXOS-TICK] phase=WaitingForPromises elapsed=7 timeout=15 ballot=47 promises=0 accepted=0
[step=698] DELIVER from=1 to=11 type=Prepare { ballot: 20 } queue_len=974
[PAXOS-TICK] phase=WaitingForPromises elapsed=8 timeout=15 ballot=47 promises=0 accepted=0
[step=699] DELIVER from=1 to=12 type=Prepare { ballot: 20 } queue_len=974
[PAXOS-TICK] phase=WaitingForPromises elapsed=9 timeout=15 ballot=47 promises=0 accepted=0
[step=700] DELIVER from=1 to=13 type=Prepare { ballot: 20 } queue_len=974
[PAXOS-TICK] phase=WaitingForPromises elapsed=10 timeout=15 ballot=47 promises=0 accepted=0
[step=701] DELIVER from=1 to=14 type=Prepare { ballot: 20 } queue_len=974
[PAXOS-TICK] phase=WaitingForPromises elapsed=11 timeout=15 ballot=47 promises=0 accepted=0
[step=702] DELIVER from=1 to=15 type=Prepare { ballot: 20 } queue_len=974
[PAXOS-TICK] phase=WaitingForPromises elapsed=12 timeout=15 ballot=47 promises=0 accepted=0
[step=703] DELIVER from=1 to=16 type=Prepare { ballot: 20 } queue_len=974
[PAXOS-TICK] phase=WaitingForPromises elapsed=13 timeout=15 ballot=47 promises=0 accepted=0
[step=704] DELIVER from=1 to=17 type=Prepare { ballot: 20 } queue_len=974
[PAXOS-TICK] phase=WaitingForPromises elapsed=14 timeout=15 ballot=47 promises=0 accepted=0
[TIMEOUT-CAUSE] phase=WaitingForPromises ballot=47 promises=0 accepted=0 quorum=13
[step=705] DELIVER from=1 to=18 type=Prepare { ballot: 20 } queue_len=999
[PAXOS-TICK] phase=WaitingForPromises elapsed=0 timeout=15 ballot=48 promises=0 accepted=0
[step=706] DELIVER from=1 to=19 type=Prepare { ballot: 20 } queue_len=999
[PAXOS-TICK] phase=WaitingForPromises elapsed=1 timeout=15 ballot=48 promises=0 accepted=0
[step=707] DELIVER from=1 to=20 type=Prepare { ballot: 20 } queue_len=999
[PAXOS-TICK] phase=WaitingForPromises elapsed=2 timeout=15 ballot=48 promises=0 accepted=0
[step=708] DELIVER from=1 to=21 type=Prepare { ballot: 20 } queue_len=999
[PAXOS-TICK] phase=WaitingForPromises elapsed=3 timeout=15 ballot=48 promises=0 accepted=0
[step=709] DELIVER from=1 to=22 type=Prepare { ballot: 20 } queue_len=999
[PAXOS-TICK] phase=WaitingForPromises elapsed=4 timeout=15 ballot=48 promises=0 accepted=0
[step=710] DELIVER from=1 to=23 type=Prepare { ballot: 20 } queue_len=999
[PAXOS-TICK] phase=WaitingForPromises elapsed=5 timeout=15 ballot=48 promises=0 accepted=0
[step=711] DELIVER from=1 to=24 type=Prepare { ballot: 20 } queue_len=999
[PAXOS-TICK] phase=WaitingForPromises elapsed=6 timeout=15 ballot=48 promises=0 accepted=0
[step=712] DELIVER from=1 to=25 type=Prepare { ballot: 20 } queue_len=999
[PAXOS-TICK] phase=WaitingForPromises elapsed=7 timeout=15 ballot=48 promises=0 accepted=0
[step=713] DELIVER from=1 to=1 type=Promise { ballot: 9, accepted_ballot: None, accepted_value: None } queue_len=999
[PROMISE-TRACE] from=1 received_ballot=9 current_ballot=48 match=false
[PAXOS-TICK] phase=WaitingForPromises elapsed=8 timeout=15 ballot=48 promises=0 accepted=0
[step=714] DELIVER from=2 to=1 type=Promise { ballot: 9, accepted_ballot: None, accepted_value: None } queue_len=998
[PROMISE-TRACE] from=2 received_ballot=9 current_ballot=48 match=false
[PAXOS-TICK] phase=WaitingForPromises elapsed=9 timeout=15 ballot=48 promises=0 accepted=0
[step=715] DELIVER from=3 to=1 type=Promise { ballot: 9, accepted_ballot: None, accepted_value: None } queue_len=997
[PROMISE-TRACE] from=3 received_ballot=9 current_ballot=48 match=false
[PAXOS-TICK] phase=WaitingForPromises elapsed=10 timeout=15 ballot=48 promises=0 accepted=0
[step=716] DELIVER from=4 to=1 type=Promise { ballot: 9, accepted_ballot: None, accepted_value: None } queue_len=996
[PROMISE-TRACE] from=4 received_ballot=9 current_ballot=48 match=false
[PAXOS-TICK] phase=WaitingForPromises elapsed=11 timeout=15 ballot=48 promises=0 accepted=0
[step=717] DELIVER from=5 to=1 type=Promise { ballot: 9, accepted_ballot: None, accepted_value: None } queue_len=995
[PROMISE-TRACE] from=5 received_ballot=9 current_ballot=48 match=false
[PAXOS-TICK] phase=WaitingForPromises elapsed=12 timeout=15 ballot=48 promises=0 accepted=0
[step=718] DELIVER from=1 to=1 type=Prepare { ballot: 21 } queue_len=994
[PAXOS-TICK] phase=WaitingForPromises elapsed=13 timeout=15 ballot=48 promises=0 accepted=0
[step=719] DELIVER from=1 to=2 type=Prepare { ballot: 21 } queue_len=994
[PAXOS-TICK] phase=WaitingForPromises elapsed=14 timeout=15 ballot=48 promises=0 accepted=0
[TIMEOUT-CAUSE] phase=WaitingForPromises ballot=48 promises=0 accepted=0 quorum=13
[step=720] DELIVER from=1 to=3 type=Prepare { ballot: 21 } queue_len=1019
[PAXOS-TICK] phase=WaitingForPromises elapsed=0 timeout=15 ballot=49 promises=0 accepted=0
[step=721] DELIVER from=1 to=4 type=Prepare { ballot: 21 } queue_len=1019
[PAXOS-TICK] phase=WaitingForPromises elapsed=1 timeout=15 ballot=49 promises=0 accepted=0
[step=722] DELIVER from=1 to=5 type=Prepare { ballot: 21 } queue_len=1019
[PAXOS-TICK] phase=WaitingForPromises elapsed=2 timeout=15 ballot=49 promises=0 accepted=0
[step=723] DELIVER from=1 to=6 type=Prepare { ballot: 21 } queue_len=1019
[PAXOS-TICK] phase=WaitingForPromises elapsed=3 timeout=15 ballot=49 promises=0 accepted=0
[step=724] DELIVER from=1 to=7 type=Prepare { ballot: 21 } queue_len=1019
[PAXOS-TICK] phase=WaitingForPromises elapsed=4 timeout=15 ballot=49 promises=0 accepted=0
[step=725] DELIVER from=1 to=8 type=Prepare { ballot: 21 } queue_len=1019
[PAXOS-TICK] phase=WaitingForPromises elapsed=5 timeout=15 ballot=49 promises=0 accepted=0
[step=726] DELIVER from=1 to=9 type=Prepare { ballot: 21 } queue_len=1019
[PAXOS-TICK] phase=WaitingForPromises elapsed=6 timeout=15 ballot=49 promises=0 accepted=0
[step=727] DELIVER from=1 to=10 type=Prepare { ballot: 21 } queue_len=1019
[PAXOS-TICK] phase=WaitingForPromises elapsed=7 timeout=15 ballot=49 promises=0 accepted=0
[step=728] DELIVER from=1 to=11 type=Prepare { ballot: 21 } queue_len=1019
[PAXOS-TICK] phase=WaitingForPromises elapsed=8 timeout=15 ballot=49 promises=0 accepted=0
[step=729] DELIVER from=1 to=12 type=Prepare { ballot: 21 } queue_len=1019
[PAXOS-TICK] phase=WaitingForPromises elapsed=9 timeout=15 ballot=49 promises=0 accepted=0
[step=730] DELIVER from=1 to=13 type=Prepare { ballot: 21 } queue_len=1019
[PAXOS-TICK] phase=WaitingForPromises elapsed=10 timeout=15 ballot=49 promises=0 accepted=0
[step=731] DELIVER from=1 to=14 type=Prepare { ballot: 21 } queue_len=1019
[PAXOS-TICK] phase=WaitingForPromises elapsed=11 timeout=15 ballot=49 promises=0 accepted=0
[step=732] DELIVER from=1 to=15 type=Prepare { ballot: 21 } queue_len=1019
[PAXOS-TICK] phase=WaitingForPromises elapsed=12 timeout=15 ballot=49 promises=0 accepted=0
[step=733] DELIVER from=1 to=16 type=Prepare { ballot: 21 } queue_len=1019
[PAXOS-TICK] phase=WaitingForPromises elapsed=13 timeout=15 ballot=49 promises=0 accepted=0
[step=734] DELIVER from=1 to=17 type=Prepare { ballot: 21 } queue_len=1019
[PAXOS-TICK] phase=WaitingForPromises elapsed=14 timeout=15 ballot=49 promises=0 accepted=0
[TIMEOUT-CAUSE] phase=WaitingForPromises ballot=49 promises=0 accepted=0 quorum=13
[step=735] DELIVER from=1 to=18 type=Prepare { ballot: 21 } queue_len=1044
[PAXOS-TICK] phase=WaitingForPromises elapsed=0 timeout=15 ballot=50 promises=0 accepted=0
[step=736] DELIVER from=1 to=19 type=Prepare { ballot: 21 } queue_len=1044
[PAXOS-TICK] phase=WaitingForPromises elapsed=1 timeout=15 ballot=50 promises=0 accepted=0
[step=737] DELIVER from=1 to=20 type=Prepare { ballot: 21 } queue_len=1044
[PAXOS-TICK] phase=WaitingForPromises elapsed=2 timeout=15 ballot=50 promises=0 accepted=0
[step=738] DELIVER from=1 to=21 type=Prepare { ballot: 21 } queue_len=1044
[PAXOS-TICK] phase=WaitingForPromises elapsed=3 timeout=15 ballot=50 promises=0 accepted=0
[step=739] DELIVER from=1 to=22 type=Prepare { ballot: 21 } queue_len=1044
[PAXOS-TICK] phase=WaitingForPromises elapsed=4 timeout=15 ballot=50 promises=0 accepted=0
[step=740] DELIVER from=1 to=23 type=Prepare { ballot: 21 } queue_len=1044
[PAXOS-TICK] phase=WaitingForPromises elapsed=5 timeout=15 ballot=50 promises=0 accepted=0
[step=741] DELIVER from=1 to=24 type=Prepare { ballot: 21 } queue_len=1044
[PAXOS-TICK] phase=WaitingForPromises elapsed=6 timeout=15 ballot=50 promises=0 accepted=0
[step=742] DELIVER from=1 to=25 type=Prepare { ballot: 21 } queue_len=1044
[PAXOS-TICK] phase=WaitingForPromises elapsed=7 timeout=15 ballot=50 promises=0 accepted=0
[step=743] DELIVER from=6 to=1 type=Promise { ballot: 9, accepted_ballot: None, accepted_value: None } queue_len=1044
[PROMISE-TRACE] from=6 received_ballot=9 current_ballot=50 match=false
[PAXOS-TICK] phase=WaitingForPromises elapsed=8 timeout=15 ballot=50 promises=0 accepted=0
[step=744] DELIVER from=7 to=1 type=Promise { ballot: 9, accepted_ballot: None, accepted_value: None } queue_len=1043
[PROMISE-TRACE] from=7 received_ballot=9 current_ballot=50 match=false
[PAXOS-TICK] phase=WaitingForPromises elapsed=9 timeout=15 ballot=50 promises=0 accepted=0
[step=745] DELIVER from=8 to=1 type=Promise { ballot: 9, accepted_ballot: None, accepted_value: None } queue_len=1042
[PROMISE-TRACE] from=8 received_ballot=9 current_ballot=50 match=false
[PAXOS-TICK] phase=WaitingForPromises elapsed=10 timeout=15 ballot=50 promises=0 accepted=0
[step=746] DELIVER from=9 to=1 type=Promise { ballot: 9, accepted_ballot: None, accepted_value: None } queue_len=1041
[PROMISE-TRACE] from=9 received_ballot=9 current_ballot=50 match=false
[PAXOS-TICK] phase=WaitingForPromises elapsed=11 timeout=15 ballot=50 promises=0 accepted=0
[step=747] DELIVER from=10 to=1 type=Promise { ballot: 9, accepted_ballot: None, accepted_value: None } queue_len=1040
[PROMISE-TRACE] from=10 received_ballot=9 current_ballot=50 match=false
[PAXOS-TICK] phase=WaitingForPromises elapsed=12 timeout=15 ballot=50 promises=0 accepted=0
[step=748] DELIVER from=11 to=1 type=Promise { ballot: 9, accepted_ballot: None, accepted_value: None } queue_len=1039
[PROMISE-TRACE] from=11 received_ballot=9 current_ballot=50 match=false
[PAXOS-TICK] phase=WaitingForPromises elapsed=13 timeout=15 ballot=50 promises=0 accepted=0
[step=749] DELIVER from=12 to=1 type=Promise { ballot: 9, accepted_ballot: None, accepted_value: None } queue_len=1038
[PROMISE-TRACE] from=12 received_ballot=9 current_ballot=50 match=false
[PAXOS-TICK] phase=WaitingForPromises elapsed=14 timeout=15 ballot=50 promises=0 accepted=0
[TIMEOUT-CAUSE] phase=WaitingForPromises ballot=50 promises=0 accepted=0 quorum=13
[step=750] DELIVER from=13 to=1 type=Promise { ballot: 9, accepted_ballot: None, accepted_value: None } queue_len=1062
[PROMISE-TRACE] from=13 received_ballot=9 current_ballot=51 match=false
[PAXOS-TICK] phase=WaitingForPromises elapsed=0 timeout=15 ballot=51 promises=0 accepted=0
[step=751] DELIVER from=14 to=1 type=Promise { ballot: 9, accepted_ballot: None, accepted_value: None } queue_len=1061
[PROMISE-TRACE] from=14 received_ballot=9 current_ballot=51 match=false
[PAXOS-TICK] phase=WaitingForPromises elapsed=1 timeout=15 ballot=51 promises=0 accepted=0
[step=752] DELIVER from=15 to=1 type=Promise { ballot: 9, accepted_ballot: None, accepted_value: None } queue_len=1060
[PROMISE-TRACE] from=15 received_ballot=9 current_ballot=51 match=false
[PAXOS-TICK] phase=WaitingForPromises elapsed=2 timeout=15 ballot=51 promises=0 accepted=0
[step=753] DELIVER from=16 to=1 type=Promise { ballot: 9, accepted_ballot: None, accepted_value: None } queue_len=1059
[PROMISE-TRACE] from=16 received_ballot=9 current_ballot=51 match=false
[PAXOS-TICK] phase=WaitingForPromises elapsed=3 timeout=15 ballot=51 promises=0 accepted=0
[step=754] DELIVER from=17 to=1 type=Promise { ballot: 9, accepted_ballot: None, accepted_value: None } queue_len=1058
[PROMISE-TRACE] from=17 received_ballot=9 current_ballot=51 match=false
[PAXOS-TICK] phase=WaitingForPromises elapsed=4 timeout=15 ballot=51 promises=0 accepted=0
[step=755] DELIVER from=18 to=1 type=Promise { ballot: 9, accepted_ballot: None, accepted_value: None } queue_len=1057
[PROMISE-TRACE] from=18 received_ballot=9 current_ballot=51 match=false
[PAXOS-TICK] phase=WaitingForPromises elapsed=5 timeout=15 ballot=51 promises=0 accepted=0
[step=756] DELIVER from=19 to=1 type=Promise { ballot: 9, accepted_ballot: None, accepted_value: None } queue_len=1056
[PROMISE-TRACE] from=19 received_ballot=9 current_ballot=51 match=false
[PAXOS-TICK] phase=WaitingForPromises elapsed=6 timeout=15 ballot=51 promises=0 accepted=0
[step=757] DELIVER from=20 to=1 type=Promise { ballot: 9, accepted_ballot: None, accepted_value: None } queue_len=1055
[PROMISE-TRACE] from=20 received_ballot=9 current_ballot=51 match=false
[PAXOS-TICK] phase=WaitingForPromises elapsed=7 timeout=15 ballot=51 promises=0 accepted=0
[step=758] DELIVER from=1 to=1 type=Prepare { ballot: 22 } queue_len=1054
[PAXOS-TICK] phase=WaitingForPromises elapsed=8 timeout=15 ballot=51 promises=0 accepted=0
[step=759] DELIVER from=1 to=2 type=Prepare { ballot: 22 } queue_len=1054
[PAXOS-TICK] phase=WaitingForPromises elapsed=9 timeout=15 ballot=51 promises=0 accepted=0
[step=760] DELIVER from=1 to=3 type=Prepare { ballot: 22 } queue_len=1054
[PAXOS-TICK] phase=WaitingForPromises elapsed=10 timeout=15 ballot=51 promises=0 accepted=0
[step=761] DELIVER from=1 to=4 type=Prepare { ballot: 22 } queue_len=1054
[PAXOS-TICK] phase=WaitingForPromises elapsed=11 timeout=15 ballot=51 promises=0 accepted=0
[step=762] DELIVER from=1 to=5 type=Prepare { ballot: 22 } queue_len=1054
[PAXOS-TICK] phase=WaitingForPromises elapsed=12 timeout=15 ballot=51 promises=0 accepted=0
[step=763] DELIVER from=1 to=6 type=Prepare { ballot: 22 } queue_len=1054
[PAXOS-TICK] phase=WaitingForPromises elapsed=13 timeout=15 ballot=51 promises=0 accepted=0
[step=764] DELIVER from=1 to=7 type=Prepare { ballot: 22 } queue_len=1054
[PAXOS-TICK] phase=WaitingForPromises elapsed=14 timeout=15 ballot=51 promises=0 accepted=0
[TIMEOUT-CAUSE] phase=WaitingForPromises ballot=51 promises=0 accepted=0 quorum=13
[step=765] DELIVER from=1 to=8 type=Prepare { ballot: 22 } queue_len=1079
[PAXOS-TICK] phase=WaitingForPromises elapsed=0 timeout=15 ballot=52 promises=0 accepted=0
[step=766] DELIVER from=1 to=9 type=Prepare { ballot: 22 } queue_len=1079
[PAXOS-TICK] phase=WaitingForPromises elapsed=1 timeout=15 ballot=52 promises=0 accepted=0
[step=767] DELIVER from=1 to=10 type=Prepare { ballot: 22 } queue_len=1079
[PAXOS-TICK] phase=WaitingForPromises elapsed=2 timeout=15 ballot=52 promises=0 accepted=0
[step=768] DELIVER from=1 to=11 type=Prepare { ballot: 22 } queue_len=1079
[PAXOS-TICK] phase=WaitingForPromises elapsed=3 timeout=15 ballot=52 promises=0 accepted=0
[step=769] DELIVER from=1 to=12 type=Prepare { ballot: 22 } queue_len=1079
[PAXOS-TICK] phase=WaitingForPromises elapsed=4 timeout=15 ballot=52 promises=0 accepted=0
[step=770] DELIVER from=1 to=13 type=Prepare { ballot: 22 } queue_len=1079
[PAXOS-TICK] phase=WaitingForPromises elapsed=5 timeout=15 ballot=52 promises=0 accepted=0
[step=771] DELIVER from=1 to=14 type=Prepare { ballot: 22 } queue_len=1079
[PAXOS-TICK] phase=WaitingForPromises elapsed=6 timeout=15 ballot=52 promises=0 accepted=0
[step=772] DELIVER from=1 to=15 type=Prepare { ballot: 22 } queue_len=1079
[PAXOS-TICK] phase=WaitingForPromises elapsed=7 timeout=15 ballot=52 promises=0 accepted=0
[step=773] DELIVER from=1 to=16 type=Prepare { ballot: 22 } queue_len=1079
[PAXOS-TICK] phase=WaitingForPromises elapsed=8 timeout=15 ballot=52 promises=0 accepted=0
[step=774] DELIVER from=1 to=17 type=Prepare { ballot: 22 } queue_len=1079
[PAXOS-TICK] phase=WaitingForPromises elapsed=9 timeout=15 ballot=52 promises=0 accepted=0
[step=775] DELIVER from=1 to=18 type=Prepare { ballot: 22 } queue_len=1079
[PAXOS-TICK] phase=WaitingForPromises elapsed=10 timeout=15 ballot=52 promises=0 accepted=0
[step=776] DELIVER from=1 to=19 type=Prepare { ballot: 22 } queue_len=1079
[PAXOS-TICK] phase=WaitingForPromises elapsed=11 timeout=15 ballot=52 promises=0 accepted=0
[step=777] DELIVER from=1 to=20 type=Prepare { ballot: 22 } queue_len=1079
[PAXOS-TICK] phase=WaitingForPromises elapsed=12 timeout=15 ballot=52 promises=0 accepted=0
[step=778] DELIVER from=1 to=21 type=Prepare { ballot: 22 } queue_len=1079
[PAXOS-TICK] phase=WaitingForPromises elapsed=13 timeout=15 ballot=52 promises=0 accepted=0
[step=779] DELIVER from=1 to=22 type=Prepare { ballot: 22 } queue_len=1079
[PAXOS-TICK] phase=WaitingForPromises elapsed=14 timeout=15 ballot=52 promises=0 accepted=0
[TIMEOUT-CAUSE] phase=WaitingForPromises ballot=52 promises=0 accepted=0 quorum=13
[step=780] DELIVER from=1 to=23 type=Prepare { ballot: 22 } queue_len=1104
[PAXOS-TICK] phase=WaitingForPromises elapsed=0 timeout=15 ballot=53 promises=0 accepted=0
[step=781] DELIVER from=1 to=24 type=Prepare { ballot: 22 } queue_len=1104
[PAXOS-TICK] phase=WaitingForPromises elapsed=1 timeout=15 ballot=53 promises=0 accepted=0
[step=782] DELIVER from=1 to=25 type=Prepare { ballot: 22 } queue_len=1104
[PAXOS-TICK] phase=WaitingForPromises elapsed=2 timeout=15 ballot=53 promises=0 accepted=0
[step=783] DELIVER from=21 to=1 type=Promise { ballot: 9, accepted_ballot: None, accepted_value: None } queue_len=1104
[PROMISE-TRACE] from=21 received_ballot=9 current_ballot=53 match=false
[PAXOS-TICK] phase=WaitingForPromises elapsed=3 timeout=15 ballot=53 promises=0 accepted=0
[step=784] DELIVER from=22 to=1 type=Promise { ballot: 9, accepted_ballot: None, accepted_value: None } queue_len=1103
[PROMISE-TRACE] from=22 received_ballot=9 current_ballot=53 match=false
[PAXOS-TICK] phase=WaitingForPromises elapsed=4 timeout=15 ballot=53 promises=0 accepted=0
[step=785] DELIVER from=23 to=1 type=Promise { ballot: 9, accepted_ballot: None, accepted_value: None } queue_len=1102
[PROMISE-TRACE] from=23 received_ballot=9 current_ballot=53 match=false
[PAXOS-TICK] phase=WaitingForPromises elapsed=5 timeout=15 ballot=53 promises=0 accepted=0
[step=786] DELIVER from=24 to=1 type=Promise { ballot: 9, accepted_ballot: None, accepted_value: None } queue_len=1101
[PROMISE-TRACE] from=24 received_ballot=9 current_ballot=53 match=false
[PAXOS-TICK] phase=WaitingForPromises elapsed=6 timeout=15 ballot=53 promises=0 accepted=0
[step=787] DELIVER from=25 to=1 type=Promise { ballot: 9, accepted_ballot: None, accepted_value: None } queue_len=1100
[PROMISE-TRACE] from=25 received_ballot=9 current_ballot=53 match=false
[PAXOS-TICK] phase=WaitingForPromises elapsed=7 timeout=15 ballot=53 promises=0 accepted=0
[step=788] DELIVER from=1 to=1 type=Prepare { ballot: 23 } queue_len=1099
[PAXOS-TICK] phase=WaitingForPromises elapsed=8 timeout=15 ballot=53 promises=0 accepted=0
[step=789] DELIVER from=1 to=2 type=Prepare { ballot: 23 } queue_len=1099
[PAXOS-TICK] phase=WaitingForPromises elapsed=9 timeout=15 ballot=53 promises=0 accepted=0
[step=790] DELIVER from=1 to=3 type=Prepare { ballot: 23 } queue_len=1099
[PAXOS-TICK] phase=WaitingForPromises elapsed=10 timeout=15 ballot=53 promises=0 accepted=0
[step=791] DELIVER from=1 to=4 type=Prepare { ballot: 23 } queue_len=1099
[PAXOS-TICK] phase=WaitingForPromises elapsed=11 timeout=15 ballot=53 promises=0 accepted=0
[step=792] DELIVER from=1 to=5 type=Prepare { ballot: 23 } queue_len=1099
[PAXOS-TICK] phase=WaitingForPromises elapsed=12 timeout=15 ballot=53 promises=0 accepted=0
[step=793] DELIVER from=1 to=6 type=Prepare { ballot: 23 } queue_len=1099
[PAXOS-TICK] phase=WaitingForPromises elapsed=13 timeout=15 ballot=53 promises=0 accepted=0
[step=794] DELIVER from=1 to=7 type=Prepare { ballot: 23 } queue_len=1099
[PAXOS-TICK] phase=WaitingForPromises elapsed=14 timeout=15 ballot=53 promises=0 accepted=0
[TIMEOUT-CAUSE] phase=WaitingForPromises ballot=53 promises=0 accepted=0 quorum=13
[step=795] DELIVER from=1 to=8 type=Prepare { ballot: 23 } queue_len=1124
[PAXOS-TICK] phase=WaitingForPromises elapsed=0 timeout=15 ballot=54 promises=0 accepted=0
[step=796] DELIVER from=1 to=9 type=Prepare { ballot: 23 } queue_len=1124
[PAXOS-TICK] phase=WaitingForPromises elapsed=1 timeout=15 ballot=54 promises=0 accepted=0
[step=797] DELIVER from=1 to=10 type=Prepare { ballot: 23 } queue_len=1124
[PAXOS-TICK] phase=WaitingForPromises elapsed=2 timeout=15 ballot=54 promises=0 accepted=0
[step=798] DELIVER from=1 to=11 type=Prepare { ballot: 23 } queue_len=1124
[PAXOS-TICK] phase=WaitingForPromises elapsed=3 timeout=15 ballot=54 promises=0 accepted=0
[step=799] DELIVER from=1 to=12 type=Prepare { ballot: 23 } queue_len=1124
[PAXOS-TICK] phase=WaitingForPromises elapsed=4 timeout=15 ballot=54 promises=0 accepted=0
[step=800] DELIVER from=1 to=13 type=Prepare { ballot: 23 } queue_len=1124
[PAXOS-TICK] phase=WaitingForPromises elapsed=5 timeout=15 ballot=54 promises=0 accepted=0
[step=801] DELIVER from=1 to=14 type=Prepare { ballot: 23 } queue_len=1124
[PAXOS-TICK] phase=WaitingForPromises elapsed=6 timeout=15 ballot=54 promises=0 accepted=0
[step=802] DELIVER from=1 to=15 type=Prepare { ballot: 23 } queue_len=1124
[PAXOS-TICK] phase=WaitingForPromises elapsed=7 timeout=15 ballot=54 promises=0 accepted=0
[step=803] DELIVER from=1 to=16 type=Prepare { ballot: 23 } queue_len=1124
[PAXOS-TICK] phase=WaitingForPromises elapsed=8 timeout=15 ballot=54 promises=0 accepted=0
[step=804] DELIVER from=1 to=17 type=Prepare { ballot: 23 } queue_len=1124
[PAXOS-TICK] phase=WaitingForPromises elapsed=9 timeout=15 ballot=54 promises=0 accepted=0
[step=805] DELIVER from=1 to=18 type=Prepare { ballot: 23 } queue_len=1124
[PAXOS-TICK] phase=WaitingForPromises elapsed=10 timeout=15 ballot=54 promises=0 accepted=0
[step=806] DELIVER from=1 to=19 type=Prepare { ballot: 23 } queue_len=1124
[PAXOS-TICK] phase=WaitingForPromises elapsed=11 timeout=15 ballot=54 promises=0 accepted=0
[step=807] DELIVER from=1 to=20 type=Prepare { ballot: 23 } queue_len=1124
[PAXOS-TICK] phase=WaitingForPromises elapsed=12 timeout=15 ballot=54 promises=0 accepted=0
[step=808] DELIVER from=1 to=21 type=Prepare { ballot: 23 } queue_len=1124
[PAXOS-TICK] phase=WaitingForPromises elapsed=13 timeout=15 ballot=54 promises=0 accepted=0
[step=809] DELIVER from=1 to=22 type=Prepare { ballot: 23 } queue_len=1124
[PAXOS-TICK] phase=WaitingForPromises elapsed=14 timeout=15 ballot=54 promises=0 accepted=0
[TIMEOUT-CAUSE] phase=WaitingForPromises ballot=54 promises=0 accepted=0 quorum=13
[step=810] DELIVER from=1 to=23 type=Prepare { ballot: 23 } queue_len=1149
[PAXOS-TICK] phase=WaitingForPromises elapsed=0 timeout=15 ballot=55 promises=0 accepted=0
[step=811] DELIVER from=1 to=24 type=Prepare { ballot: 23 } queue_len=1149
[PAXOS-TICK] phase=WaitingForPromises elapsed=1 timeout=15 ballot=55 promises=0 accepted=0
[step=812] DELIVER from=1 to=25 type=Prepare { ballot: 23 } queue_len=1149
[PAXOS-TICK] phase=WaitingForPromises elapsed=2 timeout=15 ballot=55 promises=0 accepted=0
[step=813] DELIVER from=1 to=1 type=Promise { ballot: 10, accepted_ballot: None, accepted_value: None } queue_len=1149
[PROMISE-TRACE] from=1 received_ballot=10 current_ballot=55 match=false
[PAXOS-TICK] phase=WaitingForPromises elapsed=3 timeout=15 ballot=55 promises=0 accepted=0
[step=814] DELIVER from=2 to=1 type=Promise { ballot: 10, accepted_ballot: None, accepted_value: None } queue_len=1148
[PROMISE-TRACE] from=2 received_ballot=10 current_ballot=55 match=false
[PAXOS-TICK] phase=WaitingForPromises elapsed=4 timeout=15 ballot=55 promises=0 accepted=0
[step=815] DELIVER from=3 to=1 type=Promise { ballot: 10, accepted_ballot: None, accepted_value: None } queue_len=1147
[PROMISE-TRACE] from=3 received_ballot=10 current_ballot=55 match=false
[PAXOS-TICK] phase=WaitingForPromises elapsed=5 timeout=15 ballot=55 promises=0 accepted=0
[step=816] DELIVER from=4 to=1 type=Promise { ballot: 10, accepted_ballot: None, accepted_value: None } queue_len=1146
[PROMISE-TRACE] from=4 received_ballot=10 current_ballot=55 match=false
[PAXOS-TICK] phase=WaitingForPromises elapsed=6 timeout=15 ballot=55 promises=0 accepted=0
[step=817] DELIVER from=5 to=1 type=Promise { ballot: 10, accepted_ballot: None, accepted_value: None } queue_len=1145
[PROMISE-TRACE] from=5 received_ballot=10 current_ballot=55 match=false
[PAXOS-TICK] phase=WaitingForPromises elapsed=7 timeout=15 ballot=55 promises=0 accepted=0
[step=818] DELIVER from=6 to=1 type=Promise { ballot: 10, accepted_ballot: None, accepted_value: None } queue_len=1144
[PROMISE-TRACE] from=6 received_ballot=10 current_ballot=55 match=false
[PAXOS-TICK] phase=WaitingForPromises elapsed=8 timeout=15 ballot=55 promises=0 accepted=0
[step=819] DELIVER from=7 to=1 type=Promise { ballot: 10, accepted_ballot: None, accepted_value: None } queue_len=1143
[PROMISE-TRACE] from=7 received_ballot=10 current_ballot=55 match=false
[PAXOS-TICK] phase=WaitingForPromises elapsed=9 timeout=15 ballot=55 promises=0 accepted=0
[step=820] DELIVER from=8 to=1 type=Promise { ballot: 10, accepted_ballot: None, accepted_value: None } queue_len=1142
[PROMISE-TRACE] from=8 received_ballot=10 current_ballot=55 match=false
[PAXOS-TICK] phase=WaitingForPromises elapsed=10 timeout=15 ballot=55 promises=0 accepted=0
[step=821] DELIVER from=9 to=1 type=Promise { ballot: 10, accepted_ballot: None, accepted_value: None } queue_len=1141
[PROMISE-TRACE] from=9 received_ballot=10 current_ballot=55 match=false
[PAXOS-TICK] phase=WaitingForPromises elapsed=11 timeout=15 ballot=55 promises=0 accepted=0
[step=822] DELIVER from=10 to=1 type=Promise { ballot: 10, accepted_ballot: None, accepted_value: None } queue_len=1140
[PROMISE-TRACE] from=10 received_ballot=10 current_ballot=55 match=false
[PAXOS-TICK] phase=WaitingForPromises elapsed=12 timeout=15 ballot=55 promises=0 accepted=0
[step=823] DELIVER from=1 to=1 type=Prepare { ballot: 24 } queue_len=1139
[PAXOS-TICK] phase=WaitingForPromises elapsed=13 timeout=15 ballot=55 promises=0 accepted=0
[step=824] DELIVER from=1 to=2 type=Prepare { ballot: 24 } queue_len=1139
[PAXOS-TICK] phase=WaitingForPromises elapsed=14 timeout=15 ballot=55 promises=0 accepted=0
[TIMEOUT-CAUSE] phase=WaitingForPromises ballot=55 promises=0 accepted=0 quorum=13
[step=825] DELIVER from=1 to=3 type=Prepare { ballot: 24 } queue_len=1164
[PAXOS-TICK] phase=WaitingForPromises elapsed=0 timeout=15 ballot=56 promises=0 accepted=0
[step=826] DELIVER from=1 to=4 type=Prepare { ballot: 24 } queue_len=1164
[PAXOS-TICK] phase=WaitingForPromises elapsed=1 timeout=15 ballot=56 promises=0 accepted=0
[step=827] DELIVER from=1 to=5 type=Prepare { ballot: 24 } queue_len=1164
[PAXOS-TICK] phase=WaitingForPromises elapsed=2 timeout=15 ballot=56 promises=0 accepted=0
[step=828] DELIVER from=1 to=6 type=Prepare { ballot: 24 } queue_len=1164
[PAXOS-TICK] phase=WaitingForPromises elapsed=3 timeout=15 ballot=56 promises=0 accepted=0
[step=829] DELIVER from=1 to=7 type=Prepare { ballot: 24 } queue_len=1164
[PAXOS-TICK] phase=WaitingForPromises elapsed=4 timeout=15 ballot=56 promises=0 accepted=0
[step=830] DELIVER from=1 to=8 type=Prepare { ballot: 24 } queue_len=1164
[PAXOS-TICK] phase=WaitingForPromises elapsed=5 timeout=15 ballot=56 promises=0 accepted=0
[step=831] DELIVER from=1 to=9 type=Prepare { ballot: 24 } queue_len=1164
[PAXOS-TICK] phase=WaitingForPromises elapsed=6 timeout=15 ballot=56 promises=0 accepted=0
[step=832] DELIVER from=1 to=10 type=Prepare { ballot: 24 } queue_len=1164
[PAXOS-TICK] phase=WaitingForPromises elapsed=7 timeout=15 ballot=56 promises=0 accepted=0
[step=833] DELIVER from=1 to=11 type=Prepare { ballot: 24 } queue_len=1164
[PAXOS-TICK] phase=WaitingForPromises elapsed=8 timeout=15 ballot=56 promises=0 accepted=0
[step=834] DELIVER from=1 to=12 type=Prepare { ballot: 24 } queue_len=1164
[PAXOS-TICK] phase=WaitingForPromises elapsed=9 timeout=15 ballot=56 promises=0 accepted=0
[step=835] DELIVER from=1 to=13 type=Prepare { ballot: 24 } queue_len=1164
[PAXOS-TICK] phase=WaitingForPromises elapsed=10 timeout=15 ballot=56 promises=0 accepted=0
[step=836] DELIVER from=1 to=14 type=Prepare { ballot: 24 } queue_len=1164
[PAXOS-TICK] phase=WaitingForPromises elapsed=11 timeout=15 ballot=56 promises=0 accepted=0
[step=837] DELIVER from=1 to=15 type=Prepare { ballot: 24 } queue_len=1164
[PAXOS-TICK] phase=WaitingForPromises elapsed=12 timeout=15 ballot=56 promises=0 accepted=0
[step=838] DELIVER from=1 to=16 type=Prepare { ballot: 24 } queue_len=1164
[PAXOS-TICK] phase=WaitingForPromises elapsed=13 timeout=15 ballot=56 promises=0 accepted=0
[step=839] DELIVER from=1 to=17 type=Prepare { ballot: 24 } queue_len=1164
[PAXOS-TICK] phase=WaitingForPromises elapsed=14 timeout=15 ballot=56 promises=0 accepted=0
[TIMEOUT-CAUSE] phase=WaitingForPromises ballot=56 promises=0 accepted=0 quorum=13
[step=840] DELIVER from=1 to=18 type=Prepare { ballot: 24 } queue_len=1189
[PAXOS-TICK] phase=WaitingForPromises elapsed=0 timeout=15 ballot=57 promises=0 accepted=0
[step=841] DELIVER from=1 to=19 type=Prepare { ballot: 24 } queue_len=1189
[PAXOS-TICK] phase=WaitingForPromises elapsed=1 timeout=15 ballot=57 promises=0 accepted=0
[step=842] DELIVER from=1 to=20 type=Prepare { ballot: 24 } queue_len=1189
[PAXOS-TICK] phase=WaitingForPromises elapsed=2 timeout=15 ballot=57 promises=0 accepted=0
[step=843] DELIVER from=1 to=21 type=Prepare { ballot: 24 } queue_len=1189
[PAXOS-TICK] phase=WaitingForPromises elapsed=3 timeout=15 ballot=57 promises=0 accepted=0
[step=844] DELIVER from=1 to=22 type=Prepare { ballot: 24 } queue_len=1189
[PAXOS-TICK] phase=WaitingForPromises elapsed=4 timeout=15 ballot=57 promises=0 accepted=0
[step=845] DELIVER from=1 to=23 type=Prepare { ballot: 24 } queue_len=1189
[PAXOS-TICK] phase=WaitingForPromises elapsed=5 timeout=15 ballot=57 promises=0 accepted=0
[step=846] DELIVER from=1 to=24 type=Prepare { ballot: 24 } queue_len=1189
[PAXOS-TICK] phase=WaitingForPromises elapsed=6 timeout=15 ballot=57 promises=0 accepted=0
[step=847] DELIVER from=1 to=25 type=Prepare { ballot: 24 } queue_len=1189
[PAXOS-TICK] phase=WaitingForPromises elapsed=7 timeout=15 ballot=57 promises=0 accepted=0
[step=848] DELIVER from=11 to=1 type=Promise { ballot: 10, accepted_ballot: None, accepted_value: None } queue_len=1189
[PROMISE-TRACE] from=11 received_ballot=10 current_ballot=57 match=false
[PAXOS-TICK] phase=WaitingForPromises elapsed=8 timeout=15 ballot=57 promises=0 accepted=0
[step=849] DELIVER from=12 to=1 type=Promise { ballot: 10, accepted_ballot: None, accepted_value: None } queue_len=1188
[PROMISE-TRACE] from=12 received_ballot=10 current_ballot=57 match=false
[PAXOS-TICK] phase=WaitingForPromises elapsed=9 timeout=15 ballot=57 promises=0 accepted=0
[step=850] DELIVER from=13 to=1 type=Promise { ballot: 10, accepted_ballot: None, accepted_value: None } queue_len=1187
[PROMISE-TRACE] from=13 received_ballot=10 current_ballot=57 match=false
[PAXOS-TICK] phase=WaitingForPromises elapsed=10 timeout=15 ballot=57 promises=0 accepted=0
[step=851] DELIVER from=14 to=1 type=Promise { ballot: 10, accepted_ballot: None, accepted_value: None } queue_len=1186
[PROMISE-TRACE] from=14 received_ballot=10 current_ballot=57 match=false
[PAXOS-TICK] phase=WaitingForPromises elapsed=11 timeout=15 ballot=57 promises=0 accepted=0
[step=852] DELIVER from=15 to=1 type=Promise { ballot: 10, accepted_ballot: None, accepted_value: None } queue_len=1185
[PROMISE-TRACE] from=15 received_ballot=10 current_ballot=57 match=false
[PAXOS-TICK] phase=WaitingForPromises elapsed=12 timeout=15 ballot=57 promises=0 accepted=0
[step=853] DELIVER from=16 to=1 type=Promise { ballot: 10, accepted_ballot: None, accepted_value: None } queue_len=1184
[PROMISE-TRACE] from=16 received_ballot=10 current_ballot=57 match=false
[PAXOS-TICK] phase=WaitingForPromises elapsed=13 timeout=15 ballot=57 promises=0 accepted=0
[step=854] DELIVER from=17 to=1 type=Promise { ballot: 10, accepted_ballot: None, accepted_value: None } queue_len=1183
[PROMISE-TRACE] from=17 received_ballot=10 current_ballot=57 match=false
[PAXOS-TICK] phase=WaitingForPromises elapsed=14 timeout=15 ballot=57 promises=0 accepted=0
[TIMEOUT-CAUSE] phase=WaitingForPromises ballot=57 promises=0 accepted=0 quorum=13
[step=855] DELIVER from=18 to=1 type=Promise { ballot: 10, accepted_ballot: None, accepted_value: None } queue_len=1207
[PROMISE-TRACE] from=18 received_ballot=10 current_ballot=58 match=false
[PAXOS-TICK] phase=WaitingForPromises elapsed=0 timeout=15 ballot=58 promises=0 accepted=0
[step=856] DELIVER from=19 to=1 type=Promise { ballot: 10, accepted_ballot: None, accepted_value: None } queue_len=1206
[PROMISE-TRACE] from=19 received_ballot=10 current_ballot=58 match=false
[PAXOS-TICK] phase=WaitingForPromises elapsed=1 timeout=15 ballot=58 promises=0 accepted=0
[step=857] DELIVER from=20 to=1 type=Promise { ballot: 10, accepted_ballot: None, accepted_value: None } queue_len=1205
[PROMISE-TRACE] from=20 received_ballot=10 current_ballot=58 match=false
[PAXOS-TICK] phase=WaitingForPromises elapsed=2 timeout=15 ballot=58 promises=0 accepted=0
[step=858] DELIVER from=21 to=1 type=Promise { ballot: 10, accepted_ballot: None, accepted_value: None } queue_len=1204
[PROMISE-TRACE] from=21 received_ballot=10 current_ballot=58 match=false
[PAXOS-TICK] phase=WaitingForPromises elapsed=3 timeout=15 ballot=58 promises=0 accepted=0
[step=859] DELIVER from=22 to=1 type=Promise { ballot: 10, accepted_ballot: None, accepted_value: None } queue_len=1203
[PROMISE-TRACE] from=22 received_ballot=10 current_ballot=58 match=false
[PAXOS-TICK] phase=WaitingForPromises elapsed=4 timeout=15 ballot=58 promises=0 accepted=0
[step=860] DELIVER from=23 to=1 type=Promise { ballot: 10, accepted_ballot: None, accepted_value: None } queue_len=1202
[PROMISE-TRACE] from=23 received_ballot=10 current_ballot=58 match=false
[PAXOS-TICK] phase=WaitingForPromises elapsed=5 timeout=15 ballot=58 promises=0 accepted=0
[step=861] DELIVER from=24 to=1 type=Promise { ballot: 10, accepted_ballot: None, accepted_value: None } queue_len=1201
[PROMISE-TRACE] from=24 received_ballot=10 current_ballot=58 match=false
[PAXOS-TICK] phase=WaitingForPromises elapsed=6 timeout=15 ballot=58 promises=0 accepted=0
[step=862] DELIVER from=25 to=1 type=Promise { ballot: 10, accepted_ballot: None, accepted_value: None } queue_len=1200
[PROMISE-TRACE] from=25 received_ballot=10 current_ballot=58 match=false
[PAXOS-TICK] phase=WaitingForPromises elapsed=7 timeout=15 ballot=58 promises=0 accepted=0
[step=863] DELIVER from=1 to=1 type=Prepare { ballot: 25 } queue_len=1199
[PAXOS-TICK] phase=WaitingForPromises elapsed=8 timeout=15 ballot=58 promises=0 accepted=0
[step=864] DELIVER from=1 to=2 type=Prepare { ballot: 25 } queue_len=1199
[PAXOS-TICK] phase=WaitingForPromises elapsed=9 timeout=15 ballot=58 promises=0 accepted=0
[step=865] DELIVER from=1 to=3 type=Prepare { ballot: 25 } queue_len=1199
[PAXOS-TICK] phase=WaitingForPromises elapsed=10 timeout=15 ballot=58 promises=0 accepted=0
[step=866] DELIVER from=1 to=4 type=Prepare { ballot: 25 } queue_len=1199
[PAXOS-TICK] phase=WaitingForPromises elapsed=11 timeout=15 ballot=58 promises=0 accepted=0
[step=867] DELIVER from=1 to=5 type=Prepare { ballot: 25 } queue_len=1199
[PAXOS-TICK] phase=WaitingForPromises elapsed=12 timeout=15 ballot=58 promises=0 accepted=0
[step=868] DELIVER from=1 to=6 type=Prepare { ballot: 25 } queue_len=1199
[PAXOS-TICK] phase=WaitingForPromises elapsed=13 timeout=15 ballot=58 promises=0 accepted=0
[step=869] DELIVER from=1 to=7 type=Prepare { ballot: 25 } queue_len=1199
[PAXOS-TICK] phase=WaitingForPromises elapsed=14 timeout=15 ballot=58 promises=0 accepted=0
[TIMEOUT-CAUSE] phase=WaitingForPromises ballot=58 promises=0 accepted=0 quorum=13
[step=870] DELIVER from=1 to=8 type=Prepare { ballot: 25 } queue_len=1224
[PAXOS-TICK] phase=WaitingForPromises elapsed=0 timeout=15 ballot=59 promises=0 accepted=0
[step=871] DELIVER from=1 to=9 type=Prepare { ballot: 25 } queue_len=1224
[PAXOS-TICK] phase=WaitingForPromises elapsed=1 timeout=15 ballot=59 promises=0 accepted=0
[step=872] DELIVER from=1 to=10 type=Prepare { ballot: 25 } queue_len=1224
[PAXOS-TICK] phase=WaitingForPromises elapsed=2 timeout=15 ballot=59 promises=0 accepted=0
[step=873] DELIVER from=1 to=11 type=Prepare { ballot: 25 } queue_len=1224
[PAXOS-TICK] phase=WaitingForPromises elapsed=3 timeout=15 ballot=59 promises=0 accepted=0
[step=874] DELIVER from=1 to=12 type=Prepare { ballot: 25 } queue_len=1224
[PAXOS-TICK] phase=WaitingForPromises elapsed=4 timeout=15 ballot=59 promises=0 accepted=0
[step=875] DELIVER from=1 to=13 type=Prepare { ballot: 25 } queue_len=1224
[PAXOS-TICK] phase=WaitingForPromises elapsed=5 timeout=15 ballot=59 promises=0 accepted=0
[step=876] DELIVER from=1 to=14 type=Prepare { ballot: 25 } queue_len=1224
[PAXOS-TICK] phase=WaitingForPromises elapsed=6 timeout=15 ballot=59 promises=0 accepted=0
[step=877] DELIVER from=1 to=15 type=Prepare { ballot: 25 } queue_len=1224
[PAXOS-TICK] phase=WaitingForPromises elapsed=7 timeout=15 ballot=59 promises=0 accepted=0
[step=878] DELIVER from=1 to=16 type=Prepare { ballot: 25 } queue_len=1224
[PAXOS-TICK] phase=WaitingForPromises elapsed=8 timeout=15 ballot=59 promises=0 accepted=0
[step=879] DELIVER from=1 to=17 type=Prepare { ballot: 25 } queue_len=1224
[PAXOS-TICK] phase=WaitingForPromises elapsed=9 timeout=15 ballot=59 promises=0 accepted=0
[step=880] DELIVER from=1 to=18 type=Prepare { ballot: 25 } queue_len=1224
[PAXOS-TICK] phase=WaitingForPromises elapsed=10 timeout=15 ballot=59 promises=0 accepted=0
[step=881] DELIVER from=1 to=19 type=Prepare { ballot: 25 } queue_len=1224
[PAXOS-TICK] phase=WaitingForPromises elapsed=11 timeout=15 ballot=59 promises=0 accepted=0
[step=882] DELIVER from=1 to=20 type=Prepare { ballot: 25 } queue_len=1224
[PAXOS-TICK] phase=WaitingForPromises elapsed=12 timeout=15 ballot=59 promises=0 accepted=0
[step=883] DELIVER from=1 to=21 type=Prepare { ballot: 25 } queue_len=1224
[PAXOS-TICK] phase=WaitingForPromises elapsed=13 timeout=15 ballot=59 promises=0 accepted=0
[step=884] DELIVER from=1 to=22 type=Prepare { ballot: 25 } queue_len=1224
[PAXOS-TICK] phase=WaitingForPromises elapsed=14 timeout=15 ballot=59 promises=0 accepted=0
[TIMEOUT-CAUSE] phase=WaitingForPromises ballot=59 promises=0 accepted=0 quorum=13
[step=885] DELIVER from=1 to=23 type=Prepare { ballot: 25 } queue_len=1249
[PAXOS-TICK] phase=WaitingForPromises elapsed=0 timeout=15 ballot=60 promises=0 accepted=0
[step=886] DELIVER from=1 to=24 type=Prepare { ballot: 25 } queue_len=1249
[PAXOS-TICK] phase=WaitingForPromises elapsed=1 timeout=15 ballot=60 promises=0 accepted=0
[step=887] DELIVER from=1 to=25 type=Prepare { ballot: 25 } queue_len=1249
[PAXOS-TICK] phase=WaitingForPromises elapsed=2 timeout=15 ballot=60 promises=0 accepted=0
[step=888] DELIVER from=1 to=1 type=Promise { ballot: 11, accepted_ballot: None, accepted_value: None } queue_len=1249
[PROMISE-TRACE] from=1 received_ballot=11 current_ballot=60 match=false
[PAXOS-TICK] phase=WaitingForPromises elapsed=3 timeout=15 ballot=60 promises=0 accepted=0
[step=889] DELIVER from=2 to=1 type=Promise { ballot: 11, accepted_ballot: None, accepted_value: None } queue_len=1248
[PROMISE-TRACE] from=2 received_ballot=11 current_ballot=60 match=false
[PAXOS-TICK] phase=WaitingForPromises elapsed=4 timeout=15 ballot=60 promises=0 accepted=0
[step=890] DELIVER from=3 to=1 type=Promise { ballot: 11, accepted_ballot: None, accepted_value: None } queue_len=1247
[PROMISE-TRACE] from=3 received_ballot=11 current_ballot=60 match=false
[PAXOS-TICK] phase=WaitingForPromises elapsed=5 timeout=15 ballot=60 promises=0 accepted=0
[step=891] DELIVER from=4 to=1 type=Promise { ballot: 11, accepted_ballot: None, accepted_value: None } queue_len=1246
[PROMISE-TRACE] from=4 received_ballot=11 current_ballot=60 match=false
[PAXOS-TICK] phase=WaitingForPromises elapsed=6 timeout=15 ballot=60 promises=0 accepted=0
[step=892] DELIVER from=5 to=1 type=Promise { ballot: 11, accepted_ballot: None, accepted_value: None } queue_len=1245
[PROMISE-TRACE] from=5 received_ballot=11 current_ballot=60 match=false
[PAXOS-TICK] phase=WaitingForPromises elapsed=7 timeout=15 ballot=60 promises=0 accepted=0
[step=893] DELIVER from=6 to=1 type=Promise { ballot: 11, accepted_ballot: None, accepted_value: None } queue_len=1244
[PROMISE-TRACE] from=6 received_ballot=11 current_ballot=60 match=false
[PAXOS-TICK] phase=WaitingForPromises elapsed=8 timeout=15 ballot=60 promises=0 accepted=0
[step=894] DELIVER from=7 to=1 type=Promise { ballot: 11, accepted_ballot: None, accepted_value: None } queue_len=1243
[PROMISE-TRACE] from=7 received_ballot=11 current_ballot=60 match=false
[PAXOS-TICK] phase=WaitingForPromises elapsed=9 timeout=15 ballot=60 promises=0 accepted=0
[step=895] DELIVER from=8 to=1 type=Promise { ballot: 11, accepted_ballot: None, accepted_value: None } queue_len=1242
[PROMISE-TRACE] from=8 received_ballot=11 current_ballot=60 match=false
[PAXOS-TICK] phase=WaitingForPromises elapsed=10 timeout=15 ballot=60 promises=0 accepted=0
[step=896] DELIVER from=9 to=1 type=Promise { ballot: 11, accepted_ballot: None, accepted_value: None } queue_len=1241
[PROMISE-TRACE] from=9 received_ballot=11 current_ballot=60 match=false
[PAXOS-TICK] phase=WaitingForPromises elapsed=11 timeout=15 ballot=60 promises=0 accepted=0
[step=897] DELIVER from=10 to=1 type=Promise { ballot: 11, accepted_ballot: None, accepted_value: None } queue_len=1240
[PROMISE-TRACE] from=10 received_ballot=11 current_ballot=60 match=false
[PAXOS-TICK] phase=WaitingForPromises elapsed=12 timeout=15 ballot=60 promises=0 accepted=0
[step=898] DELIVER from=11 to=1 type=Promise { ballot: 11, accepted_ballot: None, accepted_value: None } queue_len=1239
[PROMISE-TRACE] from=11 received_ballot=11 current_ballot=60 match=false
[PAXOS-TICK] phase=WaitingForPromises elapsed=13 timeout=15 ballot=60 promises=0 accepted=0
[step=899] DELIVER from=12 to=1 type=Promise { ballot: 11, accepted_ballot: None, accepted_value: None } queue_len=1238
[PROMISE-TRACE] from=12 received_ballot=11 current_ballot=60 match=false
[PAXOS-TICK] phase=WaitingForPromises elapsed=14 timeout=15 ballot=60 promises=0 accepted=0
[TIMEOUT-CAUSE] phase=WaitingForPromises ballot=60 promises=0 accepted=0 quorum=13
[step=900] DELIVER from=1 to=1 type=Prepare { ballot: 26 } queue_len=1262
[PAXOS-TICK] phase=WaitingForPromises elapsed=0 timeout=15 ballot=61 promises=0 accepted=0
[step=901] DELIVER from=1 to=2 type=Prepare { ballot: 26 } queue_len=1262
[PAXOS-TICK] phase=WaitingForPromises elapsed=1 timeout=15 ballot=61 promises=0 accepted=0
[step=902] DELIVER from=1 to=3 type=Prepare { ballot: 26 } queue_len=1262
[PAXOS-TICK] phase=WaitingForPromises elapsed=2 timeout=15 ballot=61 promises=0 accepted=0
[step=903] DELIVER from=1 to=4 type=Prepare { ballot: 26 } queue_len=1262
[PAXOS-TICK] phase=WaitingForPromises elapsed=3 timeout=15 ballot=61 promises=0 accepted=0
[step=904] DELIVER from=1 to=5 type=Prepare { ballot: 26 } queue_len=1262
[PAXOS-TICK] phase=WaitingForPromises elapsed=4 timeout=15 ballot=61 promises=0 accepted=0
[step=905] DELIVER from=1 to=6 type=Prepare { ballot: 26 } queue_len=1262
[PAXOS-TICK] phase=WaitingForPromises elapsed=5 timeout=15 ballot=61 promises=0 accepted=0
[step=906] DELIVER from=1 to=7 type=Prepare { ballot: 26 } queue_len=1262
[PAXOS-TICK] phase=WaitingForPromises elapsed=6 timeout=15 ballot=61 promises=0 accepted=0
[step=907] DELIVER from=1 to=8 type=Prepare { ballot: 26 } queue_len=1262
[PAXOS-TICK] phase=WaitingForPromises elapsed=7 timeout=15 ballot=61 promises=0 accepted=0
[step=908] DELIVER from=1 to=9 type=Prepare { ballot: 26 } queue_len=1262
[PAXOS-TICK] phase=WaitingForPromises elapsed=8 timeout=15 ballot=61 promises=0 accepted=0
[step=909] DELIVER from=1 to=10 type=Prepare { ballot: 26 } queue_len=1262
[PAXOS-TICK] phase=WaitingForPromises elapsed=9 timeout=15 ballot=61 promises=0 accepted=0
[step=910] DELIVER from=1 to=11 type=Prepare { ballot: 26 } queue_len=1262
[PAXOS-TICK] phase=WaitingForPromises elapsed=10 timeout=15 ballot=61 promises=0 accepted=0
[step=911] DELIVER from=1 to=12 type=Prepare { ballot: 26 } queue_len=1262
[PAXOS-TICK] phase=WaitingForPromises elapsed=11 timeout=15 ballot=61 promises=0 accepted=0
[step=912] DELIVER from=1 to=13 type=Prepare { ballot: 26 } queue_len=1262
[PAXOS-TICK] phase=WaitingForPromises elapsed=12 timeout=15 ballot=61 promises=0 accepted=0
[step=913] DELIVER from=1 to=14 type=Prepare { ballot: 26 } queue_len=1262
[PAXOS-TICK] phase=WaitingForPromises elapsed=13 timeout=15 ballot=61 promises=0 accepted=0
[step=914] DELIVER from=1 to=15 type=Prepare { ballot: 26 } queue_len=1262
[PAXOS-TICK] phase=WaitingForPromises elapsed=14 timeout=15 ballot=61 promises=0 accepted=0
[TIMEOUT-CAUSE] phase=WaitingForPromises ballot=61 promises=0 accepted=0 quorum=13
[step=915] DELIVER from=1 to=16 type=Prepare { ballot: 26 } queue_len=1287
[PAXOS-TICK] phase=WaitingForPromises elapsed=0 timeout=15 ballot=62 promises=0 accepted=0
[step=916] DELIVER from=1 to=17 type=Prepare { ballot: 26 } queue_len=1287
[PAXOS-TICK] phase=WaitingForPromises elapsed=1 timeout=15 ballot=62 promises=0 accepted=0
[step=917] DELIVER from=1 to=18 type=Prepare { ballot: 26 } queue_len=1287
[PAXOS-TICK] phase=WaitingForPromises elapsed=2 timeout=15 ballot=62 promises=0 accepted=0
[step=918] DELIVER from=1 to=19 type=Prepare { ballot: 26 } queue_len=1287
[PAXOS-TICK] phase=WaitingForPromises elapsed=3 timeout=15 ballot=62 promises=0 accepted=0
[step=919] DELIVER from=1 to=20 type=Prepare { ballot: 26 } queue_len=1287
[PAXOS-TICK] phase=WaitingForPromises elapsed=4 timeout=15 ballot=62 promises=0 accepted=0
[step=920] DELIVER from=1 to=21 type=Prepare { ballot: 26 } queue_len=1287
[PAXOS-TICK] phase=WaitingForPromises elapsed=5 timeout=15 ballot=62 promises=0 accepted=0
[step=921] DELIVER from=1 to=22 type=Prepare { ballot: 26 } queue_len=1287
[PAXOS-TICK] phase=WaitingForPromises elapsed=6 timeout=15 ballot=62 promises=0 accepted=0
[step=922] DELIVER from=1 to=23 type=Prepare { ballot: 26 } queue_len=1287
[PAXOS-TICK] phase=WaitingForPromises elapsed=7 timeout=15 ballot=62 promises=0 accepted=0
[step=923] DELIVER from=1 to=24 type=Prepare { ballot: 26 } queue_len=1287
[PAXOS-TICK] phase=WaitingForPromises elapsed=8 timeout=15 ballot=62 promises=0 accepted=0
[step=924] DELIVER from=1 to=25 type=Prepare { ballot: 26 } queue_len=1287
[PAXOS-TICK] phase=WaitingForPromises elapsed=9 timeout=15 ballot=62 promises=0 accepted=0
[step=925] DELIVER from=13 to=1 type=Promise { ballot: 11, accepted_ballot: None, accepted_value: None } queue_len=1287
[PROMISE-TRACE] from=13 received_ballot=11 current_ballot=62 match=false
[PAXOS-TICK] phase=WaitingForPromises elapsed=10 timeout=15 ballot=62 promises=0 accepted=0
[step=926] DELIVER from=14 to=1 type=Promise { ballot: 11, accepted_ballot: None, accepted_value: None } queue_len=1286
[PROMISE-TRACE] from=14 received_ballot=11 current_ballot=62 match=false
[PAXOS-TICK] phase=WaitingForPromises elapsed=11 timeout=15 ballot=62 promises=0 accepted=0
[step=927] DELIVER from=15 to=1 type=Promise { ballot: 11, accepted_ballot: None, accepted_value: None } queue_len=1285
[PROMISE-TRACE] from=15 received_ballot=11 current_ballot=62 match=false
[PAXOS-TICK] phase=WaitingForPromises elapsed=12 timeout=15 ballot=62 promises=0 accepted=0
[step=928] DELIVER from=16 to=1 type=Promise { ballot: 11, accepted_ballot: None, accepted_value: None } queue_len=1284
[PROMISE-TRACE] from=16 received_ballot=11 current_ballot=62 match=false
[PAXOS-TICK] phase=WaitingForPromises elapsed=13 timeout=15 ballot=62 promises=0 accepted=0
[step=929] DELIVER from=17 to=1 type=Promise { ballot: 11, accepted_ballot: None, accepted_value: None } queue_len=1283
[PROMISE-TRACE] from=17 received_ballot=11 current_ballot=62 match=false
[PAXOS-TICK] phase=WaitingForPromises elapsed=14 timeout=15 ballot=62 promises=0 accepted=0
[TIMEOUT-CAUSE] phase=WaitingForPromises ballot=62 promises=0 accepted=0 quorum=13
[step=930] DELIVER from=18 to=1 type=Promise { ballot: 11, accepted_ballot: None, accepted_value: None } queue_len=1307
[PROMISE-TRACE] from=18 received_ballot=11 current_ballot=63 match=false
[PAXOS-TICK] phase=WaitingForPromises elapsed=0 timeout=15 ballot=63 promises=0 accepted=0
[step=931] DELIVER from=19 to=1 type=Promise { ballot: 11, accepted_ballot: None, accepted_value: None } queue_len=1306
[PROMISE-TRACE] from=19 received_ballot=11 current_ballot=63 match=false
[PAXOS-TICK] phase=WaitingForPromises elapsed=1 timeout=15 ballot=63 promises=0 accepted=0
[step=932] DELIVER from=20 to=1 type=Promise { ballot: 11, accepted_ballot: None, accepted_value: None } queue_len=1305
[PROMISE-TRACE] from=20 received_ballot=11 current_ballot=63 match=false
[PAXOS-TICK] phase=WaitingForPromises elapsed=2 timeout=15 ballot=63 promises=0 accepted=0
[step=933] DELIVER from=21 to=1 type=Promise { ballot: 11, accepted_ballot: None, accepted_value: None } queue_len=1304
[PROMISE-TRACE] from=21 received_ballot=11 current_ballot=63 match=false
[PAXOS-TICK] phase=WaitingForPromises elapsed=3 timeout=15 ballot=63 promises=0 accepted=0
[step=934] DELIVER from=22 to=1 type=Promise { ballot: 11, accepted_ballot: None, accepted_value: None } queue_len=1303
[PROMISE-TRACE] from=22 received_ballot=11 current_ballot=63 match=false
[PAXOS-TICK] phase=WaitingForPromises elapsed=4 timeout=15 ballot=63 promises=0 accepted=0
[step=935] DELIVER from=23 to=1 type=Promise { ballot: 11, accepted_ballot: None, accepted_value: None } queue_len=1302
[PROMISE-TRACE] from=23 received_ballot=11 current_ballot=63 match=false
[PAXOS-TICK] phase=WaitingForPromises elapsed=5 timeout=15 ballot=63 promises=0 accepted=0
[step=936] DELIVER from=24 to=1 type=Promise { ballot: 11, accepted_ballot: None, accepted_value: None } queue_len=1301
[PROMISE-TRACE] from=24 received_ballot=11 current_ballot=63 match=false
[PAXOS-TICK] phase=WaitingForPromises elapsed=6 timeout=15 ballot=63 promises=0 accepted=0
[step=937] DELIVER from=25 to=1 type=Promise { ballot: 11, accepted_ballot: None, accepted_value: None } queue_len=1300
[PROMISE-TRACE] from=25 received_ballot=11 current_ballot=63 match=false
[PAXOS-TICK] phase=WaitingForPromises elapsed=7 timeout=15 ballot=63 promises=0 accepted=0
[step=938] DELIVER from=1 to=1 type=Prepare { ballot: 27 } queue_len=1299
[PAXOS-TICK] phase=WaitingForPromises elapsed=8 timeout=15 ballot=63 promises=0 accepted=0
[step=939] DELIVER from=1 to=2 type=Prepare { ballot: 27 } queue_len=1299
[PAXOS-TICK] phase=WaitingForPromises elapsed=9 timeout=15 ballot=63 promises=0 accepted=0
[step=940] DELIVER from=1 to=3 type=Prepare { ballot: 27 } queue_len=1299
[PAXOS-TICK] phase=WaitingForPromises elapsed=10 timeout=15 ballot=63 promises=0 accepted=0
[step=941] DELIVER from=1 to=4 type=Prepare { ballot: 27 } queue_len=1299
[PAXOS-TICK] phase=WaitingForPromises elapsed=11 timeout=15 ballot=63 promises=0 accepted=0
[step=942] DELIVER from=1 to=5 type=Prepare { ballot: 27 } queue_len=1299
[PAXOS-TICK] phase=WaitingForPromises elapsed=12 timeout=15 ballot=63 promises=0 accepted=0
[step=943] DELIVER from=1 to=6 type=Prepare { ballot: 27 } queue_len=1299
[PAXOS-TICK] phase=WaitingForPromises elapsed=13 timeout=15 ballot=63 promises=0 accepted=0
[step=944] DELIVER from=1 to=7 type=Prepare { ballot: 27 } queue_len=1299
[PAXOS-TICK] phase=WaitingForPromises elapsed=14 timeout=15 ballot=63 promises=0 accepted=0
[TIMEOUT-CAUSE] phase=WaitingForPromises ballot=63 promises=0 accepted=0 quorum=13
[step=945] DELIVER from=1 to=8 type=Prepare { ballot: 27 } queue_len=1324
[PAXOS-TICK] phase=WaitingForPromises elapsed=0 timeout=15 ballot=64 promises=0 accepted=0
[step=946] DELIVER from=1 to=9 type=Prepare { ballot: 27 } queue_len=1324
[PAXOS-TICK] phase=WaitingForPromises elapsed=1 timeout=15 ballot=64 promises=0 accepted=0
[step=947] DELIVER from=1 to=10 type=Prepare { ballot: 27 } queue_len=1324
[PAXOS-TICK] phase=WaitingForPromises elapsed=2 timeout=15 ballot=64 promises=0 accepted=0
[step=948] DELIVER from=1 to=11 type=Prepare { ballot: 27 } queue_len=1324
[PAXOS-TICK] phase=WaitingForPromises elapsed=3 timeout=15 ballot=64 promises=0 accepted=0
[step=949] DELIVER from=1 to=12 type=Prepare { ballot: 27 } queue_len=1324
[PAXOS-TICK] phase=WaitingForPromises elapsed=4 timeout=15 ballot=64 promises=0 accepted=0
[step=950] DELIVER from=1 to=13 type=Prepare { ballot: 27 } queue_len=1324
[PAXOS-TICK] phase=WaitingForPromises elapsed=5 timeout=15 ballot=64 promises=0 accepted=0
[step=951] DELIVER from=1 to=14 type=Prepare { ballot: 27 } queue_len=1324
[PAXOS-TICK] phase=WaitingForPromises elapsed=6 timeout=15 ballot=64 promises=0 accepted=0
[step=952] DELIVER from=1 to=15 type=Prepare { ballot: 27 } queue_len=1324
[PAXOS-TICK] phase=WaitingForPromises elapsed=7 timeout=15 ballot=64 promises=0 accepted=0
[step=953] DELIVER from=1 to=16 type=Prepare { ballot: 27 } queue_len=1324
[PAXOS-TICK] phase=WaitingForPromises elapsed=8 timeout=15 ballot=64 promises=0 accepted=0
[step=954] DELIVER from=1 to=17 type=Prepare { ballot: 27 } queue_len=1324
[PAXOS-TICK] phase=WaitingForPromises elapsed=9 timeout=15 ballot=64 promises=0 accepted=0
[step=955] DELIVER from=1 to=18 type=Prepare { ballot: 27 } queue_len=1324
[PAXOS-TICK] phase=WaitingForPromises elapsed=10 timeout=15 ballot=64 promises=0 accepted=0
[step=956] DELIVER from=1 to=19 type=Prepare { ballot: 27 } queue_len=1324
[PAXOS-TICK] phase=WaitingForPromises elapsed=11 timeout=15 ballot=64 promises=0 accepted=0
[step=957] DELIVER from=1 to=20 type=Prepare { ballot: 27 } queue_len=1324
[PAXOS-TICK] phase=WaitingForPromises elapsed=12 timeout=15 ballot=64 promises=0 accepted=0
[step=958] DELIVER from=1 to=21 type=Prepare { ballot: 27 } queue_len=1324
[PAXOS-TICK] phase=WaitingForPromises elapsed=13 timeout=15 ballot=64 promises=0 accepted=0
[step=959] DELIVER from=1 to=22 type=Prepare { ballot: 27 } queue_len=1324
[PAXOS-TICK] phase=WaitingForPromises elapsed=14 timeout=15 ballot=64 promises=0 accepted=0
[TIMEOUT-CAUSE] phase=WaitingForPromises ballot=64 promises=0 accepted=0 quorum=13
[step=960] DELIVER from=1 to=23 type=Prepare { ballot: 27 } queue_len=1349
[PAXOS-TICK] phase=WaitingForPromises elapsed=0 timeout=15 ballot=65 promises=0 accepted=0
[step=961] DELIVER from=1 to=24 type=Prepare { ballot: 27 } queue_len=1349
[PAXOS-TICK] phase=WaitingForPromises elapsed=1 timeout=15 ballot=65 promises=0 accepted=0
[step=962] DELIVER from=1 to=25 type=Prepare { ballot: 27 } queue_len=1349
[PAXOS-TICK] phase=WaitingForPromises elapsed=2 timeout=15 ballot=65 promises=0 accepted=0
[step=963] DELIVER from=1 to=1 type=Promise { ballot: 12, accepted_ballot: None, accepted_value: None } queue_len=1349
[PROMISE-TRACE] from=1 received_ballot=12 current_ballot=65 match=false
[PAXOS-TICK] phase=WaitingForPromises elapsed=3 timeout=15 ballot=65 promises=0 accepted=0
[step=964] DELIVER from=2 to=1 type=Promise { ballot: 12, accepted_ballot: None, accepted_value: None } queue_len=1348
[PROMISE-TRACE] from=2 received_ballot=12 current_ballot=65 match=false
[PAXOS-TICK] phase=WaitingForPromises elapsed=4 timeout=15 ballot=65 promises=0 accepted=0
[step=965] DELIVER from=1 to=1 type=Prepare { ballot: 28 } queue_len=1347
[PAXOS-TICK] phase=WaitingForPromises elapsed=5 timeout=15 ballot=65 promises=0 accepted=0
[step=966] DELIVER from=1 to=2 type=Prepare { ballot: 28 } queue_len=1347
[PAXOS-TICK] phase=WaitingForPromises elapsed=6 timeout=15 ballot=65 promises=0 accepted=0
[step=967] DELIVER from=1 to=3 type=Prepare { ballot: 28 } queue_len=1347
[PAXOS-TICK] phase=WaitingForPromises elapsed=7 timeout=15 ballot=65 promises=0 accepted=0
[step=968] DELIVER from=1 to=4 type=Prepare { ballot: 28 } queue_len=1347
[PAXOS-TICK] phase=WaitingForPromises elapsed=8 timeout=15 ballot=65 promises=0 accepted=0
[step=969] DELIVER from=1 to=5 type=Prepare { ballot: 28 } queue_len=1347
[PAXOS-TICK] phase=WaitingForPromises elapsed=9 timeout=15 ballot=65 promises=0 accepted=0
[step=970] DELIVER from=1 to=6 type=Prepare { ballot: 28 } queue_len=1347
[PAXOS-TICK] phase=WaitingForPromises elapsed=10 timeout=15 ballot=65 promises=0 accepted=0
[step=971] DELIVER from=1 to=7 type=Prepare { ballot: 28 } queue_len=1347
[PAXOS-TICK] phase=WaitingForPromises elapsed=11 timeout=15 ballot=65 promises=0 accepted=0
[step=972] DELIVER from=1 to=8 type=Prepare { ballot: 28 } queue_len=1347
[PAXOS-TICK] phase=WaitingForPromises elapsed=12 timeout=15 ballot=65 promises=0 accepted=0
[step=973] DELIVER from=1 to=9 type=Prepare { ballot: 28 } queue_len=1347
[PAXOS-TICK] phase=WaitingForPromises elapsed=13 timeout=15 ballot=65 promises=0 accepted=0
[step=974] DELIVER from=1 to=10 type=Prepare { ballot: 28 } queue_len=1347
[PAXOS-TICK] phase=WaitingForPromises elapsed=14 timeout=15 ballot=65 promises=0 accepted=0
[TIMEOUT-CAUSE] phase=WaitingForPromises ballot=65 promises=0 accepted=0 quorum=13
[step=975] DELIVER from=1 to=11 type=Prepare { ballot: 28 } queue_len=1372
[PAXOS-TICK] phase=WaitingForPromises elapsed=0 timeout=15 ballot=66 promises=0 accepted=0
[step=976] DELIVER from=1 to=12 type=Prepare { ballot: 28 } queue_len=1372
[PAXOS-TICK] phase=WaitingForPromises elapsed=1 timeout=15 ballot=66 promises=0 accepted=0
[step=977] DELIVER from=1 to=13 type=Prepare { ballot: 28 } queue_len=1372
[PAXOS-TICK] phase=WaitingForPromises elapsed=2 timeout=15 ballot=66 promises=0 accepted=0
[step=978] DELIVER from=1 to=14 type=Prepare { ballot: 28 } queue_len=1372
[PAXOS-TICK] phase=WaitingForPromises elapsed=3 timeout=15 ballot=66 promises=0 accepted=0
[step=979] DELIVER from=1 to=15 type=Prepare { ballot: 28 } queue_len=1372
[PAXOS-TICK] phase=WaitingForPromises elapsed=4 timeout=15 ballot=66 promises=0 accepted=0
[step=980] DELIVER from=1 to=16 type=Prepare { ballot: 28 } queue_len=1372
[PAXOS-TICK] phase=WaitingForPromises elapsed=5 timeout=15 ballot=66 promises=0 accepted=0
[step=981] DELIVER from=1 to=17 type=Prepare { ballot: 28 } queue_len=1372
[PAXOS-TICK] phase=WaitingForPromises elapsed=6 timeout=15 ballot=66 promises=0 accepted=0
[step=982] DELIVER from=1 to=18 type=Prepare { ballot: 28 } queue_len=1372
[PAXOS-TICK] phase=WaitingForPromises elapsed=7 timeout=15 ballot=66 promises=0 accepted=0
[step=983] DELIVER from=1 to=19 type=Prepare { ballot: 28 } queue_len=1372
[PAXOS-TICK] phase=WaitingForPromises elapsed=8 timeout=15 ballot=66 promises=0 accepted=0
[step=984] DELIVER from=1 to=20 type=Prepare { ballot: 28 } queue_len=1372
[PAXOS-TICK] phase=WaitingForPromises elapsed=9 timeout=15 ballot=66 promises=0 accepted=0
[step=985] DELIVER from=1 to=21 type=Prepare { ballot: 28 } queue_len=1372
[PAXOS-TICK] phase=WaitingForPromises elapsed=10 timeout=15 ballot=66 promises=0 accepted=0
[step=986] DELIVER from=1 to=22 type=Prepare { ballot: 28 } queue_len=1372
[PAXOS-TICK] phase=WaitingForPromises elapsed=11 timeout=15 ballot=66 promises=0 accepted=0
[step=987] DELIVER from=1 to=23 type=Prepare { ballot: 28 } queue_len=1372
[PAXOS-TICK] phase=WaitingForPromises elapsed=12 timeout=15 ballot=66 promises=0 accepted=0
[step=988] DELIVER from=1 to=24 type=Prepare { ballot: 28 } queue_len=1372
[PAXOS-TICK] phase=WaitingForPromises elapsed=13 timeout=15 ballot=66 promises=0 accepted=0
[step=989] DELIVER from=1 to=25 type=Prepare { ballot: 28 } queue_len=1372
[PAXOS-TICK] phase=WaitingForPromises elapsed=14 timeout=15 ballot=66 promises=0 accepted=0
[TIMEOUT-CAUSE] phase=WaitingForPromises ballot=66 promises=0 accepted=0 quorum=13
[step=990] DELIVER from=3 to=1 type=Promise { ballot: 12, accepted_ballot: None, accepted_value: None } queue_len=1397
[PROMISE-TRACE] from=3 received_ballot=12 current_ballot=67 match=false
[PAXOS-TICK] phase=WaitingForPromises elapsed=0 timeout=15 ballot=67 promises=0 accepted=0
[step=991] DELIVER from=4 to=1 type=Promise { ballot: 12, accepted_ballot: None, accepted_value: None } queue_len=1396
[PROMISE-TRACE] from=4 received_ballot=12 current_ballot=67 match=false
[PAXOS-TICK] phase=WaitingForPromises elapsed=1 timeout=15 ballot=67 promises=0 accepted=0
[step=992] DELIVER from=5 to=1 type=Promise { ballot: 12, accepted_ballot: None, accepted_value: None } queue_len=1395
[PROMISE-TRACE] from=5 received_ballot=12 current_ballot=67 match=false
[PAXOS-TICK] phase=WaitingForPromises elapsed=2 timeout=15 ballot=67 promises=0 accepted=0
[step=993] DELIVER from=6 to=1 type=Promise { ballot: 12, accepted_ballot: None, accepted_value: None } queue_len=1394
[PROMISE-TRACE] from=6 received_ballot=12 current_ballot=67 match=false
[PAXOS-TICK] phase=WaitingForPromises elapsed=3 timeout=15 ballot=67 promises=0 accepted=0
[step=994] DELIVER from=7 to=1 type=Promise { ballot: 12, accepted_ballot: None, accepted_value: None } queue_len=1393
[PROMISE-TRACE] from=7 received_ballot=12 current_ballot=67 match=false
[PAXOS-TICK] phase=WaitingForPromises elapsed=4 timeout=15 ballot=67 promises=0 accepted=0
[step=995] DELIVER from=8 to=1 type=Promise { ballot: 12, accepted_ballot: None, accepted_value: None } queue_len=1392
[PROMISE-TRACE] from=8 received_ballot=12 current_ballot=67 match=false
[PAXOS-TICK] phase=WaitingForPromises elapsed=5 timeout=15 ballot=67 promises=0 accepted=0
[step=996] DELIVER from=9 to=1 type=Promise { ballot: 12, accepted_ballot: None, accepted_value: None } queue_len=1391
[PROMISE-TRACE] from=9 received_ballot=12 current_ballot=67 match=false
[PAXOS-TICK] phase=WaitingForPromises elapsed=6 timeout=15 ballot=67 promises=0 accepted=0
[step=997] DELIVER from=10 to=1 type=Promise { ballot: 12, accepted_ballot: None, accepted_value: None } queue_len=1390
[PROMISE-TRACE] from=10 received_ballot=12 current_ballot=67 match=false
[PAXOS-TICK] phase=WaitingForPromises elapsed=7 timeout=15 ballot=67 promises=0 accepted=0
[step=998] DELIVER from=11 to=1 type=Promise { ballot: 12, accepted_ballot: None, accepted_value: None } queue_len=1389
[PROMISE-TRACE] from=11 received_ballot=12 current_ballot=67 match=false
[PAXOS-TICK] phase=WaitingForPromises elapsed=8 timeout=15 ballot=67 promises=0 accepted=0
[step=999] DELIVER from=12 to=1 type=Promise { ballot: 12, accepted_ballot: None, accepted_value: None } queue_len=1388
[PROMISE-TRACE] from=12 received_ballot=12 current_ballot=67 match=false
[PAXOS-TICK] phase=WaitingForPromises elapsed=9 timeout=15 ballot=67 promises=0 accepted=0
[step=1000] DELIVER from=13 to=1 type=Promise { ballot: 12, accepted_ballot: None, accepted_value: None } queue_len=1387
[PROMISE-TRACE] from=13 received_ballot=12 current_ballot=67 match=false
[PAXOS-TICK] phase=WaitingForPromises elapsed=10 timeout=15 ballot=67 promises=0 accepted=0
[step=1001] DELIVER from=14 to=1 type=Promise { ballot: 12, accepted_ballot: None, accepted_value: None } queue_len=1386
[PROMISE-TRACE] from=14 received_ballot=12 current_ballot=67 match=false
[PAXOS-TICK] phase=WaitingForPromises elapsed=11 timeout=15 ballot=67 promises=0 accepted=0
[step=1002] DELIVER from=15 to=1 type=Promise { ballot: 12, accepted_ballot: None, accepted_value: None } queue_len=1385
[PROMISE-TRACE] from=15 received_ballot=12 current_ballot=67 match=false
[PAXOS-TICK] phase=WaitingForPromises elapsed=12 timeout=15 ballot=67 promises=0 accepted=0
[step=1003] DELIVER from=16 to=1 type=Promise { ballot: 12, accepted_ballot: None, accepted_value: None } queue_len=1384
[PROMISE-TRACE] from=16 received_ballot=12 current_ballot=67 match=false
[PAXOS-TICK] phase=WaitingForPromises elapsed=13 timeout=15 ballot=67 promises=0 accepted=0
[step=1004] DELIVER from=17 to=1 type=Promise { ballot: 12, accepted_ballot: None, accepted_value: None } queue_len=1383
[PROMISE-TRACE] from=17 received_ballot=12 current_ballot=67 match=false
[PAXOS-TICK] phase=WaitingForPromises elapsed=14 timeout=15 ballot=67 promises=0 accepted=0
[TIMEOUT-CAUSE] phase=WaitingForPromises ballot=67 promises=0 accepted=0 quorum=13
[step=1005] DELIVER from=1 to=1 type=Prepare { ballot: 29 } queue_len=1407
[PAXOS-TICK] phase=WaitingForPromises elapsed=0 timeout=15 ballot=68 promises=0 accepted=0
[step=1006] DELIVER from=1 to=2 type=Prepare { ballot: 29 } queue_len=1407
[PAXOS-TICK] phase=WaitingForPromises elapsed=1 timeout=15 ballot=68 promises=0 accepted=0
[step=1007] DELIVER from=1 to=3 type=Prepare { ballot: 29 } queue_len=1407
[PAXOS-TICK] phase=WaitingForPromises elapsed=2 timeout=15 ballot=68 promises=0 accepted=0
[step=1008] DELIVER from=1 to=4 type=Prepare { ballot: 29 } queue_len=1407
[PAXOS-TICK] phase=WaitingForPromises elapsed=3 timeout=15 ballot=68 promises=0 accepted=0
[step=1009] DELIVER from=1 to=5 type=Prepare { ballot: 29 } queue_len=1407
[PAXOS-TICK] phase=WaitingForPromises elapsed=4 timeout=15 ballot=68 promises=0 accepted=0
[step=1010] DELIVER from=1 to=6 type=Prepare { ballot: 29 } queue_len=1407
[PAXOS-TICK] phase=WaitingForPromises elapsed=5 timeout=15 ballot=68 promises=0 accepted=0
[step=1011] DELIVER from=1 to=7 type=Prepare { ballot: 29 } queue_len=1407
[PAXOS-TICK] phase=WaitingForPromises elapsed=6 timeout=15 ballot=68 promises=0 accepted=0
[step=1012] DELIVER from=1 to=8 type=Prepare { ballot: 29 } queue_len=1407
[PAXOS-TICK] phase=WaitingForPromises elapsed=7 timeout=15 ballot=68 promises=0 accepted=0
[step=1013] DELIVER from=1 to=9 type=Prepare { ballot: 29 } queue_len=1407
[PAXOS-TICK] phase=WaitingForPromises elapsed=8 timeout=15 ballot=68 promises=0 accepted=0
[step=1014] DELIVER from=1 to=10 type=Prepare { ballot: 29 } queue_len=1407
[PAXOS-TICK] phase=WaitingForPromises elapsed=9 timeout=15 ballot=68 promises=0 accepted=0
[step=1015] DELIVER from=1 to=11 type=Prepare { ballot: 29 } queue_len=1407
[PAXOS-TICK] phase=WaitingForPromises elapsed=10 timeout=15 ballot=68 promises=0 accepted=0
[step=1016] DELIVER from=1 to=12 type=Prepare { ballot: 29 } queue_len=1407
[PAXOS-TICK] phase=WaitingForPromises elapsed=11 timeout=15 ballot=68 promises=0 accepted=0
[step=1017] DELIVER from=1 to=13 type=Prepare { ballot: 29 } queue_len=1407
[PAXOS-TICK] phase=WaitingForPromises elapsed=12 timeout=15 ballot=68 promises=0 accepted=0
[step=1018] DELIVER from=1 to=14 type=Prepare { ballot: 29 } queue_len=1407
[PAXOS-TICK] phase=WaitingForPromises elapsed=13 timeout=15 ballot=68 promises=0 accepted=0
[step=1019] DELIVER from=1 to=15 type=Prepare { ballot: 29 } queue_len=1407
[PAXOS-TICK] phase=WaitingForPromises elapsed=14 timeout=15 ballot=68 promises=0 accepted=0
[TIMEOUT-CAUSE] phase=WaitingForPromises ballot=68 promises=0 accepted=0 quorum=13
[step=1020] DELIVER from=1 to=16 type=Prepare { ballot: 29 } queue_len=1432
[PAXOS-TICK] phase=WaitingForPromises elapsed=0 timeout=15 ballot=69 promises=0 accepted=0
[step=1021] DELIVER from=1 to=17 type=Prepare { ballot: 29 } queue_len=1432
[PAXOS-TICK] phase=WaitingForPromises elapsed=1 timeout=15 ballot=69 promises=0 accepted=0
[step=1022] DELIVER from=1 to=18 type=Prepare { ballot: 29 } queue_len=1432
[PAXOS-TICK] phase=WaitingForPromises elapsed=2 timeout=15 ballot=69 promises=0 accepted=0
[step=1023] DELIVER from=1 to=19 type=Prepare { ballot: 29 } queue_len=1432
[PAXOS-TICK] phase=WaitingForPromises elapsed=3 timeout=15 ballot=69 promises=0 accepted=0
[step=1024] DELIVER from=1 to=20 type=Prepare { ballot: 29 } queue_len=1432
[PAXOS-TICK] phase=WaitingForPromises elapsed=4 timeout=15 ballot=69 promises=0 accepted=0
[step=1025] DELIVER from=1 to=21 type=Prepare { ballot: 29 } queue_len=1432
[PAXOS-TICK] phase=WaitingForPromises elapsed=5 timeout=15 ballot=69 promises=0 accepted=0
[step=1026] DELIVER from=1 to=22 type=Prepare { ballot: 29 } queue_len=1432
[PAXOS-TICK] phase=WaitingForPromises elapsed=6 timeout=15 ballot=69 promises=0 accepted=0
[step=1027] DELIVER from=1 to=23 type=Prepare { ballot: 29 } queue_len=1432
[PAXOS-TICK] phase=WaitingForPromises elapsed=7 timeout=15 ballot=69 promises=0 accepted=0
[step=1028] DELIVER from=1 to=24 type=Prepare { ballot: 29 } queue_len=1432
[PAXOS-TICK] phase=WaitingForPromises elapsed=8 timeout=15 ballot=69 promises=0 accepted=0
[step=1029] DELIVER from=1 to=25 type=Prepare { ballot: 29 } queue_len=1432
[PAXOS-TICK] phase=WaitingForPromises elapsed=9 timeout=15 ballot=69 promises=0 accepted=0
[step=1030] DELIVER from=18 to=1 type=Promise { ballot: 12, accepted_ballot: None, accepted_value: None } queue_len=1432
[PROMISE-TRACE] from=18 received_ballot=12 current_ballot=69 match=false
[PAXOS-TICK] phase=WaitingForPromises elapsed=10 timeout=15 ballot=69 promises=0 accepted=0
[step=1031] DELIVER from=19 to=1 type=Promise { ballot: 12, accepted_ballot: None, accepted_value: None } queue_len=1431
[PROMISE-TRACE] from=19 received_ballot=12 current_ballot=69 match=false
[PAXOS-TICK] phase=WaitingForPromises elapsed=11 timeout=15 ballot=69 promises=0 accepted=0
[step=1032] DELIVER from=20 to=1 type=Promise { ballot: 12, accepted_ballot: None, accepted_value: None } queue_len=1430
[PROMISE-TRACE] from=20 received_ballot=12 current_ballot=69 match=false
[PAXOS-TICK] phase=WaitingForPromises elapsed=12 timeout=15 ballot=69 promises=0 accepted=0
[step=1033] DELIVER from=21 to=1 type=Promise { ballot: 12, accepted_ballot: None, accepted_value: None } queue_len=1429
[PROMISE-TRACE] from=21 received_ballot=12 current_ballot=69 match=false
[PAXOS-TICK] phase=WaitingForPromises elapsed=13 timeout=15 ballot=69 promises=0 accepted=0
[step=1034] DELIVER from=22 to=1 type=Promise { ballot: 12, accepted_ballot: None, accepted_value: None } queue_len=1428
[PROMISE-TRACE] from=22 received_ballot=12 current_ballot=69 match=false
[PAXOS-TICK] phase=WaitingForPromises elapsed=14 timeout=15 ballot=69 promises=0 accepted=0
[TIMEOUT-CAUSE] phase=WaitingForPromises ballot=69 promises=0 accepted=0 quorum=13
[step=1035] DELIVER from=23 to=1 type=Promise { ballot: 12, accepted_ballot: None, accepted_value: None } queue_len=1452
[PROMISE-TRACE] from=23 received_ballot=12 current_ballot=70 match=false
[PAXOS-TICK] phase=WaitingForPromises elapsed=0 timeout=15 ballot=70 promises=0 accepted=0
[step=1036] DELIVER from=24 to=1 type=Promise { ballot: 12, accepted_ballot: None, accepted_value: None } queue_len=1451
[PROMISE-TRACE] from=24 received_ballot=12 current_ballot=70 match=false
[PAXOS-TICK] phase=WaitingForPromises elapsed=1 timeout=15 ballot=70 promises=0 accepted=0
[step=1037] DELIVER from=25 to=1 type=Promise { ballot: 12, accepted_ballot: None, accepted_value: None } queue_len=1450
[PROMISE-TRACE] from=25 received_ballot=12 current_ballot=70 match=false
[PAXOS-TICK] phase=WaitingForPromises elapsed=2 timeout=15 ballot=70 promises=0 accepted=0
[step=1038] DELIVER from=1 to=1 type=Prepare { ballot: 30 } queue_len=1449
[PAXOS-TICK] phase=WaitingForPromises elapsed=3 timeout=15 ballot=70 promises=0 accepted=0
[step=1039] DELIVER from=1 to=2 type=Prepare { ballot: 30 } queue_len=1449
[PAXOS-TICK] phase=WaitingForPromises elapsed=4 timeout=15 ballot=70 promises=0 accepted=0
[step=1040] DELIVER from=1 to=3 type=Prepare { ballot: 30 } queue_len=1449
[PAXOS-TICK] phase=WaitingForPromises elapsed=5 timeout=15 ballot=70 promises=0 accepted=0
[step=1041] DELIVER from=1 to=4 type=Prepare { ballot: 30 } queue_len=1449
[PAXOS-TICK] phase=WaitingForPromises elapsed=6 timeout=15 ballot=70 promises=0 accepted=0
[step=1042] DELIVER from=1 to=5 type=Prepare { ballot: 30 } queue_len=1449
[PAXOS-TICK] phase=WaitingForPromises elapsed=7 timeout=15 ballot=70 promises=0 accepted=0
[step=1043] DELIVER from=1 to=6 type=Prepare { ballot: 30 } queue_len=1449
[PAXOS-TICK] phase=WaitingForPromises elapsed=8 timeout=15 ballot=70 promises=0 accepted=0
[step=1044] DELIVER from=1 to=7 type=Prepare { ballot: 30 } queue_len=1449
[PAXOS-TICK] phase=WaitingForPromises elapsed=9 timeout=15 ballot=70 promises=0 accepted=0
[step=1045] DELIVER from=1 to=8 type=Prepare { ballot: 30 } queue_len=1449
[PAXOS-TICK] phase=WaitingForPromises elapsed=10 timeout=15 ballot=70 promises=0 accepted=0
[step=1046] DELIVER from=1 to=9 type=Prepare { ballot: 30 } queue_len=1449
[PAXOS-TICK] phase=WaitingForPromises elapsed=11 timeout=15 ballot=70 promises=0 accepted=0
[step=1047] DELIVER from=1 to=10 type=Prepare { ballot: 30 } queue_len=1449
[PAXOS-TICK] phase=WaitingForPromises elapsed=12 timeout=15 ballot=70 promises=0 accepted=0
[step=1048] DELIVER from=1 to=11 type=Prepare { ballot: 30 } queue_len=1449
[PAXOS-TICK] phase=WaitingForPromises elapsed=13 timeout=15 ballot=70 promises=0 accepted=0
[step=1049] DELIVER from=1 to=12 type=Prepare { ballot: 30 } queue_len=1449
[PAXOS-TICK] phase=WaitingForPromises elapsed=14 timeout=15 ballot=70 promises=0 accepted=0
[TIMEOUT-CAUSE] phase=WaitingForPromises ballot=70 promises=0 accepted=0 quorum=13
[step=1050] DELIVER from=1 to=13 type=Prepare { ballot: 30 } queue_len=1474
[PAXOS-TICK] phase=WaitingForPromises elapsed=0 timeout=15 ballot=71 promises=0 accepted=0
[step=1051] DELIVER from=1 to=14 type=Prepare { ballot: 30 } queue_len=1474
[PAXOS-TICK] phase=WaitingForPromises elapsed=1 timeout=15 ballot=71 promises=0 accepted=0
[step=1052] DELIVER from=1 to=15 type=Prepare { ballot: 30 } queue_len=1474
[PAXOS-TICK] phase=WaitingForPromises elapsed=2 timeout=15 ballot=71 promises=0 accepted=0
[step=1053] DELIVER from=1 to=16 type=Prepare { ballot: 30 } queue_len=1474
[PAXOS-TICK] phase=WaitingForPromises elapsed=3 timeout=15 ballot=71 promises=0 accepted=0
[step=1054] DELIVER from=1 to=17 type=Prepare { ballot: 30 } queue_len=1474
[PAXOS-TICK] phase=WaitingForPromises elapsed=4 timeout=15 ballot=71 promises=0 accepted=0
[step=1055] DELIVER from=1 to=18 type=Prepare { ballot: 30 } queue_len=1474
[PAXOS-TICK] phase=WaitingForPromises elapsed=5 timeout=15 ballot=71 promises=0 accepted=0
[step=1056] DELIVER from=1 to=19 type=Prepare { ballot: 30 } queue_len=1474
[PAXOS-TICK] phase=WaitingForPromises elapsed=6 timeout=15 ballot=71 promises=0 accepted=0
[step=1057] DELIVER from=1 to=20 type=Prepare { ballot: 30 } queue_len=1474
[PAXOS-TICK] phase=WaitingForPromises elapsed=7 timeout=15 ballot=71 promises=0 accepted=0
[step=1058] DELIVER from=1 to=21 type=Prepare { ballot: 30 } queue_len=1474
[PAXOS-TICK] phase=WaitingForPromises elapsed=8 timeout=15 ballot=71 promises=0 accepted=0
[step=1059] DELIVER from=1 to=22 type=Prepare { ballot: 30 } queue_len=1474
[PAXOS-TICK] phase=WaitingForPromises elapsed=9 timeout=15 ballot=71 promises=0 accepted=0
[step=1060] DELIVER from=1 to=23 type=Prepare { ballot: 30 } queue_len=1474
[PAXOS-TICK] phase=WaitingForPromises elapsed=10 timeout=15 ballot=71 promises=0 accepted=0
[step=1061] DELIVER from=1 to=24 type=Prepare { ballot: 30 } queue_len=1474
[PAXOS-TICK] phase=WaitingForPromises elapsed=11 timeout=15 ballot=71 promises=0 accepted=0
[step=1062] DELIVER from=1 to=25 type=Prepare { ballot: 30 } queue_len=1474
[PAXOS-TICK] phase=WaitingForPromises elapsed=12 timeout=15 ballot=71 promises=0 accepted=0
[step=1063] DELIVER from=1 to=1 type=Promise { ballot: 13, accepted_ballot: None, accepted_value: None } queue_len=1474
[PROMISE-TRACE] from=1 received_ballot=13 current_ballot=71 match=false
[PAXOS-TICK] phase=WaitingForPromises elapsed=13 timeout=15 ballot=71 promises=0 accepted=0
[step=1064] DELIVER from=2 to=1 type=Promise { ballot: 13, accepted_ballot: None, accepted_value: None } queue_len=1473
[PROMISE-TRACE] from=2 received_ballot=13 current_ballot=71 match=false
[PAXOS-TICK] phase=WaitingForPromises elapsed=14 timeout=15 ballot=71 promises=0 accepted=0
[TIMEOUT-CAUSE] phase=WaitingForPromises ballot=71 promises=0 accepted=0 quorum=13
[step=1065] DELIVER from=3 to=1 type=Promise { ballot: 13, accepted_ballot: None, accepted_value: None } queue_len=1497
[PROMISE-TRACE] from=3 received_ballot=13 current_ballot=72 match=false
[PAXOS-TICK] phase=WaitingForPromises elapsed=0 timeout=15 ballot=72 promises=0 accepted=0
[step=1066] DELIVER from=4 to=1 type=Promise { ballot: 13, accepted_ballot: None, accepted_value: None } queue_len=1496
[PROMISE-TRACE] from=4 received_ballot=13 current_ballot=72 match=false
[PAXOS-TICK] phase=WaitingForPromises elapsed=1 timeout=15 ballot=72 promises=0 accepted=0
[step=1067] DELIVER from=5 to=1 type=Promise { ballot: 13, accepted_ballot: None, accepted_value: None } queue_len=1495
[PROMISE-TRACE] from=5 received_ballot=13 current_ballot=72 match=false
[PAXOS-TICK] phase=WaitingForPromises elapsed=2 timeout=15 ballot=72 promises=0 accepted=0
[step=1068] DELIVER from=6 to=1 type=Promise { ballot: 13, accepted_ballot: None, accepted_value: None } queue_len=1494
[PROMISE-TRACE] from=6 received_ballot=13 current_ballot=72 match=false
[PAXOS-TICK] phase=WaitingForPromises elapsed=3 timeout=15 ballot=72 promises=0 accepted=0
[step=1069] DELIVER from=7 to=1 type=Promise { ballot: 13, accepted_ballot: None, accepted_value: None } queue_len=1493
[PROMISE-TRACE] from=7 received_ballot=13 current_ballot=72 match=false
[PAXOS-TICK] phase=WaitingForPromises elapsed=4 timeout=15 ballot=72 promises=0 accepted=0
[step=1070] DELIVER from=8 to=1 type=Promise { ballot: 13, accepted_ballot: None, accepted_value: None } queue_len=1492
[PROMISE-TRACE] from=8 received_ballot=13 current_ballot=72 match=false
[PAXOS-TICK] phase=WaitingForPromises elapsed=5 timeout=15 ballot=72 promises=0 accepted=0
[step=1071] DELIVER from=9 to=1 type=Promise { ballot: 13, accepted_ballot: None, accepted_value: None } queue_len=1491
[PROMISE-TRACE] from=9 received_ballot=13 current_ballot=72 match=false
[PAXOS-TICK] phase=WaitingForPromises elapsed=6 timeout=15 ballot=72 promises=0 accepted=0
[step=1072] DELIVER from=10 to=1 type=Promise { ballot: 13, accepted_ballot: None, accepted_value: None } queue_len=1490
[PROMISE-TRACE] from=10 received_ballot=13 current_ballot=72 match=false
[PAXOS-TICK] phase=WaitingForPromises elapsed=7 timeout=15 ballot=72 promises=0 accepted=0
[step=1073] DELIVER from=11 to=1 type=Promise { ballot: 13, accepted_ballot: None, accepted_value: None } queue_len=1489
[PROMISE-TRACE] from=11 received_ballot=13 current_ballot=72 match=false
[PAXOS-TICK] phase=WaitingForPromises elapsed=8 timeout=15 ballot=72 promises=0 accepted=0
[step=1074] DELIVER from=12 to=1 type=Promise { ballot: 13, accepted_ballot: None, accepted_value: None } queue_len=1488
[PROMISE-TRACE] from=12 received_ballot=13 current_ballot=72 match=false
[PAXOS-TICK] phase=WaitingForPromises elapsed=9 timeout=15 ballot=72 promises=0 accepted=0
[step=1075] DELIVER from=1 to=1 type=Prepare { ballot: 31 } queue_len=1487
[PAXOS-TICK] phase=WaitingForPromises elapsed=10 timeout=15 ballot=72 promises=0 accepted=0
[step=1076] DELIVER from=1 to=2 type=Prepare { ballot: 31 } queue_len=1487
[PAXOS-TICK] phase=WaitingForPromises elapsed=11 timeout=15 ballot=72 promises=0 accepted=0
[step=1077] DELIVER from=1 to=3 type=Prepare { ballot: 31 } queue_len=1487
[PAXOS-TICK] phase=WaitingForPromises elapsed=12 timeout=15 ballot=72 promises=0 accepted=0
[step=1078] DELIVER from=1 to=4 type=Prepare { ballot: 31 } queue_len=1487
[PAXOS-TICK] phase=WaitingForPromises elapsed=13 timeout=15 ballot=72 promises=0 accepted=0
[step=1079] DELIVER from=1 to=5 type=Prepare { ballot: 31 } queue_len=1487
[PAXOS-TICK] phase=WaitingForPromises elapsed=14 timeout=15 ballot=72 promises=0 accepted=0
[TIMEOUT-CAUSE] phase=WaitingForPromises ballot=72 promises=0 accepted=0 quorum=13
[step=1080] DELIVER from=1 to=6 type=Prepare { ballot: 31 } queue_len=1512
[PAXOS-TICK] phase=WaitingForPromises elapsed=0 timeout=15 ballot=73 promises=0 accepted=0
[step=1081] DELIVER from=1 to=7 type=Prepare { ballot: 31 } queue_len=1512
[PAXOS-TICK] phase=WaitingForPromises elapsed=1 timeout=15 ballot=73 promises=0 accepted=0
[step=1082] DELIVER from=1 to=8 type=Prepare { ballot: 31 } queue_len=1512
[PAXOS-TICK] phase=WaitingForPromises elapsed=2 timeout=15 ballot=73 promises=0 accepted=0
[step=1083] DELIVER from=1 to=9 type=Prepare { ballot: 31 } queue_len=1512
[PAXOS-TICK] phase=WaitingForPromises elapsed=3 timeout=15 ballot=73 promises=0 accepted=0
[step=1084] DELIVER from=1 to=10 type=Prepare { ballot: 31 } queue_len=1512
[PAXOS-TICK] phase=WaitingForPromises elapsed=4 timeout=15 ballot=73 promises=0 accepted=0
[step=1085] DELIVER from=1 to=11 type=Prepare { ballot: 31 } queue_len=1512
[PAXOS-TICK] phase=WaitingForPromises elapsed=5 timeout=15 ballot=73 promises=0 accepted=0
[step=1086] DELIVER from=1 to=12 type=Prepare { ballot: 31 } queue_len=1512
[PAXOS-TICK] phase=WaitingForPromises elapsed=6 timeout=15 ballot=73 promises=0 accepted=0
[step=1087] DELIVER from=1 to=13 type=Prepare { ballot: 31 } queue_len=1512
[PAXOS-TICK] phase=WaitingForPromises elapsed=7 timeout=15 ballot=73 promises=0 accepted=0
[step=1088] DELIVER from=1 to=14 type=Prepare { ballot: 31 } queue_len=1512
[PAXOS-TICK] phase=WaitingForPromises elapsed=8 timeout=15 ballot=73 promises=0 accepted=0
[step=1089] DELIVER from=1 to=15 type=Prepare { ballot: 31 } queue_len=1512
[PAXOS-TICK] phase=WaitingForPromises elapsed=9 timeout=15 ballot=73 promises=0 accepted=0
[step=1090] DELIVER from=1 to=16 type=Prepare { ballot: 31 } queue_len=1512
[PAXOS-TICK] phase=WaitingForPromises elapsed=10 timeout=15 ballot=73 promises=0 accepted=0
[step=1091] DELIVER from=1 to=17 type=Prepare { ballot: 31 } queue_len=1512
[PAXOS-TICK] phase=WaitingForPromises elapsed=11 timeout=15 ballot=73 promises=0 accepted=0
[step=1092] DELIVER from=1 to=18 type=Prepare { ballot: 31 } queue_len=1512
[PAXOS-TICK] phase=WaitingForPromises elapsed=12 timeout=15 ballot=73 promises=0 accepted=0
[step=1093] DELIVER from=1 to=19 type=Prepare { ballot: 31 } queue_len=1512
[PAXOS-TICK] phase=WaitingForPromises elapsed=13 timeout=15 ballot=73 promises=0 accepted=0
[step=1094] DELIVER from=1 to=20 type=Prepare { ballot: 31 } queue_len=1512
[PAXOS-TICK] phase=WaitingForPromises elapsed=14 timeout=15 ballot=73 promises=0 accepted=0
[TIMEOUT-CAUSE] phase=WaitingForPromises ballot=73 promises=0 accepted=0 quorum=13
[step=1095] DELIVER from=1 to=21 type=Prepare { ballot: 31 } queue_len=1537
[PAXOS-TICK] phase=WaitingForPromises elapsed=0 timeout=15 ballot=74 promises=0 accepted=0
[step=1096] DELIVER from=1 to=22 type=Prepare { ballot: 31 } queue_len=1537
[PAXOS-TICK] phase=WaitingForPromises elapsed=1 timeout=15 ballot=74 promises=0 accepted=0
[step=1097] DELIVER from=1 to=23 type=Prepare { ballot: 31 } queue_len=1537
[PAXOS-TICK] phase=WaitingForPromises elapsed=2 timeout=15 ballot=74 promises=0 accepted=0
[step=1098] DELIVER from=1 to=24 type=Prepare { ballot: 31 } queue_len=1537
[PAXOS-TICK] phase=WaitingForPromises elapsed=3 timeout=15 ballot=74 promises=0 accepted=0
[step=1099] DELIVER from=1 to=25 type=Prepare { ballot: 31 } queue_len=1537
[PAXOS-TICK] phase=WaitingForPromises elapsed=4 timeout=15 ballot=74 promises=0 accepted=0
[step=1100] DELIVER from=13 to=1 type=Promise { ballot: 13, accepted_ballot: None, accepted_value: None } queue_len=1537
[PROMISE-TRACE] from=13 received_ballot=13 current_ballot=74 match=false
[PAXOS-TICK] phase=WaitingForPromises elapsed=5 timeout=15 ballot=74 promises=0 accepted=0
[step=1101] DELIVER from=14 to=1 type=Promise { ballot: 13, accepted_ballot: None, accepted_value: None } queue_len=1536
[PROMISE-TRACE] from=14 received_ballot=13 current_ballot=74 match=false
[PAXOS-TICK] phase=WaitingForPromises elapsed=6 timeout=15 ballot=74 promises=0 accepted=0
[step=1102] DELIVER from=15 to=1 type=Promise { ballot: 13, accepted_ballot: None, accepted_value: None } queue_len=1535
[PROMISE-TRACE] from=15 received_ballot=13 current_ballot=74 match=false
[PAXOS-TICK] phase=WaitingForPromises elapsed=7 timeout=15 ballot=74 promises=0 accepted=0
[step=1103] DELIVER from=16 to=1 type=Promise { ballot: 13, accepted_ballot: None, accepted_value: None } queue_len=1534
[PROMISE-TRACE] from=16 received_ballot=13 current_ballot=74 match=false
[PAXOS-TICK] phase=WaitingForPromises elapsed=8 timeout=15 ballot=74 promises=0 accepted=0
[step=1104] DELIVER from=17 to=1 type=Promise { ballot: 13, accepted_ballot: None, accepted_value: None } queue_len=1533
[PROMISE-TRACE] from=17 received_ballot=13 current_ballot=74 match=false
[PAXOS-TICK] phase=WaitingForPromises elapsed=9 timeout=15 ballot=74 promises=0 accepted=0
[step=1105] DELIVER from=18 to=1 type=Promise { ballot: 13, accepted_ballot: None, accepted_value: None } queue_len=1532
[PROMISE-TRACE] from=18 received_ballot=13 current_ballot=74 match=false
[PAXOS-TICK] phase=WaitingForPromises elapsed=10 timeout=15 ballot=74 promises=0 accepted=0
[step=1106] DELIVER from=19 to=1 type=Promise { ballot: 13, accepted_ballot: None, accepted_value: None } queue_len=1531
[PROMISE-TRACE] from=19 received_ballot=13 current_ballot=74 match=false
[PAXOS-TICK] phase=WaitingForPromises elapsed=11 timeout=15 ballot=74 promises=0 accepted=0
[step=1107] DELIVER from=20 to=1 type=Promise { ballot: 13, accepted_ballot: None, accepted_value: None } queue_len=1530
[PROMISE-TRACE] from=20 received_ballot=13 current_ballot=74 match=false
[PAXOS-TICK] phase=WaitingForPromises elapsed=12 timeout=15 ballot=74 promises=0 accepted=0
[step=1108] DELIVER from=21 to=1 type=Promise { ballot: 13, accepted_ballot: None, accepted_value: None } queue_len=1529
[PROMISE-TRACE] from=21 received_ballot=13 current_ballot=74 match=false
[PAXOS-TICK] phase=WaitingForPromises elapsed=13 timeout=15 ballot=74 promises=0 accepted=0
[step=1109] DELIVER from=22 to=1 type=Promise { ballot: 13, accepted_ballot: None, accepted_value: None } queue_len=1528
[PROMISE-TRACE] from=22 received_ballot=13 current_ballot=74 match=false
[PAXOS-TICK] phase=WaitingForPromises elapsed=14 timeout=15 ballot=74 promises=0 accepted=0
[TIMEOUT-CAUSE] phase=WaitingForPromises ballot=74 promises=0 accepted=0 quorum=13
[step=1110] DELIVER from=23 to=1 type=Promise { ballot: 13, accepted_ballot: None, accepted_value: None } queue_len=1552
[PROMISE-TRACE] from=23 received_ballot=13 current_ballot=75 match=false
[PAXOS-TICK] phase=WaitingForPromises elapsed=0 timeout=15 ballot=75 promises=0 accepted=0
[step=1111] DELIVER from=24 to=1 type=Promise { ballot: 13, accepted_ballot: None, accepted_value: None } queue_len=1551
[PROMISE-TRACE] from=24 received_ballot=13 current_ballot=75 match=false
[PAXOS-TICK] phase=WaitingForPromises elapsed=1 timeout=15 ballot=75 promises=0 accepted=0
[step=1112] DELIVER from=25 to=1 type=Promise { ballot: 13, accepted_ballot: None, accepted_value: None } queue_len=1550
[PROMISE-TRACE] from=25 received_ballot=13 current_ballot=75 match=false
[PAXOS-TICK] phase=WaitingForPromises elapsed=2 timeout=15 ballot=75 promises=0 accepted=0
[step=1113] DELIVER from=1 to=1 type=Prepare { ballot: 32 } queue_len=1549
[PAXOS-TICK] phase=WaitingForPromises elapsed=3 timeout=15 ballot=75 promises=0 accepted=0
[step=1114] DELIVER from=1 to=2 type=Prepare { ballot: 32 } queue_len=1549
[PAXOS-TICK] phase=WaitingForPromises elapsed=4 timeout=15 ballot=75 promises=0 accepted=0
[step=1115] DELIVER from=1 to=3 type=Prepare { ballot: 32 } queue_len=1549
[PAXOS-TICK] phase=WaitingForPromises elapsed=5 timeout=15 ballot=75 promises=0 accepted=0
[step=1116] DELIVER from=1 to=4 type=Prepare { ballot: 32 } queue_len=1549
[PAXOS-TICK] phase=WaitingForPromises elapsed=6 timeout=15 ballot=75 promises=0 accepted=0
[step=1117] DELIVER from=1 to=5 type=Prepare { ballot: 32 } queue_len=1549
[PAXOS-TICK] phase=WaitingForPromises elapsed=7 timeout=15 ballot=75 promises=0 accepted=0
[step=1118] DELIVER from=1 to=6 type=Prepare { ballot: 32 } queue_len=1549
[PAXOS-TICK] phase=WaitingForPromises elapsed=8 timeout=15 ballot=75 promises=0 accepted=0
[step=1119] DELIVER from=1 to=7 type=Prepare { ballot: 32 } queue_len=1549
[PAXOS-TICK] phase=WaitingForPromises elapsed=9 timeout=15 ballot=75 promises=0 accepted=0
[step=1120] DELIVER from=1 to=8 type=Prepare { ballot: 32 } queue_len=1549
[PAXOS-TICK] phase=WaitingForPromises elapsed=10 timeout=15 ballot=75 promises=0 accepted=0
[step=1121] DELIVER from=1 to=9 type=Prepare { ballot: 32 } queue_len=1549
[PAXOS-TICK] phase=WaitingForPromises elapsed=11 timeout=15 ballot=75 promises=0 accepted=0
[step=1122] DELIVER from=1 to=10 type=Prepare { ballot: 32 } queue_len=1549
[PAXOS-TICK] phase=WaitingForPromises elapsed=12 timeout=15 ballot=75 promises=0 accepted=0
[step=1123] DELIVER from=1 to=11 type=Prepare { ballot: 32 } queue_len=1549
[PAXOS-TICK] phase=WaitingForPromises elapsed=13 timeout=15 ballot=75 promises=0 accepted=0
[step=1124] DELIVER from=1 to=12 type=Prepare { ballot: 32 } queue_len=1549
[PAXOS-TICK] phase=WaitingForPromises elapsed=14 timeout=15 ballot=75 promises=0 accepted=0
[TIMEOUT-CAUSE] phase=WaitingForPromises ballot=75 promises=0 accepted=0 quorum=13
[step=1125] DELIVER from=1 to=13 type=Prepare { ballot: 32 } queue_len=1574
[PAXOS-TICK] phase=WaitingForPromises elapsed=0 timeout=15 ballot=76 promises=0 accepted=0
[step=1126] DELIVER from=1 to=14 type=Prepare { ballot: 32 } queue_len=1574
[PAXOS-TICK] phase=WaitingForPromises elapsed=1 timeout=15 ballot=76 promises=0 accepted=0
[step=1127] DELIVER from=1 to=15 type=Prepare { ballot: 32 } queue_len=1574
[PAXOS-TICK] phase=WaitingForPromises elapsed=2 timeout=15 ballot=76 promises=0 accepted=0
[step=1128] DELIVER from=1 to=16 type=Prepare { ballot: 32 } queue_len=1574
[PAXOS-TICK] phase=WaitingForPromises elapsed=3 timeout=15 ballot=76 promises=0 accepted=0
[step=1129] DELIVER from=1 to=17 type=Prepare { ballot: 32 } queue_len=1574
[PAXOS-TICK] phase=WaitingForPromises elapsed=4 timeout=15 ballot=76 promises=0 accepted=0
[step=1130] DELIVER from=1 to=18 type=Prepare { ballot: 32 } queue_len=1574
[PAXOS-TICK] phase=WaitingForPromises elapsed=5 timeout=15 ballot=76 promises=0 accepted=0
[step=1131] DELIVER from=1 to=19 type=Prepare { ballot: 32 } queue_len=1574
[PAXOS-TICK] phase=WaitingForPromises elapsed=6 timeout=15 ballot=76 promises=0 accepted=0
[step=1132] DELIVER from=1 to=20 type=Prepare { ballot: 32 } queue_len=1574
[PAXOS-TICK] phase=WaitingForPromises elapsed=7 timeout=15 ballot=76 promises=0 accepted=0
[step=1133] DELIVER from=1 to=21 type=Prepare { ballot: 32 } queue_len=1574
[PAXOS-TICK] phase=WaitingForPromises elapsed=8 timeout=15 ballot=76 promises=0 accepted=0
[step=1134] DELIVER from=1 to=22 type=Prepare { ballot: 32 } queue_len=1574
[PAXOS-TICK] phase=WaitingForPromises elapsed=9 timeout=15 ballot=76 promises=0 accepted=0
[step=1135] DELIVER from=1 to=23 type=Prepare { ballot: 32 } queue_len=1574
[PAXOS-TICK] phase=WaitingForPromises elapsed=10 timeout=15 ballot=76 promises=0 accepted=0
[step=1136] DELIVER from=1 to=24 type=Prepare { ballot: 32 } queue_len=1574
[PAXOS-TICK] phase=WaitingForPromises elapsed=11 timeout=15 ballot=76 promises=0 accepted=0
[step=1137] DELIVER from=1 to=25 type=Prepare { ballot: 32 } queue_len=1574
[PAXOS-TICK] phase=WaitingForPromises elapsed=12 timeout=15 ballot=76 promises=0 accepted=0
[step=1138] DELIVER from=1 to=1 type=Promise { ballot: 14, accepted_ballot: None, accepted_value: None } queue_len=1574
[PROMISE-TRACE] from=1 received_ballot=14 current_ballot=76 match=false
[PAXOS-TICK] phase=WaitingForPromises elapsed=13 timeout=15 ballot=76 promises=0 accepted=0
[step=1139] DELIVER from=2 to=1 type=Promise { ballot: 14, accepted_ballot: None, accepted_value: None } queue_len=1573
[PROMISE-TRACE] from=2 received_ballot=14 current_ballot=76 match=false
[PAXOS-TICK] phase=WaitingForPromises elapsed=14 timeout=15 ballot=76 promises=0 accepted=0
[TIMEOUT-CAUSE] phase=WaitingForPromises ballot=76 promises=0 accepted=0 quorum=13
[step=1140] DELIVER from=3 to=1 type=Promise { ballot: 14, accepted_ballot: None, accepted_value: None } queue_len=1597
[PROMISE-TRACE] from=3 received_ballot=14 current_ballot=77 match=false
[PAXOS-TICK] phase=WaitingForPromises elapsed=0 timeout=15 ballot=77 promises=0 accepted=0
[step=1141] DELIVER from=4 to=1 type=Promise { ballot: 14, accepted_ballot: None, accepted_value: None } queue_len=1596
[PROMISE-TRACE] from=4 received_ballot=14 current_ballot=77 match=false
[PAXOS-TICK] phase=WaitingForPromises elapsed=1 timeout=15 ballot=77 promises=0 accepted=0
[step=1142] DELIVER from=5 to=1 type=Promise { ballot: 14, accepted_ballot: None, accepted_value: None } queue_len=1595
[PROMISE-TRACE] from=5 received_ballot=14 current_ballot=77 match=false
[PAXOS-TICK] phase=WaitingForPromises elapsed=2 timeout=15 ballot=77 promises=0 accepted=0
[step=1143] DELIVER from=6 to=1 type=Promise { ballot: 14, accepted_ballot: None, accepted_value: None } queue_len=1594
[PROMISE-TRACE] from=6 received_ballot=14 current_ballot=77 match=false
[PAXOS-TICK] phase=WaitingForPromises elapsed=3 timeout=15 ballot=77 promises=0 accepted=0
[step=1144] DELIVER from=7 to=1 type=Promise { ballot: 14, accepted_ballot: None, accepted_value: None } queue_len=1593
[PROMISE-TRACE] from=7 received_ballot=14 current_ballot=77 match=false
[PAXOS-TICK] phase=WaitingForPromises elapsed=4 timeout=15 ballot=77 promises=0 accepted=0
[step=1145] DELIVER from=1 to=1 type=Prepare { ballot: 33 } queue_len=1592
[PAXOS-TICK] phase=WaitingForPromises elapsed=5 timeout=15 ballot=77 promises=0 accepted=0
[step=1146] DELIVER from=1 to=2 type=Prepare { ballot: 33 } queue_len=1592
[PAXOS-TICK] phase=WaitingForPromises elapsed=6 timeout=15 ballot=77 promises=0 accepted=0
[step=1147] DELIVER from=1 to=3 type=Prepare { ballot: 33 } queue_len=1592
[PAXOS-TICK] phase=WaitingForPromises elapsed=7 timeout=15 ballot=77 promises=0 accepted=0
[step=1148] DELIVER from=1 to=4 type=Prepare { ballot: 33 } queue_len=1592
[PAXOS-TICK] phase=WaitingForPromises elapsed=8 timeout=15 ballot=77 promises=0 accepted=0
[step=1149] DELIVER from=1 to=5 type=Prepare { ballot: 33 } queue_len=1592
[PAXOS-TICK] phase=WaitingForPromises elapsed=9 timeout=15 ballot=77 promises=0 accepted=0
[step=1150] DELIVER from=1 to=6 type=Prepare { ballot: 33 } queue_len=1592
[PAXOS-TICK] phase=WaitingForPromises elapsed=10 timeout=15 ballot=77 promises=0 accepted=0
[step=1151] DELIVER from=1 to=7 type=Prepare { ballot: 33 } queue_len=1592
[PAXOS-TICK] phase=WaitingForPromises elapsed=11 timeout=15 ballot=77 promises=0 accepted=0
[step=1152] DELIVER from=1 to=8 type=Prepare { ballot: 33 } queue_len=1592
[PAXOS-TICK] phase=WaitingForPromises elapsed=12 timeout=15 ballot=77 promises=0 accepted=0
[step=1153] DELIVER from=1 to=9 type=Prepare { ballot: 33 } queue_len=1592
[PAXOS-TICK] phase=WaitingForPromises elapsed=13 timeout=15 ballot=77 promises=0 accepted=0
[step=1154] DELIVER from=1 to=10 type=Prepare { ballot: 33 } queue_len=1592
[PAXOS-TICK] phase=WaitingForPromises elapsed=14 timeout=15 ballot=77 promises=0 accepted=0
[TIMEOUT-CAUSE] phase=WaitingForPromises ballot=77 promises=0 accepted=0 quorum=13
[step=1155] DELIVER from=1 to=11 type=Prepare { ballot: 33 } queue_len=1617
[PAXOS-TICK] phase=WaitingForPromises elapsed=0 timeout=15 ballot=78 promises=0 accepted=0
[step=1156] DELIVER from=1 to=12 type=Prepare { ballot: 33 } queue_len=1617
[PAXOS-TICK] phase=WaitingForPromises elapsed=1 timeout=15 ballot=78 promises=0 accepted=0
[step=1157] DELIVER from=1 to=13 type=Prepare { ballot: 33 } queue_len=1617
[PAXOS-TICK] phase=WaitingForPromises elapsed=2 timeout=15 ballot=78 promises=0 accepted=0
[step=1158] DELIVER from=1 to=14 type=Prepare { ballot: 33 } queue_len=1617
[PAXOS-TICK] phase=WaitingForPromises elapsed=3 timeout=15 ballot=78 promises=0 accepted=0
[step=1159] DELIVER from=1 to=15 type=Prepare { ballot: 33 } queue_len=1617
[PAXOS-TICK] phase=WaitingForPromises elapsed=4 timeout=15 ballot=78 promises=0 accepted=0
[step=1160] DELIVER from=1 to=16 type=Prepare { ballot: 33 } queue_len=1617
[PAXOS-TICK] phase=WaitingForPromises elapsed=5 timeout=15 ballot=78 promises=0 accepted=0
[step=1161] DELIVER from=1 to=17 type=Prepare { ballot: 33 } queue_len=1617
[PAXOS-TICK] phase=WaitingForPromises elapsed=6 timeout=15 ballot=78 promises=0 accepted=0
[step=1162] DELIVER from=1 to=18 type=Prepare { ballot: 33 } queue_len=1617
[PAXOS-TICK] phase=WaitingForPromises elapsed=7 timeout=15 ballot=78 promises=0 accepted=0
[step=1163] DELIVER from=1 to=19 type=Prepare { ballot: 33 } queue_len=1617
[PAXOS-TICK] phase=WaitingForPromises elapsed=8 timeout=15 ballot=78 promises=0 accepted=0
[step=1164] DELIVER from=1 to=20 type=Prepare { ballot: 33 } queue_len=1617
[PAXOS-TICK] phase=WaitingForPromises elapsed=9 timeout=15 ballot=78 promises=0 accepted=0
[step=1165] DELIVER from=1 to=21 type=Prepare { ballot: 33 } queue_len=1617
[PAXOS-TICK] phase=WaitingForPromises elapsed=10 timeout=15 ballot=78 promises=0 accepted=0
[step=1166] DELIVER from=1 to=22 type=Prepare { ballot: 33 } queue_len=1617
[PAXOS-TICK] phase=WaitingForPromises elapsed=11 timeout=15 ballot=78 promises=0 accepted=0
[step=1167] DELIVER from=1 to=23 type=Prepare { ballot: 33 } queue_len=1617
[PAXOS-TICK] phase=WaitingForPromises elapsed=12 timeout=15 ballot=78 promises=0 accepted=0
[step=1168] DELIVER from=1 to=24 type=Prepare { ballot: 33 } queue_len=1617
[PAXOS-TICK] phase=WaitingForPromises elapsed=13 timeout=15 ballot=78 promises=0 accepted=0
[step=1169] DELIVER from=1 to=25 type=Prepare { ballot: 33 } queue_len=1617
[PAXOS-TICK] phase=WaitingForPromises elapsed=14 timeout=15 ballot=78 promises=0 accepted=0
[TIMEOUT-CAUSE] phase=WaitingForPromises ballot=78 promises=0 accepted=0 quorum=13
[step=1170] DELIVER from=8 to=1 type=Promise { ballot: 14, accepted_ballot: None, accepted_value: None } queue_len=1642
[PROMISE-TRACE] from=8 received_ballot=14 current_ballot=79 match=false
[PAXOS-TICK] phase=WaitingForPromises elapsed=0 timeout=15 ballot=79 promises=0 accepted=0
[step=1171] DELIVER from=9 to=1 type=Promise { ballot: 14, accepted_ballot: None, accepted_value: None } queue_len=1641
[PROMISE-TRACE] from=9 received_ballot=14 current_ballot=79 match=false
[PAXOS-TICK] phase=WaitingForPromises elapsed=1 timeout=15 ballot=79 promises=0 accepted=0
[step=1172] DELIVER from=10 to=1 type=Promise { ballot: 14, accepted_ballot: None, accepted_value: None } queue_len=1640
[PROMISE-TRACE] from=10 received_ballot=14 current_ballot=79 match=false
[PAXOS-TICK] phase=WaitingForPromises elapsed=2 timeout=15 ballot=79 promises=0 accepted=0
[step=1173] DELIVER from=11 to=1 type=Promise { ballot: 14, accepted_ballot: None, accepted_value: None } queue_len=1639
[PROMISE-TRACE] from=11 received_ballot=14 current_ballot=79 match=false
[PAXOS-TICK] phase=WaitingForPromises elapsed=3 timeout=15 ballot=79 promises=0 accepted=0
[step=1174] DELIVER from=12 to=1 type=Promise { ballot: 14, accepted_ballot: None, accepted_value: None } queue_len=1638
[PROMISE-TRACE] from=12 received_ballot=14 current_ballot=79 match=false
[PAXOS-TICK] phase=WaitingForPromises elapsed=4 timeout=15 ballot=79 promises=0 accepted=0
[step=1175] DELIVER from=13 to=1 type=Promise { ballot: 14, accepted_ballot: None, accepted_value: None } queue_len=1637
[PROMISE-TRACE] from=13 received_ballot=14 current_ballot=79 match=false
[PAXOS-TICK] phase=WaitingForPromises elapsed=5 timeout=15 ballot=79 promises=0 accepted=0
[step=1176] DELIVER from=14 to=1 type=Promise { ballot: 14, accepted_ballot: None, accepted_value: None } queue_len=1636
[PROMISE-TRACE] from=14 received_ballot=14 current_ballot=79 match=false
[PAXOS-TICK] phase=WaitingForPromises elapsed=6 timeout=15 ballot=79 promises=0 accepted=0
[step=1177] DELIVER from=15 to=1 type=Promise { ballot: 14, accepted_ballot: None, accepted_value: None } queue_len=1635
[PROMISE-TRACE] from=15 received_ballot=14 current_ballot=79 match=false
[PAXOS-TICK] phase=WaitingForPromises elapsed=7 timeout=15 ballot=79 promises=0 accepted=0
[step=1178] DELIVER from=16 to=1 type=Promise { ballot: 14, accepted_ballot: None, accepted_value: None } queue_len=1634
[PROMISE-TRACE] from=16 received_ballot=14 current_ballot=79 match=false
[PAXOS-TICK] phase=WaitingForPromises elapsed=8 timeout=15 ballot=79 promises=0 accepted=0
[step=1179] DELIVER from=17 to=1 type=Promise { ballot: 14, accepted_ballot: None, accepted_value: None } queue_len=1633
[PROMISE-TRACE] from=17 received_ballot=14 current_ballot=79 match=false
[PAXOS-TICK] phase=WaitingForPromises elapsed=9 timeout=15 ballot=79 promises=0 accepted=0
[step=1180] DELIVER from=18 to=1 type=Promise { ballot: 14, accepted_ballot: None, accepted_value: None } queue_len=1632
[PROMISE-TRACE] from=18 received_ballot=14 current_ballot=79 match=false
[PAXOS-TICK] phase=WaitingForPromises elapsed=10 timeout=15 ballot=79 promises=0 accepted=0
[step=1181] DELIVER from=19 to=1 type=Promise { ballot: 14, accepted_ballot: None, accepted_value: None } queue_len=1631
[PROMISE-TRACE] from=19 received_ballot=14 current_ballot=79 match=false
[PAXOS-TICK] phase=WaitingForPromises elapsed=11 timeout=15 ballot=79 promises=0 accepted=0
[step=1182] DELIVER from=20 to=1 type=Promise { ballot: 14, accepted_ballot: None, accepted_value: None } queue_len=1630
[PROMISE-TRACE] from=20 received_ballot=14 current_ballot=79 match=false
[PAXOS-TICK] phase=WaitingForPromises elapsed=12 timeout=15 ballot=79 promises=0 accepted=0
[step=1183] DELIVER from=21 to=1 type=Promise { ballot: 14, accepted_ballot: None, accepted_value: None } queue_len=1629
[PROMISE-TRACE] from=21 received_ballot=14 current_ballot=79 match=false
[PAXOS-TICK] phase=WaitingForPromises elapsed=13 timeout=15 ballot=79 promises=0 accepted=0
[step=1184] DELIVER from=22 to=1 type=Promise { ballot: 14, accepted_ballot: None, accepted_value: None } queue_len=1628
[PROMISE-TRACE] from=22 received_ballot=14 current_ballot=79 match=false
[PAXOS-TICK] phase=WaitingForPromises elapsed=14 timeout=15 ballot=79 promises=0 accepted=0
[TIMEOUT-CAUSE] phase=WaitingForPromises ballot=79 promises=0 accepted=0 quorum=13
[step=1185] DELIVER from=1 to=1 type=Prepare { ballot: 34 } queue_len=1652
[PAXOS-TICK] phase=WaitingForPromises elapsed=0 timeout=15 ballot=80 promises=0 accepted=0
[step=1186] DELIVER from=1 to=2 type=Prepare { ballot: 34 } queue_len=1652
[PAXOS-TICK] phase=WaitingForPromises elapsed=1 timeout=15 ballot=80 promises=0 accepted=0
[step=1187] DELIVER from=1 to=3 type=Prepare { ballot: 34 } queue_len=1652
[PAXOS-TICK] phase=WaitingForPromises elapsed=2 timeout=15 ballot=80 promises=0 accepted=0
[step=1188] DELIVER from=1 to=4 type=Prepare { ballot: 34 } queue_len=1652
[PAXOS-TICK] phase=WaitingForPromises elapsed=3 timeout=15 ballot=80 promises=0 accepted=0
[step=1189] DELIVER from=1 to=5 type=Prepare { ballot: 34 } queue_len=1652
[PAXOS-TICK] phase=WaitingForPromises elapsed=4 timeout=15 ballot=80 promises=0 accepted=0
[step=1190] DELIVER from=1 to=6 type=Prepare { ballot: 34 } queue_len=1652
[PAXOS-TICK] phase=WaitingForPromises elapsed=5 timeout=15 ballot=80 promises=0 accepted=0
[step=1191] DELIVER from=1 to=7 type=Prepare { ballot: 34 } queue_len=1652
[PAXOS-TICK] phase=WaitingForPromises elapsed=6 timeout=15 ballot=80 promises=0 accepted=0
[step=1192] DELIVER from=1 to=8 type=Prepare { ballot: 34 } queue_len=1652
[PAXOS-TICK] phase=WaitingForPromises elapsed=7 timeout=15 ballot=80 promises=0 accepted=0
[step=1193] DELIVER from=1 to=9 type=Prepare { ballot: 34 } queue_len=1652
[PAXOS-TICK] phase=WaitingForPromises elapsed=8 timeout=15 ballot=80 promises=0 accepted=0
[step=1194] DELIVER from=1 to=10 type=Prepare { ballot: 34 } queue_len=1652
[PAXOS-TICK] phase=WaitingForPromises elapsed=9 timeout=15 ballot=80 promises=0 accepted=0
[step=1195] DELIVER from=1 to=11 type=Prepare { ballot: 34 } queue_len=1652
[PAXOS-TICK] phase=WaitingForPromises elapsed=10 timeout=15 ballot=80 promises=0 accepted=0
[step=1196] DELIVER from=1 to=12 type=Prepare { ballot: 34 } queue_len=1652
[PAXOS-TICK] phase=WaitingForPromises elapsed=11 timeout=15 ballot=80 promises=0 accepted=0
[step=1197] DELIVER from=1 to=13 type=Prepare { ballot: 34 } queue_len=1652
[PAXOS-TICK] phase=WaitingForPromises elapsed=12 timeout=15 ballot=80 promises=0 accepted=0
[step=1198] DELIVER from=1 to=14 type=Prepare { ballot: 34 } queue_len=1652
[PAXOS-TICK] phase=WaitingForPromises elapsed=13 timeout=15 ballot=80 promises=0 accepted=0
[step=1199] DELIVER from=1 to=15 type=Prepare { ballot: 34 } queue_len=1652
[PAXOS-TICK] phase=WaitingForPromises elapsed=14 timeout=15 ballot=80 promises=0 accepted=0
[TIMEOUT-CAUSE] phase=WaitingForPromises ballot=80 promises=0 accepted=0 quorum=13
[step=1200] DELIVER from=1 to=16 type=Prepare { ballot: 34 } queue_len=1677
[PAXOS-TICK] phase=WaitingForPromises elapsed=0 timeout=15 ballot=81 promises=0 accepted=0
[step=1201] DELIVER from=1 to=17 type=Prepare { ballot: 34 } queue_len=1677
[PAXOS-TICK] phase=WaitingForPromises elapsed=1 timeout=15 ballot=81 promises=0 accepted=0
[step=1202] DELIVER from=1 to=18 type=Prepare { ballot: 34 } queue_len=1677
[PAXOS-TICK] phase=WaitingForPromises elapsed=2 timeout=15 ballot=81 promises=0 accepted=0
[step=1203] DELIVER from=1 to=19 type=Prepare { ballot: 34 } queue_len=1677
[PAXOS-TICK] phase=WaitingForPromises elapsed=3 timeout=15 ballot=81 promises=0 accepted=0
[step=1204] DELIVER from=1 to=20 type=Prepare { ballot: 34 } queue_len=1677
[PAXOS-TICK] phase=WaitingForPromises elapsed=4 timeout=15 ballot=81 promises=0 accepted=0
[step=1205] DELIVER from=1 to=21 type=Prepare { ballot: 34 } queue_len=1677
[PAXOS-TICK] phase=WaitingForPromises elapsed=5 timeout=15 ballot=81 promises=0 accepted=0
[step=1206] DELIVER from=1 to=22 type=Prepare { ballot: 34 } queue_len=1677
[PAXOS-TICK] phase=WaitingForPromises elapsed=6 timeout=15 ballot=81 promises=0 accepted=0
[step=1207] DELIVER from=1 to=23 type=Prepare { ballot: 34 } queue_len=1677
[PAXOS-TICK] phase=WaitingForPromises elapsed=7 timeout=15 ballot=81 promises=0 accepted=0
[step=1208] DELIVER from=1 to=24 type=Prepare { ballot: 34 } queue_len=1677
[PAXOS-TICK] phase=WaitingForPromises elapsed=8 timeout=15 ballot=81 promises=0 accepted=0
[step=1209] DELIVER from=1 to=25 type=Prepare { ballot: 34 } queue_len=1677
[PAXOS-TICK] phase=WaitingForPromises elapsed=9 timeout=15 ballot=81 promises=0 accepted=0
[step=1210] DELIVER from=23 to=1 type=Promise { ballot: 14, accepted_ballot: None, accepted_value: None } queue_len=1677
[PROMISE-TRACE] from=23 received_ballot=14 current_ballot=81 match=false
[PAXOS-TICK] phase=WaitingForPromises elapsed=10 timeout=15 ballot=81 promises=0 accepted=0
[step=1211] DELIVER from=24 to=1 type=Promise { ballot: 14, accepted_ballot: None, accepted_value: None } queue_len=1676
[PROMISE-TRACE] from=24 received_ballot=14 current_ballot=81 match=false
[PAXOS-TICK] phase=WaitingForPromises elapsed=11 timeout=15 ballot=81 promises=0 accepted=0
[step=1212] DELIVER from=25 to=1 type=Promise { ballot: 14, accepted_ballot: None, accepted_value: None } queue_len=1675
[PROMISE-TRACE] from=25 received_ballot=14 current_ballot=81 match=false
[PAXOS-TICK] phase=WaitingForPromises elapsed=12 timeout=15 ballot=81 promises=0 accepted=0
[step=1213] DELIVER from=1 to=1 type=Prepare { ballot: 35 } queue_len=1674
[PAXOS-TICK] phase=WaitingForPromises elapsed=13 timeout=15 ballot=81 promises=0 accepted=0
[step=1214] DELIVER from=1 to=2 type=Prepare { ballot: 35 } queue_len=1674
[PAXOS-TICK] phase=WaitingForPromises elapsed=14 timeout=15 ballot=81 promises=0 accepted=0
[TIMEOUT-CAUSE] phase=WaitingForPromises ballot=81 promises=0 accepted=0 quorum=13
[step=1215] DELIVER from=1 to=3 type=Prepare { ballot: 35 } queue_len=1699
[PAXOS-TICK] phase=WaitingForPromises elapsed=0 timeout=15 ballot=82 promises=0 accepted=0
[step=1216] DELIVER from=1 to=4 type=Prepare { ballot: 35 } queue_len=1699
[PAXOS-TICK] phase=WaitingForPromises elapsed=1 timeout=15 ballot=82 promises=0 accepted=0
[step=1217] DELIVER from=1 to=5 type=Prepare { ballot: 35 } queue_len=1699
[PAXOS-TICK] phase=WaitingForPromises elapsed=2 timeout=15 ballot=82 promises=0 accepted=0
[step=1218] DELIVER from=1 to=6 type=Prepare { ballot: 35 } queue_len=1699
[PAXOS-TICK] phase=WaitingForPromises elapsed=3 timeout=15 ballot=82 promises=0 accepted=0
[step=1219] DELIVER from=1 to=7 type=Prepare { ballot: 35 } queue_len=1699
[PAXOS-TICK] phase=WaitingForPromises elapsed=4 timeout=15 ballot=82 promises=0 accepted=0
[step=1220] DELIVER from=1 to=8 type=Prepare { ballot: 35 } queue_len=1699
[PAXOS-TICK] phase=WaitingForPromises elapsed=5 timeout=15 ballot=82 promises=0 accepted=0
[step=1221] DELIVER from=1 to=9 type=Prepare { ballot: 35 } queue_len=1699
[PAXOS-TICK] phase=WaitingForPromises elapsed=6 timeout=15 ballot=82 promises=0 accepted=0
[step=1222] DELIVER from=1 to=10 type=Prepare { ballot: 35 } queue_len=1699
[PAXOS-TICK] phase=WaitingForPromises elapsed=7 timeout=15 ballot=82 promises=0 accepted=0
[step=1223] DELIVER from=1 to=11 type=Prepare { ballot: 35 } queue_len=1699
[PAXOS-TICK] phase=WaitingForPromises elapsed=8 timeout=15 ballot=82 promises=0 accepted=0
[step=1224] DELIVER from=1 to=12 type=Prepare { ballot: 35 } queue_len=1699
[PAXOS-TICK] phase=WaitingForPromises elapsed=9 timeout=15 ballot=82 promises=0 accepted=0
[step=1225] DELIVER from=1 to=13 type=Prepare { ballot: 35 } queue_len=1699
[PAXOS-TICK] phase=WaitingForPromises elapsed=10 timeout=15 ballot=82 promises=0 accepted=0
[step=1226] DELIVER from=1 to=14 type=Prepare { ballot: 35 } queue_len=1699
[PAXOS-TICK] phase=WaitingForPromises elapsed=11 timeout=15 ballot=82 promises=0 accepted=0
[step=1227] DELIVER from=1 to=15 type=Prepare { ballot: 35 } queue_len=1699
[PAXOS-TICK] phase=WaitingForPromises elapsed=12 timeout=15 ballot=82 promises=0 accepted=0
[step=1228] DELIVER from=1 to=16 type=Prepare { ballot: 35 } queue_len=1699
[PAXOS-TICK] phase=WaitingForPromises elapsed=13 timeout=15 ballot=82 promises=0 accepted=0
[step=1229] DELIVER from=1 to=17 type=Prepare { ballot: 35 } queue_len=1699
[PAXOS-TICK] phase=WaitingForPromises elapsed=14 timeout=15 ballot=82 promises=0 accepted=0
[TIMEOUT-CAUSE] phase=WaitingForPromises ballot=82 promises=0 accepted=0 quorum=13
[step=1230] DELIVER from=1 to=18 type=Prepare { ballot: 35 } queue_len=1724
[PAXOS-TICK] phase=WaitingForPromises elapsed=0 timeout=15 ballot=83 promises=0 accepted=0
[step=1231] DELIVER from=1 to=19 type=Prepare { ballot: 35 } queue_len=1724
[PAXOS-TICK] phase=WaitingForPromises elapsed=1 timeout=15 ballot=83 promises=0 accepted=0
[step=1232] DELIVER from=1 to=20 type=Prepare { ballot: 35 } queue_len=1724
[PAXOS-TICK] phase=WaitingForPromises elapsed=2 timeout=15 ballot=83 promises=0 accepted=0
[step=1233] DELIVER from=1 to=21 type=Prepare { ballot: 35 } queue_len=1724
[PAXOS-TICK] phase=WaitingForPromises elapsed=3 timeout=15 ballot=83 promises=0 accepted=0
[step=1234] DELIVER from=1 to=22 type=Prepare { ballot: 35 } queue_len=1724
[PAXOS-TICK] phase=WaitingForPromises elapsed=4 timeout=15 ballot=83 promises=0 accepted=0
[step=1235] DELIVER from=1 to=23 type=Prepare { ballot: 35 } queue_len=1724
[PAXOS-TICK] phase=WaitingForPromises elapsed=5 timeout=15 ballot=83 promises=0 accepted=0
[step=1236] DELIVER from=1 to=24 type=Prepare { ballot: 35 } queue_len=1724
[PAXOS-TICK] phase=WaitingForPromises elapsed=6 timeout=15 ballot=83 promises=0 accepted=0
[step=1237] DELIVER from=1 to=25 type=Prepare { ballot: 35 } queue_len=1724
[PAXOS-TICK] phase=WaitingForPromises elapsed=7 timeout=15 ballot=83 promises=0 accepted=0
[step=1238] DELIVER from=1 to=1 type=Promise { ballot: 15, accepted_ballot: None, accepted_value: None } queue_len=1724
[PROMISE-TRACE] from=1 received_ballot=15 current_ballot=83 match=false
[PAXOS-TICK] phase=WaitingForPromises elapsed=8 timeout=15 ballot=83 promises=0 accepted=0
[step=1239] DELIVER from=2 to=1 type=Promise { ballot: 15, accepted_ballot: None, accepted_value: None } queue_len=1723
[PROMISE-TRACE] from=2 received_ballot=15 current_ballot=83 match=false
[PAXOS-TICK] phase=WaitingForPromises elapsed=9 timeout=15 ballot=83 promises=0 accepted=0
[step=1240] DELIVER from=3 to=1 type=Promise { ballot: 15, accepted_ballot: None, accepted_value: None } queue_len=1722
[PROMISE-TRACE] from=3 received_ballot=15 current_ballot=83 match=false
[PAXOS-TICK] phase=WaitingForPromises elapsed=10 timeout=15 ballot=83 promises=0 accepted=0
[step=1241] DELIVER from=4 to=1 type=Promise { ballot: 15, accepted_ballot: None, accepted_value: None } queue_len=1721
[PROMISE-TRACE] from=4 received_ballot=15 current_ballot=83 match=false
[PAXOS-TICK] phase=WaitingForPromises elapsed=11 timeout=15 ballot=83 promises=0 accepted=0
[step=1242] DELIVER from=5 to=1 type=Promise { ballot: 15, accepted_ballot: None, accepted_value: None } queue_len=1720
[PROMISE-TRACE] from=5 received_ballot=15 current_ballot=83 match=false
[PAXOS-TICK] phase=WaitingForPromises elapsed=12 timeout=15 ballot=83 promises=0 accepted=0
[step=1243] DELIVER from=6 to=1 type=Promise { ballot: 15, accepted_ballot: None, accepted_value: None } queue_len=1719
[PROMISE-TRACE] from=6 received_ballot=15 current_ballot=83 match=false
[PAXOS-TICK] phase=WaitingForPromises elapsed=13 timeout=15 ballot=83 promises=0 accepted=0
[step=1244] DELIVER from=7 to=1 type=Promise { ballot: 15, accepted_ballot: None, accepted_value: None } queue_len=1718
[PROMISE-TRACE] from=7 received_ballot=15 current_ballot=83 match=false
[PAXOS-TICK] phase=WaitingForPromises elapsed=14 timeout=15 ballot=83 promises=0 accepted=0
[TIMEOUT-CAUSE] phase=WaitingForPromises ballot=83 promises=0 accepted=0 quorum=13
[step=1245] DELIVER from=8 to=1 type=Promise { ballot: 15, accepted_ballot: None, accepted_value: None } queue_len=1742
[PROMISE-TRACE] from=8 received_ballot=15 current_ballot=84 match=false
[PAXOS-TICK] phase=WaitingForPromises elapsed=0 timeout=15 ballot=84 promises=0 accepted=0
[step=1246] DELIVER from=9 to=1 type=Promise { ballot: 15, accepted_ballot: None, accepted_value: None } queue_len=1741
[PROMISE-TRACE] from=9 received_ballot=15 current_ballot=84 match=false
[PAXOS-TICK] phase=WaitingForPromises elapsed=1 timeout=15 ballot=84 promises=0 accepted=0
[step=1247] DELIVER from=10 to=1 type=Promise { ballot: 15, accepted_ballot: None, accepted_value: None } queue_len=1740
[PROMISE-TRACE] from=10 received_ballot=15 current_ballot=84 match=false
[PAXOS-TICK] phase=WaitingForPromises elapsed=2 timeout=15 ballot=84 promises=0 accepted=0
[step=1248] DELIVER from=11 to=1 type=Promise { ballot: 15, accepted_ballot: None, accepted_value: None } queue_len=1739
[PROMISE-TRACE] from=11 received_ballot=15 current_ballot=84 match=false
[PAXOS-TICK] phase=WaitingForPromises elapsed=3 timeout=15 ballot=84 promises=0 accepted=0
[step=1249] DELIVER from=12 to=1 type=Promise { ballot: 15, accepted_ballot: None, accepted_value: None } queue_len=1738
[PROMISE-TRACE] from=12 received_ballot=15 current_ballot=84 match=false
[PAXOS-TICK] phase=WaitingForPromises elapsed=4 timeout=15 ballot=84 promises=0 accepted=0
[step=1250] DELIVER from=1 to=1 type=Prepare { ballot: 36 } queue_len=1737
[PAXOS-TICK] phase=WaitingForPromises elapsed=5 timeout=15 ballot=84 promises=0 accepted=0
[step=1251] DELIVER from=1 to=2 type=Prepare { ballot: 36 } queue_len=1737
[PAXOS-TICK] phase=WaitingForPromises elapsed=6 timeout=15 ballot=84 promises=0 accepted=0
[step=1252] DELIVER from=1 to=3 type=Prepare { ballot: 36 } queue_len=1737
[PAXOS-TICK] phase=WaitingForPromises elapsed=7 timeout=15 ballot=84 promises=0 accepted=0
[step=1253] DELIVER from=1 to=4 type=Prepare { ballot: 36 } queue_len=1737
[PAXOS-TICK] phase=WaitingForPromises elapsed=8 timeout=15 ballot=84 promises=0 accepted=0
[step=1254] DELIVER from=1 to=5 type=Prepare { ballot: 36 } queue_len=1737
[PAXOS-TICK] phase=WaitingForPromises elapsed=9 timeout=15 ballot=84 promises=0 accepted=0
[step=1255] DELIVER from=1 to=6 type=Prepare { ballot: 36 } queue_len=1737
[PAXOS-TICK] phase=WaitingForPromises elapsed=10 timeout=15 ballot=84 promises=0 accepted=0
[step=1256] DELIVER from=1 to=7 type=Prepare { ballot: 36 } queue_len=1737
[PAXOS-TICK] phase=WaitingForPromises elapsed=11 timeout=15 ballot=84 promises=0 accepted=0
[step=1257] DELIVER from=1 to=8 type=Prepare { ballot: 36 } queue_len=1737
[PAXOS-TICK] phase=WaitingForPromises elapsed=12 timeout=15 ballot=84 promises=0 accepted=0
[step=1258] DELIVER from=1 to=9 type=Prepare { ballot: 36 } queue_len=1737
[PAXOS-TICK] phase=WaitingForPromises elapsed=13 timeout=15 ballot=84 promises=0 accepted=0
[step=1259] DELIVER from=1 to=10 type=Prepare { ballot: 36 } queue_len=1737
[PAXOS-TICK] phase=WaitingForPromises elapsed=14 timeout=15 ballot=84 promises=0 accepted=0
[TIMEOUT-CAUSE] phase=WaitingForPromises ballot=84 promises=0 accepted=0 quorum=13
[step=1260] DELIVER from=1 to=11 type=Prepare { ballot: 36 } queue_len=1762
[PAXOS-TICK] phase=WaitingForPromises elapsed=0 timeout=15 ballot=85 promises=0 accepted=0
[step=1261] DELIVER from=1 to=12 type=Prepare { ballot: 36 } queue_len=1762
[PAXOS-TICK] phase=WaitingForPromises elapsed=1 timeout=15 ballot=85 promises=0 accepted=0
[step=1262] DELIVER from=1 to=13 type=Prepare { ballot: 36 } queue_len=1762
[PAXOS-TICK] phase=WaitingForPromises elapsed=2 timeout=15 ballot=85 promises=0 accepted=0
[step=1263] DELIVER from=1 to=14 type=Prepare { ballot: 36 } queue_len=1762
[PAXOS-TICK] phase=WaitingForPromises elapsed=3 timeout=15 ballot=85 promises=0 accepted=0
[step=1264] DELIVER from=1 to=15 type=Prepare { ballot: 36 } queue_len=1762
[PAXOS-TICK] phase=WaitingForPromises elapsed=4 timeout=15 ballot=85 promises=0 accepted=0
[step=1265] DELIVER from=1 to=16 type=Prepare { ballot: 36 } queue_len=1762
[PAXOS-TICK] phase=WaitingForPromises elapsed=5 timeout=15 ballot=85 promises=0 accepted=0
[step=1266] DELIVER from=1 to=17 type=Prepare { ballot: 36 } queue_len=1762
[PAXOS-TICK] phase=WaitingForPromises elapsed=6 timeout=15 ballot=85 promises=0 accepted=0
[step=1267] DELIVER from=1 to=18 type=Prepare { ballot: 36 } queue_len=1762
[PAXOS-TICK] phase=WaitingForPromises elapsed=7 timeout=15 ballot=85 promises=0 accepted=0
[step=1268] DELIVER from=1 to=19 type=Prepare { ballot: 36 } queue_len=1762
[PAXOS-TICK] phase=WaitingForPromises elapsed=8 timeout=15 ballot=85 promises=0 accepted=0
[step=1269] DELIVER from=1 to=20 type=Prepare { ballot: 36 } queue_len=1762
[PAXOS-TICK] phase=WaitingForPromises elapsed=9 timeout=15 ballot=85 promises=0 accepted=0
[step=1270] DELIVER from=1 to=21 type=Prepare { ballot: 36 } queue_len=1762
[PAXOS-TICK] phase=WaitingForPromises elapsed=10 timeout=15 ballot=85 promises=0 accepted=0
[step=1271] DELIVER from=1 to=22 type=Prepare { ballot: 36 } queue_len=1762
[PAXOS-TICK] phase=WaitingForPromises elapsed=11 timeout=15 ballot=85 promises=0 accepted=0
[step=1272] DELIVER from=1 to=23 type=Prepare { ballot: 36 } queue_len=1762
[PAXOS-TICK] phase=WaitingForPromises elapsed=12 timeout=15 ballot=85 promises=0 accepted=0
[step=1273] DELIVER from=1 to=24 type=Prepare { ballot: 36 } queue_len=1762
[PAXOS-TICK] phase=WaitingForPromises elapsed=13 timeout=15 ballot=85 promises=0 accepted=0
[step=1274] DELIVER from=1 to=25 type=Prepare { ballot: 36 } queue_len=1762
[PAXOS-TICK] phase=WaitingForPromises elapsed=14 timeout=15 ballot=85 promises=0 accepted=0
[TIMEOUT-CAUSE] phase=WaitingForPromises ballot=85 promises=0 accepted=0 quorum=13
[step=1275] DELIVER from=13 to=1 type=Promise { ballot: 15, accepted_ballot: None, accepted_value: None } queue_len=1787
[PROMISE-TRACE] from=13 received_ballot=15 current_ballot=86 match=false
[PAXOS-TICK] phase=WaitingForPromises elapsed=0 timeout=15 ballot=86 promises=0 accepted=0
[step=1276] DELIVER from=14 to=1 type=Promise { ballot: 15, accepted_ballot: None, accepted_value: None } queue_len=1786
[PROMISE-TRACE] from=14 received_ballot=15 current_ballot=86 match=false
[PAXOS-TICK] phase=WaitingForPromises elapsed=1 timeout=15 ballot=86 promises=0 accepted=0
[step=1277] DELIVER from=15 to=1 type=Promise { ballot: 15, accepted_ballot: None, accepted_value: None } queue_len=1785
[PROMISE-TRACE] from=15 received_ballot=15 current_ballot=86 match=false
[PAXOS-TICK] phase=WaitingForPromises elapsed=2 timeout=15 ballot=86 promises=0 accepted=0
[step=1278] DELIVER from=16 to=1 type=Promise { ballot: 15, accepted_ballot: None, accepted_value: None } queue_len=1784
[PROMISE-TRACE] from=16 received_ballot=15 current_ballot=86 match=false
[PAXOS-TICK] phase=WaitingForPromises elapsed=3 timeout=15 ballot=86 promises=0 accepted=0
[step=1279] DELIVER from=17 to=1 type=Promise { ballot: 15, accepted_ballot: None, accepted_value: None } queue_len=1783
[PROMISE-TRACE] from=17 received_ballot=15 current_ballot=86 match=false
[PAXOS-TICK] phase=WaitingForPromises elapsed=4 timeout=15 ballot=86 promises=0 accepted=0
[step=1280] DELIVER from=18 to=1 type=Promise { ballot: 15, accepted_ballot: None, accepted_value: None } queue_len=1782
[PROMISE-TRACE] from=18 received_ballot=15 current_ballot=86 match=false
[PAXOS-TICK] phase=WaitingForPromises elapsed=5 timeout=15 ballot=86 promises=0 accepted=0
[step=1281] DELIVER from=19 to=1 type=Promise { ballot: 15, accepted_ballot: None, accepted_value: None } queue_len=1781
[PROMISE-TRACE] from=19 received_ballot=15 current_ballot=86 match=false
[PAXOS-TICK] phase=WaitingForPromises elapsed=6 timeout=15 ballot=86 promises=0 accepted=0
[step=1282] DELIVER from=20 to=1 type=Promise { ballot: 15, accepted_ballot: None, accepted_value: None } queue_len=1780
[PROMISE-TRACE] from=20 received_ballot=15 current_ballot=86 match=false
[PAXOS-TICK] phase=WaitingForPromises elapsed=7 timeout=15 ballot=86 promises=0 accepted=0
[step=1283] DELIVER from=21 to=1 type=Promise { ballot: 15, accepted_ballot: None, accepted_value: None } queue_len=1779
[PROMISE-TRACE] from=21 received_ballot=15 current_ballot=86 match=false
[PAXOS-TICK] phase=WaitingForPromises elapsed=8 timeout=15 ballot=86 promises=0 accepted=0
[step=1284] DELIVER from=22 to=1 type=Promise { ballot: 15, accepted_ballot: None, accepted_value: None } queue_len=1778
[PROMISE-TRACE] from=22 received_ballot=15 current_ballot=86 match=false
[PAXOS-TICK] phase=WaitingForPromises elapsed=9 timeout=15 ballot=86 promises=0 accepted=0
[step=1285] DELIVER from=23 to=1 type=Promise { ballot: 15, accepted_ballot: None, accepted_value: None } queue_len=1777
[PROMISE-TRACE] from=23 received_ballot=15 current_ballot=86 match=false
[PAXOS-TICK] phase=WaitingForPromises elapsed=10 timeout=15 ballot=86 promises=0 accepted=0
[step=1286] DELIVER from=24 to=1 type=Promise { ballot: 15, accepted_ballot: None, accepted_value: None } queue_len=1776
[PROMISE-TRACE] from=24 received_ballot=15 current_ballot=86 match=false
[PAXOS-TICK] phase=WaitingForPromises elapsed=11 timeout=15 ballot=86 promises=0 accepted=0
[step=1287] DELIVER from=25 to=1 type=Promise { ballot: 15, accepted_ballot: None, accepted_value: None } queue_len=1775
[PROMISE-TRACE] from=25 received_ballot=15 current_ballot=86 match=false
[PAXOS-TICK] phase=WaitingForPromises elapsed=12 timeout=15 ballot=86 promises=0 accepted=0
[step=1288] DELIVER from=1 to=1 type=Prepare { ballot: 37 } queue_len=1774
[PAXOS-TICK] phase=WaitingForPromises elapsed=13 timeout=15 ballot=86 promises=0 accepted=0
[step=1289] DELIVER from=1 to=2 type=Prepare { ballot: 37 } queue_len=1774
[PAXOS-TICK] phase=WaitingForPromises elapsed=14 timeout=15 ballot=86 promises=0 accepted=0
[TIMEOUT-CAUSE] phase=WaitingForPromises ballot=86 promises=0 accepted=0 quorum=13
[step=1290] DELIVER from=1 to=3 type=Prepare { ballot: 37 } queue_len=1799
[PAXOS-TICK] phase=WaitingForPromises elapsed=0 timeout=15 ballot=87 promises=0 accepted=0
[step=1291] DELIVER from=1 to=4 type=Prepare { ballot: 37 } queue_len=1799
[PAXOS-TICK] phase=WaitingForPromises elapsed=1 timeout=15 ballot=87 promises=0 accepted=0
[step=1292] DELIVER from=1 to=5 type=Prepare { ballot: 37 } queue_len=1799
[PAXOS-TICK] phase=WaitingForPromises elapsed=2 timeout=15 ballot=87 promises=0 accepted=0
[step=1293] DELIVER from=1 to=6 type=Prepare { ballot: 37 } queue_len=1799
[PAXOS-TICK] phase=WaitingForPromises elapsed=3 timeout=15 ballot=87 promises=0 accepted=0
[step=1294] DELIVER from=1 to=7 type=Prepare { ballot: 37 } queue_len=1799
[PAXOS-TICK] phase=WaitingForPromises elapsed=4 timeout=15 ballot=87 promises=0 accepted=0
[step=1295] DELIVER from=1 to=8 type=Prepare { ballot: 37 } queue_len=1799
[PAXOS-TICK] phase=WaitingForPromises elapsed=5 timeout=15 ballot=87 promises=0 accepted=0
[step=1296] DELIVER from=1 to=9 type=Prepare { ballot: 37 } queue_len=1799
[PAXOS-TICK] phase=WaitingForPromises elapsed=6 timeout=15 ballot=87 promises=0 accepted=0
[step=1297] DELIVER from=1 to=10 type=Prepare { ballot: 37 } queue_len=1799
[PAXOS-TICK] phase=WaitingForPromises elapsed=7 timeout=15 ballot=87 promises=0 accepted=0
[step=1298] DELIVER from=1 to=11 type=Prepare { ballot: 37 } queue_len=1799
[PAXOS-TICK] phase=WaitingForPromises elapsed=8 timeout=15 ballot=87 promises=0 accepted=0
[step=1299] DELIVER from=1 to=12 type=Prepare { ballot: 37 } queue_len=1799
[PAXOS-TICK] phase=WaitingForPromises elapsed=9 timeout=15 ballot=87 promises=0 accepted=0
[step=1300] DELIVER from=1 to=13 type=Prepare { ballot: 37 } queue_len=1799
[PAXOS-TICK] phase=WaitingForPromises elapsed=10 timeout=15 ballot=87 promises=0 accepted=0
[step=1301] DELIVER from=1 to=14 type=Prepare { ballot: 37 } queue_len=1799
[PAXOS-TICK] phase=WaitingForPromises elapsed=11 timeout=15 ballot=87 promises=0 accepted=0
[step=1302] DELIVER from=1 to=15 type=Prepare { ballot: 37 } queue_len=1799
[PAXOS-TICK] phase=WaitingForPromises elapsed=12 timeout=15 ballot=87 promises=0 accepted=0
[step=1303] DELIVER from=1 to=16 type=Prepare { ballot: 37 } queue_len=1799
[PAXOS-TICK] phase=WaitingForPromises elapsed=13 timeout=15 ballot=87 promises=0 accepted=0
[step=1304] DELIVER from=1 to=17 type=Prepare { ballot: 37 } queue_len=1799
[PAXOS-TICK] phase=WaitingForPromises elapsed=14 timeout=15 ballot=87 promises=0 accepted=0
[TIMEOUT-CAUSE] phase=WaitingForPromises ballot=87 promises=0 accepted=0 quorum=13
[step=1305] DELIVER from=1 to=18 type=Prepare { ballot: 37 } queue_len=1824
[PAXOS-TICK] phase=WaitingForPromises elapsed=0 timeout=15 ballot=88 promises=0 accepted=0
[step=1306] DELIVER from=1 to=19 type=Prepare { ballot: 37 } queue_len=1824
[PAXOS-TICK] phase=WaitingForPromises elapsed=1 timeout=15 ballot=88 promises=0 accepted=0
[step=1307] DELIVER from=1 to=20 type=Prepare { ballot: 37 } queue_len=1824
[PAXOS-TICK] phase=WaitingForPromises elapsed=2 timeout=15 ballot=88 promises=0 accepted=0
[step=1308] DELIVER from=1 to=21 type=Prepare { ballot: 37 } queue_len=1824
[PAXOS-TICK] phase=WaitingForPromises elapsed=3 timeout=15 ballot=88 promises=0 accepted=0
[step=1309] DELIVER from=1 to=22 type=Prepare { ballot: 37 } queue_len=1824
[PAXOS-TICK] phase=WaitingForPromises elapsed=4 timeout=15 ballot=88 promises=0 accepted=0
[step=1310] DELIVER from=1 to=23 type=Prepare { ballot: 37 } queue_len=1824
[PAXOS-TICK] phase=WaitingForPromises elapsed=5 timeout=15 ballot=88 promises=0 accepted=0
[step=1311] DELIVER from=1 to=24 type=Prepare { ballot: 37 } queue_len=1824
[PAXOS-TICK] phase=WaitingForPromises elapsed=6 timeout=15 ballot=88 promises=0 accepted=0
[step=1312] DELIVER from=1 to=25 type=Prepare { ballot: 37 } queue_len=1824
[PAXOS-TICK] phase=WaitingForPromises elapsed=7 timeout=15 ballot=88 promises=0 accepted=0
[step=1313] DELIVER from=1 to=1 type=Promise { ballot: 16, accepted_ballot: None, accepted_value: None } queue_len=1824
[PROMISE-TRACE] from=1 received_ballot=16 current_ballot=88 match=false
[PAXOS-TICK] phase=WaitingForPromises elapsed=8 timeout=15 ballot=88 promises=0 accepted=0
[step=1314] DELIVER from=2 to=1 type=Promise { ballot: 16, accepted_ballot: None, accepted_value: None } queue_len=1823
[PROMISE-TRACE] from=2 received_ballot=16 current_ballot=88 match=false
[PAXOS-TICK] phase=WaitingForPromises elapsed=9 timeout=15 ballot=88 promises=0 accepted=0
[step=1315] DELIVER from=3 to=1 type=Promise { ballot: 16, accepted_ballot: None, accepted_value: None } queue_len=1822
[PROMISE-TRACE] from=3 received_ballot=16 current_ballot=88 match=false
[PAXOS-TICK] phase=WaitingForPromises elapsed=10 timeout=15 ballot=88 promises=0 accepted=0
[step=1316] DELIVER from=4 to=1 type=Promise { ballot: 16, accepted_ballot: None, accepted_value: None } queue_len=1821
[PROMISE-TRACE] from=4 received_ballot=16 current_ballot=88 match=false
[PAXOS-TICK] phase=WaitingForPromises elapsed=11 timeout=15 ballot=88 promises=0 accepted=0
[step=1317] DELIVER from=5 to=1 type=Promise { ballot: 16, accepted_ballot: None, accepted_value: None } queue_len=1820
[PROMISE-TRACE] from=5 received_ballot=16 current_ballot=88 match=false
[PAXOS-TICK] phase=WaitingForPromises elapsed=12 timeout=15 ballot=88 promises=0 accepted=0
[step=1318] DELIVER from=6 to=1 type=Promise { ballot: 16, accepted_ballot: None, accepted_value: None } queue_len=1819
[PROMISE-TRACE] from=6 received_ballot=16 current_ballot=88 match=false
[PAXOS-TICK] phase=WaitingForPromises elapsed=13 timeout=15 ballot=88 promises=0 accepted=0
[step=1319] DELIVER from=7 to=1 type=Promise { ballot: 16, accepted_ballot: None, accepted_value: None } queue_len=1818
[PROMISE-TRACE] from=7 received_ballot=16 current_ballot=88 match=false
[PAXOS-TICK] phase=WaitingForPromises elapsed=14 timeout=15 ballot=88 promises=0 accepted=0
[TIMEOUT-CAUSE] phase=WaitingForPromises ballot=88 promises=0 accepted=0 quorum=13
[step=1320] DELIVER from=8 to=1 type=Promise { ballot: 16, accepted_ballot: None, accepted_value: None } queue_len=1842
[PROMISE-TRACE] from=8 received_ballot=16 current_ballot=89 match=false
[PAXOS-TICK] phase=WaitingForPromises elapsed=0 timeout=15 ballot=89 promises=0 accepted=0
[step=1321] DELIVER from=9 to=1 type=Promise { ballot: 16, accepted_ballot: None, accepted_value: None } queue_len=1841
[PROMISE-TRACE] from=9 received_ballot=16 current_ballot=89 match=false
[PAXOS-TICK] phase=WaitingForPromises elapsed=1 timeout=15 ballot=89 promises=0 accepted=0
[step=1322] DELIVER from=10 to=1 type=Promise { ballot: 16, accepted_ballot: None, accepted_value: None } queue_len=1840
[PROMISE-TRACE] from=10 received_ballot=16 current_ballot=89 match=false
[PAXOS-TICK] phase=WaitingForPromises elapsed=2 timeout=15 ballot=89 promises=0 accepted=0
[step=1323] DELIVER from=11 to=1 type=Promise { ballot: 16, accepted_ballot: None, accepted_value: None } queue_len=1839
[PROMISE-TRACE] from=11 received_ballot=16 current_ballot=89 match=false
[PAXOS-TICK] phase=WaitingForPromises elapsed=3 timeout=15 ballot=89 promises=0 accepted=0
[step=1324] DELIVER from=12 to=1 type=Promise { ballot: 16, accepted_ballot: None, accepted_value: None } queue_len=1838
[PROMISE-TRACE] from=12 received_ballot=16 current_ballot=89 match=false
[PAXOS-TICK] phase=WaitingForPromises elapsed=4 timeout=15 ballot=89 promises=0 accepted=0
[step=1325] DELIVER from=1 to=1 type=Prepare { ballot: 38 } queue_len=1837
[PAXOS-TICK] phase=WaitingForPromises elapsed=5 timeout=15 ballot=89 promises=0 accepted=0
[step=1326] DELIVER from=1 to=2 type=Prepare { ballot: 38 } queue_len=1837
[PAXOS-TICK] phase=WaitingForPromises elapsed=6 timeout=15 ballot=89 promises=0 accepted=0
[step=1327] DELIVER from=1 to=3 type=Prepare { ballot: 38 } queue_len=1837
[PAXOS-TICK] phase=WaitingForPromises elapsed=7 timeout=15 ballot=89 promises=0 accepted=0
[step=1328] DELIVER from=1 to=4 type=Prepare { ballot: 38 } queue_len=1837
[PAXOS-TICK] phase=WaitingForPromises elapsed=8 timeout=15 ballot=89 promises=0 accepted=0
[step=1329] DELIVER from=1 to=5 type=Prepare { ballot: 38 } queue_len=1837
[PAXOS-TICK] phase=WaitingForPromises elapsed=9 timeout=15 ballot=89 promises=0 accepted=0
[step=1330] DELIVER from=1 to=6 type=Prepare { ballot: 38 } queue_len=1837
[PAXOS-TICK] phase=WaitingForPromises elapsed=10 timeout=15 ballot=89 promises=0 accepted=0
[step=1331] DELIVER from=1 to=7 type=Prepare { ballot: 38 } queue_len=1837
[PAXOS-TICK] phase=WaitingForPromises elapsed=11 timeout=15 ballot=89 promises=0 accepted=0
[step=1332] DELIVER from=1 to=8 type=Prepare { ballot: 38 } queue_len=1837
[PAXOS-TICK] phase=WaitingForPromises elapsed=12 timeout=15 ballot=89 promises=0 accepted=0
[step=1333] DELIVER from=1 to=9 type=Prepare { ballot: 38 } queue_len=1837
[PAXOS-TICK] phase=WaitingForPromises elapsed=13 timeout=15 ballot=89 promises=0 accepted=0
[step=1334] DELIVER from=1 to=10 type=Prepare { ballot: 38 } queue_len=1837
[PAXOS-TICK] phase=WaitingForPromises elapsed=14 timeout=15 ballot=89 promises=0 accepted=0
[TIMEOUT-CAUSE] phase=WaitingForPromises ballot=89 promises=0 accepted=0 quorum=13
[step=1335] DELIVER from=1 to=11 type=Prepare { ballot: 38 } queue_len=1862
[PAXOS-TICK] phase=WaitingForPromises elapsed=0 timeout=15 ballot=90 promises=0 accepted=0
[step=1336] DELIVER from=1 to=12 type=Prepare { ballot: 38 } queue_len=1862
[PAXOS-TICK] phase=WaitingForPromises elapsed=1 timeout=15 ballot=90 promises=0 accepted=0
[step=1337] DELIVER from=1 to=13 type=Prepare { ballot: 38 } queue_len=1862
[PAXOS-TICK] phase=WaitingForPromises elapsed=2 timeout=15 ballot=90 promises=0 accepted=0
[step=1338] DELIVER from=1 to=14 type=Prepare { ballot: 38 } queue_len=1862
[PAXOS-TICK] phase=WaitingForPromises elapsed=3 timeout=15 ballot=90 promises=0 accepted=0
[step=1339] DELIVER from=1 to=15 type=Prepare { ballot: 38 } queue_len=1862
[PAXOS-TICK] phase=WaitingForPromises elapsed=4 timeout=15 ballot=90 promises=0 accepted=0
[step=1340] DELIVER from=1 to=16 type=Prepare { ballot: 38 } queue_len=1862
[PAXOS-TICK] phase=WaitingForPromises elapsed=5 timeout=15 ballot=90 promises=0 accepted=0
[step=1341] DELIVER from=1 to=17 type=Prepare { ballot: 38 } queue_len=1862
[PAXOS-TICK] phase=WaitingForPromises elapsed=6 timeout=15 ballot=90 promises=0 accepted=0
[step=1342] DELIVER from=1 to=18 type=Prepare { ballot: 38 } queue_len=1862
[PAXOS-TICK] phase=WaitingForPromises elapsed=7 timeout=15 ballot=90 promises=0 accepted=0
[step=1343] DELIVER from=1 to=19 type=Prepare { ballot: 38 } queue_len=1862
[PAXOS-TICK] phase=WaitingForPromises elapsed=8 timeout=15 ballot=90 promises=0 accepted=0
[step=1344] DELIVER from=1 to=20 type=Prepare { ballot: 38 } queue_len=1862
[PAXOS-TICK] phase=WaitingForPromises elapsed=9 timeout=15 ballot=90 promises=0 accepted=0
[step=1345] DELIVER from=1 to=21 type=Prepare { ballot: 38 } queue_len=1862
[PAXOS-TICK] phase=WaitingForPromises elapsed=10 timeout=15 ballot=90 promises=0 accepted=0
[step=1346] DELIVER from=1 to=22 type=Prepare { ballot: 38 } queue_len=1862
[PAXOS-TICK] phase=WaitingForPromises elapsed=11 timeout=15 ballot=90 promises=0 accepted=0
[step=1347] DELIVER from=1 to=23 type=Prepare { ballot: 38 } queue_len=1862
[PAXOS-TICK] phase=WaitingForPromises elapsed=12 timeout=15 ballot=90 promises=0 accepted=0
[step=1348] DELIVER from=1 to=24 type=Prepare { ballot: 38 } queue_len=1862
[PAXOS-TICK] phase=WaitingForPromises elapsed=13 timeout=15 ballot=90 promises=0 accepted=0
[step=1349] DELIVER from=1 to=25 type=Prepare { ballot: 38 } queue_len=1862
[PAXOS-TICK] phase=WaitingForPromises elapsed=14 timeout=15 ballot=90 promises=0 accepted=0
[TIMEOUT-CAUSE] phase=WaitingForPromises ballot=90 promises=0 accepted=0 quorum=13
[step=1350] DELIVER from=13 to=1 type=Promise { ballot: 16, accepted_ballot: None, accepted_value: None } queue_len=1887
[PROMISE-TRACE] from=13 received_ballot=16 current_ballot=91 match=false
[PAXOS-TICK] phase=WaitingForPromises elapsed=0 timeout=15 ballot=91 promises=0 accepted=0
[step=1351] DELIVER from=14 to=1 type=Promise { ballot: 16, accepted_ballot: None, accepted_value: None } queue_len=1886
[PROMISE-TRACE] from=14 received_ballot=16 current_ballot=91 match=false
[PAXOS-TICK] phase=WaitingForPromises elapsed=1 timeout=15 ballot=91 promises=0 accepted=0
[step=1352] DELIVER from=15 to=1 type=Promise { ballot: 16, accepted_ballot: None, accepted_value: None } queue_len=1885
[PROMISE-TRACE] from=15 received_ballot=16 current_ballot=91 match=false
[PAXOS-TICK] phase=WaitingForPromises elapsed=2 timeout=15 ballot=91 promises=0 accepted=0
[step=1353] DELIVER from=16 to=1 type=Promise { ballot: 16, accepted_ballot: None, accepted_value: None } queue_len=1884
[PROMISE-TRACE] from=16 received_ballot=16 current_ballot=91 match=false
[PAXOS-TICK] phase=WaitingForPromises elapsed=3 timeout=15 ballot=91 promises=0 accepted=0
[step=1354] DELIVER from=17 to=1 type=Promise { ballot: 16, accepted_ballot: None, accepted_value: None } queue_len=1883
[PROMISE-TRACE] from=17 received_ballot=16 current_ballot=91 match=false
[PAXOS-TICK] phase=WaitingForPromises elapsed=4 timeout=15 ballot=91 promises=0 accepted=0
[step=1355] DELIVER from=18 to=1 type=Promise { ballot: 16, accepted_ballot: None, accepted_value: None } queue_len=1882
[PROMISE-TRACE] from=18 received_ballot=16 current_ballot=91 match=false
[PAXOS-TICK] phase=WaitingForPromises elapsed=5 timeout=15 ballot=91 promises=0 accepted=0
[step=1356] DELIVER from=19 to=1 type=Promise { ballot: 16, accepted_ballot: None, accepted_value: None } queue_len=1881
[PROMISE-TRACE] from=19 received_ballot=16 current_ballot=91 match=false
[PAXOS-TICK] phase=WaitingForPromises elapsed=6 timeout=15 ballot=91 promises=0 accepted=0
[step=1357] DELIVER from=20 to=1 type=Promise { ballot: 16, accepted_ballot: None, accepted_value: None } queue_len=1880
[PROMISE-TRACE] from=20 received_ballot=16 current_ballot=91 match=false
[PAXOS-TICK] phase=WaitingForPromises elapsed=7 timeout=15 ballot=91 promises=0 accepted=0
[step=1358] DELIVER from=21 to=1 type=Promise { ballot: 16, accepted_ballot: None, accepted_value: None } queue_len=1879
[PROMISE-TRACE] from=21 received_ballot=16 current_ballot=91 match=false
[PAXOS-TICK] phase=WaitingForPromises elapsed=8 timeout=15 ballot=91 promises=0 accepted=0
[step=1359] DELIVER from=22 to=1 type=Promise { ballot: 16, accepted_ballot: None, accepted_value: None } queue_len=1878
[PROMISE-TRACE] from=22 received_ballot=16 current_ballot=91 match=false
[PAXOS-TICK] phase=WaitingForPromises elapsed=9 timeout=15 ballot=91 promises=0 accepted=0
[step=1360] DELIVER from=23 to=1 type=Promise { ballot: 16, accepted_ballot: None, accepted_value: None } queue_len=1877
[PROMISE-TRACE] from=23 received_ballot=16 current_ballot=91 match=false
[PAXOS-TICK] phase=WaitingForPromises elapsed=10 timeout=15 ballot=91 promises=0 accepted=0
[step=1361] DELIVER from=24 to=1 type=Promise { ballot: 16, accepted_ballot: None, accepted_value: None } queue_len=1876
[PROMISE-TRACE] from=24 received_ballot=16 current_ballot=91 match=false
[PAXOS-TICK] phase=WaitingForPromises elapsed=11 timeout=15 ballot=91 promises=0 accepted=0
[step=1362] DELIVER from=25 to=1 type=Promise { ballot: 16, accepted_ballot: None, accepted_value: None } queue_len=1875
[PROMISE-TRACE] from=25 received_ballot=16 current_ballot=91 match=false
[PAXOS-TICK] phase=WaitingForPromises elapsed=12 timeout=15 ballot=91 promises=0 accepted=0
[step=1363] DELIVER from=1 to=1 type=Prepare { ballot: 39 } queue_len=1874
[PAXOS-TICK] phase=WaitingForPromises elapsed=13 timeout=15 ballot=91 promises=0 accepted=0
[step=1364] DELIVER from=1 to=2 type=Prepare { ballot: 39 } queue_len=1874
[PAXOS-TICK] phase=WaitingForPromises elapsed=14 timeout=15 ballot=91 promises=0 accepted=0
[TIMEOUT-CAUSE] phase=WaitingForPromises ballot=91 promises=0 accepted=0 quorum=13
[step=1365] DELIVER from=1 to=3 type=Prepare { ballot: 39 } queue_len=1899
[PAXOS-TICK] phase=WaitingForPromises elapsed=0 timeout=15 ballot=92 promises=0 accepted=0
[step=1366] DELIVER from=1 to=4 type=Prepare { ballot: 39 } queue_len=1899
[PAXOS-TICK] phase=WaitingForPromises elapsed=1 timeout=15 ballot=92 promises=0 accepted=0
[step=1367] DELIVER from=1 to=5 type=Prepare { ballot: 39 } queue_len=1899
[PAXOS-TICK] phase=WaitingForPromises elapsed=2 timeout=15 ballot=92 promises=0 accepted=0
[step=1368] DELIVER from=1 to=6 type=Prepare { ballot: 39 } queue_len=1899
[PAXOS-TICK] phase=WaitingForPromises elapsed=3 timeout=15 ballot=92 promises=0 accepted=0
[step=1369] DELIVER from=1 to=7 type=Prepare { ballot: 39 } queue_len=1899
[PAXOS-TICK] phase=WaitingForPromises elapsed=4 timeout=15 ballot=92 promises=0 accepted=0
[step=1370] DELIVER from=1 to=8 type=Prepare { ballot: 39 } queue_len=1899
[PAXOS-TICK] phase=WaitingForPromises elapsed=5 timeout=15 ballot=92 promises=0 accepted=0
[step=1371] DELIVER from=1 to=9 type=Prepare { ballot: 39 } queue_len=1899
[PAXOS-TICK] phase=WaitingForPromises elapsed=6 timeout=15 ballot=92 promises=0 accepted=0
[step=1372] DELIVER from=1 to=10 type=Prepare { ballot: 39 } queue_len=1899
[PAXOS-TICK] phase=WaitingForPromises elapsed=7 timeout=15 ballot=92 promises=0 accepted=0
[step=1373] DELIVER from=1 to=11 type=Prepare { ballot: 39 } queue_len=1899
[PAXOS-TICK] phase=WaitingForPromises elapsed=8 timeout=15 ballot=92 promises=0 accepted=0
[step=1374] DELIVER from=1 to=12 type=Prepare { ballot: 39 } queue_len=1899
[PAXOS-TICK] phase=WaitingForPromises elapsed=9 timeout=15 ballot=92 promises=0 accepted=0
[step=1375] DELIVER from=1 to=13 type=Prepare { ballot: 39 } queue_len=1899
[PAXOS-TICK] phase=WaitingForPromises elapsed=10 timeout=15 ballot=92 promises=0 accepted=0
[step=1376] DELIVER from=1 to=14 type=Prepare { ballot: 39 } queue_len=1899
[PAXOS-TICK] phase=WaitingForPromises elapsed=11 timeout=15 ballot=92 promises=0 accepted=0
[step=1377] DELIVER from=1 to=15 type=Prepare { ballot: 39 } queue_len=1899
[PAXOS-TICK] phase=WaitingForPromises elapsed=12 timeout=15 ballot=92 promises=0 accepted=0
[step=1378] DELIVER from=1 to=16 type=Prepare { ballot: 39 } queue_len=1899
[PAXOS-TICK] phase=WaitingForPromises elapsed=13 timeout=15 ballot=92 promises=0 accepted=0
[step=1379] DELIVER from=1 to=17 type=Prepare { ballot: 39 } queue_len=1899
[PAXOS-TICK] phase=WaitingForPromises elapsed=14 timeout=15 ballot=92 promises=0 accepted=0
[TIMEOUT-CAUSE] phase=WaitingForPromises ballot=92 promises=0 accepted=0 quorum=13
[step=1380] DELIVER from=1 to=18 type=Prepare { ballot: 39 } queue_len=1924
[PAXOS-TICK] phase=WaitingForPromises elapsed=0 timeout=15 ballot=93 promises=0 accepted=0
[step=1381] DELIVER from=1 to=19 type=Prepare { ballot: 39 } queue_len=1924
[PAXOS-TICK] phase=WaitingForPromises elapsed=1 timeout=15 ballot=93 promises=0 accepted=0
[step=1382] DELIVER from=1 to=20 type=Prepare { ballot: 39 } queue_len=1924
[PAXOS-TICK] phase=WaitingForPromises elapsed=2 timeout=15 ballot=93 promises=0 accepted=0
[step=1383] DELIVER from=1 to=21 type=Prepare { ballot: 39 } queue_len=1924
[PAXOS-TICK] phase=WaitingForPromises elapsed=3 timeout=15 ballot=93 promises=0 accepted=0
[step=1384] DELIVER from=1 to=22 type=Prepare { ballot: 39 } queue_len=1924
[PAXOS-TICK] phase=WaitingForPromises elapsed=4 timeout=15 ballot=93 promises=0 accepted=0
[step=1385] DELIVER from=1 to=23 type=Prepare { ballot: 39 } queue_len=1924
[PAXOS-TICK] phase=WaitingForPromises elapsed=5 timeout=15 ballot=93 promises=0 accepted=0
[step=1386] DELIVER from=1 to=24 type=Prepare { ballot: 39 } queue_len=1924
[PAXOS-TICK] phase=WaitingForPromises elapsed=6 timeout=15 ballot=93 promises=0 accepted=0
[step=1387] DELIVER from=1 to=25 type=Prepare { ballot: 39 } queue_len=1924
[PAXOS-TICK] phase=WaitingForPromises elapsed=7 timeout=15 ballot=93 promises=0 accepted=0
[step=1388] DELIVER from=1 to=1 type=Promise { ballot: 17, accepted_ballot: None, accepted_value: None } queue_len=1924
[PROMISE-TRACE] from=1 received_ballot=17 current_ballot=93 match=false
[PAXOS-TICK] phase=WaitingForPromises elapsed=8 timeout=15 ballot=93 promises=0 accepted=0
[step=1389] DELIVER from=2 to=1 type=Promise { ballot: 17, accepted_ballot: None, accepted_value: None } queue_len=1923
[PROMISE-TRACE] from=2 received_ballot=17 current_ballot=93 match=false
[PAXOS-TICK] phase=WaitingForPromises elapsed=9 timeout=15 ballot=93 promises=0 accepted=0
[step=1390] DELIVER from=1 to=1 type=Prepare { ballot: 40 } queue_len=1922
[PAXOS-TICK] phase=WaitingForPromises elapsed=10 timeout=15 ballot=93 promises=0 accepted=0
[step=1391] DELIVER from=1 to=2 type=Prepare { ballot: 40 } queue_len=1922
[PAXOS-TICK] phase=WaitingForPromises elapsed=11 timeout=15 ballot=93 promises=0 accepted=0
[step=1392] DELIVER from=1 to=3 type=Prepare { ballot: 40 } queue_len=1922
[PAXOS-TICK] phase=WaitingForPromises elapsed=12 timeout=15 ballot=93 promises=0 accepted=0
[step=1393] DELIVER from=1 to=4 type=Prepare { ballot: 40 } queue_len=1922
[PAXOS-TICK] phase=WaitingForPromises elapsed=13 timeout=15 ballot=93 promises=0 accepted=0
[step=1394] DELIVER from=1 to=5 type=Prepare { ballot: 40 } queue_len=1922
[PAXOS-TICK] phase=WaitingForPromises elapsed=14 timeout=15 ballot=93 promises=0 accepted=0
[TIMEOUT-CAUSE] phase=WaitingForPromises ballot=93 promises=0 accepted=0 quorum=13
[step=1395] DELIVER from=1 to=6 type=Prepare { ballot: 40 } queue_len=1947
[PAXOS-TICK] phase=WaitingForPromises elapsed=0 timeout=15 ballot=94 promises=0 accepted=0
[step=1396] DELIVER from=1 to=7 type=Prepare { ballot: 40 } queue_len=1947
[PAXOS-TICK] phase=WaitingForPromises elapsed=1 timeout=15 ballot=94 promises=0 accepted=0
[step=1397] DELIVER from=1 to=8 type=Prepare { ballot: 40 } queue_len=1947
[PAXOS-TICK] phase=WaitingForPromises elapsed=2 timeout=15 ballot=94 promises=0 accepted=0
[step=1398] DELIVER from=1 to=9 type=Prepare { ballot: 40 } queue_len=1947
[PAXOS-TICK] phase=WaitingForPromises elapsed=3 timeout=15 ballot=94 promises=0 accepted=0
[step=1399] DELIVER from=1 to=10 type=Prepare { ballot: 40 } queue_len=1947
[PAXOS-TICK] phase=WaitingForPromises elapsed=4 timeout=15 ballot=94 promises=0 accepted=0
[step=1400] DELIVER from=1 to=11 type=Prepare { ballot: 40 } queue_len=1947
[PAXOS-TICK] phase=WaitingForPromises elapsed=5 timeout=15 ballot=94 promises=0 accepted=0
[step=1401] DELIVER from=1 to=12 type=Prepare { ballot: 40 } queue_len=1947
[PAXOS-TICK] phase=WaitingForPromises elapsed=6 timeout=15 ballot=94 promises=0 accepted=0
[step=1402] DELIVER from=1 to=13 type=Prepare { ballot: 40 } queue_len=1947
[PAXOS-TICK] phase=WaitingForPromises elapsed=7 timeout=15 ballot=94 promises=0 accepted=0
[step=1403] DELIVER from=1 to=14 type=Prepare { ballot: 40 } queue_len=1947
[PAXOS-TICK] phase=WaitingForPromises elapsed=8 timeout=15 ballot=94 promises=0 accepted=0
[step=1404] DELIVER from=1 to=15 type=Prepare { ballot: 40 } queue_len=1947
[PAXOS-TICK] phase=WaitingForPromises elapsed=9 timeout=15 ballot=94 promises=0 accepted=0
[step=1405] DELIVER from=1 to=16 type=Prepare { ballot: 40 } queue_len=1947
[PAXOS-TICK] phase=WaitingForPromises elapsed=10 timeout=15 ballot=94 promises=0 accepted=0
[step=1406] DELIVER from=1 to=17 type=Prepare { ballot: 40 } queue_len=1947
[PAXOS-TICK] phase=WaitingForPromises elapsed=11 timeout=15 ballot=94 promises=0 accepted=0
[step=1407] DELIVER from=1 to=18 type=Prepare { ballot: 40 } queue_len=1947
[PAXOS-TICK] phase=WaitingForPromises elapsed=12 timeout=15 ballot=94 promises=0 accepted=0
[step=1408] DELIVER from=1 to=19 type=Prepare { ballot: 40 } queue_len=1947
[PAXOS-TICK] phase=WaitingForPromises elapsed=13 timeout=15 ballot=94 promises=0 accepted=0
[step=1409] DELIVER from=1 to=20 type=Prepare { ballot: 40 } queue_len=1947
[PAXOS-TICK] phase=WaitingForPromises elapsed=14 timeout=15 ballot=94 promises=0 accepted=0
[TIMEOUT-CAUSE] phase=WaitingForPromises ballot=94 promises=0 accepted=0 quorum=13
[step=1410] DELIVER from=1 to=21 type=Prepare { ballot: 40 } queue_len=1972
[PAXOS-TICK] phase=WaitingForPromises elapsed=0 timeout=15 ballot=95 promises=0 accepted=0
[step=1411] DELIVER from=1 to=22 type=Prepare { ballot: 40 } queue_len=1972
[PAXOS-TICK] phase=WaitingForPromises elapsed=1 timeout=15 ballot=95 promises=0 accepted=0
[step=1412] DELIVER from=1 to=23 type=Prepare { ballot: 40 } queue_len=1972
[PAXOS-TICK] phase=WaitingForPromises elapsed=2 timeout=15 ballot=95 promises=0 accepted=0
[step=1413] DELIVER from=1 to=24 type=Prepare { ballot: 40 } queue_len=1972
[PAXOS-TICK] phase=WaitingForPromises elapsed=3 timeout=15 ballot=95 promises=0 accepted=0
[step=1414] DELIVER from=1 to=25 type=Prepare { ballot: 40 } queue_len=1972
[PAXOS-TICK] phase=WaitingForPromises elapsed=4 timeout=15 ballot=95 promises=0 accepted=0
[step=1415] DELIVER from=3 to=1 type=Promise { ballot: 17, accepted_ballot: None, accepted_value: None } queue_len=1972
[PROMISE-TRACE] from=3 received_ballot=17 current_ballot=95 match=false
[PAXOS-TICK] phase=WaitingForPromises elapsed=5 timeout=15 ballot=95 promises=0 accepted=0
[step=1416] DELIVER from=4 to=1 type=Promise { ballot: 17, accepted_ballot: None, accepted_value: None } queue_len=1971
[PROMISE-TRACE] from=4 received_ballot=17 current_ballot=95 match=false
[PAXOS-TICK] phase=WaitingForPromises elapsed=6 timeout=15 ballot=95 promises=0 accepted=0
[step=1417] DELIVER from=5 to=1 type=Promise { ballot: 17, accepted_ballot: None, accepted_value: None } queue_len=1970
[PROMISE-TRACE] from=5 received_ballot=17 current_ballot=95 match=false
[PAXOS-TICK] phase=WaitingForPromises elapsed=7 timeout=15 ballot=95 promises=0 accepted=0
[step=1418] DELIVER from=6 to=1 type=Promise { ballot: 17, accepted_ballot: None, accepted_value: None } queue_len=1969
[PROMISE-TRACE] from=6 received_ballot=17 current_ballot=95 match=false
[PAXOS-TICK] phase=WaitingForPromises elapsed=8 timeout=15 ballot=95 promises=0 accepted=0
[step=1419] DELIVER from=7 to=1 type=Promise { ballot: 17, accepted_ballot: None, accepted_value: None } queue_len=1968
[PROMISE-TRACE] from=7 received_ballot=17 current_ballot=95 match=false
[PAXOS-TICK] phase=WaitingForPromises elapsed=9 timeout=15 ballot=95 promises=0 accepted=0
[step=1420] DELIVER from=8 to=1 type=Promise { ballot: 17, accepted_ballot: None, accepted_value: None } queue_len=1967
[PROMISE-TRACE] from=8 received_ballot=17 current_ballot=95 match=false
[PAXOS-TICK] phase=WaitingForPromises elapsed=10 timeout=15 ballot=95 promises=0 accepted=0
[step=1421] DELIVER from=9 to=1 type=Promise { ballot: 17, accepted_ballot: None, accepted_value: None } queue_len=1966
[PROMISE-TRACE] from=9 received_ballot=17 current_ballot=95 match=false
[PAXOS-TICK] phase=WaitingForPromises elapsed=11 timeout=15 ballot=95 promises=0 accepted=0
[step=1422] DELIVER from=10 to=1 type=Promise { ballot: 17, accepted_ballot: None, accepted_value: None } queue_len=1965
[PROMISE-TRACE] from=10 received_ballot=17 current_ballot=95 match=false
[PAXOS-TICK] phase=WaitingForPromises elapsed=12 timeout=15 ballot=95 promises=0 accepted=0
[step=1423] DELIVER from=11 to=1 type=Promise { ballot: 17, accepted_ballot: None, accepted_value: None } queue_len=1964
[PROMISE-TRACE] from=11 received_ballot=17 current_ballot=95 match=false
[PAXOS-TICK] phase=WaitingForPromises elapsed=13 timeout=15 ballot=95 promises=0 accepted=0
[step=1424] DELIVER from=12 to=1 type=Promise { ballot: 17, accepted_ballot: None, accepted_value: None } queue_len=1963
[PROMISE-TRACE] from=12 received_ballot=17 current_ballot=95 match=false
[PAXOS-TICK] phase=WaitingForPromises elapsed=14 timeout=15 ballot=95 promises=0 accepted=0
[TIMEOUT-CAUSE] phase=WaitingForPromises ballot=95 promises=0 accepted=0 quorum=13
[step=1425] DELIVER from=13 to=1 type=Promise { ballot: 17, accepted_ballot: None, accepted_value: None } queue_len=1987
[PROMISE-TRACE] from=13 received_ballot=17 current_ballot=96 match=false
[PAXOS-TICK] phase=WaitingForPromises elapsed=0 timeout=15 ballot=96 promises=0 accepted=0
[step=1426] DELIVER from=14 to=1 type=Promise { ballot: 17, accepted_ballot: None, accepted_value: None } queue_len=1986
[PROMISE-TRACE] from=14 received_ballot=17 current_ballot=96 match=false
[PAXOS-TICK] phase=WaitingForPromises elapsed=1 timeout=15 ballot=96 promises=0 accepted=0
[step=1427] DELIVER from=15 to=1 type=Promise { ballot: 17, accepted_ballot: None, accepted_value: None } queue_len=1985
[PROMISE-TRACE] from=15 received_ballot=17 current_ballot=96 match=false
[PAXOS-TICK] phase=WaitingForPromises elapsed=2 timeout=15 ballot=96 promises=0 accepted=0
[step=1428] DELIVER from=16 to=1 type=Promise { ballot: 17, accepted_ballot: None, accepted_value: None } queue_len=1984
[PROMISE-TRACE] from=16 received_ballot=17 current_ballot=96 match=false
[PAXOS-TICK] phase=WaitingForPromises elapsed=3 timeout=15 ballot=96 promises=0 accepted=0
[step=1429] DELIVER from=17 to=1 type=Promise { ballot: 17, accepted_ballot: None, accepted_value: None } queue_len=1983
[PROMISE-TRACE] from=17 received_ballot=17 current_ballot=96 match=false
[PAXOS-TICK] phase=WaitingForPromises elapsed=4 timeout=15 ballot=96 promises=0 accepted=0
[step=1430] DELIVER from=1 to=1 type=Prepare { ballot: 41 } queue_len=1982
[PAXOS-TICK] phase=WaitingForPromises elapsed=5 timeout=15 ballot=96 promises=0 accepted=0
[step=1431] DELIVER from=1 to=2 type=Prepare { ballot: 41 } queue_len=1982
[PAXOS-TICK] phase=WaitingForPromises elapsed=6 timeout=15 ballot=96 promises=0 accepted=0
[step=1432] DELIVER from=1 to=3 type=Prepare { ballot: 41 } queue_len=1982
[PAXOS-TICK] phase=WaitingForPromises elapsed=7 timeout=15 ballot=96 promises=0 accepted=0
[step=1433] DELIVER from=1 to=4 type=Prepare { ballot: 41 } queue_len=1982
[PAXOS-TICK] phase=WaitingForPromises elapsed=8 timeout=15 ballot=96 promises=0 accepted=0
[step=1434] DELIVER from=1 to=5 type=Prepare { ballot: 41 } queue_len=1982
[PAXOS-TICK] phase=WaitingForPromises elapsed=9 timeout=15 ballot=96 promises=0 accepted=0
[step=1435] DELIVER from=1 to=6 type=Prepare { ballot: 41 } queue_len=1982
[PAXOS-TICK] phase=WaitingForPromises elapsed=10 timeout=15 ballot=96 promises=0 accepted=0
[step=1436] DELIVER from=1 to=7 type=Prepare { ballot: 41 } queue_len=1982
[PAXOS-TICK] phase=WaitingForPromises elapsed=11 timeout=15 ballot=96 promises=0 accepted=0
[step=1437] DELIVER from=1 to=8 type=Prepare { ballot: 41 } queue_len=1982
[PAXOS-TICK] phase=WaitingForPromises elapsed=12 timeout=15 ballot=96 promises=0 accepted=0
[step=1438] DELIVER from=1 to=9 type=Prepare { ballot: 41 } queue_len=1982
[PAXOS-TICK] phase=WaitingForPromises elapsed=13 timeout=15 ballot=96 promises=0 accepted=0
[step=1439] DELIVER from=1 to=10 type=Prepare { ballot: 41 } queue_len=1982
[PAXOS-TICK] phase=WaitingForPromises elapsed=14 timeout=15 ballot=96 promises=0 accepted=0
[TIMEOUT-CAUSE] phase=WaitingForPromises ballot=96 promises=0 accepted=0 quorum=13
[step=1440] DELIVER from=1 to=11 type=Prepare { ballot: 41 } queue_len=2007
[PAXOS-TICK] phase=WaitingForPromises elapsed=0 timeout=15 ballot=97 promises=0 accepted=0
[step=1441] DELIVER from=1 to=12 type=Prepare { ballot: 41 } queue_len=2007
[PAXOS-TICK] phase=WaitingForPromises elapsed=1 timeout=15 ballot=97 promises=0 accepted=0
[step=1442] DELIVER from=1 to=13 type=Prepare { ballot: 41 } queue_len=2007
[PAXOS-TICK] phase=WaitingForPromises elapsed=2 timeout=15 ballot=97 promises=0 accepted=0
[step=1443] DELIVER from=1 to=14 type=Prepare { ballot: 41 } queue_len=2007
[PAXOS-TICK] phase=WaitingForPromises elapsed=3 timeout=15 ballot=97 promises=0 accepted=0
[step=1444] DELIVER from=1 to=15 type=Prepare { ballot: 41 } queue_len=2007
[PAXOS-TICK] phase=WaitingForPromises elapsed=4 timeout=15 ballot=97 promises=0 accepted=0
[step=1445] DELIVER from=1 to=16 type=Prepare { ballot: 41 } queue_len=2007
[PAXOS-TICK] phase=WaitingForPromises elapsed=5 timeout=15 ballot=97 promises=0 accepted=0
[step=1446] DELIVER from=1 to=17 type=Prepare { ballot: 41 } queue_len=2007
[PAXOS-TICK] phase=WaitingForPromises elapsed=6 timeout=15 ballot=97 promises=0 accepted=0
[step=1447] DELIVER from=1 to=18 type=Prepare { ballot: 41 } queue_len=2007
[PAXOS-TICK] phase=WaitingForPromises elapsed=7 timeout=15 ballot=97 promises=0 accepted=0
[step=1448] DELIVER from=1 to=19 type=Prepare { ballot: 41 } queue_len=2007
[PAXOS-TICK] phase=WaitingForPromises elapsed=8 timeout=15 ballot=97 promises=0 accepted=0
[step=1449] DELIVER from=1 to=20 type=Prepare { ballot: 41 } queue_len=2007
[PAXOS-TICK] phase=WaitingForPromises elapsed=9 timeout=15 ballot=97 promises=0 accepted=0
[step=1450] DELIVER from=1 to=21 type=Prepare { ballot: 41 } queue_len=2007
[PAXOS-TICK] phase=WaitingForPromises elapsed=10 timeout=15 ballot=97 promises=0 accepted=0
[step=1451] DELIVER from=1 to=22 type=Prepare { ballot: 41 } queue_len=2007
[PAXOS-TICK] phase=WaitingForPromises elapsed=11 timeout=15 ballot=97 promises=0 accepted=0
[step=1452] DELIVER from=1 to=23 type=Prepare { ballot: 41 } queue_len=2007
[PAXOS-TICK] phase=WaitingForPromises elapsed=12 timeout=15 ballot=97 promises=0 accepted=0
[step=1453] DELIVER from=1 to=24 type=Prepare { ballot: 41 } queue_len=2007
[PAXOS-TICK] phase=WaitingForPromises elapsed=13 timeout=15 ballot=97 promises=0 accepted=0
[step=1454] DELIVER from=1 to=25 type=Prepare { ballot: 41 } queue_len=2007
[PAXOS-TICK] phase=WaitingForPromises elapsed=14 timeout=15 ballot=97 promises=0 accepted=0
[TIMEOUT-CAUSE] phase=WaitingForPromises ballot=97 promises=0 accepted=0 quorum=13
[step=1455] DELIVER from=18 to=1 type=Promise { ballot: 17, accepted_ballot: None, accepted_value: None } queue_len=2032
[PROMISE-TRACE] from=18 received_ballot=17 current_ballot=98 match=false
[PAXOS-TICK] phase=WaitingForPromises elapsed=0 timeout=15 ballot=98 promises=0 accepted=0
[step=1456] DELIVER from=19 to=1 type=Promise { ballot: 17, accepted_ballot: None, accepted_value: None } queue_len=2031
[PROMISE-TRACE] from=19 received_ballot=17 current_ballot=98 match=false
[PAXOS-TICK] phase=WaitingForPromises elapsed=1 timeout=15 ballot=98 promises=0 accepted=0
[step=1457] DELIVER from=20 to=1 type=Promise { ballot: 17, accepted_ballot: None, accepted_value: None } queue_len=2030
[PROMISE-TRACE] from=20 received_ballot=17 current_ballot=98 match=false
[PAXOS-TICK] phase=WaitingForPromises elapsed=2 timeout=15 ballot=98 promises=0 accepted=0
[step=1458] DELIVER from=21 to=1 type=Promise { ballot: 17, accepted_ballot: None, accepted_value: None } queue_len=2029
[PROMISE-TRACE] from=21 received_ballot=17 current_ballot=98 match=false
[PAXOS-TICK] phase=WaitingForPromises elapsed=3 timeout=15 ballot=98 promises=0 accepted=0
[step=1459] DELIVER from=22 to=1 type=Promise { ballot: 17, accepted_ballot: None, accepted_value: None } queue_len=2028
[PROMISE-TRACE] from=22 received_ballot=17 current_ballot=98 match=false
[PAXOS-TICK] phase=WaitingForPromises elapsed=4 timeout=15 ballot=98 promises=0 accepted=0
[step=1460] DELIVER from=23 to=1 type=Promise { ballot: 17, accepted_ballot: None, accepted_value: None } queue_len=2027
[PROMISE-TRACE] from=23 received_ballot=17 current_ballot=98 match=false
[PAXOS-TICK] phase=WaitingForPromises elapsed=5 timeout=15 ballot=98 promises=0 accepted=0
[step=1461] DELIVER from=24 to=1 type=Promise { ballot: 17, accepted_ballot: None, accepted_value: None } queue_len=2026
[PROMISE-TRACE] from=24 received_ballot=17 current_ballot=98 match=false
[PAXOS-TICK] phase=WaitingForPromises elapsed=6 timeout=15 ballot=98 promises=0 accepted=0
[step=1462] DELIVER from=25 to=1 type=Promise { ballot: 17, accepted_ballot: None, accepted_value: None } queue_len=2025
[PROMISE-TRACE] from=25 received_ballot=17 current_ballot=98 match=false
[PAXOS-TICK] phase=WaitingForPromises elapsed=7 timeout=15 ballot=98 promises=0 accepted=0
[step=1463] DELIVER from=1 to=1 type=Promise { ballot: 18, accepted_ballot: None, accepted_value: None } queue_len=2024
[PROMISE-TRACE] from=1 received_ballot=18 current_ballot=98 match=false
[PAXOS-TICK] phase=WaitingForPromises elapsed=8 timeout=15 ballot=98 promises=0 accepted=0
[step=1464] DELIVER from=2 to=1 type=Promise { ballot: 18, accepted_ballot: None, accepted_value: None } queue_len=2023
[PROMISE-TRACE] from=2 received_ballot=18 current_ballot=98 match=false
[PAXOS-TICK] phase=WaitingForPromises elapsed=9 timeout=15 ballot=98 promises=0 accepted=0
[step=1465] DELIVER from=1 to=1 type=Prepare { ballot: 42 } queue_len=2022
[PAXOS-TICK] phase=WaitingForPromises elapsed=10 timeout=15 ballot=98 promises=0 accepted=0
[step=1466] DELIVER from=1 to=2 type=Prepare { ballot: 42 } queue_len=2022
[PAXOS-TICK] phase=WaitingForPromises elapsed=11 timeout=15 ballot=98 promises=0 accepted=0
[step=1467] DELIVER from=1 to=3 type=Prepare { ballot: 42 } queue_len=2022
[PAXOS-TICK] phase=WaitingForPromises elapsed=12 timeout=15 ballot=98 promises=0 accepted=0
[step=1468] DELIVER from=1 to=4 type=Prepare { ballot: 42 } queue_len=2022
[PAXOS-TICK] phase=WaitingForPromises elapsed=13 timeout=15 ballot=98 promises=0 accepted=0
[step=1469] DELIVER from=1 to=5 type=Prepare { ballot: 42 } queue_len=2022
[PAXOS-TICK] phase=WaitingForPromises elapsed=14 timeout=15 ballot=98 promises=0 accepted=0
[TIMEOUT-CAUSE] phase=WaitingForPromises ballot=98 promises=0 accepted=0 quorum=13
[step=1470] DELIVER from=1 to=6 type=Prepare { ballot: 42 } queue_len=2047
[PAXOS-TICK] phase=WaitingForPromises elapsed=0 timeout=15 ballot=99 promises=0 accepted=0
[step=1471] DELIVER from=1 to=7 type=Prepare { ballot: 42 } queue_len=2047
[PAXOS-TICK] phase=WaitingForPromises elapsed=1 timeout=15 ballot=99 promises=0 accepted=0
[step=1472] DELIVER from=1 to=8 type=Prepare { ballot: 42 } queue_len=2047
[PAXOS-TICK] phase=WaitingForPromises elapsed=2 timeout=15 ballot=99 promises=0 accepted=0
[step=1473] DELIVER from=1 to=9 type=Prepare { ballot: 42 } queue_len=2047
[PAXOS-TICK] phase=WaitingForPromises elapsed=3 timeout=15 ballot=99 promises=0 accepted=0
[step=1474] DELIVER from=1 to=10 type=Prepare { ballot: 42 } queue_len=2047
[PAXOS-TICK] phase=WaitingForPromises elapsed=4 timeout=15 ballot=99 promises=0 accepted=0
[step=1475] DELIVER from=1 to=11 type=Prepare { ballot: 42 } queue_len=2047
[PAXOS-TICK] phase=WaitingForPromises elapsed=5 timeout=15 ballot=99 promises=0 accepted=0
[step=1476] DELIVER from=1 to=12 type=Prepare { ballot: 42 } queue_len=2047
[PAXOS-TICK] phase=WaitingForPromises elapsed=6 timeout=15 ballot=99 promises=0 accepted=0
[step=1477] DELIVER from=1 to=13 type=Prepare { ballot: 42 } queue_len=2047
[PAXOS-TICK] phase=WaitingForPromises elapsed=7 timeout=15 ballot=99 promises=0 accepted=0
[step=1478] DELIVER from=1 to=14 type=Prepare { ballot: 42 } queue_len=2047
[PAXOS-TICK] phase=WaitingForPromises elapsed=8 timeout=15 ballot=99 promises=0 accepted=0
[step=1479] DELIVER from=1 to=15 type=Prepare { ballot: 42 } queue_len=2047
[PAXOS-TICK] phase=WaitingForPromises elapsed=9 timeout=15 ballot=99 promises=0 accepted=0
[step=1480] DELIVER from=1 to=16 type=Prepare { ballot: 42 } queue_len=2047
[PAXOS-TICK] phase=WaitingForPromises elapsed=10 timeout=15 ballot=99 promises=0 accepted=0
[step=1481] DELIVER from=1 to=17 type=Prepare { ballot: 42 } queue_len=2047
[PAXOS-TICK] phase=WaitingForPromises elapsed=11 timeout=15 ballot=99 promises=0 accepted=0
[step=1482] DELIVER from=1 to=18 type=Prepare { ballot: 42 } queue_len=2047
[PAXOS-TICK] phase=WaitingForPromises elapsed=12 timeout=15 ballot=99 promises=0 accepted=0
[step=1483] DELIVER from=1 to=19 type=Prepare { ballot: 42 } queue_len=2047
[PAXOS-TICK] phase=WaitingForPromises elapsed=13 timeout=15 ballot=99 promises=0 accepted=0
[step=1484] DELIVER from=1 to=20 type=Prepare { ballot: 42 } queue_len=2047
[PAXOS-TICK] phase=WaitingForPromises elapsed=14 timeout=15 ballot=99 promises=0 accepted=0
[TIMEOUT-CAUSE] phase=WaitingForPromises ballot=99 promises=0 accepted=0 quorum=13
[step=1485] DELIVER from=1 to=21 type=Prepare { ballot: 42 } queue_len=2072
[PAXOS-TICK] phase=WaitingForPromises elapsed=0 timeout=15 ballot=100 promises=0 accepted=0
[step=1486] DELIVER from=1 to=22 type=Prepare { ballot: 42 } queue_len=2072
[PAXOS-TICK] phase=WaitingForPromises elapsed=1 timeout=15 ballot=100 promises=0 accepted=0
[step=1487] DELIVER from=1 to=23 type=Prepare { ballot: 42 } queue_len=2072
[PAXOS-TICK] phase=WaitingForPromises elapsed=2 timeout=15 ballot=100 promises=0 accepted=0
[step=1488] DELIVER from=1 to=24 type=Prepare { ballot: 42 } queue_len=2072
[PAXOS-TICK] phase=WaitingForPromises elapsed=3 timeout=15 ballot=100 promises=0 accepted=0
[step=1489] DELIVER from=1 to=25 type=Prepare { ballot: 42 } queue_len=2072
[PAXOS-TICK] phase=WaitingForPromises elapsed=4 timeout=15 ballot=100 promises=0 accepted=0
[step=1490] DELIVER from=3 to=1 type=Promise { ballot: 18, accepted_ballot: None, accepted_value: None } queue_len=2072
[PROMISE-TRACE] from=3 received_ballot=18 current_ballot=100 match=false
[PAXOS-TICK] phase=WaitingForPromises elapsed=5 timeout=15 ballot=100 promises=0 accepted=0
[step=1491] DELIVER from=4 to=1 type=Promise { ballot: 18, accepted_ballot: None, accepted_value: None } queue_len=2071
[PROMISE-TRACE] from=4 received_ballot=18 current_ballot=100 match=false
[PAXOS-TICK] phase=WaitingForPromises elapsed=6 timeout=15 ballot=100 promises=0 accepted=0
[step=1492] DELIVER from=5 to=1 type=Promise { ballot: 18, accepted_ballot: None, accepted_value: None } queue_len=2070
[PROMISE-TRACE] from=5 received_ballot=18 current_ballot=100 match=false
[PAXOS-TICK] phase=WaitingForPromises elapsed=7 timeout=15 ballot=100 promises=0 accepted=0
[step=1493] DELIVER from=6 to=1 type=Promise { ballot: 18, accepted_ballot: None, accepted_value: None } queue_len=2069
[PROMISE-TRACE] from=6 received_ballot=18 current_ballot=100 match=false
[PAXOS-TICK] phase=WaitingForPromises elapsed=8 timeout=15 ballot=100 promises=0 accepted=0
[step=1494] DELIVER from=7 to=1 type=Promise { ballot: 18, accepted_ballot: None, accepted_value: None } queue_len=2068
[PROMISE-TRACE] from=7 received_ballot=18 current_ballot=100 match=false
[PAXOS-TICK] phase=WaitingForPromises elapsed=9 timeout=15 ballot=100 promises=0 accepted=0
[step=1495] DELIVER from=8 to=1 type=Promise { ballot: 18, accepted_ballot: None, accepted_value: None } queue_len=2067
[PROMISE-TRACE] from=8 received_ballot=18 current_ballot=100 match=false
[PAXOS-TICK] phase=WaitingForPromises elapsed=10 timeout=15 ballot=100 promises=0 accepted=0
[step=1496] DELIVER from=9 to=1 type=Promise { ballot: 18, accepted_ballot: None, accepted_value: None } queue_len=2066
[PROMISE-TRACE] from=9 received_ballot=18 current_ballot=100 match=false
[PAXOS-TICK] phase=WaitingForPromises elapsed=11 timeout=15 ballot=100 promises=0 accepted=0
[step=1497] DELIVER from=10 to=1 type=Promise { ballot: 18, accepted_ballot: None, accepted_value: None } queue_len=2065
[PROMISE-TRACE] from=10 received_ballot=18 current_ballot=100 match=false
[PAXOS-TICK] phase=WaitingForPromises elapsed=12 timeout=15 ballot=100 promises=0 accepted=0
[step=1498] DELIVER from=11 to=1 type=Promise { ballot: 18, accepted_ballot: None, accepted_value: None } queue_len=2064
[PROMISE-TRACE] from=11 received_ballot=18 current_ballot=100 match=false
[PAXOS-TICK] phase=WaitingForPromises elapsed=13 timeout=15 ballot=100 promises=0 accepted=0
[step=1499] DELIVER from=12 to=1 type=Promise { ballot: 18, accepted_ballot: None, accepted_value: None } queue_len=2063
[PROMISE-TRACE] from=12 received_ballot=18 current_ballot=100 match=false
[PAXOS-TICK] phase=WaitingForPromises elapsed=14 timeout=15 ballot=100 promises=0 accepted=0
[TIMEOUT-CAUSE] phase=WaitingForPromises ballot=100 promises=0 accepted=0 quorum=13
[step=1500] DELIVER from=13 to=1 type=Promise { ballot: 18, accepted_ballot: None, accepted_value: None } queue_len=2087
[PROMISE-TRACE] from=13 received_ballot=18 current_ballot=101 match=false
[PAXOS-TICK] phase=WaitingForPromises elapsed=0 timeout=15 ballot=101 promises=0 accepted=0
[step=1501] DELIVER from=14 to=1 type=Promise { ballot: 18, accepted_ballot: None, accepted_value: None } queue_len=2086
[PROMISE-TRACE] from=14 received_ballot=18 current_ballot=101 match=false
[PAXOS-TICK] phase=WaitingForPromises elapsed=1 timeout=15 ballot=101 promises=0 accepted=0
[step=1502] DELIVER from=15 to=1 type=Promise { ballot: 18, accepted_ballot: None, accepted_value: None } queue_len=2085
[PROMISE-TRACE] from=15 received_ballot=18 current_ballot=101 match=false
[PAXOS-TICK] phase=WaitingForPromises elapsed=2 timeout=15 ballot=101 promises=0 accepted=0
[step=1503] DELIVER from=16 to=1 type=Promise { ballot: 18, accepted_ballot: None, accepted_value: None } queue_len=2084
[PROMISE-TRACE] from=16 received_ballot=18 current_ballot=101 match=false
[PAXOS-TICK] phase=WaitingForPromises elapsed=3 timeout=15 ballot=101 promises=0 accepted=0
[step=1504] DELIVER from=17 to=1 type=Promise { ballot: 18, accepted_ballot: None, accepted_value: None } queue_len=2083
[PROMISE-TRACE] from=17 received_ballot=18 current_ballot=101 match=false
[PAXOS-TICK] phase=WaitingForPromises elapsed=4 timeout=15 ballot=101 promises=0 accepted=0
[step=1505] DELIVER from=1 to=1 type=Prepare { ballot: 43 } queue_len=2082
[PAXOS-TICK] phase=WaitingForPromises elapsed=5 timeout=15 ballot=101 promises=0 accepted=0
[step=1506] DELIVER from=1 to=2 type=Prepare { ballot: 43 } queue_len=2082
[PAXOS-TICK] phase=WaitingForPromises elapsed=6 timeout=15 ballot=101 promises=0 accepted=0
[step=1507] DELIVER from=1 to=3 type=Prepare { ballot: 43 } queue_len=2082
[PAXOS-TICK] phase=WaitingForPromises elapsed=7 timeout=15 ballot=101 promises=0 accepted=0
[step=1508] DELIVER from=1 to=4 type=Prepare { ballot: 43 } queue_len=2082
[PAXOS-TICK] phase=WaitingForPromises elapsed=8 timeout=15 ballot=101 promises=0 accepted=0
[step=1509] DELIVER from=1 to=5 type=Prepare { ballot: 43 } queue_len=2082
[PAXOS-TICK] phase=WaitingForPromises elapsed=9 timeout=15 ballot=101 promises=0 accepted=0
[step=1510] DELIVER from=1 to=6 type=Prepare { ballot: 43 } queue_len=2082
[PAXOS-TICK] phase=WaitingForPromises elapsed=10 timeout=15 ballot=101 promises=0 accepted=0
[step=1511] DELIVER from=1 to=7 type=Prepare { ballot: 43 } queue_len=2082
[PAXOS-TICK] phase=WaitingForPromises elapsed=11 timeout=15 ballot=101 promises=0 accepted=0
[step=1512] DELIVER from=1 to=8 type=Prepare { ballot: 43 } queue_len=2082
[PAXOS-TICK] phase=WaitingForPromises elapsed=12 timeout=15 ballot=101 promises=0 accepted=0
[step=1513] DELIVER from=1 to=9 type=Prepare { ballot: 43 } queue_len=2082
[PAXOS-TICK] phase=WaitingForPromises elapsed=13 timeout=15 ballot=101 promises=0 accepted=0
[step=1514] DELIVER from=1 to=10 type=Prepare { ballot: 43 } queue_len=2082
[PAXOS-TICK] phase=WaitingForPromises elapsed=14 timeout=15 ballot=101 promises=0 accepted=0
[TIMEOUT-CAUSE] phase=WaitingForPromises ballot=101 promises=0 accepted=0 quorum=13
[step=1515] DELIVER from=1 to=11 type=Prepare { ballot: 43 } queue_len=2082
[step=1516] DELIVER from=1 to=12 type=Prepare { ballot: 43 } queue_len=2082
[step=1517] DELIVER from=1 to=13 type=Prepare { ballot: 43 } queue_len=2082
[step=1518] DELIVER from=1 to=14 type=Prepare { ballot: 43 } queue_len=2082
[step=1519] DELIVER from=1 to=15 type=Prepare { ballot: 43 } queue_len=2082
[step=1520] DELIVER from=1 to=16 type=Prepare { ballot: 43 } queue_len=2082
[step=1521] DELIVER from=1 to=17 type=Prepare { ballot: 43 } queue_len=2082
[step=1522] DELIVER from=1 to=18 type=Prepare { ballot: 43 } queue_len=2082
[step=1523] DELIVER from=1 to=19 type=Prepare { ballot: 43 } queue_len=2082
[step=1524] DELIVER from=1 to=20 type=Prepare { ballot: 43 } queue_len=2082
[step=1525] DELIVER from=1 to=21 type=Prepare { ballot: 43 } queue_len=2082
[step=1526] DELIVER from=1 to=22 type=Prepare { ballot: 43 } queue_len=2082
[step=1527] DELIVER from=1 to=23 type=Prepare { ballot: 43 } queue_len=2082
[step=1528] DELIVER from=1 to=24 type=Prepare { ballot: 43 } queue_len=2082
[step=1529] DELIVER from=1 to=25 type=Prepare { ballot: 43 } queue_len=2082
[step=1530] DELIVER from=18 to=1 type=Promise { ballot: 18, accepted_ballot: None, accepted_value: None } queue_len=2082
[PROMISE-TRACE] from=18 received_ballot=18 current_ballot=101 match=false
[step=1531] DELIVER from=19 to=1 type=Promise { ballot: 18, accepted_ballot: None, accepted_value: None } queue_len=2081
[PROMISE-TRACE] from=19 received_ballot=18 current_ballot=101 match=false
[step=1532] DELIVER from=20 to=1 type=Promise { ballot: 18, accepted_ballot: None, accepted_value: None } queue_len=2080
[PROMISE-TRACE] from=20 received_ballot=18 current_ballot=101 match=false
[step=1533] DELIVER from=21 to=1 type=Promise { ballot: 18, accepted_ballot: None, accepted_value: None } queue_len=2079
[PROMISE-TRACE] from=21 received_ballot=18 current_ballot=101 match=false
[step=1534] DELIVER from=22 to=1 type=Promise { ballot: 18, accepted_ballot: None, accepted_value: None } queue_len=2078
[PROMISE-TRACE] from=22 received_ballot=18 current_ballot=101 match=false
[step=1535] DELIVER from=23 to=1 type=Promise { ballot: 18, accepted_ballot: None, accepted_value: None } queue_len=2077
[PROMISE-TRACE] from=23 received_ballot=18 current_ballot=101 match=false
[step=1536] DELIVER from=24 to=1 type=Promise { ballot: 18, accepted_ballot: None, accepted_value: None } queue_len=2076
[PROMISE-TRACE] from=24 received_ballot=18 current_ballot=101 match=false
[step=1537] DELIVER from=25 to=1 type=Promise { ballot: 18, accepted_ballot: None, accepted_value: None } queue_len=2075
[PROMISE-TRACE] from=25 received_ballot=18 current_ballot=101 match=false
[step=1538] DELIVER from=1 to=1 type=Prepare { ballot: 44 } queue_len=2074
[step=1539] DELIVER from=1 to=2 type=Prepare { ballot: 44 } queue_len=2074
[step=1540] DELIVER from=1 to=3 type=Prepare { ballot: 44 } queue_len=2074
[step=1541] DELIVER from=1 to=4 type=Prepare { ballot: 44 } queue_len=2074
[step=1542] DELIVER from=1 to=5 type=Prepare { ballot: 44 } queue_len=2074
[step=1543] DELIVER from=1 to=6 type=Prepare { ballot: 44 } queue_len=2074
[step=1544] DELIVER from=1 to=7 type=Prepare { ballot: 44 } queue_len=2074
[step=1545] DELIVER from=1 to=8 type=Prepare { ballot: 44 } queue_len=2074
[step=1546] DELIVER from=1 to=9 type=Prepare { ballot: 44 } queue_len=2074
[step=1547] DELIVER from=1 to=10 type=Prepare { ballot: 44 } queue_len=2074
[step=1548] DELIVER from=1 to=11 type=Prepare { ballot: 44 } queue_len=2074
[step=1549] DELIVER from=1 to=12 type=Prepare { ballot: 44 } queue_len=2074
[step=1550] DELIVER from=1 to=13 type=Prepare { ballot: 44 } queue_len=2074
[step=1551] DELIVER from=1 to=14 type=Prepare { ballot: 44 } queue_len=2074
[step=1552] DELIVER from=1 to=15 type=Prepare { ballot: 44 } queue_len=2074
[step=1553] DELIVER from=1 to=16 type=Prepare { ballot: 44 } queue_len=2074
[step=1554] DELIVER from=1 to=17 type=Prepare { ballot: 44 } queue_len=2074
[step=1555] DELIVER from=1 to=18 type=Prepare { ballot: 44 } queue_len=2074
[step=1556] DELIVER from=1 to=19 type=Prepare { ballot: 44 } queue_len=2074
[step=1557] DELIVER from=1 to=20 type=Prepare { ballot: 44 } queue_len=2074
[step=1558] DELIVER from=1 to=21 type=Prepare { ballot: 44 } queue_len=2074
[step=1559] DELIVER from=1 to=22 type=Prepare { ballot: 44 } queue_len=2074
[step=1560] DELIVER from=1 to=23 type=Prepare { ballot: 44 } queue_len=2074
[step=1561] DELIVER from=1 to=24 type=Prepare { ballot: 44 } queue_len=2074
[step=1562] DELIVER from=1 to=25 type=Prepare { ballot: 44 } queue_len=2074
[step=1563] DELIVER from=1 to=1 type=Promise { ballot: 19, accepted_ballot: None, accepted_value: None } queue_len=2074
[PROMISE-TRACE] from=1 received_ballot=19 current_ballot=101 match=false
[step=1564] DELIVER from=2 to=1 type=Promise { ballot: 19, accepted_ballot: None, accepted_value: None } queue_len=2073
[PROMISE-TRACE] from=2 received_ballot=19 current_ballot=101 match=false
[step=1565] DELIVER from=3 to=1 type=Promise { ballot: 19, accepted_ballot: None, accepted_value: None } queue_len=2072
[PROMISE-TRACE] from=3 received_ballot=19 current_ballot=101 match=false
[step=1566] DELIVER from=4 to=1 type=Promise { ballot: 19, accepted_ballot: None, accepted_value: None } queue_len=2071
[PROMISE-TRACE] from=4 received_ballot=19 current_ballot=101 match=false
[step=1567] DELIVER from=5 to=1 type=Promise { ballot: 19, accepted_ballot: None, accepted_value: None } queue_len=2070
[PROMISE-TRACE] from=5 received_ballot=19 current_ballot=101 match=false
[step=1568] DELIVER from=6 to=1 type=Promise { ballot: 19, accepted_ballot: None, accepted_value: None } queue_len=2069
[PROMISE-TRACE] from=6 received_ballot=19 current_ballot=101 match=false
[step=1569] DELIVER from=7 to=1 type=Promise { ballot: 19, accepted_ballot: None, accepted_value: None } queue_len=2068
[PROMISE-TRACE] from=7 received_ballot=19 current_ballot=101 match=false
[step=1570] DELIVER from=8 to=1 type=Promise { ballot: 19, accepted_ballot: None, accepted_value: None } queue_len=2067
[PROMISE-TRACE] from=8 received_ballot=19 current_ballot=101 match=false
[step=1571] DELIVER from=9 to=1 type=Promise { ballot: 19, accepted_ballot: None, accepted_value: None } queue_len=2066
[PROMISE-TRACE] from=9 received_ballot=19 current_ballot=101 match=false
[step=1572] DELIVER from=10 to=1 type=Promise { ballot: 19, accepted_ballot: None, accepted_value: None } queue_len=2065
[PROMISE-TRACE] from=10 received_ballot=19 current_ballot=101 match=false
[step=1573] DELIVER from=11 to=1 type=Promise { ballot: 19, accepted_ballot: None, accepted_value: None } queue_len=2064
[PROMISE-TRACE] from=11 received_ballot=19 current_ballot=101 match=false
[step=1574] DELIVER from=12 to=1 type=Promise { ballot: 19, accepted_ballot: None, accepted_value: None } queue_len=2063
[PROMISE-TRACE] from=12 received_ballot=19 current_ballot=101 match=false
[step=1575] DELIVER from=1 to=1 type=Prepare { ballot: 45 } queue_len=2062
[step=1576] DELIVER from=1 to=2 type=Prepare { ballot: 45 } queue_len=2062
[step=1577] DELIVER from=1 to=3 type=Prepare { ballot: 45 } queue_len=2062
[step=1578] DELIVER from=1 to=4 type=Prepare { ballot: 45 } queue_len=2062
[step=1579] DELIVER from=1 to=5 type=Prepare { ballot: 45 } queue_len=2062
[step=1580] DELIVER from=1 to=6 type=Prepare { ballot: 45 } queue_len=2062
[step=1581] DELIVER from=1 to=7 type=Prepare { ballot: 45 } queue_len=2062
[step=1582] DELIVER from=1 to=8 type=Prepare { ballot: 45 } queue_len=2062
[step=1583] DELIVER from=1 to=9 type=Prepare { ballot: 45 } queue_len=2062
[step=1584] DELIVER from=1 to=10 type=Prepare { ballot: 45 } queue_len=2062
[step=1585] DELIVER from=1 to=11 type=Prepare { ballot: 45 } queue_len=2062
[step=1586] DELIVER from=1 to=12 type=Prepare { ballot: 45 } queue_len=2062
[step=1587] DELIVER from=1 to=13 type=Prepare { ballot: 45 } queue_len=2062
[step=1588] DELIVER from=1 to=14 type=Prepare { ballot: 45 } queue_len=2062
[step=1589] DELIVER from=1 to=15 type=Prepare { ballot: 45 } queue_len=2062
[step=1590] DELIVER from=1 to=16 type=Prepare { ballot: 45 } queue_len=2062
[step=1591] DELIVER from=1 to=17 type=Prepare { ballot: 45 } queue_len=2062
[step=1592] DELIVER from=1 to=18 type=Prepare { ballot: 45 } queue_len=2062
[step=1593] DELIVER from=1 to=19 type=Prepare { ballot: 45 } queue_len=2062
[step=1594] DELIVER from=1 to=20 type=Prepare { ballot: 45 } queue_len=2062
[step=1595] DELIVER from=1 to=21 type=Prepare { ballot: 45 } queue_len=2062
[step=1596] DELIVER from=1 to=22 type=Prepare { ballot: 45 } queue_len=2062
[step=1597] DELIVER from=1 to=23 type=Prepare { ballot: 45 } queue_len=2062
[step=1598] DELIVER from=1 to=24 type=Prepare { ballot: 45 } queue_len=2062
[step=1599] DELIVER from=1 to=25 type=Prepare { ballot: 45 } queue_len=2062
[step=1600] DELIVER from=13 to=1 type=Promise { ballot: 19, accepted_ballot: None, accepted_value: None } queue_len=2062
[PROMISE-TRACE] from=13 received_ballot=19 current_ballot=101 match=false
[step=1601] DELIVER from=14 to=1 type=Promise { ballot: 19, accepted_ballot: None, accepted_value: None } queue_len=2061
[PROMISE-TRACE] from=14 received_ballot=19 current_ballot=101 match=false
[step=1602] DELIVER from=15 to=1 type=Promise { ballot: 19, accepted_ballot: None, accepted_value: None } queue_len=2060
[PROMISE-TRACE] from=15 received_ballot=19 current_ballot=101 match=false
[step=1603] DELIVER from=16 to=1 type=Promise { ballot: 19, accepted_ballot: None, accepted_value: None } queue_len=2059
[PROMISE-TRACE] from=16 received_ballot=19 current_ballot=101 match=false
[step=1604] DELIVER from=17 to=1 type=Promise { ballot: 19, accepted_ballot: None, accepted_value: None } queue_len=2058
[PROMISE-TRACE] from=17 received_ballot=19 current_ballot=101 match=false
[step=1605] DELIVER from=18 to=1 type=Promise { ballot: 19, accepted_ballot: None, accepted_value: None } queue_len=2057
[PROMISE-TRACE] from=18 received_ballot=19 current_ballot=101 match=false
[step=1606] DELIVER from=19 to=1 type=Promise { ballot: 19, accepted_ballot: None, accepted_value: None } queue_len=2056
[PROMISE-TRACE] from=19 received_ballot=19 current_ballot=101 match=false
[step=1607] DELIVER from=20 to=1 type=Promise { ballot: 19, accepted_ballot: None, accepted_value: None } queue_len=2055
[PROMISE-TRACE] from=20 received_ballot=19 current_ballot=101 match=false
[step=1608] DELIVER from=21 to=1 type=Promise { ballot: 19, accepted_ballot: None, accepted_value: None } queue_len=2054
[PROMISE-TRACE] from=21 received_ballot=19 current_ballot=101 match=false
[step=1609] DELIVER from=22 to=1 type=Promise { ballot: 19, accepted_ballot: None, accepted_value: None } queue_len=2053
[PROMISE-TRACE] from=22 received_ballot=19 current_ballot=101 match=false
[step=1610] DELIVER from=23 to=1 type=Promise { ballot: 19, accepted_ballot: None, accepted_value: None } queue_len=2052
[PROMISE-TRACE] from=23 received_ballot=19 current_ballot=101 match=false
[step=1611] DELIVER from=24 to=1 type=Promise { ballot: 19, accepted_ballot: None, accepted_value: None } queue_len=2051
[PROMISE-TRACE] from=24 received_ballot=19 current_ballot=101 match=false
[step=1612] DELIVER from=25 to=1 type=Promise { ballot: 19, accepted_ballot: None, accepted_value: None } queue_len=2050
[PROMISE-TRACE] from=25 received_ballot=19 current_ballot=101 match=false
[step=1613] DELIVER from=1 to=1 type=Prepare { ballot: 46 } queue_len=2049
[step=1614] DELIVER from=1 to=2 type=Prepare { ballot: 46 } queue_len=2049
[step=1615] DELIVER from=1 to=3 type=Prepare { ballot: 46 } queue_len=2049
[step=1616] DELIVER from=1 to=4 type=Prepare { ballot: 46 } queue_len=2049
[step=1617] DELIVER from=1 to=5 type=Prepare { ballot: 46 } queue_len=2049
[step=1618] DELIVER from=1 to=6 type=Prepare { ballot: 46 } queue_len=2049
[step=1619] DELIVER from=1 to=7 type=Prepare { ballot: 46 } queue_len=2049
[step=1620] DELIVER from=1 to=8 type=Prepare { ballot: 46 } queue_len=2049
[step=1621] DELIVER from=1 to=9 type=Prepare { ballot: 46 } queue_len=2049
[step=1622] DELIVER from=1 to=10 type=Prepare { ballot: 46 } queue_len=2049
[step=1623] DELIVER from=1 to=11 type=Prepare { ballot: 46 } queue_len=2049
[step=1624] DELIVER from=1 to=12 type=Prepare { ballot: 46 } queue_len=2049
[step=1625] DELIVER from=1 to=13 type=Prepare { ballot: 46 } queue_len=2049
[step=1626] DELIVER from=1 to=14 type=Prepare { ballot: 46 } queue_len=2049
[step=1627] DELIVER from=1 to=15 type=Prepare { ballot: 46 } queue_len=2049
[step=1628] DELIVER from=1 to=16 type=Prepare { ballot: 46 } queue_len=2049
[step=1629] DELIVER from=1 to=17 type=Prepare { ballot: 46 } queue_len=2049
[step=1630] DELIVER from=1 to=18 type=Prepare { ballot: 46 } queue_len=2049
[step=1631] DELIVER from=1 to=19 type=Prepare { ballot: 46 } queue_len=2049
[step=1632] DELIVER from=1 to=20 type=Prepare { ballot: 46 } queue_len=2049
[step=1633] DELIVER from=1 to=21 type=Prepare { ballot: 46 } queue_len=2049
[step=1634] DELIVER from=1 to=22 type=Prepare { ballot: 46 } queue_len=2049
[step=1635] DELIVER from=1 to=23 type=Prepare { ballot: 46 } queue_len=2049
[step=1636] DELIVER from=1 to=24 type=Prepare { ballot: 46 } queue_len=2049
[step=1637] DELIVER from=1 to=25 type=Prepare { ballot: 46 } queue_len=2049
[step=1638] DELIVER from=1 to=1 type=Promise { ballot: 20, accepted_ballot: None, accepted_value: None } queue_len=2049
[PROMISE-TRACE] from=1 received_ballot=20 current_ballot=101 match=false
[step=1639] DELIVER from=2 to=1 type=Promise { ballot: 20, accepted_ballot: None, accepted_value: None } queue_len=2048
[PROMISE-TRACE] from=2 received_ballot=20 current_ballot=101 match=false
[step=1640] DELIVER from=1 to=1 type=Prepare { ballot: 47 } queue_len=2047
[step=1641] DELIVER from=1 to=2 type=Prepare { ballot: 47 } queue_len=2047
[step=1642] DELIVER from=1 to=3 type=Prepare { ballot: 47 } queue_len=2047
[step=1643] DELIVER from=1 to=4 type=Prepare { ballot: 47 } queue_len=2047
[step=1644] DELIVER from=1 to=5 type=Prepare { ballot: 47 } queue_len=2047
[step=1645] DELIVER from=1 to=6 type=Prepare { ballot: 47 } queue_len=2047
[step=1646] DELIVER from=1 to=7 type=Prepare { ballot: 47 } queue_len=2047
[step=1647] DELIVER from=1 to=8 type=Prepare { ballot: 47 } queue_len=2047
[step=1648] DELIVER from=1 to=9 type=Prepare { ballot: 47 } queue_len=2047
[step=1649] DELIVER from=1 to=10 type=Prepare { ballot: 47 } queue_len=2047
[step=1650] DELIVER from=1 to=11 type=Prepare { ballot: 47 } queue_len=2047
[step=1651] DELIVER from=1 to=12 type=Prepare { ballot: 47 } queue_len=2047
[step=1652] DELIVER from=1 to=13 type=Prepare { ballot: 47 } queue_len=2047
[step=1653] DELIVER from=1 to=14 type=Prepare { ballot: 47 } queue_len=2047
[step=1654] DELIVER from=1 to=15 type=Prepare { ballot: 47 } queue_len=2047
[step=1655] DELIVER from=1 to=16 type=Prepare { ballot: 47 } queue_len=2047
[step=1656] DELIVER from=1 to=17 type=Prepare { ballot: 47 } queue_len=2047
[step=1657] DELIVER from=1 to=18 type=Prepare { ballot: 47 } queue_len=2047
[step=1658] DELIVER from=1 to=19 type=Prepare { ballot: 47 } queue_len=2047
[step=1659] DELIVER from=1 to=20 type=Prepare { ballot: 47 } queue_len=2047
[step=1660] DELIVER from=1 to=21 type=Prepare { ballot: 47 } queue_len=2047
[step=1661] DELIVER from=1 to=22 type=Prepare { ballot: 47 } queue_len=2047
[step=1662] DELIVER from=1 to=23 type=Prepare { ballot: 47 } queue_len=2047
[step=1663] DELIVER from=1 to=24 type=Prepare { ballot: 47 } queue_len=2047
[step=1664] DELIVER from=1 to=25 type=Prepare { ballot: 47 } queue_len=2047
[step=1665] DELIVER from=3 to=1 type=Promise { ballot: 20, accepted_ballot: None, accepted_value: None } queue_len=2047
[PROMISE-TRACE] from=3 received_ballot=20 current_ballot=101 match=false
[step=1666] DELIVER from=4 to=1 type=Promise { ballot: 20, accepted_ballot: None, accepted_value: None } queue_len=2046
[PROMISE-TRACE] from=4 received_ballot=20 current_ballot=101 match=false
[step=1667] DELIVER from=5 to=1 type=Promise { ballot: 20, accepted_ballot: None, accepted_value: None } queue_len=2045
[PROMISE-TRACE] from=5 received_ballot=20 current_ballot=101 match=false
[step=1668] DELIVER from=6 to=1 type=Promise { ballot: 20, accepted_ballot: None, accepted_value: None } queue_len=2044
[PROMISE-TRACE] from=6 received_ballot=20 current_ballot=101 match=false
[step=1669] DELIVER from=7 to=1 type=Promise { ballot: 20, accepted_ballot: None, accepted_value: None } queue_len=2043
[PROMISE-TRACE] from=7 received_ballot=20 current_ballot=101 match=false
[step=1670] DELIVER from=8 to=1 type=Promise { ballot: 20, accepted_ballot: None, accepted_value: None } queue_len=2042
[PROMISE-TRACE] from=8 received_ballot=20 current_ballot=101 match=false
[step=1671] DELIVER from=9 to=1 type=Promise { ballot: 20, accepted_ballot: None, accepted_value: None } queue_len=2041
[PROMISE-TRACE] from=9 received_ballot=20 current_ballot=101 match=false
[step=1672] DELIVER from=10 to=1 type=Promise { ballot: 20, accepted_ballot: None, accepted_value: None } queue_len=2040
[PROMISE-TRACE] from=10 received_ballot=20 current_ballot=101 match=false
[step=1673] DELIVER from=11 to=1 type=Promise { ballot: 20, accepted_ballot: None, accepted_value: None } queue_len=2039
[PROMISE-TRACE] from=11 received_ballot=20 current_ballot=101 match=false
[step=1674] DELIVER from=12 to=1 type=Promise { ballot: 20, accepted_ballot: None, accepted_value: None } queue_len=2038
[PROMISE-TRACE] from=12 received_ballot=20 current_ballot=101 match=false
[step=1675] DELIVER from=13 to=1 type=Promise { ballot: 20, accepted_ballot: None, accepted_value: None } queue_len=2037
[PROMISE-TRACE] from=13 received_ballot=20 current_ballot=101 match=false
[step=1676] DELIVER from=14 to=1 type=Promise { ballot: 20, accepted_ballot: None, accepted_value: None } queue_len=2036
[PROMISE-TRACE] from=14 received_ballot=20 current_ballot=101 match=false
[step=1677] DELIVER from=15 to=1 type=Promise { ballot: 20, accepted_ballot: None, accepted_value: None } queue_len=2035
[PROMISE-TRACE] from=15 received_ballot=20 current_ballot=101 match=false
[step=1678] DELIVER from=16 to=1 type=Promise { ballot: 20, accepted_ballot: None, accepted_value: None } queue_len=2034
[PROMISE-TRACE] from=16 received_ballot=20 current_ballot=101 match=false
[step=1679] DELIVER from=17 to=1 type=Promise { ballot: 20, accepted_ballot: None, accepted_value: None } queue_len=2033
[PROMISE-TRACE] from=17 received_ballot=20 current_ballot=101 match=false
[step=1680] DELIVER from=1 to=1 type=Prepare { ballot: 48 } queue_len=2032
[step=1681] DELIVER from=1 to=2 type=Prepare { ballot: 48 } queue_len=2032
[step=1682] DELIVER from=1 to=3 type=Prepare { ballot: 48 } queue_len=2032
[step=1683] DELIVER from=1 to=4 type=Prepare { ballot: 48 } queue_len=2032
[step=1684] DELIVER from=1 to=5 type=Prepare { ballot: 48 } queue_len=2032
[step=1685] DELIVER from=1 to=6 type=Prepare { ballot: 48 } queue_len=2032
[step=1686] DELIVER from=1 to=7 type=Prepare { ballot: 48 } queue_len=2032
[step=1687] DELIVER from=1 to=8 type=Prepare { ballot: 48 } queue_len=2032
[step=1688] DELIVER from=1 to=9 type=Prepare { ballot: 48 } queue_len=2032
[step=1689] DELIVER from=1 to=10 type=Prepare { ballot: 48 } queue_len=2032
[step=1690] DELIVER from=1 to=11 type=Prepare { ballot: 48 } queue_len=2032
[step=1691] DELIVER from=1 to=12 type=Prepare { ballot: 48 } queue_len=2032
[step=1692] DELIVER from=1 to=13 type=Prepare { ballot: 48 } queue_len=2032
[step=1693] DELIVER from=1 to=14 type=Prepare { ballot: 48 } queue_len=2032
[step=1694] DELIVER from=1 to=15 type=Prepare { ballot: 48 } queue_len=2032
[step=1695] DELIVER from=1 to=16 type=Prepare { ballot: 48 } queue_len=2032
[step=1696] DELIVER from=1 to=17 type=Prepare { ballot: 48 } queue_len=2032
[step=1697] DELIVER from=1 to=18 type=Prepare { ballot: 48 } queue_len=2032
[step=1698] DELIVER from=1 to=19 type=Prepare { ballot: 48 } queue_len=2032
[step=1699] DELIVER from=1 to=20 type=Prepare { ballot: 48 } queue_len=2032
[step=1700] DELIVER from=1 to=21 type=Prepare { ballot: 48 } queue_len=2032
[step=1701] DELIVER from=1 to=22 type=Prepare { ballot: 48 } queue_len=2032
[step=1702] DELIVER from=1 to=23 type=Prepare { ballot: 48 } queue_len=2032
[step=1703] DELIVER from=1 to=24 type=Prepare { ballot: 48 } queue_len=2032
[step=1704] DELIVER from=1 to=25 type=Prepare { ballot: 48 } queue_len=2032
[step=1705] DELIVER from=18 to=1 type=Promise { ballot: 20, accepted_ballot: None, accepted_value: None } queue_len=2032
[PROMISE-TRACE] from=18 received_ballot=20 current_ballot=101 match=false
[step=1706] DELIVER from=19 to=1 type=Promise { ballot: 20, accepted_ballot: None, accepted_value: None } queue_len=2031
[PROMISE-TRACE] from=19 received_ballot=20 current_ballot=101 match=false
[step=1707] DELIVER from=20 to=1 type=Promise { ballot: 20, accepted_ballot: None, accepted_value: None } queue_len=2030
[PROMISE-TRACE] from=20 received_ballot=20 current_ballot=101 match=false
[step=1708] DELIVER from=21 to=1 type=Promise { ballot: 20, accepted_ballot: None, accepted_value: None } queue_len=2029
[PROMISE-TRACE] from=21 received_ballot=20 current_ballot=101 match=false
[step=1709] DELIVER from=22 to=1 type=Promise { ballot: 20, accepted_ballot: None, accepted_value: None } queue_len=2028
[PROMISE-TRACE] from=22 received_ballot=20 current_ballot=101 match=false
[step=1710] DELIVER from=23 to=1 type=Promise { ballot: 20, accepted_ballot: None, accepted_value: None } queue_len=2027
[PROMISE-TRACE] from=23 received_ballot=20 current_ballot=101 match=false
[step=1711] DELIVER from=24 to=1 type=Promise { ballot: 20, accepted_ballot: None, accepted_value: None } queue_len=2026
[PROMISE-TRACE] from=24 received_ballot=20 current_ballot=101 match=false
[step=1712] DELIVER from=25 to=1 type=Promise { ballot: 20, accepted_ballot: None, accepted_value: None } queue_len=2025
[PROMISE-TRACE] from=25 received_ballot=20 current_ballot=101 match=false
[step=1713] DELIVER from=1 to=1 type=Promise { ballot: 21, accepted_ballot: None, accepted_value: None } queue_len=2024
[PROMISE-TRACE] from=1 received_ballot=21 current_ballot=101 match=false
[step=1714] DELIVER from=2 to=1 type=Promise { ballot: 21, accepted_ballot: None, accepted_value: None } queue_len=2023
[PROMISE-TRACE] from=2 received_ballot=21 current_ballot=101 match=false
[step=1715] DELIVER from=1 to=1 type=Prepare { ballot: 49 } queue_len=2022
[step=1716] DELIVER from=1 to=2 type=Prepare { ballot: 49 } queue_len=2022
[step=1717] DELIVER from=1 to=3 type=Prepare { ballot: 49 } queue_len=2022
[step=1718] DELIVER from=1 to=4 type=Prepare { ballot: 49 } queue_len=2022
[step=1719] DELIVER from=1 to=5 type=Prepare { ballot: 49 } queue_len=2022
[step=1720] DELIVER from=1 to=6 type=Prepare { ballot: 49 } queue_len=2022
[step=1721] DELIVER from=1 to=7 type=Prepare { ballot: 49 } queue_len=2022
[step=1722] DELIVER from=1 to=8 type=Prepare { ballot: 49 } queue_len=2022
[step=1723] DELIVER from=1 to=9 type=Prepare { ballot: 49 } queue_len=2022
[step=1724] DELIVER from=1 to=10 type=Prepare { ballot: 49 } queue_len=2022
[step=1725] DELIVER from=1 to=11 type=Prepare { ballot: 49 } queue_len=2022
[step=1726] DELIVER from=1 to=12 type=Prepare { ballot: 49 } queue_len=2022
[step=1727] DELIVER from=1 to=13 type=Prepare { ballot: 49 } queue_len=2022
[step=1728] DELIVER from=1 to=14 type=Prepare { ballot: 49 } queue_len=2022
[step=1729] DELIVER from=1 to=15 type=Prepare { ballot: 49 } queue_len=2022
[step=1730] DELIVER from=1 to=16 type=Prepare { ballot: 49 } queue_len=2022
[step=1731] DELIVER from=1 to=17 type=Prepare { ballot: 49 } queue_len=2022
[step=1732] DELIVER from=1 to=18 type=Prepare { ballot: 49 } queue_len=2022
[step=1733] DELIVER from=1 to=19 type=Prepare { ballot: 49 } queue_len=2022
[step=1734] DELIVER from=1 to=20 type=Prepare { ballot: 49 } queue_len=2022
[step=1735] DELIVER from=1 to=21 type=Prepare { ballot: 49 } queue_len=2022
[step=1736] DELIVER from=1 to=22 type=Prepare { ballot: 49 } queue_len=2022
[step=1737] DELIVER from=1 to=23 type=Prepare { ballot: 49 } queue_len=2022
[step=1738] DELIVER from=1 to=24 type=Prepare { ballot: 49 } queue_len=2022
[step=1739] DELIVER from=1 to=25 type=Prepare { ballot: 49 } queue_len=2022
[step=1740] DELIVER from=3 to=1 type=Promise { ballot: 21, accepted_ballot: None, accepted_value: None } queue_len=2022
[PROMISE-TRACE] from=3 received_ballot=21 current_ballot=101 match=false
[step=1741] DELIVER from=4 to=1 type=Promise { ballot: 21, accepted_ballot: None, accepted_value: None } queue_len=2021
[PROMISE-TRACE] from=4 received_ballot=21 current_ballot=101 match=false
[step=1742] DELIVER from=5 to=1 type=Promise { ballot: 21, accepted_ballot: None, accepted_value: None } queue_len=2020
[PROMISE-TRACE] from=5 received_ballot=21 current_ballot=101 match=false
[step=1743] DELIVER from=6 to=1 type=Promise { ballot: 21, accepted_ballot: None, accepted_value: None } queue_len=2019
[PROMISE-TRACE] from=6 received_ballot=21 current_ballot=101 match=false
[step=1744] DELIVER from=7 to=1 type=Promise { ballot: 21, accepted_ballot: None, accepted_value: None } queue_len=2018
[PROMISE-TRACE] from=7 received_ballot=21 current_ballot=101 match=false
[step=1745] DELIVER from=8 to=1 type=Promise { ballot: 21, accepted_ballot: None, accepted_value: None } queue_len=2017
[PROMISE-TRACE] from=8 received_ballot=21 current_ballot=101 match=false
[step=1746] DELIVER from=9 to=1 type=Promise { ballot: 21, accepted_ballot: None, accepted_value: None } queue_len=2016
[PROMISE-TRACE] from=9 received_ballot=21 current_ballot=101 match=false
[step=1747] DELIVER from=10 to=1 type=Promise { ballot: 21, accepted_ballot: None, accepted_value: None } queue_len=2015
[PROMISE-TRACE] from=10 received_ballot=21 current_ballot=101 match=false
[step=1748] DELIVER from=11 to=1 type=Promise { ballot: 21, accepted_ballot: None, accepted_value: None } queue_len=2014
[PROMISE-TRACE] from=11 received_ballot=21 current_ballot=101 match=false
[step=1749] DELIVER from=12 to=1 type=Promise { ballot: 21, accepted_ballot: None, accepted_value: None } queue_len=2013
[PROMISE-TRACE] from=12 received_ballot=21 current_ballot=101 match=false
[step=1750] DELIVER from=13 to=1 type=Promise { ballot: 21, accepted_ballot: None, accepted_value: None } queue_len=2012
[PROMISE-TRACE] from=13 received_ballot=21 current_ballot=101 match=false
[step=1751] DELIVER from=14 to=1 type=Promise { ballot: 21, accepted_ballot: None, accepted_value: None } queue_len=2011
[PROMISE-TRACE] from=14 received_ballot=21 current_ballot=101 match=false
[step=1752] DELIVER from=15 to=1 type=Promise { ballot: 21, accepted_ballot: None, accepted_value: None } queue_len=2010
[PROMISE-TRACE] from=15 received_ballot=21 current_ballot=101 match=false
[step=1753] DELIVER from=16 to=1 type=Promise { ballot: 21, accepted_ballot: None, accepted_value: None } queue_len=2009
[PROMISE-TRACE] from=16 received_ballot=21 current_ballot=101 match=false
[step=1754] DELIVER from=17 to=1 type=Promise { ballot: 21, accepted_ballot: None, accepted_value: None } queue_len=2008
[PROMISE-TRACE] from=17 received_ballot=21 current_ballot=101 match=false
[step=1755] DELIVER from=1 to=1 type=Prepare { ballot: 50 } queue_len=2007
[step=1756] DELIVER from=1 to=2 type=Prepare { ballot: 50 } queue_len=2007
[step=1757] DELIVER from=1 to=3 type=Prepare { ballot: 50 } queue_len=2007
[step=1758] DELIVER from=1 to=4 type=Prepare { ballot: 50 } queue_len=2007
[step=1759] DELIVER from=1 to=5 type=Prepare { ballot: 50 } queue_len=2007
[step=1760] DELIVER from=1 to=6 type=Prepare { ballot: 50 } queue_len=2007
[step=1761] DELIVER from=1 to=7 type=Prepare { ballot: 50 } queue_len=2007
[step=1762] DELIVER from=1 to=8 type=Prepare { ballot: 50 } queue_len=2007
[step=1763] DELIVER from=1 to=9 type=Prepare { ballot: 50 } queue_len=2007
[step=1764] DELIVER from=1 to=10 type=Prepare { ballot: 50 } queue_len=2007
[step=1765] DELIVER from=1 to=11 type=Prepare { ballot: 50 } queue_len=2007
[step=1766] DELIVER from=1 to=12 type=Prepare { ballot: 50 } queue_len=2007
[step=1767] DELIVER from=1 to=13 type=Prepare { ballot: 50 } queue_len=2007
[step=1768] DELIVER from=1 to=14 type=Prepare { ballot: 50 } queue_len=2007
[step=1769] DELIVER from=1 to=15 type=Prepare { ballot: 50 } queue_len=2007
[step=1770] DELIVER from=1 to=16 type=Prepare { ballot: 50 } queue_len=2007
[step=1771] DELIVER from=1 to=17 type=Prepare { ballot: 50 } queue_len=2007
[step=1772] DELIVER from=1 to=18 type=Prepare { ballot: 50 } queue_len=2007
[step=1773] DELIVER from=1 to=19 type=Prepare { ballot: 50 } queue_len=2007
[step=1774] DELIVER from=1 to=20 type=Prepare { ballot: 50 } queue_len=2007
[step=1775] DELIVER from=1 to=21 type=Prepare { ballot: 50 } queue_len=2007
[step=1776] DELIVER from=1 to=22 type=Prepare { ballot: 50 } queue_len=2007
[step=1777] DELIVER from=1 to=23 type=Prepare { ballot: 50 } queue_len=2007
[step=1778] DELIVER from=1 to=24 type=Prepare { ballot: 50 } queue_len=2007
[step=1779] DELIVER from=1 to=25 type=Prepare { ballot: 50 } queue_len=2007
[step=1780] DELIVER from=18 to=1 type=Promise { ballot: 21, accepted_ballot: None, accepted_value: None } queue_len=2007
[PROMISE-TRACE] from=18 received_ballot=21 current_ballot=101 match=false
[step=1781] DELIVER from=19 to=1 type=Promise { ballot: 21, accepted_ballot: None, accepted_value: None } queue_len=2006
[PROMISE-TRACE] from=19 received_ballot=21 current_ballot=101 match=false
[step=1782] DELIVER from=20 to=1 type=Promise { ballot: 21, accepted_ballot: None, accepted_value: None } queue_len=2005
[PROMISE-TRACE] from=20 received_ballot=21 current_ballot=101 match=false
[step=1783] DELIVER from=21 to=1 type=Promise { ballot: 21, accepted_ballot: None, accepted_value: None } queue_len=2004
[PROMISE-TRACE] from=21 received_ballot=21 current_ballot=101 match=false
[step=1784] DELIVER from=22 to=1 type=Promise { ballot: 21, accepted_ballot: None, accepted_value: None } queue_len=2003
[PROMISE-TRACE] from=22 received_ballot=21 current_ballot=101 match=false
[step=1785] DELIVER from=23 to=1 type=Promise { ballot: 21, accepted_ballot: None, accepted_value: None } queue_len=2002
[PROMISE-TRACE] from=23 received_ballot=21 current_ballot=101 match=false
[step=1786] DELIVER from=24 to=1 type=Promise { ballot: 21, accepted_ballot: None, accepted_value: None } queue_len=2001
[PROMISE-TRACE] from=24 received_ballot=21 current_ballot=101 match=false
[step=1787] DELIVER from=25 to=1 type=Promise { ballot: 21, accepted_ballot: None, accepted_value: None } queue_len=2000
[PROMISE-TRACE] from=25 received_ballot=21 current_ballot=101 match=false
[step=1788] DELIVER from=1 to=1 type=Prepare { ballot: 51 } queue_len=1999
[step=1789] DELIVER from=1 to=2 type=Prepare { ballot: 51 } queue_len=1999
[step=1790] DELIVER from=1 to=3 type=Prepare { ballot: 51 } queue_len=1999
[step=1791] DELIVER from=1 to=4 type=Prepare { ballot: 51 } queue_len=1999
[step=1792] DELIVER from=1 to=5 type=Prepare { ballot: 51 } queue_len=1999
[step=1793] DELIVER from=1 to=6 type=Prepare { ballot: 51 } queue_len=1999
[step=1794] DELIVER from=1 to=7 type=Prepare { ballot: 51 } queue_len=1999
[step=1795] DELIVER from=1 to=8 type=Prepare { ballot: 51 } queue_len=1999
[step=1796] DELIVER from=1 to=9 type=Prepare { ballot: 51 } queue_len=1999
[step=1797] DELIVER from=1 to=10 type=Prepare { ballot: 51 } queue_len=1999
[step=1798] DELIVER from=1 to=11 type=Prepare { ballot: 51 } queue_len=1999
[step=1799] DELIVER from=1 to=12 type=Prepare { ballot: 51 } queue_len=1999
[step=1800] DELIVER from=1 to=13 type=Prepare { ballot: 51 } queue_len=1999
[step=1801] DELIVER from=1 to=14 type=Prepare { ballot: 51 } queue_len=1999
[step=1802] DELIVER from=1 to=15 type=Prepare { ballot: 51 } queue_len=1999
[step=1803] DELIVER from=1 to=16 type=Prepare { ballot: 51 } queue_len=1999
[step=1804] DELIVER from=1 to=17 type=Prepare { ballot: 51 } queue_len=1999
[step=1805] DELIVER from=1 to=18 type=Prepare { ballot: 51 } queue_len=1999
[step=1806] DELIVER from=1 to=19 type=Prepare { ballot: 51 } queue_len=1999
[step=1807] DELIVER from=1 to=20 type=Prepare { ballot: 51 } queue_len=1999
[step=1808] DELIVER from=1 to=21 type=Prepare { ballot: 51 } queue_len=1999
[step=1809] DELIVER from=1 to=22 type=Prepare { ballot: 51 } queue_len=1999
[step=1810] DELIVER from=1 to=23 type=Prepare { ballot: 51 } queue_len=1999
[step=1811] DELIVER from=1 to=24 type=Prepare { ballot: 51 } queue_len=1999
[step=1812] DELIVER from=1 to=25 type=Prepare { ballot: 51 } queue_len=1999
[step=1813] DELIVER from=1 to=1 type=Promise { ballot: 22, accepted_ballot: None, accepted_value: None } queue_len=1999
[PROMISE-TRACE] from=1 received_ballot=22 current_ballot=101 match=false
[step=1814] DELIVER from=2 to=1 type=Promise { ballot: 22, accepted_ballot: None, accepted_value: None } queue_len=1998
[PROMISE-TRACE] from=2 received_ballot=22 current_ballot=101 match=false
[step=1815] DELIVER from=3 to=1 type=Promise { ballot: 22, accepted_ballot: None, accepted_value: None } queue_len=1997
[PROMISE-TRACE] from=3 received_ballot=22 current_ballot=101 match=false
[step=1816] DELIVER from=4 to=1 type=Promise { ballot: 22, accepted_ballot: None, accepted_value: None } queue_len=1996
[PROMISE-TRACE] from=4 received_ballot=22 current_ballot=101 match=false
[step=1817] DELIVER from=5 to=1 type=Promise { ballot: 22, accepted_ballot: None, accepted_value: None } queue_len=1995
[PROMISE-TRACE] from=5 received_ballot=22 current_ballot=101 match=false
[step=1818] DELIVER from=6 to=1 type=Promise { ballot: 22, accepted_ballot: None, accepted_value: None } queue_len=1994
[PROMISE-TRACE] from=6 received_ballot=22 current_ballot=101 match=false
[step=1819] DELIVER from=7 to=1 type=Promise { ballot: 22, accepted_ballot: None, accepted_value: None } queue_len=1993
[PROMISE-TRACE] from=7 received_ballot=22 current_ballot=101 match=false
[step=1820] DELIVER from=1 to=1 type=Prepare { ballot: 52 } queue_len=1992
[step=1821] DELIVER from=1 to=2 type=Prepare { ballot: 52 } queue_len=1992
[step=1822] DELIVER from=1 to=3 type=Prepare { ballot: 52 } queue_len=1992
[step=1823] DELIVER from=1 to=4 type=Prepare { ballot: 52 } queue_len=1992
[step=1824] DELIVER from=1 to=5 type=Prepare { ballot: 52 } queue_len=1992
[step=1825] DELIVER from=1 to=6 type=Prepare { ballot: 52 } queue_len=1992
[step=1826] DELIVER from=1 to=7 type=Prepare { ballot: 52 } queue_len=1992
[step=1827] DELIVER from=1 to=8 type=Prepare { ballot: 52 } queue_len=1992
[step=1828] DELIVER from=1 to=9 type=Prepare { ballot: 52 } queue_len=1992
[step=1829] DELIVER from=1 to=10 type=Prepare { ballot: 52 } queue_len=1992
[step=1830] DELIVER from=1 to=11 type=Prepare { ballot: 52 } queue_len=1992
[step=1831] DELIVER from=1 to=12 type=Prepare { ballot: 52 } queue_len=1992
[step=1832] DELIVER from=1 to=13 type=Prepare { ballot: 52 } queue_len=1992
[step=1833] DELIVER from=1 to=14 type=Prepare { ballot: 52 } queue_len=1992
[step=1834] DELIVER from=1 to=15 type=Prepare { ballot: 52 } queue_len=1992
[step=1835] DELIVER from=1 to=16 type=Prepare { ballot: 52 } queue_len=1992
[step=1836] DELIVER from=1 to=17 type=Prepare { ballot: 52 } queue_len=1992
[step=1837] DELIVER from=1 to=18 type=Prepare { ballot: 52 } queue_len=1992
[step=1838] DELIVER from=1 to=19 type=Prepare { ballot: 52 } queue_len=1992
[step=1839] DELIVER from=1 to=20 type=Prepare { ballot: 52 } queue_len=1992
[step=1840] DELIVER from=1 to=21 type=Prepare { ballot: 52 } queue_len=1992
[step=1841] DELIVER from=1 to=22 type=Prepare { ballot: 52 } queue_len=1992
[step=1842] DELIVER from=1 to=23 type=Prepare { ballot: 52 } queue_len=1992
[step=1843] DELIVER from=1 to=24 type=Prepare { ballot: 52 } queue_len=1992
[step=1844] DELIVER from=1 to=25 type=Prepare { ballot: 52 } queue_len=1992
[step=1845] DELIVER from=8 to=1 type=Promise { ballot: 22, accepted_ballot: None, accepted_value: None } queue_len=1992
[PROMISE-TRACE] from=8 received_ballot=22 current_ballot=101 match=false
[step=1846] DELIVER from=9 to=1 type=Promise { ballot: 22, accepted_ballot: None, accepted_value: None } queue_len=1991
[PROMISE-TRACE] from=9 received_ballot=22 current_ballot=101 match=false
[step=1847] DELIVER from=10 to=1 type=Promise { ballot: 22, accepted_ballot: None, accepted_value: None } queue_len=1990
[PROMISE-TRACE] from=10 received_ballot=22 current_ballot=101 match=false
[step=1848] DELIVER from=11 to=1 type=Promise { ballot: 22, accepted_ballot: None, accepted_value: None } queue_len=1989
[PROMISE-TRACE] from=11 received_ballot=22 current_ballot=101 match=false
[step=1849] DELIVER from=12 to=1 type=Promise { ballot: 22, accepted_ballot: None, accepted_value: None } queue_len=1988
[PROMISE-TRACE] from=12 received_ballot=22 current_ballot=101 match=false
[step=1850] DELIVER from=13 to=1 type=Promise { ballot: 22, accepted_ballot: None, accepted_value: None } queue_len=1987
[PROMISE-TRACE] from=13 received_ballot=22 current_ballot=101 match=false
[step=1851] DELIVER from=14 to=1 type=Promise { ballot: 22, accepted_ballot: None, accepted_value: None } queue_len=1986
[PROMISE-TRACE] from=14 received_ballot=22 current_ballot=101 match=false
[step=1852] DELIVER from=15 to=1 type=Promise { ballot: 22, accepted_ballot: None, accepted_value: None } queue_len=1985
[PROMISE-TRACE] from=15 received_ballot=22 current_ballot=101 match=false
[step=1853] DELIVER from=16 to=1 type=Promise { ballot: 22, accepted_ballot: None, accepted_value: None } queue_len=1984
[PROMISE-TRACE] from=16 received_ballot=22 current_ballot=101 match=false
[step=1854] DELIVER from=17 to=1 type=Promise { ballot: 22, accepted_ballot: None, accepted_value: None } queue_len=1983
[PROMISE-TRACE] from=17 received_ballot=22 current_ballot=101 match=false
[step=1855] DELIVER from=18 to=1 type=Promise { ballot: 22, accepted_ballot: None, accepted_value: None } queue_len=1982
[PROMISE-TRACE] from=18 received_ballot=22 current_ballot=101 match=false
[step=1856] DELIVER from=19 to=1 type=Promise { ballot: 22, accepted_ballot: None, accepted_value: None } queue_len=1981
[PROMISE-TRACE] from=19 received_ballot=22 current_ballot=101 match=false
[step=1857] DELIVER from=20 to=1 type=Promise { ballot: 22, accepted_ballot: None, accepted_value: None } queue_len=1980
[PROMISE-TRACE] from=20 received_ballot=22 current_ballot=101 match=false
[step=1858] DELIVER from=21 to=1 type=Promise { ballot: 22, accepted_ballot: None, accepted_value: None } queue_len=1979
[PROMISE-TRACE] from=21 received_ballot=22 current_ballot=101 match=false
[step=1859] DELIVER from=22 to=1 type=Promise { ballot: 22, accepted_ballot: None, accepted_value: None } queue_len=1978
[PROMISE-TRACE] from=22 received_ballot=22 current_ballot=101 match=false
[step=1860] DELIVER from=1 to=1 type=Prepare { ballot: 53 } queue_len=1977
[step=1861] DELIVER from=1 to=2 type=Prepare { ballot: 53 } queue_len=1977
[step=1862] DELIVER from=1 to=3 type=Prepare { ballot: 53 } queue_len=1977
[step=1863] DELIVER from=1 to=4 type=Prepare { ballot: 53 } queue_len=1977
[step=1864] DELIVER from=1 to=5 type=Prepare { ballot: 53 } queue_len=1977
[step=1865] DELIVER from=1 to=6 type=Prepare { ballot: 53 } queue_len=1977
[step=1866] DELIVER from=1 to=7 type=Prepare { ballot: 53 } queue_len=1977
[step=1867] DELIVER from=1 to=8 type=Prepare { ballot: 53 } queue_len=1977
[step=1868] DELIVER from=1 to=9 type=Prepare { ballot: 53 } queue_len=1977
[step=1869] DELIVER from=1 to=10 type=Prepare { ballot: 53 } queue_len=1977
[step=1870] DELIVER from=1 to=11 type=Prepare { ballot: 53 } queue_len=1977
[step=1871] DELIVER from=1 to=12 type=Prepare { ballot: 53 } queue_len=1977
[step=1872] DELIVER from=1 to=13 type=Prepare { ballot: 53 } queue_len=1977
[step=1873] DELIVER from=1 to=14 type=Prepare { ballot: 53 } queue_len=1977
[step=1874] DELIVER from=1 to=15 type=Prepare { ballot: 53 } queue_len=1977
[step=1875] DELIVER from=1 to=16 type=Prepare { ballot: 53 } queue_len=1977
[step=1876] DELIVER from=1 to=17 type=Prepare { ballot: 53 } queue_len=1977
[step=1877] DELIVER from=1 to=18 type=Prepare { ballot: 53 } queue_len=1977
[step=1878] DELIVER from=1 to=19 type=Prepare { ballot: 53 } queue_len=1977
[step=1879] DELIVER from=1 to=20 type=Prepare { ballot: 53 } queue_len=1977
[step=1880] DELIVER from=1 to=21 type=Prepare { ballot: 53 } queue_len=1977
[step=1881] DELIVER from=1 to=22 type=Prepare { ballot: 53 } queue_len=1977
[step=1882] DELIVER from=1 to=23 type=Prepare { ballot: 53 } queue_len=1977
[step=1883] DELIVER from=1 to=24 type=Prepare { ballot: 53 } queue_len=1977
[step=1884] DELIVER from=1 to=25 type=Prepare { ballot: 53 } queue_len=1977
[step=1885] DELIVER from=23 to=1 type=Promise { ballot: 22, accepted_ballot: None, accepted_value: None } queue_len=1977
[PROMISE-TRACE] from=23 received_ballot=22 current_ballot=101 match=false
[step=1886] DELIVER from=24 to=1 type=Promise { ballot: 22, accepted_ballot: None, accepted_value: None } queue_len=1976
[PROMISE-TRACE] from=24 received_ballot=22 current_ballot=101 match=false
[step=1887] DELIVER from=25 to=1 type=Promise { ballot: 22, accepted_ballot: None, accepted_value: None } queue_len=1975
[PROMISE-TRACE] from=25 received_ballot=22 current_ballot=101 match=false
[step=1888] DELIVER from=1 to=1 type=Promise { ballot: 23, accepted_ballot: None, accepted_value: None } queue_len=1974
[PROMISE-TRACE] from=1 received_ballot=23 current_ballot=101 match=false
[step=1889] DELIVER from=2 to=1 type=Promise { ballot: 23, accepted_ballot: None, accepted_value: None } queue_len=1973
[PROMISE-TRACE] from=2 received_ballot=23 current_ballot=101 match=false
[step=1890] DELIVER from=3 to=1 type=Promise { ballot: 23, accepted_ballot: None, accepted_value: None } queue_len=1972
[PROMISE-TRACE] from=3 received_ballot=23 current_ballot=101 match=false
[step=1891] DELIVER from=4 to=1 type=Promise { ballot: 23, accepted_ballot: None, accepted_value: None } queue_len=1971
[PROMISE-TRACE] from=4 received_ballot=23 current_ballot=101 match=false
[step=1892] DELIVER from=5 to=1 type=Promise { ballot: 23, accepted_ballot: None, accepted_value: None } queue_len=1970
[PROMISE-TRACE] from=5 received_ballot=23 current_ballot=101 match=false
[step=1893] DELIVER from=6 to=1 type=Promise { ballot: 23, accepted_ballot: None, accepted_value: None } queue_len=1969
[PROMISE-TRACE] from=6 received_ballot=23 current_ballot=101 match=false
[step=1894] DELIVER from=7 to=1 type=Promise { ballot: 23, accepted_ballot: None, accepted_value: None } queue_len=1968
[PROMISE-TRACE] from=7 received_ballot=23 current_ballot=101 match=false
[step=1895] DELIVER from=1 to=1 type=Prepare { ballot: 54 } queue_len=1967
[step=1896] DELIVER from=1 to=2 type=Prepare { ballot: 54 } queue_len=1967
[step=1897] DELIVER from=1 to=3 type=Prepare { ballot: 54 } queue_len=1967
[step=1898] DELIVER from=1 to=4 type=Prepare { ballot: 54 } queue_len=1967
[step=1899] DELIVER from=1 to=5 type=Prepare { ballot: 54 } queue_len=1967
[step=1900] DELIVER from=1 to=6 type=Prepare { ballot: 54 } queue_len=1967
[step=1901] DELIVER from=1 to=7 type=Prepare { ballot: 54 } queue_len=1967
[step=1902] DELIVER from=1 to=8 type=Prepare { ballot: 54 } queue_len=1967
[step=1903] DELIVER from=1 to=9 type=Prepare { ballot: 54 } queue_len=1967
[step=1904] DELIVER from=1 to=10 type=Prepare { ballot: 54 } queue_len=1967
[step=1905] DELIVER from=1 to=11 type=Prepare { ballot: 54 } queue_len=1967
[step=1906] DELIVER from=1 to=12 type=Prepare { ballot: 54 } queue_len=1967
[step=1907] DELIVER from=1 to=13 type=Prepare { ballot: 54 } queue_len=1967
[step=1908] DELIVER from=1 to=14 type=Prepare { ballot: 54 } queue_len=1967
[step=1909] DELIVER from=1 to=15 type=Prepare { ballot: 54 } queue_len=1967
[step=1910] DELIVER from=1 to=16 type=Prepare { ballot: 54 } queue_len=1967
[step=1911] DELIVER from=1 to=17 type=Prepare { ballot: 54 } queue_len=1967
[step=1912] DELIVER from=1 to=18 type=Prepare { ballot: 54 } queue_len=1967
[step=1913] DELIVER from=1 to=19 type=Prepare { ballot: 54 } queue_len=1967
[step=1914] DELIVER from=1 to=20 type=Prepare { ballot: 54 } queue_len=1967
[step=1915] DELIVER from=1 to=21 type=Prepare { ballot: 54 } queue_len=1967
[step=1916] DELIVER from=1 to=22 type=Prepare { ballot: 54 } queue_len=1967
[step=1917] DELIVER from=1 to=23 type=Prepare { ballot: 54 } queue_len=1967
[step=1918] DELIVER from=1 to=24 type=Prepare { ballot: 54 } queue_len=1967
[step=1919] DELIVER from=1 to=25 type=Prepare { ballot: 54 } queue_len=1967
[step=1920] DELIVER from=8 to=1 type=Promise { ballot: 23, accepted_ballot: None, accepted_value: None } queue_len=1967
[PROMISE-TRACE] from=8 received_ballot=23 current_ballot=101 match=false
[step=1921] DELIVER from=9 to=1 type=Promise { ballot: 23, accepted_ballot: None, accepted_value: None } queue_len=1966
[PROMISE-TRACE] from=9 received_ballot=23 current_ballot=101 match=false
[step=1922] DELIVER from=10 to=1 type=Promise { ballot: 23, accepted_ballot: None, accepted_value: None } queue_len=1965
[PROMISE-TRACE] from=10 received_ballot=23 current_ballot=101 match=false
[step=1923] DELIVER from=11 to=1 type=Promise { ballot: 23, accepted_ballot: None, accepted_value: None } queue_len=1964
[PROMISE-TRACE] from=11 received_ballot=23 current_ballot=101 match=false
[step=1924] DELIVER from=12 to=1 type=Promise { ballot: 23, accepted_ballot: None, accepted_value: None } queue_len=1963
[PROMISE-TRACE] from=12 received_ballot=23 current_ballot=101 match=false
[step=1925] DELIVER from=13 to=1 type=Promise { ballot: 23, accepted_ballot: None, accepted_value: None } queue_len=1962
[PROMISE-TRACE] from=13 received_ballot=23 current_ballot=101 match=false
[step=1926] DELIVER from=14 to=1 type=Promise { ballot: 23, accepted_ballot: None, accepted_value: None } queue_len=1961
[PROMISE-TRACE] from=14 received_ballot=23 current_ballot=101 match=false
[step=1927] DELIVER from=15 to=1 type=Promise { ballot: 23, accepted_ballot: None, accepted_value: None } queue_len=1960
[PROMISE-TRACE] from=15 received_ballot=23 current_ballot=101 match=false
[step=1928] DELIVER from=16 to=1 type=Promise { ballot: 23, accepted_ballot: None, accepted_value: None } queue_len=1959
[PROMISE-TRACE] from=16 received_ballot=23 current_ballot=101 match=false
[step=1929] DELIVER from=17 to=1 type=Promise { ballot: 23, accepted_ballot: None, accepted_value: None } queue_len=1958
[PROMISE-TRACE] from=17 received_ballot=23 current_ballot=101 match=false
[step=1930] DELIVER from=18 to=1 type=Promise { ballot: 23, accepted_ballot: None, accepted_value: None } queue_len=1957
[PROMISE-TRACE] from=18 received_ballot=23 current_ballot=101 match=false
[step=1931] DELIVER from=19 to=1 type=Promise { ballot: 23, accepted_ballot: None, accepted_value: None } queue_len=1956
[PROMISE-TRACE] from=19 received_ballot=23 current_ballot=101 match=false
[step=1932] DELIVER from=20 to=1 type=Promise { ballot: 23, accepted_ballot: None, accepted_value: None } queue_len=1955
[PROMISE-TRACE] from=20 received_ballot=23 current_ballot=101 match=false
[step=1933] DELIVER from=21 to=1 type=Promise { ballot: 23, accepted_ballot: None, accepted_value: None } queue_len=1954
[PROMISE-TRACE] from=21 received_ballot=23 current_ballot=101 match=false
[step=1934] DELIVER from=22 to=1 type=Promise { ballot: 23, accepted_ballot: None, accepted_value: None } queue_len=1953
[PROMISE-TRACE] from=22 received_ballot=23 current_ballot=101 match=false
[step=1935] DELIVER from=1 to=1 type=Prepare { ballot: 55 } queue_len=1952
[step=1936] DELIVER from=1 to=2 type=Prepare { ballot: 55 } queue_len=1952
[step=1937] DELIVER from=1 to=3 type=Prepare { ballot: 55 } queue_len=1952
[step=1938] DELIVER from=1 to=4 type=Prepare { ballot: 55 } queue_len=1952
[step=1939] DELIVER from=1 to=5 type=Prepare { ballot: 55 } queue_len=1952
[step=1940] DELIVER from=1 to=6 type=Prepare { ballot: 55 } queue_len=1952
[step=1941] DELIVER from=1 to=7 type=Prepare { ballot: 55 } queue_len=1952
[step=1942] DELIVER from=1 to=8 type=Prepare { ballot: 55 } queue_len=1952
[step=1943] DELIVER from=1 to=9 type=Prepare { ballot: 55 } queue_len=1952
[step=1944] DELIVER from=1 to=10 type=Prepare { ballot: 55 } queue_len=1952
[step=1945] DELIVER from=1 to=11 type=Prepare { ballot: 55 } queue_len=1952
[step=1946] DELIVER from=1 to=12 type=Prepare { ballot: 55 } queue_len=1952
[step=1947] DELIVER from=1 to=13 type=Prepare { ballot: 55 } queue_len=1952
[step=1948] DELIVER from=1 to=14 type=Prepare { ballot: 55 } queue_len=1952
[step=1949] DELIVER from=1 to=15 type=Prepare { ballot: 55 } queue_len=1952
[step=1950] DELIVER from=1 to=16 type=Prepare { ballot: 55 } queue_len=1952
[step=1951] DELIVER from=1 to=17 type=Prepare { ballot: 55 } queue_len=1952
[step=1952] DELIVER from=1 to=18 type=Prepare { ballot: 55 } queue_len=1952
[step=1953] DELIVER from=1 to=19 type=Prepare { ballot: 55 } queue_len=1952
[step=1954] DELIVER from=1 to=20 type=Prepare { ballot: 55 } queue_len=1952
[step=1955] DELIVER from=1 to=21 type=Prepare { ballot: 55 } queue_len=1952
[step=1956] DELIVER from=1 to=22 type=Prepare { ballot: 55 } queue_len=1952
[step=1957] DELIVER from=1 to=23 type=Prepare { ballot: 55 } queue_len=1952
[step=1958] DELIVER from=1 to=24 type=Prepare { ballot: 55 } queue_len=1952
[step=1959] DELIVER from=1 to=25 type=Prepare { ballot: 55 } queue_len=1952
[step=1960] DELIVER from=23 to=1 type=Promise { ballot: 23, accepted_ballot: None, accepted_value: None } queue_len=1952
[PROMISE-TRACE] from=23 received_ballot=23 current_ballot=101 match=false
[step=1961] DELIVER from=24 to=1 type=Promise { ballot: 23, accepted_ballot: None, accepted_value: None } queue_len=1951
[PROMISE-TRACE] from=24 received_ballot=23 current_ballot=101 match=false
[step=1962] DELIVER from=25 to=1 type=Promise { ballot: 23, accepted_ballot: None, accepted_value: None } queue_len=1950
[PROMISE-TRACE] from=25 received_ballot=23 current_ballot=101 match=false
[step=1963] DELIVER from=1 to=1 type=Promise { ballot: 24, accepted_ballot: None, accepted_value: None } queue_len=1949
[PROMISE-TRACE] from=1 received_ballot=24 current_ballot=101 match=false
[step=1964] DELIVER from=2 to=1 type=Promise { ballot: 24, accepted_ballot: None, accepted_value: None } queue_len=1948
[PROMISE-TRACE] from=2 received_ballot=24 current_ballot=101 match=false
[step=1965] DELIVER from=1 to=1 type=Prepare { ballot: 56 } queue_len=1947
[step=1966] DELIVER from=1 to=2 type=Prepare { ballot: 56 } queue_len=1947
[step=1967] DELIVER from=1 to=3 type=Prepare { ballot: 56 } queue_len=1947
[step=1968] DELIVER from=1 to=4 type=Prepare { ballot: 56 } queue_len=1947
[step=1969] DELIVER from=1 to=5 type=Prepare { ballot: 56 } queue_len=1947
[step=1970] DELIVER from=1 to=6 type=Prepare { ballot: 56 } queue_len=1947
[step=1971] DELIVER from=1 to=7 type=Prepare { ballot: 56 } queue_len=1947
[step=1972] DELIVER from=1 to=8 type=Prepare { ballot: 56 } queue_len=1947
[step=1973] DELIVER from=1 to=9 type=Prepare { ballot: 56 } queue_len=1947
[step=1974] DELIVER from=1 to=10 type=Prepare { ballot: 56 } queue_len=1947
[step=1975] DELIVER from=1 to=11 type=Prepare { ballot: 56 } queue_len=1947
[step=1976] DELIVER from=1 to=12 type=Prepare { ballot: 56 } queue_len=1947
[step=1977] DELIVER from=1 to=13 type=Prepare { ballot: 56 } queue_len=1947
[step=1978] DELIVER from=1 to=14 type=Prepare { ballot: 56 } queue_len=1947
[step=1979] DELIVER from=1 to=15 type=Prepare { ballot: 56 } queue_len=1947
[step=1980] DELIVER from=1 to=16 type=Prepare { ballot: 56 } queue_len=1947
[step=1981] DELIVER from=1 to=17 type=Prepare { ballot: 56 } queue_len=1947
[step=1982] DELIVER from=1 to=18 type=Prepare { ballot: 56 } queue_len=1947
[step=1983] DELIVER from=1 to=19 type=Prepare { ballot: 56 } queue_len=1947
[step=1984] DELIVER from=1 to=20 type=Prepare { ballot: 56 } queue_len=1947
[step=1985] DELIVER from=1 to=21 type=Prepare { ballot: 56 } queue_len=1947
[step=1986] DELIVER from=1 to=22 type=Prepare { ballot: 56 } queue_len=1947
[step=1987] DELIVER from=1 to=23 type=Prepare { ballot: 56 } queue_len=1947
[step=1988] DELIVER from=1 to=24 type=Prepare { ballot: 56 } queue_len=1947
[step=1989] DELIVER from=1 to=25 type=Prepare { ballot: 56 } queue_len=1947
[step=1990] DELIVER from=3 to=1 type=Promise { ballot: 24, accepted_ballot: None, accepted_value: None } queue_len=1947
[PROMISE-TRACE] from=3 received_ballot=24 current_ballot=101 match=false
[step=1991] DELIVER from=4 to=1 type=Promise { ballot: 24, accepted_ballot: None, accepted_value: None } queue_len=1946
[PROMISE-TRACE] from=4 received_ballot=24 current_ballot=101 match=false
[step=1992] DELIVER from=5 to=1 type=Promise { ballot: 24, accepted_ballot: None, accepted_value: None } queue_len=1945
[PROMISE-TRACE] from=5 received_ballot=24 current_ballot=101 match=false
[step=1993] DELIVER from=6 to=1 type=Promise { ballot: 24, accepted_ballot: None, accepted_value: None } queue_len=1944
[PROMISE-TRACE] from=6 received_ballot=24 current_ballot=101 match=false
[step=1994] DELIVER from=7 to=1 type=Promise { ballot: 24, accepted_ballot: None, accepted_value: None } queue_len=1943
[PROMISE-TRACE] from=7 received_ballot=24 current_ballot=101 match=false
[step=1995] DELIVER from=8 to=1 type=Promise { ballot: 24, accepted_ballot: None, accepted_value: None } queue_len=1942
[PROMISE-TRACE] from=8 received_ballot=24 current_ballot=101 match=false
[step=1996] DELIVER from=9 to=1 type=Promise { ballot: 24, accepted_ballot: None, accepted_value: None } queue_len=1941
[PROMISE-TRACE] from=9 received_ballot=24 current_ballot=101 match=false
[step=1997] DELIVER from=10 to=1 type=Promise { ballot: 24, accepted_ballot: None, accepted_value: None } queue_len=1940
[PROMISE-TRACE] from=10 received_ballot=24 current_ballot=101 match=false
[step=1998] DELIVER from=11 to=1 type=Promise { ballot: 24, accepted_ballot: None, accepted_value: None } queue_len=1939
[PROMISE-TRACE] from=11 received_ballot=24 current_ballot=101 match=false
[step=1999] DELIVER from=12 to=1 type=Promise { ballot: 24, accepted_ballot: None, accepted_value: None } queue_len=1938
[PROMISE-TRACE] from=12 received_ballot=24 current_ballot=101 match=false
[step=2000] DELIVER from=13 to=1 type=Promise { ballot: 24, accepted_ballot: None, accepted_value: None } queue_len=1937
[PROMISE-TRACE] from=13 received_ballot=24 current_ballot=101 match=false
[step=2001] DELIVER from=14 to=1 type=Promise { ballot: 24, accepted_ballot: None, accepted_value: None } queue_len=1936
[PROMISE-TRACE] from=14 received_ballot=24 current_ballot=101 match=false
[step=2002] DELIVER from=15 to=1 type=Promise { ballot: 24, accepted_ballot: None, accepted_value: None } queue_len=1935
[PROMISE-TRACE] from=15 received_ballot=24 current_ballot=101 match=false
[step=2003] DELIVER from=16 to=1 type=Promise { ballot: 24, accepted_ballot: None, accepted_value: None } queue_len=1934
[PROMISE-TRACE] from=16 received_ballot=24 current_ballot=101 match=false
[step=2004] DELIVER from=17 to=1 type=Promise { ballot: 24, accepted_ballot: None, accepted_value: None } queue_len=1933
[PROMISE-TRACE] from=17 received_ballot=24 current_ballot=101 match=false
[step=2005] DELIVER from=1 to=1 type=Prepare { ballot: 57 } queue_len=1932
[step=2006] DELIVER from=1 to=2 type=Prepare { ballot: 57 } queue_len=1932
[step=2007] DELIVER from=1 to=3 type=Prepare { ballot: 57 } queue_len=1932
[step=2008] DELIVER from=1 to=4 type=Prepare { ballot: 57 } queue_len=1932
[step=2009] DELIVER from=1 to=5 type=Prepare { ballot: 57 } queue_len=1932
[step=2010] DELIVER from=1 to=6 type=Prepare { ballot: 57 } queue_len=1932
[step=2011] DELIVER from=1 to=7 type=Prepare { ballot: 57 } queue_len=1932
[step=2012] DELIVER from=1 to=8 type=Prepare { ballot: 57 } queue_len=1932
[step=2013] DELIVER from=1 to=9 type=Prepare { ballot: 57 } queue_len=1932
[step=2014] DELIVER from=1 to=10 type=Prepare { ballot: 57 } queue_len=1932
[step=2015] DELIVER from=1 to=11 type=Prepare { ballot: 57 } queue_len=1932
[step=2016] DELIVER from=1 to=12 type=Prepare { ballot: 57 } queue_len=1932
[step=2017] DELIVER from=1 to=13 type=Prepare { ballot: 57 } queue_len=1932
[step=2018] DELIVER from=1 to=14 type=Prepare { ballot: 57 } queue_len=1932
[step=2019] DELIVER from=1 to=15 type=Prepare { ballot: 57 } queue_len=1932
[step=2020] DELIVER from=1 to=16 type=Prepare { ballot: 57 } queue_len=1932
[step=2021] DELIVER from=1 to=17 type=Prepare { ballot: 57 } queue_len=1932
[step=2022] DELIVER from=1 to=18 type=Prepare { ballot: 57 } queue_len=1932
[step=2023] DELIVER from=1 to=19 type=Prepare { ballot: 57 } queue_len=1932
[step=2024] DELIVER from=1 to=20 type=Prepare { ballot: 57 } queue_len=1932
[step=2025] DELIVER from=1 to=21 type=Prepare { ballot: 57 } queue_len=1932
[step=2026] DELIVER from=1 to=22 type=Prepare { ballot: 57 } queue_len=1932
[step=2027] DELIVER from=1 to=23 type=Prepare { ballot: 57 } queue_len=1932
[step=2028] DELIVER from=1 to=24 type=Prepare { ballot: 57 } queue_len=1932
[step=2029] DELIVER from=1 to=25 type=Prepare { ballot: 57 } queue_len=1932
[step=2030] DELIVER from=18 to=1 type=Promise { ballot: 24, accepted_ballot: None, accepted_value: None } queue_len=1932
[PROMISE-TRACE] from=18 received_ballot=24 current_ballot=101 match=false
[step=2031] DELIVER from=19 to=1 type=Promise { ballot: 24, accepted_ballot: None, accepted_value: None } queue_len=1931
[PROMISE-TRACE] from=19 received_ballot=24 current_ballot=101 match=false
[step=2032] DELIVER from=20 to=1 type=Promise { ballot: 24, accepted_ballot: None, accepted_value: None } queue_len=1930
[PROMISE-TRACE] from=20 received_ballot=24 current_ballot=101 match=false
[step=2033] DELIVER from=21 to=1 type=Promise { ballot: 24, accepted_ballot: None, accepted_value: None } queue_len=1929
[PROMISE-TRACE] from=21 received_ballot=24 current_ballot=101 match=false
[step=2034] DELIVER from=22 to=1 type=Promise { ballot: 24, accepted_ballot: None, accepted_value: None } queue_len=1928
[PROMISE-TRACE] from=22 received_ballot=24 current_ballot=101 match=false
[step=2035] DELIVER from=23 to=1 type=Promise { ballot: 24, accepted_ballot: None, accepted_value: None } queue_len=1927
[PROMISE-TRACE] from=23 received_ballot=24 current_ballot=101 match=false
[step=2036] DELIVER from=24 to=1 type=Promise { ballot: 24, accepted_ballot: None, accepted_value: None } queue_len=1926
[PROMISE-TRACE] from=24 received_ballot=24 current_ballot=101 match=false
[step=2037] DELIVER from=25 to=1 type=Promise { ballot: 24, accepted_ballot: None, accepted_value: None } queue_len=1925
[PROMISE-TRACE] from=25 received_ballot=24 current_ballot=101 match=false
[step=2038] DELIVER from=1 to=1 type=Prepare { ballot: 58 } queue_len=1924
[step=2039] DELIVER from=1 to=2 type=Prepare { ballot: 58 } queue_len=1924
[step=2040] DELIVER from=1 to=3 type=Prepare { ballot: 58 } queue_len=1924
[step=2041] DELIVER from=1 to=4 type=Prepare { ballot: 58 } queue_len=1924
[step=2042] DELIVER from=1 to=5 type=Prepare { ballot: 58 } queue_len=1924
[step=2043] DELIVER from=1 to=6 type=Prepare { ballot: 58 } queue_len=1924
[step=2044] DELIVER from=1 to=7 type=Prepare { ballot: 58 } queue_len=1924
[step=2045] DELIVER from=1 to=8 type=Prepare { ballot: 58 } queue_len=1924
[step=2046] DELIVER from=1 to=9 type=Prepare { ballot: 58 } queue_len=1924
[step=2047] DELIVER from=1 to=10 type=Prepare { ballot: 58 } queue_len=1924
[step=2048] DELIVER from=1 to=11 type=Prepare { ballot: 58 } queue_len=1924
[step=2049] DELIVER from=1 to=12 type=Prepare { ballot: 58 } queue_len=1924
[step=2050] DELIVER from=1 to=13 type=Prepare { ballot: 58 } queue_len=1924
[step=2051] DELIVER from=1 to=14 type=Prepare { ballot: 58 } queue_len=1924
[step=2052] DELIVER from=1 to=15 type=Prepare { ballot: 58 } queue_len=1924
[step=2053] DELIVER from=1 to=16 type=Prepare { ballot: 58 } queue_len=1924
[step=2054] DELIVER from=1 to=17 type=Prepare { ballot: 58 } queue_len=1924
[step=2055] DELIVER from=1 to=18 type=Prepare { ballot: 58 } queue_len=1924
[step=2056] DELIVER from=1 to=19 type=Prepare { ballot: 58 } queue_len=1924
[step=2057] DELIVER from=1 to=20 type=Prepare { ballot: 58 } queue_len=1924
[step=2058] DELIVER from=1 to=21 type=Prepare { ballot: 58 } queue_len=1924
[step=2059] DELIVER from=1 to=22 type=Prepare { ballot: 58 } queue_len=1924
[step=2060] DELIVER from=1 to=23 type=Prepare { ballot: 58 } queue_len=1924
[step=2061] DELIVER from=1 to=24 type=Prepare { ballot: 58 } queue_len=1924
[step=2062] DELIVER from=1 to=25 type=Prepare { ballot: 58 } queue_len=1924
[step=2063] DELIVER from=1 to=1 type=Promise { ballot: 25, accepted_ballot: None, accepted_value: None } queue_len=1924
[PROMISE-TRACE] from=1 received_ballot=25 current_ballot=101 match=false
[step=2064] DELIVER from=2 to=1 type=Promise { ballot: 25, accepted_ballot: None, accepted_value: None } queue_len=1923
[PROMISE-TRACE] from=2 received_ballot=25 current_ballot=101 match=false
[step=2065] DELIVER from=3 to=1 type=Promise { ballot: 25, accepted_ballot: None, accepted_value: None } queue_len=1922
[PROMISE-TRACE] from=3 received_ballot=25 current_ballot=101 match=false
[step=2066] DELIVER from=4 to=1 type=Promise { ballot: 25, accepted_ballot: None, accepted_value: None } queue_len=1921
[PROMISE-TRACE] from=4 received_ballot=25 current_ballot=101 match=false
[step=2067] DELIVER from=5 to=1 type=Promise { ballot: 25, accepted_ballot: None, accepted_value: None } queue_len=1920
[PROMISE-TRACE] from=5 received_ballot=25 current_ballot=101 match=false
[step=2068] DELIVER from=6 to=1 type=Promise { ballot: 25, accepted_ballot: None, accepted_value: None } queue_len=1919
[PROMISE-TRACE] from=6 received_ballot=25 current_ballot=101 match=false
[step=2069] DELIVER from=7 to=1 type=Promise { ballot: 25, accepted_ballot: None, accepted_value: None } queue_len=1918
[PROMISE-TRACE] from=7 received_ballot=25 current_ballot=101 match=false
[step=2070] DELIVER from=1 to=1 type=Prepare { ballot: 59 } queue_len=1917
[step=2071] DELIVER from=1 to=2 type=Prepare { ballot: 59 } queue_len=1917
[step=2072] DELIVER from=1 to=3 type=Prepare { ballot: 59 } queue_len=1917
[step=2073] DELIVER from=1 to=4 type=Prepare { ballot: 59 } queue_len=1917
[step=2074] DELIVER from=1 to=5 type=Prepare { ballot: 59 } queue_len=1917
[step=2075] DELIVER from=1 to=6 type=Prepare { ballot: 59 } queue_len=1917
[step=2076] DELIVER from=1 to=7 type=Prepare { ballot: 59 } queue_len=1917
[step=2077] DELIVER from=1 to=8 type=Prepare { ballot: 59 } queue_len=1917
[step=2078] DELIVER from=1 to=9 type=Prepare { ballot: 59 } queue_len=1917
[step=2079] DELIVER from=1 to=10 type=Prepare { ballot: 59 } queue_len=1917
[step=2080] DELIVER from=1 to=11 type=Prepare { ballot: 59 } queue_len=1917
[step=2081] DELIVER from=1 to=12 type=Prepare { ballot: 59 } queue_len=1917
[step=2082] DELIVER from=1 to=13 type=Prepare { ballot: 59 } queue_len=1917
[step=2083] DELIVER from=1 to=14 type=Prepare { ballot: 59 } queue_len=1917
[step=2084] DELIVER from=1 to=15 type=Prepare { ballot: 59 } queue_len=1917
[step=2085] DELIVER from=1 to=16 type=Prepare { ballot: 59 } queue_len=1917
[step=2086] DELIVER from=1 to=17 type=Prepare { ballot: 59 } queue_len=1917
[step=2087] DELIVER from=1 to=18 type=Prepare { ballot: 59 } queue_len=1917
[step=2088] DELIVER from=1 to=19 type=Prepare { ballot: 59 } queue_len=1917
[step=2089] DELIVER from=1 to=20 type=Prepare { ballot: 59 } queue_len=1917
[step=2090] DELIVER from=1 to=21 type=Prepare { ballot: 59 } queue_len=1917
[step=2091] DELIVER from=1 to=22 type=Prepare { ballot: 59 } queue_len=1917
[step=2092] DELIVER from=1 to=23 type=Prepare { ballot: 59 } queue_len=1917
[step=2093] DELIVER from=1 to=24 type=Prepare { ballot: 59 } queue_len=1917
[step=2094] DELIVER from=1 to=25 type=Prepare { ballot: 59 } queue_len=1917
[step=2095] DELIVER from=8 to=1 type=Promise { ballot: 25, accepted_ballot: None, accepted_value: None } queue_len=1917
[PROMISE-TRACE] from=8 received_ballot=25 current_ballot=101 match=false
[step=2096] DELIVER from=9 to=1 type=Promise { ballot: 25, accepted_ballot: None, accepted_value: None } queue_len=1916
[PROMISE-TRACE] from=9 received_ballot=25 current_ballot=101 match=false
[step=2097] DELIVER from=10 to=1 type=Promise { ballot: 25, accepted_ballot: None, accepted_value: None } queue_len=1915
[PROMISE-TRACE] from=10 received_ballot=25 current_ballot=101 match=false
[step=2098] DELIVER from=11 to=1 type=Promise { ballot: 25, accepted_ballot: None, accepted_value: None } queue_len=1914
[PROMISE-TRACE] from=11 received_ballot=25 current_ballot=101 match=false
[step=2099] DELIVER from=12 to=1 type=Promise { ballot: 25, accepted_ballot: None, accepted_value: None } queue_len=1913
[PROMISE-TRACE] from=12 received_ballot=25 current_ballot=101 match=false
[step=2100] DELIVER from=13 to=1 type=Promise { ballot: 25, accepted_ballot: None, accepted_value: None } queue_len=1912
[PROMISE-TRACE] from=13 received_ballot=25 current_ballot=101 match=false
[step=2101] DELIVER from=14 to=1 type=Promise { ballot: 25, accepted_ballot: None, accepted_value: None } queue_len=1911
[PROMISE-TRACE] from=14 received_ballot=25 current_ballot=101 match=false
[step=2102] DELIVER from=15 to=1 type=Promise { ballot: 25, accepted_ballot: None, accepted_value: None } queue_len=1910
[PROMISE-TRACE] from=15 received_ballot=25 current_ballot=101 match=false
[step=2103] DELIVER from=16 to=1 type=Promise { ballot: 25, accepted_ballot: None, accepted_value: None } queue_len=1909
[PROMISE-TRACE] from=16 received_ballot=25 current_ballot=101 match=false
[step=2104] DELIVER from=17 to=1 type=Promise { ballot: 25, accepted_ballot: None, accepted_value: None } queue_len=1908
[PROMISE-TRACE] from=17 received_ballot=25 current_ballot=101 match=false
[step=2105] DELIVER from=18 to=1 type=Promise { ballot: 25, accepted_ballot: None, accepted_value: None } queue_len=1907
[PROMISE-TRACE] from=18 received_ballot=25 current_ballot=101 match=false
[step=2106] DELIVER from=19 to=1 type=Promise { ballot: 25, accepted_ballot: None, accepted_value: None } queue_len=1906
[PROMISE-TRACE] from=19 received_ballot=25 current_ballot=101 match=false
[step=2107] DELIVER from=20 to=1 type=Promise { ballot: 25, accepted_ballot: None, accepted_value: None } queue_len=1905
[PROMISE-TRACE] from=20 received_ballot=25 current_ballot=101 match=false
[step=2108] DELIVER from=21 to=1 type=Promise { ballot: 25, accepted_ballot: None, accepted_value: None } queue_len=1904
[PROMISE-TRACE] from=21 received_ballot=25 current_ballot=101 match=false
[step=2109] DELIVER from=22 to=1 type=Promise { ballot: 25, accepted_ballot: None, accepted_value: None } queue_len=1903
[PROMISE-TRACE] from=22 received_ballot=25 current_ballot=101 match=false
[step=2110] DELIVER from=1 to=1 type=Prepare { ballot: 60 } queue_len=1902
[step=2111] DELIVER from=1 to=2 type=Prepare { ballot: 60 } queue_len=1902
[step=2112] DELIVER from=1 to=3 type=Prepare { ballot: 60 } queue_len=1902
[step=2113] DELIVER from=1 to=4 type=Prepare { ballot: 60 } queue_len=1902
[step=2114] DELIVER from=1 to=5 type=Prepare { ballot: 60 } queue_len=1902
[step=2115] DELIVER from=1 to=6 type=Prepare { ballot: 60 } queue_len=1902
[step=2116] DELIVER from=1 to=7 type=Prepare { ballot: 60 } queue_len=1902
[step=2117] DELIVER from=1 to=8 type=Prepare { ballot: 60 } queue_len=1902
[step=2118] DELIVER from=1 to=9 type=Prepare { ballot: 60 } queue_len=1902
[step=2119] DELIVER from=1 to=10 type=Prepare { ballot: 60 } queue_len=1902
[step=2120] DELIVER from=1 to=11 type=Prepare { ballot: 60 } queue_len=1902
[step=2121] DELIVER from=1 to=12 type=Prepare { ballot: 60 } queue_len=1902
[step=2122] DELIVER from=1 to=13 type=Prepare { ballot: 60 } queue_len=1902
[step=2123] DELIVER from=1 to=14 type=Prepare { ballot: 60 } queue_len=1902
[step=2124] DELIVER from=1 to=15 type=Prepare { ballot: 60 } queue_len=1902
[step=2125] DELIVER from=1 to=16 type=Prepare { ballot: 60 } queue_len=1902
[step=2126] DELIVER from=1 to=17 type=Prepare { ballot: 60 } queue_len=1902
[step=2127] DELIVER from=1 to=18 type=Prepare { ballot: 60 } queue_len=1902
[step=2128] DELIVER from=1 to=19 type=Prepare { ballot: 60 } queue_len=1902
[step=2129] DELIVER from=1 to=20 type=Prepare { ballot: 60 } queue_len=1902
[step=2130] DELIVER from=1 to=21 type=Prepare { ballot: 60 } queue_len=1902
[step=2131] DELIVER from=1 to=22 type=Prepare { ballot: 60 } queue_len=1902
[step=2132] DELIVER from=1 to=23 type=Prepare { ballot: 60 } queue_len=1902
[step=2133] DELIVER from=1 to=24 type=Prepare { ballot: 60 } queue_len=1902
[step=2134] DELIVER from=1 to=25 type=Prepare { ballot: 60 } queue_len=1902
[step=2135] DELIVER from=23 to=1 type=Promise { ballot: 25, accepted_ballot: None, accepted_value: None } queue_len=1902
[PROMISE-TRACE] from=23 received_ballot=25 current_ballot=101 match=false
[step=2136] DELIVER from=24 to=1 type=Promise { ballot: 25, accepted_ballot: None, accepted_value: None } queue_len=1901
[PROMISE-TRACE] from=24 received_ballot=25 current_ballot=101 match=false
[step=2137] DELIVER from=25 to=1 type=Promise { ballot: 25, accepted_ballot: None, accepted_value: None } queue_len=1900
[PROMISE-TRACE] from=25 received_ballot=25 current_ballot=101 match=false
[step=2138] DELIVER from=1 to=1 type=Prepare { ballot: 61 } queue_len=1899
[step=2139] DELIVER from=1 to=2 type=Prepare { ballot: 61 } queue_len=1899
[step=2140] DELIVER from=1 to=3 type=Prepare { ballot: 61 } queue_len=1899
[step=2141] DELIVER from=1 to=4 type=Prepare { ballot: 61 } queue_len=1899
[step=2142] DELIVER from=1 to=5 type=Prepare { ballot: 61 } queue_len=1899
[step=2143] DELIVER from=1 to=6 type=Prepare { ballot: 61 } queue_len=1899
[step=2144] DELIVER from=1 to=7 type=Prepare { ballot: 61 } queue_len=1899
[step=2145] DELIVER from=1 to=8 type=Prepare { ballot: 61 } queue_len=1899
[step=2146] DELIVER from=1 to=9 type=Prepare { ballot: 61 } queue_len=1899
[step=2147] DELIVER from=1 to=10 type=Prepare { ballot: 61 } queue_len=1899
[step=2148] DELIVER from=1 to=11 type=Prepare { ballot: 61 } queue_len=1899
[step=2149] DELIVER from=1 to=12 type=Prepare { ballot: 61 } queue_len=1899
[step=2150] DELIVER from=1 to=13 type=Prepare { ballot: 61 } queue_len=1899
[step=2151] DELIVER from=1 to=14 type=Prepare { ballot: 61 } queue_len=1899
[step=2152] DELIVER from=1 to=15 type=Prepare { ballot: 61 } queue_len=1899
[step=2153] DELIVER from=1 to=16 type=Prepare { ballot: 61 } queue_len=1899
[step=2154] DELIVER from=1 to=17 type=Prepare { ballot: 61 } queue_len=1899
[step=2155] DELIVER from=1 to=18 type=Prepare { ballot: 61 } queue_len=1899
[step=2156] DELIVER from=1 to=19 type=Prepare { ballot: 61 } queue_len=1899
[step=2157] DELIVER from=1 to=20 type=Prepare { ballot: 61 } queue_len=1899
[step=2158] DELIVER from=1 to=21 type=Prepare { ballot: 61 } queue_len=1899
[step=2159] DELIVER from=1 to=22 type=Prepare { ballot: 61 } queue_len=1899
[step=2160] DELIVER from=1 to=23 type=Prepare { ballot: 61 } queue_len=1899
[step=2161] DELIVER from=1 to=24 type=Prepare { ballot: 61 } queue_len=1899
[step=2162] DELIVER from=1 to=25 type=Prepare { ballot: 61 } queue_len=1899
[step=2163] DELIVER from=1 to=1 type=Promise { ballot: 26, accepted_ballot: None, accepted_value: None } queue_len=1899
[PROMISE-TRACE] from=1 received_ballot=26 current_ballot=101 match=false
[step=2164] DELIVER from=2 to=1 type=Promise { ballot: 26, accepted_ballot: None, accepted_value: None } queue_len=1898
[PROMISE-TRACE] from=2 received_ballot=26 current_ballot=101 match=false
[step=2165] DELIVER from=3 to=1 type=Promise { ballot: 26, accepted_ballot: None, accepted_value: None } queue_len=1897
[PROMISE-TRACE] from=3 received_ballot=26 current_ballot=101 match=false
[step=2166] DELIVER from=4 to=1 type=Promise { ballot: 26, accepted_ballot: None, accepted_value: None } queue_len=1896
[PROMISE-TRACE] from=4 received_ballot=26 current_ballot=101 match=false
[step=2167] DELIVER from=5 to=1 type=Promise { ballot: 26, accepted_ballot: None, accepted_value: None } queue_len=1895
[PROMISE-TRACE] from=5 received_ballot=26 current_ballot=101 match=false
[step=2168] DELIVER from=6 to=1 type=Promise { ballot: 26, accepted_ballot: None, accepted_value: None } queue_len=1894
[PROMISE-TRACE] from=6 received_ballot=26 current_ballot=101 match=false
[step=2169] DELIVER from=7 to=1 type=Promise { ballot: 26, accepted_ballot: None, accepted_value: None } queue_len=1893
[PROMISE-TRACE] from=7 received_ballot=26 current_ballot=101 match=false
[step=2170] DELIVER from=8 to=1 type=Promise { ballot: 26, accepted_ballot: None, accepted_value: None } queue_len=1892
[PROMISE-TRACE] from=8 received_ballot=26 current_ballot=101 match=false
[step=2171] DELIVER from=9 to=1 type=Promise { ballot: 26, accepted_ballot: None, accepted_value: None } queue_len=1891
[PROMISE-TRACE] from=9 received_ballot=26 current_ballot=101 match=false
[step=2172] DELIVER from=10 to=1 type=Promise { ballot: 26, accepted_ballot: None, accepted_value: None } queue_len=1890
[PROMISE-TRACE] from=10 received_ballot=26 current_ballot=101 match=false
[step=2173] DELIVER from=11 to=1 type=Promise { ballot: 26, accepted_ballot: None, accepted_value: None } queue_len=1889
[PROMISE-TRACE] from=11 received_ballot=26 current_ballot=101 match=false
[step=2174] DELIVER from=12 to=1 type=Promise { ballot: 26, accepted_ballot: None, accepted_value: None } queue_len=1888
[PROMISE-TRACE] from=12 received_ballot=26 current_ballot=101 match=false
[step=2175] DELIVER from=13 to=1 type=Promise { ballot: 26, accepted_ballot: None, accepted_value: None } queue_len=1887
[PROMISE-TRACE] from=13 received_ballot=26 current_ballot=101 match=false
[step=2176] DELIVER from=14 to=1 type=Promise { ballot: 26, accepted_ballot: None, accepted_value: None } queue_len=1886
[PROMISE-TRACE] from=14 received_ballot=26 current_ballot=101 match=false
[step=2177] DELIVER from=15 to=1 type=Promise { ballot: 26, accepted_ballot: None, accepted_value: None } queue_len=1885
[PROMISE-TRACE] from=15 received_ballot=26 current_ballot=101 match=false
[step=2178] DELIVER from=1 to=1 type=Prepare { ballot: 62 } queue_len=1884
[step=2179] DELIVER from=1 to=2 type=Prepare { ballot: 62 } queue_len=1884
[step=2180] DELIVER from=1 to=3 type=Prepare { ballot: 62 } queue_len=1884
[step=2181] DELIVER from=1 to=4 type=Prepare { ballot: 62 } queue_len=1884
[step=2182] DELIVER from=1 to=5 type=Prepare { ballot: 62 } queue_len=1884
[step=2183] DELIVER from=1 to=6 type=Prepare { ballot: 62 } queue_len=1884
[step=2184] DELIVER from=1 to=7 type=Prepare { ballot: 62 } queue_len=1884
[step=2185] DELIVER from=1 to=8 type=Prepare { ballot: 62 } queue_len=1884
[step=2186] DELIVER from=1 to=9 type=Prepare { ballot: 62 } queue_len=1884
[step=2187] DELIVER from=1 to=10 type=Prepare { ballot: 62 } queue_len=1884
[step=2188] DELIVER from=1 to=11 type=Prepare { ballot: 62 } queue_len=1884
[step=2189] DELIVER from=1 to=12 type=Prepare { ballot: 62 } queue_len=1884
[step=2190] DELIVER from=1 to=13 type=Prepare { ballot: 62 } queue_len=1884
[step=2191] DELIVER from=1 to=14 type=Prepare { ballot: 62 } queue_len=1884
[step=2192] DELIVER from=1 to=15 type=Prepare { ballot: 62 } queue_len=1884
[step=2193] DELIVER from=1 to=16 type=Prepare { ballot: 62 } queue_len=1884
[step=2194] DELIVER from=1 to=17 type=Prepare { ballot: 62 } queue_len=1884
[step=2195] DELIVER from=1 to=18 type=Prepare { ballot: 62 } queue_len=1884
[step=2196] DELIVER from=1 to=19 type=Prepare { ballot: 62 } queue_len=1884
[step=2197] DELIVER from=1 to=20 type=Prepare { ballot: 62 } queue_len=1884
[step=2198] DELIVER from=1 to=21 type=Prepare { ballot: 62 } queue_len=1884
[step=2199] DELIVER from=1 to=22 type=Prepare { ballot: 62 } queue_len=1884
[step=2200] DELIVER from=1 to=23 type=Prepare { ballot: 62 } queue_len=1884
[step=2201] DELIVER from=1 to=24 type=Prepare { ballot: 62 } queue_len=1884
[step=2202] DELIVER from=1 to=25 type=Prepare { ballot: 62 } queue_len=1884
[step=2203] DELIVER from=16 to=1 type=Promise { ballot: 26, accepted_ballot: None, accepted_value: None } queue_len=1884
[PROMISE-TRACE] from=16 received_ballot=26 current_ballot=101 match=false
[step=2204] DELIVER from=17 to=1 type=Promise { ballot: 26, accepted_ballot: None, accepted_value: None } queue_len=1883
[PROMISE-TRACE] from=17 received_ballot=26 current_ballot=101 match=false
[step=2205] DELIVER from=18 to=1 type=Promise { ballot: 26, accepted_ballot: None, accepted_value: None } queue_len=1882
[PROMISE-TRACE] from=18 received_ballot=26 current_ballot=101 match=false
[step=2206] DELIVER from=19 to=1 type=Promise { ballot: 26, accepted_ballot: None, accepted_value: None } queue_len=1881
[PROMISE-TRACE] from=19 received_ballot=26 current_ballot=101 match=false
[step=2207] DELIVER from=20 to=1 type=Promise { ballot: 26, accepted_ballot: None, accepted_value: None } queue_len=1880
[PROMISE-TRACE] from=20 received_ballot=26 current_ballot=101 match=false
[step=2208] DELIVER from=21 to=1 type=Promise { ballot: 26, accepted_ballot: None, accepted_value: None } queue_len=1879
[PROMISE-TRACE] from=21 received_ballot=26 current_ballot=101 match=false
[step=2209] DELIVER from=22 to=1 type=Promise { ballot: 26, accepted_ballot: None, accepted_value: None } queue_len=1878
[PROMISE-TRACE] from=22 received_ballot=26 current_ballot=101 match=false
[step=2210] DELIVER from=23 to=1 type=Promise { ballot: 26, accepted_ballot: None, accepted_value: None } queue_len=1877
[PROMISE-TRACE] from=23 received_ballot=26 current_ballot=101 match=false
[step=2211] DELIVER from=24 to=1 type=Promise { ballot: 26, accepted_ballot: None, accepted_value: None } queue_len=1876
[PROMISE-TRACE] from=24 received_ballot=26 current_ballot=101 match=false
[step=2212] DELIVER from=25 to=1 type=Promise { ballot: 26, accepted_ballot: None, accepted_value: None } queue_len=1875
[PROMISE-TRACE] from=25 received_ballot=26 current_ballot=101 match=false
[step=2213] DELIVER from=1 to=1 type=Prepare { ballot: 63 } queue_len=1874
[step=2214] DELIVER from=1 to=2 type=Prepare { ballot: 63 } queue_len=1874
[step=2215] DELIVER from=1 to=3 type=Prepare { ballot: 63 } queue_len=1874
[step=2216] DELIVER from=1 to=4 type=Prepare { ballot: 63 } queue_len=1874
[step=2217] DELIVER from=1 to=5 type=Prepare { ballot: 63 } queue_len=1874
[step=2218] DELIVER from=1 to=6 type=Prepare { ballot: 63 } queue_len=1874
[step=2219] DELIVER from=1 to=7 type=Prepare { ballot: 63 } queue_len=1874
[step=2220] DELIVER from=1 to=8 type=Prepare { ballot: 63 } queue_len=1874
[step=2221] DELIVER from=1 to=9 type=Prepare { ballot: 63 } queue_len=1874
[step=2222] DELIVER from=1 to=10 type=Prepare { ballot: 63 } queue_len=1874
[step=2223] DELIVER from=1 to=11 type=Prepare { ballot: 63 } queue_len=1874
[step=2224] DELIVER from=1 to=12 type=Prepare { ballot: 63 } queue_len=1874
[step=2225] DELIVER from=1 to=13 type=Prepare { ballot: 63 } queue_len=1874
[step=2226] DELIVER from=1 to=14 type=Prepare { ballot: 63 } queue_len=1874
[step=2227] DELIVER from=1 to=15 type=Prepare { ballot: 63 } queue_len=1874
[step=2228] DELIVER from=1 to=16 type=Prepare { ballot: 63 } queue_len=1874
[step=2229] DELIVER from=1 to=17 type=Prepare { ballot: 63 } queue_len=1874
[step=2230] DELIVER from=1 to=18 type=Prepare { ballot: 63 } queue_len=1874
[step=2231] DELIVER from=1 to=19 type=Prepare { ballot: 63 } queue_len=1874
[step=2232] DELIVER from=1 to=20 type=Prepare { ballot: 63 } queue_len=1874
[step=2233] DELIVER from=1 to=21 type=Prepare { ballot: 63 } queue_len=1874
[step=2234] DELIVER from=1 to=22 type=Prepare { ballot: 63 } queue_len=1874
[step=2235] DELIVER from=1 to=23 type=Prepare { ballot: 63 } queue_len=1874
[step=2236] DELIVER from=1 to=24 type=Prepare { ballot: 63 } queue_len=1874
[step=2237] DELIVER from=1 to=25 type=Prepare { ballot: 63 } queue_len=1874
[step=2238] DELIVER from=1 to=1 type=Promise { ballot: 27, accepted_ballot: None, accepted_value: None } queue_len=1874
[PROMISE-TRACE] from=1 received_ballot=27 current_ballot=101 match=false
[step=2239] DELIVER from=2 to=1 type=Promise { ballot: 27, accepted_ballot: None, accepted_value: None } queue_len=1873
[PROMISE-TRACE] from=2 received_ballot=27 current_ballot=101 match=false
[step=2240] DELIVER from=3 to=1 type=Promise { ballot: 27, accepted_ballot: None, accepted_value: None } queue_len=1872
[PROMISE-TRACE] from=3 received_ballot=27 current_ballot=101 match=false
[step=2241] DELIVER from=4 to=1 type=Promise { ballot: 27, accepted_ballot: None, accepted_value: None } queue_len=1871
[PROMISE-TRACE] from=4 received_ballot=27 current_ballot=101 match=false
[step=2242] DELIVER from=5 to=1 type=Promise { ballot: 27, accepted_ballot: None, accepted_value: None } queue_len=1870
[PROMISE-TRACE] from=5 received_ballot=27 current_ballot=101 match=false
[step=2243] DELIVER from=6 to=1 type=Promise { ballot: 27, accepted_ballot: None, accepted_value: None } queue_len=1869
[PROMISE-TRACE] from=6 received_ballot=27 current_ballot=101 match=false
[step=2244] DELIVER from=7 to=1 type=Promise { ballot: 27, accepted_ballot: None, accepted_value: None } queue_len=1868
[PROMISE-TRACE] from=7 received_ballot=27 current_ballot=101 match=false
[step=2245] DELIVER from=1 to=1 type=Prepare { ballot: 64 } queue_len=1867
[step=2246] DELIVER from=1 to=2 type=Prepare { ballot: 64 } queue_len=1867
[step=2247] DELIVER from=1 to=3 type=Prepare { ballot: 64 } queue_len=1867
[step=2248] DELIVER from=1 to=4 type=Prepare { ballot: 64 } queue_len=1867
[step=2249] DELIVER from=1 to=5 type=Prepare { ballot: 64 } queue_len=1867
[step=2250] DELIVER from=1 to=6 type=Prepare { ballot: 64 } queue_len=1867
[step=2251] DELIVER from=1 to=7 type=Prepare { ballot: 64 } queue_len=1867
[step=2252] DELIVER from=1 to=8 type=Prepare { ballot: 64 } queue_len=1867
[step=2253] DELIVER from=1 to=9 type=Prepare { ballot: 64 } queue_len=1867
[step=2254] DELIVER from=1 to=10 type=Prepare { ballot: 64 } queue_len=1867
[step=2255] DELIVER from=1 to=11 type=Prepare { ballot: 64 } queue_len=1867
[step=2256] DELIVER from=1 to=12 type=Prepare { ballot: 64 } queue_len=1867
[step=2257] DELIVER from=1 to=13 type=Prepare { ballot: 64 } queue_len=1867
[step=2258] DELIVER from=1 to=14 type=Prepare { ballot: 64 } queue_len=1867
[step=2259] DELIVER from=1 to=15 type=Prepare { ballot: 64 } queue_len=1867
[step=2260] DELIVER from=1 to=16 type=Prepare { ballot: 64 } queue_len=1867
[step=2261] DELIVER from=1 to=17 type=Prepare { ballot: 64 } queue_len=1867
[step=2262] DELIVER from=1 to=18 type=Prepare { ballot: 64 } queue_len=1867
[step=2263] DELIVER from=1 to=19 type=Prepare { ballot: 64 } queue_len=1867
[step=2264] DELIVER from=1 to=20 type=Prepare { ballot: 64 } queue_len=1867
[step=2265] DELIVER from=1 to=21 type=Prepare { ballot: 64 } queue_len=1867
[step=2266] DELIVER from=1 to=22 type=Prepare { ballot: 64 } queue_len=1867
[step=2267] DELIVER from=1 to=23 type=Prepare { ballot: 64 } queue_len=1867
[step=2268] DELIVER from=1 to=24 type=Prepare { ballot: 64 } queue_len=1867
[step=2269] DELIVER from=1 to=25 type=Prepare { ballot: 64 } queue_len=1867
[step=2270] DELIVER from=8 to=1 type=Promise { ballot: 27, accepted_ballot: None, accepted_value: None } queue_len=1867
[PROMISE-TRACE] from=8 received_ballot=27 current_ballot=101 match=false
[step=2271] DELIVER from=9 to=1 type=Promise { ballot: 27, accepted_ballot: None, accepted_value: None } queue_len=1866
[PROMISE-TRACE] from=9 received_ballot=27 current_ballot=101 match=false
[step=2272] DELIVER from=10 to=1 type=Promise { ballot: 27, accepted_ballot: None, accepted_value: None } queue_len=1865
[PROMISE-TRACE] from=10 received_ballot=27 current_ballot=101 match=false
[step=2273] DELIVER from=11 to=1 type=Promise { ballot: 27, accepted_ballot: None, accepted_value: None } queue_len=1864
[PROMISE-TRACE] from=11 received_ballot=27 current_ballot=101 match=false
[step=2274] DELIVER from=12 to=1 type=Promise { ballot: 27, accepted_ballot: None, accepted_value: None } queue_len=1863
[PROMISE-TRACE] from=12 received_ballot=27 current_ballot=101 match=false
[step=2275] DELIVER from=13 to=1 type=Promise { ballot: 27, accepted_ballot: None, accepted_value: None } queue_len=1862
[PROMISE-TRACE] from=13 received_ballot=27 current_ballot=101 match=false
[step=2276] DELIVER from=14 to=1 type=Promise { ballot: 27, accepted_ballot: None, accepted_value: None } queue_len=1861
[PROMISE-TRACE] from=14 received_ballot=27 current_ballot=101 match=false
[step=2277] DELIVER from=15 to=1 type=Promise { ballot: 27, accepted_ballot: None, accepted_value: None } queue_len=1860
[PROMISE-TRACE] from=15 received_ballot=27 current_ballot=101 match=false
[step=2278] DELIVER from=16 to=1 type=Promise { ballot: 27, accepted_ballot: None, accepted_value: None } queue_len=1859
[PROMISE-TRACE] from=16 received_ballot=27 current_ballot=101 match=false
[step=2279] DELIVER from=17 to=1 type=Promise { ballot: 27, accepted_ballot: None, accepted_value: None } queue_len=1858
[PROMISE-TRACE] from=17 received_ballot=27 current_ballot=101 match=false
[step=2280] DELIVER from=18 to=1 type=Promise { ballot: 27, accepted_ballot: None, accepted_value: None } queue_len=1857
[PROMISE-TRACE] from=18 received_ballot=27 current_ballot=101 match=false
[step=2281] DELIVER from=19 to=1 type=Promise { ballot: 27, accepted_ballot: None, accepted_value: None } queue_len=1856
[PROMISE-TRACE] from=19 received_ballot=27 current_ballot=101 match=false
[step=2282] DELIVER from=20 to=1 type=Promise { ballot: 27, accepted_ballot: None, accepted_value: None } queue_len=1855
[PROMISE-TRACE] from=20 received_ballot=27 current_ballot=101 match=false
[step=2283] DELIVER from=21 to=1 type=Promise { ballot: 27, accepted_ballot: None, accepted_value: None } queue_len=1854
[PROMISE-TRACE] from=21 received_ballot=27 current_ballot=101 match=false
[step=2284] DELIVER from=22 to=1 type=Promise { ballot: 27, accepted_ballot: None, accepted_value: None } queue_len=1853
[PROMISE-TRACE] from=22 received_ballot=27 current_ballot=101 match=false
[step=2285] DELIVER from=1 to=1 type=Prepare { ballot: 65 } queue_len=1852
[step=2286] DELIVER from=1 to=2 type=Prepare { ballot: 65 } queue_len=1852
[step=2287] DELIVER from=1 to=3 type=Prepare { ballot: 65 } queue_len=1852
[step=2288] DELIVER from=1 to=4 type=Prepare { ballot: 65 } queue_len=1852
[step=2289] DELIVER from=1 to=5 type=Prepare { ballot: 65 } queue_len=1852
[step=2290] DELIVER from=1 to=6 type=Prepare { ballot: 65 } queue_len=1852
[step=2291] DELIVER from=1 to=7 type=Prepare { ballot: 65 } queue_len=1852
[step=2292] DELIVER from=1 to=8 type=Prepare { ballot: 65 } queue_len=1852
[step=2293] DELIVER from=1 to=9 type=Prepare { ballot: 65 } queue_len=1852
[step=2294] DELIVER from=1 to=10 type=Prepare { ballot: 65 } queue_len=1852
[step=2295] DELIVER from=1 to=11 type=Prepare { ballot: 65 } queue_len=1852
[step=2296] DELIVER from=1 to=12 type=Prepare { ballot: 65 } queue_len=1852
[step=2297] DELIVER from=1 to=13 type=Prepare { ballot: 65 } queue_len=1852
[step=2298] DELIVER from=1 to=14 type=Prepare { ballot: 65 } queue_len=1852
[step=2299] DELIVER from=1 to=15 type=Prepare { ballot: 65 } queue_len=1852
[step=2300] DELIVER from=1 to=16 type=Prepare { ballot: 65 } queue_len=1852
[step=2301] DELIVER from=1 to=17 type=Prepare { ballot: 65 } queue_len=1852
[step=2302] DELIVER from=1 to=18 type=Prepare { ballot: 65 } queue_len=1852
[step=2303] DELIVER from=1 to=19 type=Prepare { ballot: 65 } queue_len=1852
[step=2304] DELIVER from=1 to=20 type=Prepare { ballot: 65 } queue_len=1852
[step=2305] DELIVER from=1 to=21 type=Prepare { ballot: 65 } queue_len=1852
[step=2306] DELIVER from=1 to=22 type=Prepare { ballot: 65 } queue_len=1852
[step=2307] DELIVER from=1 to=23 type=Prepare { ballot: 65 } queue_len=1852
[step=2308] DELIVER from=1 to=24 type=Prepare { ballot: 65 } queue_len=1852
[step=2309] DELIVER from=1 to=25 type=Prepare { ballot: 65 } queue_len=1852
[step=2310] DELIVER from=23 to=1 type=Promise { ballot: 27, accepted_ballot: None, accepted_value: None } queue_len=1852
[PROMISE-TRACE] from=23 received_ballot=27 current_ballot=101 match=false
[step=2311] DELIVER from=24 to=1 type=Promise { ballot: 27, accepted_ballot: None, accepted_value: None } queue_len=1851
[PROMISE-TRACE] from=24 received_ballot=27 current_ballot=101 match=false
[step=2312] DELIVER from=25 to=1 type=Promise { ballot: 27, accepted_ballot: None, accepted_value: None } queue_len=1850
[PROMISE-TRACE] from=25 received_ballot=27 current_ballot=101 match=false
[step=2313] DELIVER from=1 to=1 type=Promise { ballot: 28, accepted_ballot: None, accepted_value: None } queue_len=1849
[PROMISE-TRACE] from=1 received_ballot=28 current_ballot=101 match=false
[step=2314] DELIVER from=2 to=1 type=Promise { ballot: 28, accepted_ballot: None, accepted_value: None } queue_len=1848
[PROMISE-TRACE] from=2 received_ballot=28 current_ballot=101 match=false
[step=2315] DELIVER from=3 to=1 type=Promise { ballot: 28, accepted_ballot: None, accepted_value: None } queue_len=1847
[PROMISE-TRACE] from=3 received_ballot=28 current_ballot=101 match=false
[step=2316] DELIVER from=4 to=1 type=Promise { ballot: 28, accepted_ballot: None, accepted_value: None } queue_len=1846
[PROMISE-TRACE] from=4 received_ballot=28 current_ballot=101 match=false
[step=2317] DELIVER from=5 to=1 type=Promise { ballot: 28, accepted_ballot: None, accepted_value: None } queue_len=1845
[PROMISE-TRACE] from=5 received_ballot=28 current_ballot=101 match=false
[step=2318] DELIVER from=6 to=1 type=Promise { ballot: 28, accepted_ballot: None, accepted_value: None } queue_len=1844
[PROMISE-TRACE] from=6 received_ballot=28 current_ballot=101 match=false
[step=2319] DELIVER from=7 to=1 type=Promise { ballot: 28, accepted_ballot: None, accepted_value: None } queue_len=1843
[PROMISE-TRACE] from=7 received_ballot=28 current_ballot=101 match=false
[step=2320] DELIVER from=8 to=1 type=Promise { ballot: 28, accepted_ballot: None, accepted_value: None } queue_len=1842
[PROMISE-TRACE] from=8 received_ballot=28 current_ballot=101 match=false
[step=2321] DELIVER from=9 to=1 type=Promise { ballot: 28, accepted_ballot: None, accepted_value: None } queue_len=1841
[PROMISE-TRACE] from=9 received_ballot=28 current_ballot=101 match=false
[step=2322] DELIVER from=10 to=1 type=Promise { ballot: 28, accepted_ballot: None, accepted_value: None } queue_len=1840
[PROMISE-TRACE] from=10 received_ballot=28 current_ballot=101 match=false
[step=2323] DELIVER from=1 to=1 type=Prepare { ballot: 66 } queue_len=1839
[step=2324] DELIVER from=1 to=2 type=Prepare { ballot: 66 } queue_len=1839
[step=2325] DELIVER from=1 to=3 type=Prepare { ballot: 66 } queue_len=1839
[step=2326] DELIVER from=1 to=4 type=Prepare { ballot: 66 } queue_len=1839
[step=2327] DELIVER from=1 to=5 type=Prepare { ballot: 66 } queue_len=1839
[step=2328] DELIVER from=1 to=6 type=Prepare { ballot: 66 } queue_len=1839
[step=2329] DELIVER from=1 to=7 type=Prepare { ballot: 66 } queue_len=1839
[step=2330] DELIVER from=1 to=8 type=Prepare { ballot: 66 } queue_len=1839
[step=2331] DELIVER from=1 to=9 type=Prepare { ballot: 66 } queue_len=1839
[step=2332] DELIVER from=1 to=10 type=Prepare { ballot: 66 } queue_len=1839
[step=2333] DELIVER from=1 to=11 type=Prepare { ballot: 66 } queue_len=1839
[step=2334] DELIVER from=1 to=12 type=Prepare { ballot: 66 } queue_len=1839
[step=2335] DELIVER from=1 to=13 type=Prepare { ballot: 66 } queue_len=1839
[step=2336] DELIVER from=1 to=14 type=Prepare { ballot: 66 } queue_len=1839
[step=2337] DELIVER from=1 to=15 type=Prepare { ballot: 66 } queue_len=1839
[step=2338] DELIVER from=1 to=16 type=Prepare { ballot: 66 } queue_len=1839
[step=2339] DELIVER from=1 to=17 type=Prepare { ballot: 66 } queue_len=1839
[step=2340] DELIVER from=1 to=18 type=Prepare { ballot: 66 } queue_len=1839
[step=2341] DELIVER from=1 to=19 type=Prepare { ballot: 66 } queue_len=1839
[step=2342] DELIVER from=1 to=20 type=Prepare { ballot: 66 } queue_len=1839
[step=2343] DELIVER from=1 to=21 type=Prepare { ballot: 66 } queue_len=1839
[step=2344] DELIVER from=1 to=22 type=Prepare { ballot: 66 } queue_len=1839
[step=2345] DELIVER from=1 to=23 type=Prepare { ballot: 66 } queue_len=1839
[step=2346] DELIVER from=1 to=24 type=Prepare { ballot: 66 } queue_len=1839
[step=2347] DELIVER from=1 to=25 type=Prepare { ballot: 66 } queue_len=1839
[step=2348] DELIVER from=11 to=1 type=Promise { ballot: 28, accepted_ballot: None, accepted_value: None } queue_len=1839
[PROMISE-TRACE] from=11 received_ballot=28 current_ballot=101 match=false
[step=2349] DELIVER from=12 to=1 type=Promise { ballot: 28, accepted_ballot: None, accepted_value: None } queue_len=1838
[PROMISE-TRACE] from=12 received_ballot=28 current_ballot=101 match=false
[step=2350] DELIVER from=13 to=1 type=Promise { ballot: 28, accepted_ballot: None, accepted_value: None } queue_len=1837
[PROMISE-TRACE] from=13 received_ballot=28 current_ballot=101 match=false
[step=2351] DELIVER from=14 to=1 type=Promise { ballot: 28, accepted_ballot: None, accepted_value: None } queue_len=1836
[PROMISE-TRACE] from=14 received_ballot=28 current_ballot=101 match=false
[step=2352] DELIVER from=15 to=1 type=Promise { ballot: 28, accepted_ballot: None, accepted_value: None } queue_len=1835
[PROMISE-TRACE] from=15 received_ballot=28 current_ballot=101 match=false
[step=2353] DELIVER from=16 to=1 type=Promise { ballot: 28, accepted_ballot: None, accepted_value: None } queue_len=1834
[PROMISE-TRACE] from=16 received_ballot=28 current_ballot=101 match=false
[step=2354] DELIVER from=17 to=1 type=Promise { ballot: 28, accepted_ballot: None, accepted_value: None } queue_len=1833
[PROMISE-TRACE] from=17 received_ballot=28 current_ballot=101 match=false
[step=2355] DELIVER from=18 to=1 type=Promise { ballot: 28, accepted_ballot: None, accepted_value: None } queue_len=1832
[PROMISE-TRACE] from=18 received_ballot=28 current_ballot=101 match=false
[step=2356] DELIVER from=19 to=1 type=Promise { ballot: 28, accepted_ballot: None, accepted_value: None } queue_len=1831
[PROMISE-TRACE] from=19 received_ballot=28 current_ballot=101 match=false
[step=2357] DELIVER from=20 to=1 type=Promise { ballot: 28, accepted_ballot: None, accepted_value: None } queue_len=1830
[PROMISE-TRACE] from=20 received_ballot=28 current_ballot=101 match=false
[step=2358] DELIVER from=21 to=1 type=Promise { ballot: 28, accepted_ballot: None, accepted_value: None } queue_len=1829
[PROMISE-TRACE] from=21 received_ballot=28 current_ballot=101 match=false
[step=2359] DELIVER from=22 to=1 type=Promise { ballot: 28, accepted_ballot: None, accepted_value: None } queue_len=1828
[PROMISE-TRACE] from=22 received_ballot=28 current_ballot=101 match=false
[step=2360] DELIVER from=23 to=1 type=Promise { ballot: 28, accepted_ballot: None, accepted_value: None } queue_len=1827
[PROMISE-TRACE] from=23 received_ballot=28 current_ballot=101 match=false
[step=2361] DELIVER from=24 to=1 type=Promise { ballot: 28, accepted_ballot: None, accepted_value: None } queue_len=1826
[PROMISE-TRACE] from=24 received_ballot=28 current_ballot=101 match=false
[step=2362] DELIVER from=25 to=1 type=Promise { ballot: 28, accepted_ballot: None, accepted_value: None } queue_len=1825
[PROMISE-TRACE] from=25 received_ballot=28 current_ballot=101 match=false
[step=2363] DELIVER from=1 to=1 type=Prepare { ballot: 67 } queue_len=1824
[step=2364] DELIVER from=1 to=2 type=Prepare { ballot: 67 } queue_len=1824
[step=2365] DELIVER from=1 to=3 type=Prepare { ballot: 67 } queue_len=1824
[step=2366] DELIVER from=1 to=4 type=Prepare { ballot: 67 } queue_len=1824
[step=2367] DELIVER from=1 to=5 type=Prepare { ballot: 67 } queue_len=1824
[step=2368] DELIVER from=1 to=6 type=Prepare { ballot: 67 } queue_len=1824
[step=2369] DELIVER from=1 to=7 type=Prepare { ballot: 67 } queue_len=1824
[step=2370] DELIVER from=1 to=8 type=Prepare { ballot: 67 } queue_len=1824
[step=2371] DELIVER from=1 to=9 type=Prepare { ballot: 67 } queue_len=1824
[step=2372] DELIVER from=1 to=10 type=Prepare { ballot: 67 } queue_len=1824
[step=2373] DELIVER from=1 to=11 type=Prepare { ballot: 67 } queue_len=1824
[step=2374] DELIVER from=1 to=12 type=Prepare { ballot: 67 } queue_len=1824
[step=2375] DELIVER from=1 to=13 type=Prepare { ballot: 67 } queue_len=1824
[step=2376] DELIVER from=1 to=14 type=Prepare { ballot: 67 } queue_len=1824
[step=2377] DELIVER from=1 to=15 type=Prepare { ballot: 67 } queue_len=1824
[step=2378] DELIVER from=1 to=16 type=Prepare { ballot: 67 } queue_len=1824
[step=2379] DELIVER from=1 to=17 type=Prepare { ballot: 67 } queue_len=1824
[step=2380] DELIVER from=1 to=18 type=Prepare { ballot: 67 } queue_len=1824
[step=2381] DELIVER from=1 to=19 type=Prepare { ballot: 67 } queue_len=1824
[step=2382] DELIVER from=1 to=20 type=Prepare { ballot: 67 } queue_len=1824
[step=2383] DELIVER from=1 to=21 type=Prepare { ballot: 67 } queue_len=1824
[step=2384] DELIVER from=1 to=22 type=Prepare { ballot: 67 } queue_len=1824
[step=2385] DELIVER from=1 to=23 type=Prepare { ballot: 67 } queue_len=1824
[step=2386] DELIVER from=1 to=24 type=Prepare { ballot: 67 } queue_len=1824
[step=2387] DELIVER from=1 to=25 type=Prepare { ballot: 67 } queue_len=1824
[step=2388] DELIVER from=1 to=1 type=Prepare { ballot: 68 } queue_len=1824
[step=2389] DELIVER from=1 to=2 type=Prepare { ballot: 68 } queue_len=1824
[step=2390] DELIVER from=1 to=3 type=Prepare { ballot: 68 } queue_len=1824
[step=2391] DELIVER from=1 to=4 type=Prepare { ballot: 68 } queue_len=1824
[step=2392] DELIVER from=1 to=5 type=Prepare { ballot: 68 } queue_len=1824
[step=2393] DELIVER from=1 to=6 type=Prepare { ballot: 68 } queue_len=1824
[step=2394] DELIVER from=1 to=7 type=Prepare { ballot: 68 } queue_len=1824
[step=2395] DELIVER from=1 to=8 type=Prepare { ballot: 68 } queue_len=1824
[step=2396] DELIVER from=1 to=9 type=Prepare { ballot: 68 } queue_len=1824
[step=2397] DELIVER from=1 to=10 type=Prepare { ballot: 68 } queue_len=1824
[step=2398] DELIVER from=1 to=11 type=Prepare { ballot: 68 } queue_len=1824
[step=2399] DELIVER from=1 to=12 type=Prepare { ballot: 68 } queue_len=1824
[step=2400] DELIVER from=1 to=13 type=Prepare { ballot: 68 } queue_len=1824
[step=2401] DELIVER from=1 to=14 type=Prepare { ballot: 68 } queue_len=1824
[step=2402] DELIVER from=1 to=15 type=Prepare { ballot: 68 } queue_len=1824
[step=2403] DELIVER from=1 to=16 type=Prepare { ballot: 68 } queue_len=1824
[step=2404] DELIVER from=1 to=17 type=Prepare { ballot: 68 } queue_len=1824
[step=2405] DELIVER from=1 to=18 type=Prepare { ballot: 68 } queue_len=1824
[step=2406] DELIVER from=1 to=19 type=Prepare { ballot: 68 } queue_len=1824
[step=2407] DELIVER from=1 to=20 type=Prepare { ballot: 68 } queue_len=1824
[step=2408] DELIVER from=1 to=21 type=Prepare { ballot: 68 } queue_len=1824
[step=2409] DELIVER from=1 to=22 type=Prepare { ballot: 68 } queue_len=1824
[step=2410] DELIVER from=1 to=23 type=Prepare { ballot: 68 } queue_len=1824
[step=2411] DELIVER from=1 to=24 type=Prepare { ballot: 68 } queue_len=1824
[step=2412] DELIVER from=1 to=25 type=Prepare { ballot: 68 } queue_len=1824
[step=2413] DELIVER from=1 to=1 type=Promise { ballot: 29, accepted_ballot: None, accepted_value: None } queue_len=1824
[PROMISE-TRACE] from=1 received_ballot=29 current_ballot=101 match=false
[step=2414] DELIVER from=2 to=1 type=Promise { ballot: 29, accepted_ballot: None, accepted_value: None } queue_len=1823
[PROMISE-TRACE] from=2 received_ballot=29 current_ballot=101 match=false
[step=2415] DELIVER from=3 to=1 type=Promise { ballot: 29, accepted_ballot: None, accepted_value: None } queue_len=1822
[PROMISE-TRACE] from=3 received_ballot=29 current_ballot=101 match=false
[step=2416] DELIVER from=4 to=1 type=Promise { ballot: 29, accepted_ballot: None, accepted_value: None } queue_len=1821
[PROMISE-TRACE] from=4 received_ballot=29 current_ballot=101 match=false
[step=2417] DELIVER from=5 to=1 type=Promise { ballot: 29, accepted_ballot: None, accepted_value: None } queue_len=1820
[PROMISE-TRACE] from=5 received_ballot=29 current_ballot=101 match=false
[step=2418] DELIVER from=6 to=1 type=Promise { ballot: 29, accepted_ballot: None, accepted_value: None } queue_len=1819
[PROMISE-TRACE] from=6 received_ballot=29 current_ballot=101 match=false
[step=2419] DELIVER from=7 to=1 type=Promise { ballot: 29, accepted_ballot: None, accepted_value: None } queue_len=1818
[PROMISE-TRACE] from=7 received_ballot=29 current_ballot=101 match=false
[step=2420] DELIVER from=8 to=1 type=Promise { ballot: 29, accepted_ballot: None, accepted_value: None } queue_len=1817
[PROMISE-TRACE] from=8 received_ballot=29 current_ballot=101 match=false
[step=2421] DELIVER from=9 to=1 type=Promise { ballot: 29, accepted_ballot: None, accepted_value: None } queue_len=1816
[PROMISE-TRACE] from=9 received_ballot=29 current_ballot=101 match=false
[step=2422] DELIVER from=10 to=1 type=Promise { ballot: 29, accepted_ballot: None, accepted_value: None } queue_len=1815
[PROMISE-TRACE] from=10 received_ballot=29 current_ballot=101 match=false
[step=2423] DELIVER from=11 to=1 type=Promise { ballot: 29, accepted_ballot: None, accepted_value: None } queue_len=1814
[PROMISE-TRACE] from=11 received_ballot=29 current_ballot=101 match=false
[step=2424] DELIVER from=12 to=1 type=Promise { ballot: 29, accepted_ballot: None, accepted_value: None } queue_len=1813
[PROMISE-TRACE] from=12 received_ballot=29 current_ballot=101 match=false
[step=2425] DELIVER from=13 to=1 type=Promise { ballot: 29, accepted_ballot: None, accepted_value: None } queue_len=1812
[PROMISE-TRACE] from=13 received_ballot=29 current_ballot=101 match=false
[step=2426] DELIVER from=14 to=1 type=Promise { ballot: 29, accepted_ballot: None, accepted_value: None } queue_len=1811
[PROMISE-TRACE] from=14 received_ballot=29 current_ballot=101 match=false
[step=2427] DELIVER from=15 to=1 type=Promise { ballot: 29, accepted_ballot: None, accepted_value: None } queue_len=1810
[PROMISE-TRACE] from=15 received_ballot=29 current_ballot=101 match=false
[step=2428] DELIVER from=1 to=1 type=Prepare { ballot: 69 } queue_len=1809
[step=2429] DELIVER from=1 to=2 type=Prepare { ballot: 69 } queue_len=1809
[step=2430] DELIVER from=1 to=3 type=Prepare { ballot: 69 } queue_len=1809
[step=2431] DELIVER from=1 to=4 type=Prepare { ballot: 69 } queue_len=1809
[step=2432] DELIVER from=1 to=5 type=Prepare { ballot: 69 } queue_len=1809
[step=2433] DELIVER from=1 to=6 type=Prepare { ballot: 69 } queue_len=1809
[step=2434] DELIVER from=1 to=7 type=Prepare { ballot: 69 } queue_len=1809
[step=2435] DELIVER from=1 to=8 type=Prepare { ballot: 69 } queue_len=1809
[step=2436] DELIVER from=1 to=9 type=Prepare { ballot: 69 } queue_len=1809
[step=2437] DELIVER from=1 to=10 type=Prepare { ballot: 69 } queue_len=1809
[step=2438] DELIVER from=1 to=11 type=Prepare { ballot: 69 } queue_len=1809
[step=2439] DELIVER from=1 to=12 type=Prepare { ballot: 69 } queue_len=1809
[step=2440] DELIVER from=1 to=13 type=Prepare { ballot: 69 } queue_len=1809
[step=2441] DELIVER from=1 to=14 type=Prepare { ballot: 69 } queue_len=1809
[step=2442] DELIVER from=1 to=15 type=Prepare { ballot: 69 } queue_len=1809
[step=2443] DELIVER from=1 to=16 type=Prepare { ballot: 69 } queue_len=1809
[step=2444] DELIVER from=1 to=17 type=Prepare { ballot: 69 } queue_len=1809
[step=2445] DELIVER from=1 to=18 type=Prepare { ballot: 69 } queue_len=1809
[step=2446] DELIVER from=1 to=19 type=Prepare { ballot: 69 } queue_len=1809
[step=2447] DELIVER from=1 to=20 type=Prepare { ballot: 69 } queue_len=1809
[step=2448] DELIVER from=1 to=21 type=Prepare { ballot: 69 } queue_len=1809
[step=2449] DELIVER from=1 to=22 type=Prepare { ballot: 69 } queue_len=1809
[step=2450] DELIVER from=1 to=23 type=Prepare { ballot: 69 } queue_len=1809
[step=2451] DELIVER from=1 to=24 type=Prepare { ballot: 69 } queue_len=1809
[step=2452] DELIVER from=1 to=25 type=Prepare { ballot: 69 } queue_len=1809
[step=2453] DELIVER from=16 to=1 type=Promise { ballot: 29, accepted_ballot: None, accepted_value: None } queue_len=1809
[PROMISE-TRACE] from=16 received_ballot=29 current_ballot=101 match=false
[step=2454] DELIVER from=17 to=1 type=Promise { ballot: 29, accepted_ballot: None, accepted_value: None } queue_len=1808
[PROMISE-TRACE] from=17 received_ballot=29 current_ballot=101 match=false
[step=2455] DELIVER from=18 to=1 type=Promise { ballot: 29, accepted_ballot: None, accepted_value: None } queue_len=1807
[PROMISE-TRACE] from=18 received_ballot=29 current_ballot=101 match=false
[step=2456] DELIVER from=19 to=1 type=Promise { ballot: 29, accepted_ballot: None, accepted_value: None } queue_len=1806
[PROMISE-TRACE] from=19 received_ballot=29 current_ballot=101 match=false
[step=2457] DELIVER from=20 to=1 type=Promise { ballot: 29, accepted_ballot: None, accepted_value: None } queue_len=1805
[PROMISE-TRACE] from=20 received_ballot=29 current_ballot=101 match=false
[step=2458] DELIVER from=21 to=1 type=Promise { ballot: 29, accepted_ballot: None, accepted_value: None } queue_len=1804
[PROMISE-TRACE] from=21 received_ballot=29 current_ballot=101 match=false
[step=2459] DELIVER from=22 to=1 type=Promise { ballot: 29, accepted_ballot: None, accepted_value: None } queue_len=1803
[PROMISE-TRACE] from=22 received_ballot=29 current_ballot=101 match=false
[step=2460] DELIVER from=23 to=1 type=Promise { ballot: 29, accepted_ballot: None, accepted_value: None } queue_len=1802
[PROMISE-TRACE] from=23 received_ballot=29 current_ballot=101 match=false
[step=2461] DELIVER from=24 to=1 type=Promise { ballot: 29, accepted_ballot: None, accepted_value: None } queue_len=1801
[PROMISE-TRACE] from=24 received_ballot=29 current_ballot=101 match=false
[step=2462] DELIVER from=25 to=1 type=Promise { ballot: 29, accepted_ballot: None, accepted_value: None } queue_len=1800
[PROMISE-TRACE] from=25 received_ballot=29 current_ballot=101 match=false
[step=2463] DELIVER from=1 to=1 type=Prepare { ballot: 70 } queue_len=1799
[step=2464] DELIVER from=1 to=2 type=Prepare { ballot: 70 } queue_len=1799
[step=2465] DELIVER from=1 to=3 type=Prepare { ballot: 70 } queue_len=1799
[step=2466] DELIVER from=1 to=4 type=Prepare { ballot: 70 } queue_len=1799
[step=2467] DELIVER from=1 to=5 type=Prepare { ballot: 70 } queue_len=1799
[step=2468] DELIVER from=1 to=6 type=Prepare { ballot: 70 } queue_len=1799
[step=2469] DELIVER from=1 to=7 type=Prepare { ballot: 70 } queue_len=1799
[step=2470] DELIVER from=1 to=8 type=Prepare { ballot: 70 } queue_len=1799
[step=2471] DELIVER from=1 to=9 type=Prepare { ballot: 70 } queue_len=1799
[step=2472] DELIVER from=1 to=10 type=Prepare { ballot: 70 } queue_len=1799
[step=2473] DELIVER from=1 to=11 type=Prepare { ballot: 70 } queue_len=1799
[step=2474] DELIVER from=1 to=12 type=Prepare { ballot: 70 } queue_len=1799
[step=2475] DELIVER from=1 to=13 type=Prepare { ballot: 70 } queue_len=1799
[step=2476] DELIVER from=1 to=14 type=Prepare { ballot: 70 } queue_len=1799
[step=2477] DELIVER from=1 to=15 type=Prepare { ballot: 70 } queue_len=1799
[step=2478] DELIVER from=1 to=16 type=Prepare { ballot: 70 } queue_len=1799
[step=2479] DELIVER from=1 to=17 type=Prepare { ballot: 70 } queue_len=1799
[step=2480] DELIVER from=1 to=18 type=Prepare { ballot: 70 } queue_len=1799
[step=2481] DELIVER from=1 to=19 type=Prepare { ballot: 70 } queue_len=1799
[step=2482] DELIVER from=1 to=20 type=Prepare { ballot: 70 } queue_len=1799
[step=2483] DELIVER from=1 to=21 type=Prepare { ballot: 70 } queue_len=1799
[step=2484] DELIVER from=1 to=22 type=Prepare { ballot: 70 } queue_len=1799
[step=2485] DELIVER from=1 to=23 type=Prepare { ballot: 70 } queue_len=1799
[step=2486] DELIVER from=1 to=24 type=Prepare { ballot: 70 } queue_len=1799
[step=2487] DELIVER from=1 to=25 type=Prepare { ballot: 70 } queue_len=1799
[step=2488] DELIVER from=1 to=1 type=Promise { ballot: 30, accepted_ballot: None, accepted_value: None } queue_len=1799
[PROMISE-TRACE] from=1 received_ballot=30 current_ballot=101 match=false
[step=2489] DELIVER from=2 to=1 type=Promise { ballot: 30, accepted_ballot: None, accepted_value: None } queue_len=1798
[PROMISE-TRACE] from=2 received_ballot=30 current_ballot=101 match=false
[step=2490] DELIVER from=3 to=1 type=Promise { ballot: 30, accepted_ballot: None, accepted_value: None } queue_len=1797
[PROMISE-TRACE] from=3 received_ballot=30 current_ballot=101 match=false
[step=2491] DELIVER from=4 to=1 type=Promise { ballot: 30, accepted_ballot: None, accepted_value: None } queue_len=1796
[PROMISE-TRACE] from=4 received_ballot=30 current_ballot=101 match=false
[step=2492] DELIVER from=5 to=1 type=Promise { ballot: 30, accepted_ballot: None, accepted_value: None } queue_len=1795
[PROMISE-TRACE] from=5 received_ballot=30 current_ballot=101 match=false
[step=2493] DELIVER from=6 to=1 type=Promise { ballot: 30, accepted_ballot: None, accepted_value: None } queue_len=1794
[PROMISE-TRACE] from=6 received_ballot=30 current_ballot=101 match=false
[step=2494] DELIVER from=7 to=1 type=Promise { ballot: 30, accepted_ballot: None, accepted_value: None } queue_len=1793
[PROMISE-TRACE] from=7 received_ballot=30 current_ballot=101 match=false
[step=2495] DELIVER from=8 to=1 type=Promise { ballot: 30, accepted_ballot: None, accepted_value: None } queue_len=1792
[PROMISE-TRACE] from=8 received_ballot=30 current_ballot=101 match=false
[step=2496] DELIVER from=9 to=1 type=Promise { ballot: 30, accepted_ballot: None, accepted_value: None } queue_len=1791
[PROMISE-TRACE] from=9 received_ballot=30 current_ballot=101 match=false
[step=2497] DELIVER from=10 to=1 type=Promise { ballot: 30, accepted_ballot: None, accepted_value: None } queue_len=1790
[PROMISE-TRACE] from=10 received_ballot=30 current_ballot=101 match=false
[step=2498] DELIVER from=11 to=1 type=Promise { ballot: 30, accepted_ballot: None, accepted_value: None } queue_len=1789
[PROMISE-TRACE] from=11 received_ballot=30 current_ballot=101 match=false
[step=2499] DELIVER from=12 to=1 type=Promise { ballot: 30, accepted_ballot: None, accepted_value: None } queue_len=1788
[PROMISE-TRACE] from=12 received_ballot=30 current_ballot=101 match=false
[step=2500] DELIVER from=1 to=1 type=Prepare { ballot: 71 } queue_len=1787
[step=2501] DELIVER from=1 to=2 type=Prepare { ballot: 71 } queue_len=1787
[step=2502] DELIVER from=1 to=3 type=Prepare { ballot: 71 } queue_len=1787
[step=2503] DELIVER from=1 to=4 type=Prepare { ballot: 71 } queue_len=1787
[step=2504] DELIVER from=1 to=5 type=Prepare { ballot: 71 } queue_len=1787
[step=2505] DELIVER from=1 to=6 type=Prepare { ballot: 71 } queue_len=1787
[step=2506] DELIVER from=1 to=7 type=Prepare { ballot: 71 } queue_len=1787
[step=2507] DELIVER from=1 to=8 type=Prepare { ballot: 71 } queue_len=1787
[step=2508] DELIVER from=1 to=9 type=Prepare { ballot: 71 } queue_len=1787
[step=2509] DELIVER from=1 to=10 type=Prepare { ballot: 71 } queue_len=1787
[step=2510] DELIVER from=1 to=11 type=Prepare { ballot: 71 } queue_len=1787
[step=2511] DELIVER from=1 to=12 type=Prepare { ballot: 71 } queue_len=1787
[step=2512] DELIVER from=1 to=13 type=Prepare { ballot: 71 } queue_len=1787
[step=2513] DELIVER from=1 to=14 type=Prepare { ballot: 71 } queue_len=1787
[step=2514] DELIVER from=1 to=15 type=Prepare { ballot: 71 } queue_len=1787
[step=2515] DELIVER from=1 to=16 type=Prepare { ballot: 71 } queue_len=1787
[step=2516] DELIVER from=1 to=17 type=Prepare { ballot: 71 } queue_len=1787
[step=2517] DELIVER from=1 to=18 type=Prepare { ballot: 71 } queue_len=1787
[step=2518] DELIVER from=1 to=19 type=Prepare { ballot: 71 } queue_len=1787
[step=2519] DELIVER from=1 to=20 type=Prepare { ballot: 71 } queue_len=1787
[step=2520] DELIVER from=1 to=21 type=Prepare { ballot: 71 } queue_len=1787
[step=2521] DELIVER from=1 to=22 type=Prepare { ballot: 71 } queue_len=1787
[step=2522] DELIVER from=1 to=23 type=Prepare { ballot: 71 } queue_len=1787
[step=2523] DELIVER from=1 to=24 type=Prepare { ballot: 71 } queue_len=1787
[step=2524] DELIVER from=1 to=25 type=Prepare { ballot: 71 } queue_len=1787
[step=2525] DELIVER from=13 to=1 type=Promise { ballot: 30, accepted_ballot: None, accepted_value: None } queue_len=1787
[PROMISE-TRACE] from=13 received_ballot=30 current_ballot=101 match=false
[step=2526] DELIVER from=14 to=1 type=Promise { ballot: 30, accepted_ballot: None, accepted_value: None } queue_len=1786
[PROMISE-TRACE] from=14 received_ballot=30 current_ballot=101 match=false
[step=2527] DELIVER from=15 to=1 type=Promise { ballot: 30, accepted_ballot: None, accepted_value: None } queue_len=1785
[PROMISE-TRACE] from=15 received_ballot=30 current_ballot=101 match=false
[step=2528] DELIVER from=16 to=1 type=Promise { ballot: 30, accepted_ballot: None, accepted_value: None } queue_len=1784
[PROMISE-TRACE] from=16 received_ballot=30 current_ballot=101 match=false
[step=2529] DELIVER from=17 to=1 type=Promise { ballot: 30, accepted_ballot: None, accepted_value: None } queue_len=1783
[PROMISE-TRACE] from=17 received_ballot=30 current_ballot=101 match=false
[step=2530] DELIVER from=18 to=1 type=Promise { ballot: 30, accepted_ballot: None, accepted_value: None } queue_len=1782
[PROMISE-TRACE] from=18 received_ballot=30 current_ballot=101 match=false
[step=2531] DELIVER from=19 to=1 type=Promise { ballot: 30, accepted_ballot: None, accepted_value: None } queue_len=1781
[PROMISE-TRACE] from=19 received_ballot=30 current_ballot=101 match=false
[step=2532] DELIVER from=20 to=1 type=Promise { ballot: 30, accepted_ballot: None, accepted_value: None } queue_len=1780
[PROMISE-TRACE] from=20 received_ballot=30 current_ballot=101 match=false
[step=2533] DELIVER from=21 to=1 type=Promise { ballot: 30, accepted_ballot: None, accepted_value: None } queue_len=1779
[PROMISE-TRACE] from=21 received_ballot=30 current_ballot=101 match=false
[step=2534] DELIVER from=22 to=1 type=Promise { ballot: 30, accepted_ballot: None, accepted_value: None } queue_len=1778
[PROMISE-TRACE] from=22 received_ballot=30 current_ballot=101 match=false
[step=2535] DELIVER from=23 to=1 type=Promise { ballot: 30, accepted_ballot: None, accepted_value: None } queue_len=1777
[PROMISE-TRACE] from=23 received_ballot=30 current_ballot=101 match=false
[step=2536] DELIVER from=24 to=1 type=Promise { ballot: 30, accepted_ballot: None, accepted_value: None } queue_len=1776
[PROMISE-TRACE] from=24 received_ballot=30 current_ballot=101 match=false
[step=2537] DELIVER from=25 to=1 type=Promise { ballot: 30, accepted_ballot: None, accepted_value: None } queue_len=1775
[PROMISE-TRACE] from=25 received_ballot=30 current_ballot=101 match=false
[step=2538] DELIVER from=1 to=1 type=Prepare { ballot: 72 } queue_len=1774
[step=2539] DELIVER from=1 to=2 type=Prepare { ballot: 72 } queue_len=1774
[step=2540] DELIVER from=1 to=3 type=Prepare { ballot: 72 } queue_len=1774
[step=2541] DELIVER from=1 to=4 type=Prepare { ballot: 72 } queue_len=1774
[step=2542] DELIVER from=1 to=5 type=Prepare { ballot: 72 } queue_len=1774
[step=2543] DELIVER from=1 to=6 type=Prepare { ballot: 72 } queue_len=1774
[step=2544] DELIVER from=1 to=7 type=Prepare { ballot: 72 } queue_len=1774
[step=2545] DELIVER from=1 to=8 type=Prepare { ballot: 72 } queue_len=1774
[step=2546] DELIVER from=1 to=9 type=Prepare { ballot: 72 } queue_len=1774
[step=2547] DELIVER from=1 to=10 type=Prepare { ballot: 72 } queue_len=1774
[step=2548] DELIVER from=1 to=11 type=Prepare { ballot: 72 } queue_len=1774
[step=2549] DELIVER from=1 to=12 type=Prepare { ballot: 72 } queue_len=1774
[step=2550] DELIVER from=1 to=13 type=Prepare { ballot: 72 } queue_len=1774
[step=2551] DELIVER from=1 to=14 type=Prepare { ballot: 72 } queue_len=1774
[step=2552] DELIVER from=1 to=15 type=Prepare { ballot: 72 } queue_len=1774
[step=2553] DELIVER from=1 to=16 type=Prepare { ballot: 72 } queue_len=1774
[step=2554] DELIVER from=1 to=17 type=Prepare { ballot: 72 } queue_len=1774
[step=2555] DELIVER from=1 to=18 type=Prepare { ballot: 72 } queue_len=1774
[step=2556] DELIVER from=1 to=19 type=Prepare { ballot: 72 } queue_len=1774
[step=2557] DELIVER from=1 to=20 type=Prepare { ballot: 72 } queue_len=1774
[step=2558] DELIVER from=1 to=21 type=Prepare { ballot: 72 } queue_len=1774
[step=2559] DELIVER from=1 to=22 type=Prepare { ballot: 72 } queue_len=1774
[step=2560] DELIVER from=1 to=23 type=Prepare { ballot: 72 } queue_len=1774
[step=2561] DELIVER from=1 to=24 type=Prepare { ballot: 72 } queue_len=1774
[step=2562] DELIVER from=1 to=25 type=Prepare { ballot: 72 } queue_len=1774
[step=2563] DELIVER from=1 to=1 type=Promise { ballot: 31, accepted_ballot: None, accepted_value: None } queue_len=1774
[PROMISE-TRACE] from=1 received_ballot=31 current_ballot=101 match=false
[step=2564] DELIVER from=2 to=1 type=Promise { ballot: 31, accepted_ballot: None, accepted_value: None } queue_len=1773
[PROMISE-TRACE] from=2 received_ballot=31 current_ballot=101 match=false
[step=2565] DELIVER from=3 to=1 type=Promise { ballot: 31, accepted_ballot: None, accepted_value: None } queue_len=1772
[PROMISE-TRACE] from=3 received_ballot=31 current_ballot=101 match=false
[step=2566] DELIVER from=4 to=1 type=Promise { ballot: 31, accepted_ballot: None, accepted_value: None } queue_len=1771
[PROMISE-TRACE] from=4 received_ballot=31 current_ballot=101 match=false
[step=2567] DELIVER from=5 to=1 type=Promise { ballot: 31, accepted_ballot: None, accepted_value: None } queue_len=1770
[PROMISE-TRACE] from=5 received_ballot=31 current_ballot=101 match=false
[step=2568] DELIVER from=1 to=1 type=Prepare { ballot: 73 } queue_len=1769
[step=2569] DELIVER from=1 to=2 type=Prepare { ballot: 73 } queue_len=1769
[step=2570] DELIVER from=1 to=3 type=Prepare { ballot: 73 } queue_len=1769
[step=2571] DELIVER from=1 to=4 type=Prepare { ballot: 73 } queue_len=1769
[step=2572] DELIVER from=1 to=5 type=Prepare { ballot: 73 } queue_len=1769
[step=2573] DELIVER from=1 to=6 type=Prepare { ballot: 73 } queue_len=1769
[step=2574] DELIVER from=1 to=7 type=Prepare { ballot: 73 } queue_len=1769
[step=2575] DELIVER from=1 to=8 type=Prepare { ballot: 73 } queue_len=1769
[step=2576] DELIVER from=1 to=9 type=Prepare { ballot: 73 } queue_len=1769
[step=2577] DELIVER from=1 to=10 type=Prepare { ballot: 73 } queue_len=1769
[step=2578] DELIVER from=1 to=11 type=Prepare { ballot: 73 } queue_len=1769
[step=2579] DELIVER from=1 to=12 type=Prepare { ballot: 73 } queue_len=1769
[step=2580] DELIVER from=1 to=13 type=Prepare { ballot: 73 } queue_len=1769
[step=2581] DELIVER from=1 to=14 type=Prepare { ballot: 73 } queue_len=1769
[step=2582] DELIVER from=1 to=15 type=Prepare { ballot: 73 } queue_len=1769
[step=2583] DELIVER from=1 to=16 type=Prepare { ballot: 73 } queue_len=1769
[step=2584] DELIVER from=1 to=17 type=Prepare { ballot: 73 } queue_len=1769
[step=2585] DELIVER from=1 to=18 type=Prepare { ballot: 73 } queue_len=1769
[step=2586] DELIVER from=1 to=19 type=Prepare { ballot: 73 } queue_len=1769
[step=2587] DELIVER from=1 to=20 type=Prepare { ballot: 73 } queue_len=1769
[step=2588] DELIVER from=1 to=21 type=Prepare { ballot: 73 } queue_len=1769
[step=2589] DELIVER from=1 to=22 type=Prepare { ballot: 73 } queue_len=1769
[step=2590] DELIVER from=1 to=23 type=Prepare { ballot: 73 } queue_len=1769
[step=2591] DELIVER from=1 to=24 type=Prepare { ballot: 73 } queue_len=1769
[step=2592] DELIVER from=1 to=25 type=Prepare { ballot: 73 } queue_len=1769
[step=2593] DELIVER from=6 to=1 type=Promise { ballot: 31, accepted_ballot: None, accepted_value: None } queue_len=1769
[PROMISE-TRACE] from=6 received_ballot=31 current_ballot=101 match=false
[step=2594] DELIVER from=7 to=1 type=Promise { ballot: 31, accepted_ballot: None, accepted_value: None } queue_len=1768
[PROMISE-TRACE] from=7 received_ballot=31 current_ballot=101 match=false
[step=2595] DELIVER from=8 to=1 type=Promise { ballot: 31, accepted_ballot: None, accepted_value: None } queue_len=1767
[PROMISE-TRACE] from=8 received_ballot=31 current_ballot=101 match=false
[step=2596] DELIVER from=9 to=1 type=Promise { ballot: 31, accepted_ballot: None, accepted_value: None } queue_len=1766
[PROMISE-TRACE] from=9 received_ballot=31 current_ballot=101 match=false
[step=2597] DELIVER from=10 to=1 type=Promise { ballot: 31, accepted_ballot: None, accepted_value: None } queue_len=1765
[PROMISE-TRACE] from=10 received_ballot=31 current_ballot=101 match=false
[step=2598] DELIVER from=11 to=1 type=Promise { ballot: 31, accepted_ballot: None, accepted_value: None } queue_len=1764
[PROMISE-TRACE] from=11 received_ballot=31 current_ballot=101 match=false
[step=2599] DELIVER from=12 to=1 type=Promise { ballot: 31, accepted_ballot: None, accepted_value: None } queue_len=1763
[PROMISE-TRACE] from=12 received_ballot=31 current_ballot=101 match=false
[step=2600] DELIVER from=13 to=1 type=Promise { ballot: 31, accepted_ballot: None, accepted_value: None } queue_len=1762
[PROMISE-TRACE] from=13 received_ballot=31 current_ballot=101 match=false
[step=2601] DELIVER from=14 to=1 type=Promise { ballot: 31, accepted_ballot: None, accepted_value: None } queue_len=1761
[PROMISE-TRACE] from=14 received_ballot=31 current_ballot=101 match=false
[step=2602] DELIVER from=15 to=1 type=Promise { ballot: 31, accepted_ballot: None, accepted_value: None } queue_len=1760
[PROMISE-TRACE] from=15 received_ballot=31 current_ballot=101 match=false
[step=2603] DELIVER from=16 to=1 type=Promise { ballot: 31, accepted_ballot: None, accepted_value: None } queue_len=1759
[PROMISE-TRACE] from=16 received_ballot=31 current_ballot=101 match=false
[step=2604] DELIVER from=17 to=1 type=Promise { ballot: 31, accepted_ballot: None, accepted_value: None } queue_len=1758
[PROMISE-TRACE] from=17 received_ballot=31 current_ballot=101 match=false
[step=2605] DELIVER from=18 to=1 type=Promise { ballot: 31, accepted_ballot: None, accepted_value: None } queue_len=1757
[PROMISE-TRACE] from=18 received_ballot=31 current_ballot=101 match=false
[step=2606] DELIVER from=19 to=1 type=Promise { ballot: 31, accepted_ballot: None, accepted_value: None } queue_len=1756
[PROMISE-TRACE] from=19 received_ballot=31 current_ballot=101 match=false
[step=2607] DELIVER from=20 to=1 type=Promise { ballot: 31, accepted_ballot: None, accepted_value: None } queue_len=1755
[PROMISE-TRACE] from=20 received_ballot=31 current_ballot=101 match=false
[step=2608] DELIVER from=1 to=1 type=Prepare { ballot: 74 } queue_len=1754
[step=2609] DELIVER from=1 to=2 type=Prepare { ballot: 74 } queue_len=1754
[step=2610] DELIVER from=1 to=3 type=Prepare { ballot: 74 } queue_len=1754
[step=2611] DELIVER from=1 to=4 type=Prepare { ballot: 74 } queue_len=1754
[step=2612] DELIVER from=1 to=5 type=Prepare { ballot: 74 } queue_len=1754
[step=2613] DELIVER from=1 to=6 type=Prepare { ballot: 74 } queue_len=1754
[step=2614] DELIVER from=1 to=7 type=Prepare { ballot: 74 } queue_len=1754
[step=2615] DELIVER from=1 to=8 type=Prepare { ballot: 74 } queue_len=1754
[step=2616] DELIVER from=1 to=9 type=Prepare { ballot: 74 } queue_len=1754
[step=2617] DELIVER from=1 to=10 type=Prepare { ballot: 74 } queue_len=1754
[step=2618] DELIVER from=1 to=11 type=Prepare { ballot: 74 } queue_len=1754
[step=2619] DELIVER from=1 to=12 type=Prepare { ballot: 74 } queue_len=1754
[step=2620] DELIVER from=1 to=13 type=Prepare { ballot: 74 } queue_len=1754
[step=2621] DELIVER from=1 to=14 type=Prepare { ballot: 74 } queue_len=1754
[step=2622] DELIVER from=1 to=15 type=Prepare { ballot: 74 } queue_len=1754
[step=2623] DELIVER from=1 to=16 type=Prepare { ballot: 74 } queue_len=1754
[step=2624] DELIVER from=1 to=17 type=Prepare { ballot: 74 } queue_len=1754
[step=2625] DELIVER from=1 to=18 type=Prepare { ballot: 74 } queue_len=1754
[step=2626] DELIVER from=1 to=19 type=Prepare { ballot: 74 } queue_len=1754
[step=2627] DELIVER from=1 to=20 type=Prepare { ballot: 74 } queue_len=1754
[step=2628] DELIVER from=1 to=21 type=Prepare { ballot: 74 } queue_len=1754
[step=2629] DELIVER from=1 to=22 type=Prepare { ballot: 74 } queue_len=1754
[step=2630] DELIVER from=1 to=23 type=Prepare { ballot: 74 } queue_len=1754
[step=2631] DELIVER from=1 to=24 type=Prepare { ballot: 74 } queue_len=1754
[step=2632] DELIVER from=1 to=25 type=Prepare { ballot: 74 } queue_len=1754
[step=2633] DELIVER from=21 to=1 type=Promise { ballot: 31, accepted_ballot: None, accepted_value: None } queue_len=1754
[PROMISE-TRACE] from=21 received_ballot=31 current_ballot=101 match=false
[step=2634] DELIVER from=22 to=1 type=Promise { ballot: 31, accepted_ballot: None, accepted_value: None } queue_len=1753
[PROMISE-TRACE] from=22 received_ballot=31 current_ballot=101 match=false
[step=2635] DELIVER from=23 to=1 type=Promise { ballot: 31, accepted_ballot: None, accepted_value: None } queue_len=1752
[PROMISE-TRACE] from=23 received_ballot=31 current_ballot=101 match=false
[step=2636] DELIVER from=24 to=1 type=Promise { ballot: 31, accepted_ballot: None, accepted_value: None } queue_len=1751
[PROMISE-TRACE] from=24 received_ballot=31 current_ballot=101 match=false
[step=2637] DELIVER from=25 to=1 type=Promise { ballot: 31, accepted_ballot: None, accepted_value: None } queue_len=1750
[PROMISE-TRACE] from=25 received_ballot=31 current_ballot=101 match=false
[step=2638] DELIVER from=1 to=1 type=Prepare { ballot: 75 } queue_len=1749
[step=2639] DELIVER from=1 to=2 type=Prepare { ballot: 75 } queue_len=1749
[step=2640] DELIVER from=1 to=3 type=Prepare { ballot: 75 } queue_len=1749
[step=2641] DELIVER from=1 to=4 type=Prepare { ballot: 75 } queue_len=1749
[step=2642] DELIVER from=1 to=5 type=Prepare { ballot: 75 } queue_len=1749
[step=2643] DELIVER from=1 to=6 type=Prepare { ballot: 75 } queue_len=1749
[step=2644] DELIVER from=1 to=7 type=Prepare { ballot: 75 } queue_len=1749
[step=2645] DELIVER from=1 to=8 type=Prepare { ballot: 75 } queue_len=1749
[step=2646] DELIVER from=1 to=9 type=Prepare { ballot: 75 } queue_len=1749
[step=2647] DELIVER from=1 to=10 type=Prepare { ballot: 75 } queue_len=1749
[step=2648] DELIVER from=1 to=11 type=Prepare { ballot: 75 } queue_len=1749
[step=2649] DELIVER from=1 to=12 type=Prepare { ballot: 75 } queue_len=1749
[step=2650] DELIVER from=1 to=13 type=Prepare { ballot: 75 } queue_len=1749
[step=2651] DELIVER from=1 to=14 type=Prepare { ballot: 75 } queue_len=1749
[step=2652] DELIVER from=1 to=15 type=Prepare { ballot: 75 } queue_len=1749
[step=2653] DELIVER from=1 to=16 type=Prepare { ballot: 75 } queue_len=1749
[step=2654] DELIVER from=1 to=17 type=Prepare { ballot: 75 } queue_len=1749
[step=2655] DELIVER from=1 to=18 type=Prepare { ballot: 75 } queue_len=1749
[step=2656] DELIVER from=1 to=19 type=Prepare { ballot: 75 } queue_len=1749
[step=2657] DELIVER from=1 to=20 type=Prepare { ballot: 75 } queue_len=1749
[step=2658] DELIVER from=1 to=21 type=Prepare { ballot: 75 } queue_len=1749
[step=2659] DELIVER from=1 to=22 type=Prepare { ballot: 75 } queue_len=1749
[step=2660] DELIVER from=1 to=23 type=Prepare { ballot: 75 } queue_len=1749
[step=2661] DELIVER from=1 to=24 type=Prepare { ballot: 75 } queue_len=1749
[step=2662] DELIVER from=1 to=25 type=Prepare { ballot: 75 } queue_len=1749
[step=2663] DELIVER from=1 to=1 type=Promise { ballot: 32, accepted_ballot: None, accepted_value: None } queue_len=1749
[PROMISE-TRACE] from=1 received_ballot=32 current_ballot=101 match=false
[step=2664] DELIVER from=2 to=1 type=Promise { ballot: 32, accepted_ballot: None, accepted_value: None } queue_len=1748
[PROMISE-TRACE] from=2 received_ballot=32 current_ballot=101 match=false
[step=2665] DELIVER from=3 to=1 type=Promise { ballot: 32, accepted_ballot: None, accepted_value: None } queue_len=1747
[PROMISE-TRACE] from=3 received_ballot=32 current_ballot=101 match=false
[step=2666] DELIVER from=4 to=1 type=Promise { ballot: 32, accepted_ballot: None, accepted_value: None } queue_len=1746
[PROMISE-TRACE] from=4 received_ballot=32 current_ballot=101 match=false
[step=2667] DELIVER from=5 to=1 type=Promise { ballot: 32, accepted_ballot: None, accepted_value: None } queue_len=1745
[PROMISE-TRACE] from=5 received_ballot=32 current_ballot=101 match=false
[step=2668] DELIVER from=6 to=1 type=Promise { ballot: 32, accepted_ballot: None, accepted_value: None } queue_len=1744
[PROMISE-TRACE] from=6 received_ballot=32 current_ballot=101 match=false
[step=2669] DELIVER from=7 to=1 type=Promise { ballot: 32, accepted_ballot: None, accepted_value: None } queue_len=1743
[PROMISE-TRACE] from=7 received_ballot=32 current_ballot=101 match=false
[step=2670] DELIVER from=8 to=1 type=Promise { ballot: 32, accepted_ballot: None, accepted_value: None } queue_len=1742
[PROMISE-TRACE] from=8 received_ballot=32 current_ballot=101 match=false
[step=2671] DELIVER from=9 to=1 type=Promise { ballot: 32, accepted_ballot: None, accepted_value: None } queue_len=1741
[PROMISE-TRACE] from=9 received_ballot=32 current_ballot=101 match=false
[step=2672] DELIVER from=10 to=1 type=Promise { ballot: 32, accepted_ballot: None, accepted_value: None } queue_len=1740
[PROMISE-TRACE] from=10 received_ballot=32 current_ballot=101 match=false
[step=2673] DELIVER from=11 to=1 type=Promise { ballot: 32, accepted_ballot: None, accepted_value: None } queue_len=1739
[PROMISE-TRACE] from=11 received_ballot=32 current_ballot=101 match=false
[step=2674] DELIVER from=12 to=1 type=Promise { ballot: 32, accepted_ballot: None, accepted_value: None } queue_len=1738
[PROMISE-TRACE] from=12 received_ballot=32 current_ballot=101 match=false
[step=2675] DELIVER from=1 to=1 type=Prepare { ballot: 76 } queue_len=1737
[step=2676] DELIVER from=1 to=2 type=Prepare { ballot: 76 } queue_len=1737
[step=2677] DELIVER from=1 to=3 type=Prepare { ballot: 76 } queue_len=1737
[step=2678] DELIVER from=1 to=4 type=Prepare { ballot: 76 } queue_len=1737
[step=2679] DELIVER from=1 to=5 type=Prepare { ballot: 76 } queue_len=1737
[step=2680] DELIVER from=1 to=6 type=Prepare { ballot: 76 } queue_len=1737
[step=2681] DELIVER from=1 to=7 type=Prepare { ballot: 76 } queue_len=1737
[step=2682] DELIVER from=1 to=8 type=Prepare { ballot: 76 } queue_len=1737
[step=2683] DELIVER from=1 to=9 type=Prepare { ballot: 76 } queue_len=1737
[step=2684] DELIVER from=1 to=10 type=Prepare { ballot: 76 } queue_len=1737
[step=2685] DELIVER from=1 to=11 type=Prepare { ballot: 76 } queue_len=1737
[step=2686] DELIVER from=1 to=12 type=Prepare { ballot: 76 } queue_len=1737
[step=2687] DELIVER from=1 to=13 type=Prepare { ballot: 76 } queue_len=1737
[step=2688] DELIVER from=1 to=14 type=Prepare { ballot: 76 } queue_len=1737
[step=2689] DELIVER from=1 to=15 type=Prepare { ballot: 76 } queue_len=1737
[step=2690] DELIVER from=1 to=16 type=Prepare { ballot: 76 } queue_len=1737
[step=2691] DELIVER from=1 to=17 type=Prepare { ballot: 76 } queue_len=1737
[step=2692] DELIVER from=1 to=18 type=Prepare { ballot: 76 } queue_len=1737
[step=2693] DELIVER from=1 to=19 type=Prepare { ballot: 76 } queue_len=1737
[step=2694] DELIVER from=1 to=20 type=Prepare { ballot: 76 } queue_len=1737
[step=2695] DELIVER from=1 to=21 type=Prepare { ballot: 76 } queue_len=1737
[step=2696] DELIVER from=1 to=22 type=Prepare { ballot: 76 } queue_len=1737
[step=2697] DELIVER from=1 to=23 type=Prepare { ballot: 76 } queue_len=1737
[step=2698] DELIVER from=1 to=24 type=Prepare { ballot: 76 } queue_len=1737
[step=2699] DELIVER from=1 to=25 type=Prepare { ballot: 76 } queue_len=1737
[step=2700] DELIVER from=13 to=1 type=Promise { ballot: 32, accepted_ballot: None, accepted_value: None } queue_len=1737
[PROMISE-TRACE] from=13 received_ballot=32 current_ballot=101 match=false
[step=2701] DELIVER from=14 to=1 type=Promise { ballot: 32, accepted_ballot: None, accepted_value: None } queue_len=1736
[PROMISE-TRACE] from=14 received_ballot=32 current_ballot=101 match=false
[step=2702] DELIVER from=15 to=1 type=Promise { ballot: 32, accepted_ballot: None, accepted_value: None } queue_len=1735
[PROMISE-TRACE] from=15 received_ballot=32 current_ballot=101 match=false
[step=2703] DELIVER from=16 to=1 type=Promise { ballot: 32, accepted_ballot: None, accepted_value: None } queue_len=1734
[PROMISE-TRACE] from=16 received_ballot=32 current_ballot=101 match=false
[step=2704] DELIVER from=17 to=1 type=Promise { ballot: 32, accepted_ballot: None, accepted_value: None } queue_len=1733
[PROMISE-TRACE] from=17 received_ballot=32 current_ballot=101 match=false
[step=2705] DELIVER from=18 to=1 type=Promise { ballot: 32, accepted_ballot: None, accepted_value: None } queue_len=1732
[PROMISE-TRACE] from=18 received_ballot=32 current_ballot=101 match=false
[step=2706] DELIVER from=19 to=1 type=Promise { ballot: 32, accepted_ballot: None, accepted_value: None } queue_len=1731
[PROMISE-TRACE] from=19 received_ballot=32 current_ballot=101 match=false
[step=2707] DELIVER from=20 to=1 type=Promise { ballot: 32, accepted_ballot: None, accepted_value: None } queue_len=1730
[PROMISE-TRACE] from=20 received_ballot=32 current_ballot=101 match=false
[step=2708] DELIVER from=21 to=1 type=Promise { ballot: 32, accepted_ballot: None, accepted_value: None } queue_len=1729
[PROMISE-TRACE] from=21 received_ballot=32 current_ballot=101 match=false
[step=2709] DELIVER from=22 to=1 type=Promise { ballot: 32, accepted_ballot: None, accepted_value: None } queue_len=1728
[PROMISE-TRACE] from=22 received_ballot=32 current_ballot=101 match=false
[step=2710] DELIVER from=23 to=1 type=Promise { ballot: 32, accepted_ballot: None, accepted_value: None } queue_len=1727
[PROMISE-TRACE] from=23 received_ballot=32 current_ballot=101 match=false
[step=2711] DELIVER from=24 to=1 type=Promise { ballot: 32, accepted_ballot: None, accepted_value: None } queue_len=1726
[PROMISE-TRACE] from=24 received_ballot=32 current_ballot=101 match=false
[step=2712] DELIVER from=25 to=1 type=Promise { ballot: 32, accepted_ballot: None, accepted_value: None } queue_len=1725
[PROMISE-TRACE] from=25 received_ballot=32 current_ballot=101 match=false
[step=2713] DELIVER from=1 to=1 type=Prepare { ballot: 77 } queue_len=1724
[step=2714] DELIVER from=1 to=2 type=Prepare { ballot: 77 } queue_len=1724
[step=2715] DELIVER from=1 to=3 type=Prepare { ballot: 77 } queue_len=1724
[step=2716] DELIVER from=1 to=4 type=Prepare { ballot: 77 } queue_len=1724
[step=2717] DELIVER from=1 to=5 type=Prepare { ballot: 77 } queue_len=1724
[step=2718] DELIVER from=1 to=6 type=Prepare { ballot: 77 } queue_len=1724
[step=2719] DELIVER from=1 to=7 type=Prepare { ballot: 77 } queue_len=1724
[step=2720] DELIVER from=1 to=8 type=Prepare { ballot: 77 } queue_len=1724
[step=2721] DELIVER from=1 to=9 type=Prepare { ballot: 77 } queue_len=1724
[step=2722] DELIVER from=1 to=10 type=Prepare { ballot: 77 } queue_len=1724
[step=2723] DELIVER from=1 to=11 type=Prepare { ballot: 77 } queue_len=1724
[step=2724] DELIVER from=1 to=12 type=Prepare { ballot: 77 } queue_len=1724
[step=2725] DELIVER from=1 to=13 type=Prepare { ballot: 77 } queue_len=1724
[step=2726] DELIVER from=1 to=14 type=Prepare { ballot: 77 } queue_len=1724
[step=2727] DELIVER from=1 to=15 type=Prepare { ballot: 77 } queue_len=1724
[step=2728] DELIVER from=1 to=16 type=Prepare { ballot: 77 } queue_len=1724
[step=2729] DELIVER from=1 to=17 type=Prepare { ballot: 77 } queue_len=1724
[step=2730] DELIVER from=1 to=18 type=Prepare { ballot: 77 } queue_len=1724
[step=2731] DELIVER from=1 to=19 type=Prepare { ballot: 77 } queue_len=1724
[step=2732] DELIVER from=1 to=20 type=Prepare { ballot: 77 } queue_len=1724
[step=2733] DELIVER from=1 to=21 type=Prepare { ballot: 77 } queue_len=1724
[step=2734] DELIVER from=1 to=22 type=Prepare { ballot: 77 } queue_len=1724
[step=2735] DELIVER from=1 to=23 type=Prepare { ballot: 77 } queue_len=1724
[step=2736] DELIVER from=1 to=24 type=Prepare { ballot: 77 } queue_len=1724
[step=2737] DELIVER from=1 to=25 type=Prepare { ballot: 77 } queue_len=1724
[step=2738] DELIVER from=1 to=1 type=Promise { ballot: 33, accepted_ballot: None, accepted_value: None } queue_len=1724
[PROMISE-TRACE] from=1 received_ballot=33 current_ballot=101 match=false
[step=2739] DELIVER from=2 to=1 type=Promise { ballot: 33, accepted_ballot: None, accepted_value: None } queue_len=1723
[PROMISE-TRACE] from=2 received_ballot=33 current_ballot=101 match=false
[step=2740] DELIVER from=3 to=1 type=Promise { ballot: 33, accepted_ballot: None, accepted_value: None } queue_len=1722
[PROMISE-TRACE] from=3 received_ballot=33 current_ballot=101 match=false
[step=2741] DELIVER from=4 to=1 type=Promise { ballot: 33, accepted_ballot: None, accepted_value: None } queue_len=1721
[PROMISE-TRACE] from=4 received_ballot=33 current_ballot=101 match=false
[step=2742] DELIVER from=5 to=1 type=Promise { ballot: 33, accepted_ballot: None, accepted_value: None } queue_len=1720
[PROMISE-TRACE] from=5 received_ballot=33 current_ballot=101 match=false
[step=2743] DELIVER from=6 to=1 type=Promise { ballot: 33, accepted_ballot: None, accepted_value: None } queue_len=1719
[PROMISE-TRACE] from=6 received_ballot=33 current_ballot=101 match=false
[step=2744] DELIVER from=7 to=1 type=Promise { ballot: 33, accepted_ballot: None, accepted_value: None } queue_len=1718
[PROMISE-TRACE] from=7 received_ballot=33 current_ballot=101 match=false
[step=2745] DELIVER from=8 to=1 type=Promise { ballot: 33, accepted_ballot: None, accepted_value: None } queue_len=1717
[PROMISE-TRACE] from=8 received_ballot=33 current_ballot=101 match=false
[step=2746] DELIVER from=9 to=1 type=Promise { ballot: 33, accepted_ballot: None, accepted_value: None } queue_len=1716
[PROMISE-TRACE] from=9 received_ballot=33 current_ballot=101 match=false
[step=2747] DELIVER from=10 to=1 type=Promise { ballot: 33, accepted_ballot: None, accepted_value: None } queue_len=1715
[PROMISE-TRACE] from=10 received_ballot=33 current_ballot=101 match=false
[step=2748] DELIVER from=1 to=1 type=Prepare { ballot: 78 } queue_len=1714
[step=2749] DELIVER from=1 to=2 type=Prepare { ballot: 78 } queue_len=1714
[step=2750] DELIVER from=1 to=3 type=Prepare { ballot: 78 } queue_len=1714
[step=2751] DELIVER from=1 to=4 type=Prepare { ballot: 78 } queue_len=1714
[step=2752] DELIVER from=1 to=5 type=Prepare { ballot: 78 } queue_len=1714
[step=2753] DELIVER from=1 to=6 type=Prepare { ballot: 78 } queue_len=1714
[step=2754] DELIVER from=1 to=7 type=Prepare { ballot: 78 } queue_len=1714
[step=2755] DELIVER from=1 to=8 type=Prepare { ballot: 78 } queue_len=1714
[step=2756] DELIVER from=1 to=9 type=Prepare { ballot: 78 } queue_len=1714
[step=2757] DELIVER from=1 to=10 type=Prepare { ballot: 78 } queue_len=1714
[step=2758] DELIVER from=1 to=11 type=Prepare { ballot: 78 } queue_len=1714
[step=2759] DELIVER from=1 to=12 type=Prepare { ballot: 78 } queue_len=1714
[step=2760] DELIVER from=1 to=13 type=Prepare { ballot: 78 } queue_len=1714
[step=2761] DELIVER from=1 to=14 type=Prepare { ballot: 78 } queue_len=1714
[step=2762] DELIVER from=1 to=15 type=Prepare { ballot: 78 } queue_len=1714
[step=2763] DELIVER from=1 to=16 type=Prepare { ballot: 78 } queue_len=1714
[step=2764] DELIVER from=1 to=17 type=Prepare { ballot: 78 } queue_len=1714
[step=2765] DELIVER from=1 to=18 type=Prepare { ballot: 78 } queue_len=1714
[step=2766] DELIVER from=1 to=19 type=Prepare { ballot: 78 } queue_len=1714
[step=2767] DELIVER from=1 to=20 type=Prepare { ballot: 78 } queue_len=1714
[step=2768] DELIVER from=1 to=21 type=Prepare { ballot: 78 } queue_len=1714
[step=2769] DELIVER from=1 to=22 type=Prepare { ballot: 78 } queue_len=1714
[step=2770] DELIVER from=1 to=23 type=Prepare { ballot: 78 } queue_len=1714
[step=2771] DELIVER from=1 to=24 type=Prepare { ballot: 78 } queue_len=1714
[step=2772] DELIVER from=1 to=25 type=Prepare { ballot: 78 } queue_len=1714
[step=2773] DELIVER from=11 to=1 type=Promise { ballot: 33, accepted_ballot: None, accepted_value: None } queue_len=1714
[PROMISE-TRACE] from=11 received_ballot=33 current_ballot=101 match=false
[step=2774] DELIVER from=12 to=1 type=Promise { ballot: 33, accepted_ballot: None, accepted_value: None } queue_len=1713
[PROMISE-TRACE] from=12 received_ballot=33 current_ballot=101 match=false
[step=2775] DELIVER from=13 to=1 type=Promise { ballot: 33, accepted_ballot: None, accepted_value: None } queue_len=1712
[PROMISE-TRACE] from=13 received_ballot=33 current_ballot=101 match=false
[step=2776] DELIVER from=14 to=1 type=Promise { ballot: 33, accepted_ballot: None, accepted_value: None } queue_len=1711
[PROMISE-TRACE] from=14 received_ballot=33 current_ballot=101 match=false
[step=2777] DELIVER from=15 to=1 type=Promise { ballot: 33, accepted_ballot: None, accepted_value: None } queue_len=1710
[PROMISE-TRACE] from=15 received_ballot=33 current_ballot=101 match=false
[step=2778] DELIVER from=16 to=1 type=Promise { ballot: 33, accepted_ballot: None, accepted_value: None } queue_len=1709
[PROMISE-TRACE] from=16 received_ballot=33 current_ballot=101 match=false
[step=2779] DELIVER from=17 to=1 type=Promise { ballot: 33, accepted_ballot: None, accepted_value: None } queue_len=1708
[PROMISE-TRACE] from=17 received_ballot=33 current_ballot=101 match=false
[step=2780] DELIVER from=18 to=1 type=Promise { ballot: 33, accepted_ballot: None, accepted_value: None } queue_len=1707
[PROMISE-TRACE] from=18 received_ballot=33 current_ballot=101 match=false
[step=2781] DELIVER from=19 to=1 type=Promise { ballot: 33, accepted_ballot: None, accepted_value: None } queue_len=1706
[PROMISE-TRACE] from=19 received_ballot=33 current_ballot=101 match=false
[step=2782] DELIVER from=20 to=1 type=Promise { ballot: 33, accepted_ballot: None, accepted_value: None } queue_len=1705
[PROMISE-TRACE] from=20 received_ballot=33 current_ballot=101 match=false
[step=2783] DELIVER from=21 to=1 type=Promise { ballot: 33, accepted_ballot: None, accepted_value: None } queue_len=1704
[PROMISE-TRACE] from=21 received_ballot=33 current_ballot=101 match=false
[step=2784] DELIVER from=22 to=1 type=Promise { ballot: 33, accepted_ballot: None, accepted_value: None } queue_len=1703
[PROMISE-TRACE] from=22 received_ballot=33 current_ballot=101 match=false
[step=2785] DELIVER from=23 to=1 type=Promise { ballot: 33, accepted_ballot: None, accepted_value: None } queue_len=1702
[PROMISE-TRACE] from=23 received_ballot=33 current_ballot=101 match=false
[step=2786] DELIVER from=24 to=1 type=Promise { ballot: 33, accepted_ballot: None, accepted_value: None } queue_len=1701
[PROMISE-TRACE] from=24 received_ballot=33 current_ballot=101 match=false
[step=2787] DELIVER from=25 to=1 type=Promise { ballot: 33, accepted_ballot: None, accepted_value: None } queue_len=1700
[PROMISE-TRACE] from=25 received_ballot=33 current_ballot=101 match=false
[step=2788] DELIVER from=1 to=1 type=Prepare { ballot: 79 } queue_len=1699
[step=2789] DELIVER from=1 to=2 type=Prepare { ballot: 79 } queue_len=1699
[step=2790] DELIVER from=1 to=3 type=Prepare { ballot: 79 } queue_len=1699
[step=2791] DELIVER from=1 to=4 type=Prepare { ballot: 79 } queue_len=1699
[step=2792] DELIVER from=1 to=5 type=Prepare { ballot: 79 } queue_len=1699
[step=2793] DELIVER from=1 to=6 type=Prepare { ballot: 79 } queue_len=1699
[step=2794] DELIVER from=1 to=7 type=Prepare { ballot: 79 } queue_len=1699
[step=2795] DELIVER from=1 to=8 type=Prepare { ballot: 79 } queue_len=1699
[step=2796] DELIVER from=1 to=9 type=Prepare { ballot: 79 } queue_len=1699
[step=2797] DELIVER from=1 to=10 type=Prepare { ballot: 79 } queue_len=1699
[step=2798] DELIVER from=1 to=11 type=Prepare { ballot: 79 } queue_len=1699
[step=2799] DELIVER from=1 to=12 type=Prepare { ballot: 79 } queue_len=1699
[step=2800] DELIVER from=1 to=13 type=Prepare { ballot: 79 } queue_len=1699
[step=2801] DELIVER from=1 to=14 type=Prepare { ballot: 79 } queue_len=1699
[step=2802] DELIVER from=1 to=15 type=Prepare { ballot: 79 } queue_len=1699
[step=2803] DELIVER from=1 to=16 type=Prepare { ballot: 79 } queue_len=1699
[step=2804] DELIVER from=1 to=17 type=Prepare { ballot: 79 } queue_len=1699
[step=2805] DELIVER from=1 to=18 type=Prepare { ballot: 79 } queue_len=1699
[step=2806] DELIVER from=1 to=19 type=Prepare { ballot: 79 } queue_len=1699
[step=2807] DELIVER from=1 to=20 type=Prepare { ballot: 79 } queue_len=1699
[step=2808] DELIVER from=1 to=21 type=Prepare { ballot: 79 } queue_len=1699
[step=2809] DELIVER from=1 to=22 type=Prepare { ballot: 79 } queue_len=1699
[step=2810] DELIVER from=1 to=23 type=Prepare { ballot: 79 } queue_len=1699
[step=2811] DELIVER from=1 to=24 type=Prepare { ballot: 79 } queue_len=1699
[step=2812] DELIVER from=1 to=25 type=Prepare { ballot: 79 } queue_len=1699
[step=2813] DELIVER from=1 to=1 type=Prepare { ballot: 80 } queue_len=1699
[step=2814] DELIVER from=1 to=2 type=Prepare { ballot: 80 } queue_len=1699
[step=2815] DELIVER from=1 to=3 type=Prepare { ballot: 80 } queue_len=1699
[step=2816] DELIVER from=1 to=4 type=Prepare { ballot: 80 } queue_len=1699
[step=2817] DELIVER from=1 to=5 type=Prepare { ballot: 80 } queue_len=1699
[step=2818] DELIVER from=1 to=6 type=Prepare { ballot: 80 } queue_len=1699
[step=2819] DELIVER from=1 to=7 type=Prepare { ballot: 80 } queue_len=1699
[step=2820] DELIVER from=1 to=8 type=Prepare { ballot: 80 } queue_len=1699
[step=2821] DELIVER from=1 to=9 type=Prepare { ballot: 80 } queue_len=1699
[step=2822] DELIVER from=1 to=10 type=Prepare { ballot: 80 } queue_len=1699
[step=2823] DELIVER from=1 to=11 type=Prepare { ballot: 80 } queue_len=1699
[step=2824] DELIVER from=1 to=12 type=Prepare { ballot: 80 } queue_len=1699
[step=2825] DELIVER from=1 to=13 type=Prepare { ballot: 80 } queue_len=1699
[step=2826] DELIVER from=1 to=14 type=Prepare { ballot: 80 } queue_len=1699
[step=2827] DELIVER from=1 to=15 type=Prepare { ballot: 80 } queue_len=1699
[step=2828] DELIVER from=1 to=16 type=Prepare { ballot: 80 } queue_len=1699
[step=2829] DELIVER from=1 to=17 type=Prepare { ballot: 80 } queue_len=1699
[step=2830] DELIVER from=1 to=18 type=Prepare { ballot: 80 } queue_len=1699
[step=2831] DELIVER from=1 to=19 type=Prepare { ballot: 80 } queue_len=1699
[step=2832] DELIVER from=1 to=20 type=Prepare { ballot: 80 } queue_len=1699
[step=2833] DELIVER from=1 to=21 type=Prepare { ballot: 80 } queue_len=1699
[step=2834] DELIVER from=1 to=22 type=Prepare { ballot: 80 } queue_len=1699
[step=2835] DELIVER from=1 to=23 type=Prepare { ballot: 80 } queue_len=1699
[step=2836] DELIVER from=1 to=24 type=Prepare { ballot: 80 } queue_len=1699
[step=2837] DELIVER from=1 to=25 type=Prepare { ballot: 80 } queue_len=1699
[step=2838] DELIVER from=1 to=1 type=Promise { ballot: 34, accepted_ballot: None, accepted_value: None } queue_len=1699
[PROMISE-TRACE] from=1 received_ballot=34 current_ballot=101 match=false
[step=2839] DELIVER from=2 to=1 type=Promise { ballot: 34, accepted_ballot: None, accepted_value: None } queue_len=1698
[PROMISE-TRACE] from=2 received_ballot=34 current_ballot=101 match=false
[step=2840] DELIVER from=3 to=1 type=Promise { ballot: 34, accepted_ballot: None, accepted_value: None } queue_len=1697
[PROMISE-TRACE] from=3 received_ballot=34 current_ballot=101 match=false
[step=2841] DELIVER from=4 to=1 type=Promise { ballot: 34, accepted_ballot: None, accepted_value: None } queue_len=1696
[PROMISE-TRACE] from=4 received_ballot=34 current_ballot=101 match=false
[step=2842] DELIVER from=5 to=1 type=Promise { ballot: 34, accepted_ballot: None, accepted_value: None } queue_len=1695
[PROMISE-TRACE] from=5 received_ballot=34 current_ballot=101 match=false
[step=2843] DELIVER from=6 to=1 type=Promise { ballot: 34, accepted_ballot: None, accepted_value: None } queue_len=1694
[PROMISE-TRACE] from=6 received_ballot=34 current_ballot=101 match=false
[step=2844] DELIVER from=7 to=1 type=Promise { ballot: 34, accepted_ballot: None, accepted_value: None } queue_len=1693
[PROMISE-TRACE] from=7 received_ballot=34 current_ballot=101 match=false
[step=2845] DELIVER from=8 to=1 type=Promise { ballot: 34, accepted_ballot: None, accepted_value: None } queue_len=1692
[PROMISE-TRACE] from=8 received_ballot=34 current_ballot=101 match=false
[step=2846] DELIVER from=9 to=1 type=Promise { ballot: 34, accepted_ballot: None, accepted_value: None } queue_len=1691
[PROMISE-TRACE] from=9 received_ballot=34 current_ballot=101 match=false
[step=2847] DELIVER from=10 to=1 type=Promise { ballot: 34, accepted_ballot: None, accepted_value: None } queue_len=1690
[PROMISE-TRACE] from=10 received_ballot=34 current_ballot=101 match=false
[step=2848] DELIVER from=11 to=1 type=Promise { ballot: 34, accepted_ballot: None, accepted_value: None } queue_len=1689
[PROMISE-TRACE] from=11 received_ballot=34 current_ballot=101 match=false
[step=2849] DELIVER from=12 to=1 type=Promise { ballot: 34, accepted_ballot: None, accepted_value: None } queue_len=1688
[PROMISE-TRACE] from=12 received_ballot=34 current_ballot=101 match=false
[step=2850] DELIVER from=13 to=1 type=Promise { ballot: 34, accepted_ballot: None, accepted_value: None } queue_len=1687
[PROMISE-TRACE] from=13 received_ballot=34 current_ballot=101 match=false
[step=2851] DELIVER from=14 to=1 type=Promise { ballot: 34, accepted_ballot: None, accepted_value: None } queue_len=1686
[PROMISE-TRACE] from=14 received_ballot=34 current_ballot=101 match=false
[step=2852] DELIVER from=15 to=1 type=Promise { ballot: 34, accepted_ballot: None, accepted_value: None } queue_len=1685
[PROMISE-TRACE] from=15 received_ballot=34 current_ballot=101 match=false
[step=2853] DELIVER from=1 to=1 type=Prepare { ballot: 81 } queue_len=1684
[step=2854] DELIVER from=1 to=2 type=Prepare { ballot: 81 } queue_len=1684
[step=2855] DELIVER from=1 to=3 type=Prepare { ballot: 81 } queue_len=1684
[step=2856] DELIVER from=1 to=4 type=Prepare { ballot: 81 } queue_len=1684
[step=2857] DELIVER from=1 to=5 type=Prepare { ballot: 81 } queue_len=1684
[step=2858] DELIVER from=1 to=6 type=Prepare { ballot: 81 } queue_len=1684
[step=2859] DELIVER from=1 to=7 type=Prepare { ballot: 81 } queue_len=1684
[step=2860] DELIVER from=1 to=8 type=Prepare { ballot: 81 } queue_len=1684
[step=2861] DELIVER from=1 to=9 type=Prepare { ballot: 81 } queue_len=1684
[step=2862] DELIVER from=1 to=10 type=Prepare { ballot: 81 } queue_len=1684
[step=2863] DELIVER from=1 to=11 type=Prepare { ballot: 81 } queue_len=1684
[step=2864] DELIVER from=1 to=12 type=Prepare { ballot: 81 } queue_len=1684
[step=2865] DELIVER from=1 to=13 type=Prepare { ballot: 81 } queue_len=1684
[step=2866] DELIVER from=1 to=14 type=Prepare { ballot: 81 } queue_len=1684
[step=2867] DELIVER from=1 to=15 type=Prepare { ballot: 81 } queue_len=1684
[step=2868] DELIVER from=1 to=16 type=Prepare { ballot: 81 } queue_len=1684
[step=2869] DELIVER from=1 to=17 type=Prepare { ballot: 81 } queue_len=1684
[step=2870] DELIVER from=1 to=18 type=Prepare { ballot: 81 } queue_len=1684
[step=2871] DELIVER from=1 to=19 type=Prepare { ballot: 81 } queue_len=1684
[step=2872] DELIVER from=1 to=20 type=Prepare { ballot: 81 } queue_len=1684
[step=2873] DELIVER from=1 to=21 type=Prepare { ballot: 81 } queue_len=1684
[step=2874] DELIVER from=1 to=22 type=Prepare { ballot: 81 } queue_len=1684
[step=2875] DELIVER from=1 to=23 type=Prepare { ballot: 81 } queue_len=1684
[step=2876] DELIVER from=1 to=24 type=Prepare { ballot: 81 } queue_len=1684
[step=2877] DELIVER from=1 to=25 type=Prepare { ballot: 81 } queue_len=1684
[step=2878] DELIVER from=16 to=1 type=Promise { ballot: 34, accepted_ballot: None, accepted_value: None } queue_len=1684
[PROMISE-TRACE] from=16 received_ballot=34 current_ballot=101 match=false
[step=2879] DELIVER from=17 to=1 type=Promise { ballot: 34, accepted_ballot: None, accepted_value: None } queue_len=1683
[PROMISE-TRACE] from=17 received_ballot=34 current_ballot=101 match=false
[step=2880] DELIVER from=18 to=1 type=Promise { ballot: 34, accepted_ballot: None, accepted_value: None } queue_len=1682
[PROMISE-TRACE] from=18 received_ballot=34 current_ballot=101 match=false
[step=2881] DELIVER from=19 to=1 type=Promise { ballot: 34, accepted_ballot: None, accepted_value: None } queue_len=1681
[PROMISE-TRACE] from=19 received_ballot=34 current_ballot=101 match=false
[step=2882] DELIVER from=20 to=1 type=Promise { ballot: 34, accepted_ballot: None, accepted_value: None } queue_len=1680
[PROMISE-TRACE] from=20 received_ballot=34 current_ballot=101 match=false
[step=2883] DELIVER from=21 to=1 type=Promise { ballot: 34, accepted_ballot: None, accepted_value: None } queue_len=1679
[PROMISE-TRACE] from=21 received_ballot=34 current_ballot=101 match=false
[step=2884] DELIVER from=22 to=1 type=Promise { ballot: 34, accepted_ballot: None, accepted_value: None } queue_len=1678
[PROMISE-TRACE] from=22 received_ballot=34 current_ballot=101 match=false
[step=2885] DELIVER from=23 to=1 type=Promise { ballot: 34, accepted_ballot: None, accepted_value: None } queue_len=1677
[PROMISE-TRACE] from=23 received_ballot=34 current_ballot=101 match=false
[step=2886] DELIVER from=24 to=1 type=Promise { ballot: 34, accepted_ballot: None, accepted_value: None } queue_len=1676
[PROMISE-TRACE] from=24 received_ballot=34 current_ballot=101 match=false
[step=2887] DELIVER from=25 to=1 type=Promise { ballot: 34, accepted_ballot: None, accepted_value: None } queue_len=1675
[PROMISE-TRACE] from=25 received_ballot=34 current_ballot=101 match=false
[step=2888] DELIVER from=1 to=1 type=Promise { ballot: 35, accepted_ballot: None, accepted_value: None } queue_len=1674
[PROMISE-TRACE] from=1 received_ballot=35 current_ballot=101 match=false
[step=2889] DELIVER from=2 to=1 type=Promise { ballot: 35, accepted_ballot: None, accepted_value: None } queue_len=1673
[PROMISE-TRACE] from=2 received_ballot=35 current_ballot=101 match=false
[step=2890] DELIVER from=1 to=1 type=Prepare { ballot: 82 } queue_len=1672
[step=2891] DELIVER from=1 to=2 type=Prepare { ballot: 82 } queue_len=1672
[step=2892] DELIVER from=1 to=3 type=Prepare { ballot: 82 } queue_len=1672
[step=2893] DELIVER from=1 to=4 type=Prepare { ballot: 82 } queue_len=1672
[step=2894] DELIVER from=1 to=5 type=Prepare { ballot: 82 } queue_len=1672
[step=2895] DELIVER from=1 to=6 type=Prepare { ballot: 82 } queue_len=1672
[step=2896] DELIVER from=1 to=7 type=Prepare { ballot: 82 } queue_len=1672
[step=2897] DELIVER from=1 to=8 type=Prepare { ballot: 82 } queue_len=1672
[step=2898] DELIVER from=1 to=9 type=Prepare { ballot: 82 } queue_len=1672
[step=2899] DELIVER from=1 to=10 type=Prepare { ballot: 82 } queue_len=1672
[step=2900] DELIVER from=1 to=11 type=Prepare { ballot: 82 } queue_len=1672
[step=2901] DELIVER from=1 to=12 type=Prepare { ballot: 82 } queue_len=1672
[step=2902] DELIVER from=1 to=13 type=Prepare { ballot: 82 } queue_len=1672
[step=2903] DELIVER from=1 to=14 type=Prepare { ballot: 82 } queue_len=1672
[step=2904] DELIVER from=1 to=15 type=Prepare { ballot: 82 } queue_len=1672
[step=2905] DELIVER from=1 to=16 type=Prepare { ballot: 82 } queue_len=1672
[step=2906] DELIVER from=1 to=17 type=Prepare { ballot: 82 } queue_len=1672
[step=2907] DELIVER from=1 to=18 type=Prepare { ballot: 82 } queue_len=1672
[step=2908] DELIVER from=1 to=19 type=Prepare { ballot: 82 } queue_len=1672
[step=2909] DELIVER from=1 to=20 type=Prepare { ballot: 82 } queue_len=1672
[step=2910] DELIVER from=1 to=21 type=Prepare { ballot: 82 } queue_len=1672
[step=2911] DELIVER from=1 to=22 type=Prepare { ballot: 82 } queue_len=1672
[step=2912] DELIVER from=1 to=23 type=Prepare { ballot: 82 } queue_len=1672
[step=2913] DELIVER from=1 to=24 type=Prepare { ballot: 82 } queue_len=1672
[step=2914] DELIVER from=1 to=25 type=Prepare { ballot: 82 } queue_len=1672
[step=2915] DELIVER from=3 to=1 type=Promise { ballot: 35, accepted_ballot: None, accepted_value: None } queue_len=1672
[PROMISE-TRACE] from=3 received_ballot=35 current_ballot=101 match=false
[step=2916] DELIVER from=4 to=1 type=Promise { ballot: 35, accepted_ballot: None, accepted_value: None } queue_len=1671
[PROMISE-TRACE] from=4 received_ballot=35 current_ballot=101 match=false
[step=2917] DELIVER from=5 to=1 type=Promise { ballot: 35, accepted_ballot: None, accepted_value: None } queue_len=1670
[PROMISE-TRACE] from=5 received_ballot=35 current_ballot=101 match=false
[step=2918] DELIVER from=6 to=1 type=Promise { ballot: 35, accepted_ballot: None, accepted_value: None } queue_len=1669
[PROMISE-TRACE] from=6 received_ballot=35 current_ballot=101 match=false
[step=2919] DELIVER from=7 to=1 type=Promise { ballot: 35, accepted_ballot: None, accepted_value: None } queue_len=1668
[PROMISE-TRACE] from=7 received_ballot=35 current_ballot=101 match=false
[step=2920] DELIVER from=8 to=1 type=Promise { ballot: 35, accepted_ballot: None, accepted_value: None } queue_len=1667
[PROMISE-TRACE] from=8 received_ballot=35 current_ballot=101 match=false
[step=2921] DELIVER from=9 to=1 type=Promise { ballot: 35, accepted_ballot: None, accepted_value: None } queue_len=1666
[PROMISE-TRACE] from=9 received_ballot=35 current_ballot=101 match=false
[step=2922] DELIVER from=10 to=1 type=Promise { ballot: 35, accepted_ballot: None, accepted_value: None } queue_len=1665
[PROMISE-TRACE] from=10 received_ballot=35 current_ballot=101 match=false
[step=2923] DELIVER from=11 to=1 type=Promise { ballot: 35, accepted_ballot: None, accepted_value: None } queue_len=1664
[PROMISE-TRACE] from=11 received_ballot=35 current_ballot=101 match=false
[step=2924] DELIVER from=12 to=1 type=Promise { ballot: 35, accepted_ballot: None, accepted_value: None } queue_len=1663
[PROMISE-TRACE] from=12 received_ballot=35 current_ballot=101 match=false
[step=2925] DELIVER from=13 to=1 type=Promise { ballot: 35, accepted_ballot: None, accepted_value: None } queue_len=1662
[PROMISE-TRACE] from=13 received_ballot=35 current_ballot=101 match=false
[step=2926] DELIVER from=14 to=1 type=Promise { ballot: 35, accepted_ballot: None, accepted_value: None } queue_len=1661
[PROMISE-TRACE] from=14 received_ballot=35 current_ballot=101 match=false
[step=2927] DELIVER from=15 to=1 type=Promise { ballot: 35, accepted_ballot: None, accepted_value: None } queue_len=1660
[PROMISE-TRACE] from=15 received_ballot=35 current_ballot=101 match=false
[step=2928] DELIVER from=16 to=1 type=Promise { ballot: 35, accepted_ballot: None, accepted_value: None } queue_len=1659
[PROMISE-TRACE] from=16 received_ballot=35 current_ballot=101 match=false
[step=2929] DELIVER from=17 to=1 type=Promise { ballot: 35, accepted_ballot: None, accepted_value: None } queue_len=1658
[PROMISE-TRACE] from=17 received_ballot=35 current_ballot=101 match=false
[step=2930] DELIVER from=1 to=1 type=Prepare { ballot: 83 } queue_len=1657
[step=2931] DELIVER from=1 to=2 type=Prepare { ballot: 83 } queue_len=1657
[step=2932] DELIVER from=1 to=3 type=Prepare { ballot: 83 } queue_len=1657
[step=2933] DELIVER from=1 to=4 type=Prepare { ballot: 83 } queue_len=1657
[step=2934] DELIVER from=1 to=5 type=Prepare { ballot: 83 } queue_len=1657
[step=2935] DELIVER from=1 to=6 type=Prepare { ballot: 83 } queue_len=1657
[step=2936] DELIVER from=1 to=7 type=Prepare { ballot: 83 } queue_len=1657
[step=2937] DELIVER from=1 to=8 type=Prepare { ballot: 83 } queue_len=1657
[step=2938] DELIVER from=1 to=9 type=Prepare { ballot: 83 } queue_len=1657
[step=2939] DELIVER from=1 to=10 type=Prepare { ballot: 83 } queue_len=1657
[step=2940] DELIVER from=1 to=11 type=Prepare { ballot: 83 } queue_len=1657
[step=2941] DELIVER from=1 to=12 type=Prepare { ballot: 83 } queue_len=1657
[step=2942] DELIVER from=1 to=13 type=Prepare { ballot: 83 } queue_len=1657
[step=2943] DELIVER from=1 to=14 type=Prepare { ballot: 83 } queue_len=1657
[step=2944] DELIVER from=1 to=15 type=Prepare { ballot: 83 } queue_len=1657
[step=2945] DELIVER from=1 to=16 type=Prepare { ballot: 83 } queue_len=1657
[step=2946] DELIVER from=1 to=17 type=Prepare { ballot: 83 } queue_len=1657
[step=2947] DELIVER from=1 to=18 type=Prepare { ballot: 83 } queue_len=1657
[step=2948] DELIVER from=1 to=19 type=Prepare { ballot: 83 } queue_len=1657
[step=2949] DELIVER from=1 to=20 type=Prepare { ballot: 83 } queue_len=1657
[step=2950] DELIVER from=1 to=21 type=Prepare { ballot: 83 } queue_len=1657
[step=2951] DELIVER from=1 to=22 type=Prepare { ballot: 83 } queue_len=1657
[step=2952] DELIVER from=1 to=23 type=Prepare { ballot: 83 } queue_len=1657
[step=2953] DELIVER from=1 to=24 type=Prepare { ballot: 83 } queue_len=1657
[step=2954] DELIVER from=1 to=25 type=Prepare { ballot: 83 } queue_len=1657
[step=2955] DELIVER from=18 to=1 type=Promise { ballot: 35, accepted_ballot: None, accepted_value: None } queue_len=1657
[PROMISE-TRACE] from=18 received_ballot=35 current_ballot=101 match=false
[step=2956] DELIVER from=19 to=1 type=Promise { ballot: 35, accepted_ballot: None, accepted_value: None } queue_len=1656
[PROMISE-TRACE] from=19 received_ballot=35 current_ballot=101 match=false
[step=2957] DELIVER from=20 to=1 type=Promise { ballot: 35, accepted_ballot: None, accepted_value: None } queue_len=1655
[PROMISE-TRACE] from=20 received_ballot=35 current_ballot=101 match=false
[step=2958] DELIVER from=21 to=1 type=Promise { ballot: 35, accepted_ballot: None, accepted_value: None } queue_len=1654
[PROMISE-TRACE] from=21 received_ballot=35 current_ballot=101 match=false
[step=2959] DELIVER from=22 to=1 type=Promise { ballot: 35, accepted_ballot: None, accepted_value: None } queue_len=1653
[PROMISE-TRACE] from=22 received_ballot=35 current_ballot=101 match=false
[step=2960] DELIVER from=23 to=1 type=Promise { ballot: 35, accepted_ballot: None, accepted_value: None } queue_len=1652
[PROMISE-TRACE] from=23 received_ballot=35 current_ballot=101 match=false
[step=2961] DELIVER from=24 to=1 type=Promise { ballot: 35, accepted_ballot: None, accepted_value: None } queue_len=1651
[PROMISE-TRACE] from=24 received_ballot=35 current_ballot=101 match=false
[step=2962] DELIVER from=25 to=1 type=Promise { ballot: 35, accepted_ballot: None, accepted_value: None } queue_len=1650
[PROMISE-TRACE] from=25 received_ballot=35 current_ballot=101 match=false
[step=2963] DELIVER from=1 to=1 type=Prepare { ballot: 84 } queue_len=1649
[step=2964] DELIVER from=1 to=2 type=Prepare { ballot: 84 } queue_len=1649
[step=2965] DELIVER from=1 to=3 type=Prepare { ballot: 84 } queue_len=1649
[step=2966] DELIVER from=1 to=4 type=Prepare { ballot: 84 } queue_len=1649
[step=2967] DELIVER from=1 to=5 type=Prepare { ballot: 84 } queue_len=1649
[step=2968] DELIVER from=1 to=6 type=Prepare { ballot: 84 } queue_len=1649
[step=2969] DELIVER from=1 to=7 type=Prepare { ballot: 84 } queue_len=1649
[step=2970] DELIVER from=1 to=8 type=Prepare { ballot: 84 } queue_len=1649
[step=2971] DELIVER from=1 to=9 type=Prepare { ballot: 84 } queue_len=1649
[step=2972] DELIVER from=1 to=10 type=Prepare { ballot: 84 } queue_len=1649
[step=2973] DELIVER from=1 to=11 type=Prepare { ballot: 84 } queue_len=1649
[step=2974] DELIVER from=1 to=12 type=Prepare { ballot: 84 } queue_len=1649
[step=2975] DELIVER from=1 to=13 type=Prepare { ballot: 84 } queue_len=1649
[step=2976] DELIVER from=1 to=14 type=Prepare { ballot: 84 } queue_len=1649
[step=2977] DELIVER from=1 to=15 type=Prepare { ballot: 84 } queue_len=1649
[step=2978] DELIVER from=1 to=16 type=Prepare { ballot: 84 } queue_len=1649
[step=2979] DELIVER from=1 to=17 type=Prepare { ballot: 84 } queue_len=1649
[step=2980] DELIVER from=1 to=18 type=Prepare { ballot: 84 } queue_len=1649
[step=2981] DELIVER from=1 to=19 type=Prepare { ballot: 84 } queue_len=1649
[step=2982] DELIVER from=1 to=20 type=Prepare { ballot: 84 } queue_len=1649
[step=2983] DELIVER from=1 to=21 type=Prepare { ballot: 84 } queue_len=1649
[step=2984] DELIVER from=1 to=22 type=Prepare { ballot: 84 } queue_len=1649
[step=2985] DELIVER from=1 to=23 type=Prepare { ballot: 84 } queue_len=1649
[step=2986] DELIVER from=1 to=24 type=Prepare { ballot: 84 } queue_len=1649
[step=2987] DELIVER from=1 to=25 type=Prepare { ballot: 84 } queue_len=1649
[step=2988] DELIVER from=1 to=1 type=Promise { ballot: 36, accepted_ballot: None, accepted_value: None } queue_len=1649
[PROMISE-TRACE] from=1 received_ballot=36 current_ballot=101 match=false
[step=2989] DELIVER from=2 to=1 type=Promise { ballot: 36, accepted_ballot: None, accepted_value: None } queue_len=1648
[PROMISE-TRACE] from=2 received_ballot=36 current_ballot=101 match=false
[step=2990] DELIVER from=3 to=1 type=Promise { ballot: 36, accepted_ballot: None, accepted_value: None } queue_len=1647
[PROMISE-TRACE] from=3 received_ballot=36 current_ballot=101 match=false
[step=2991] DELIVER from=4 to=1 type=Promise { ballot: 36, accepted_ballot: None, accepted_value: None } queue_len=1646
[PROMISE-TRACE] from=4 received_ballot=36 current_ballot=101 match=false
[step=2992] DELIVER from=5 to=1 type=Promise { ballot: 36, accepted_ballot: None, accepted_value: None } queue_len=1645
[PROMISE-TRACE] from=5 received_ballot=36 current_ballot=101 match=false
[step=2993] DELIVER from=6 to=1 type=Promise { ballot: 36, accepted_ballot: None, accepted_value: None } queue_len=1644
[PROMISE-TRACE] from=6 received_ballot=36 current_ballot=101 match=false
[step=2994] DELIVER from=7 to=1 type=Promise { ballot: 36, accepted_ballot: None, accepted_value: None } queue_len=1643
[PROMISE-TRACE] from=7 received_ballot=36 current_ballot=101 match=false
[step=2995] DELIVER from=8 to=1 type=Promise { ballot: 36, accepted_ballot: None, accepted_value: None } queue_len=1642
[PROMISE-TRACE] from=8 received_ballot=36 current_ballot=101 match=false
[step=2996] DELIVER from=9 to=1 type=Promise { ballot: 36, accepted_ballot: None, accepted_value: None } queue_len=1641
[PROMISE-TRACE] from=9 received_ballot=36 current_ballot=101 match=false
[step=2997] DELIVER from=10 to=1 type=Promise { ballot: 36, accepted_ballot: None, accepted_value: None } queue_len=1640
[PROMISE-TRACE] from=10 received_ballot=36 current_ballot=101 match=false
[step=2998] DELIVER from=1 to=1 type=Prepare { ballot: 85 } queue_len=1639
[step=2999] DELIVER from=1 to=2 type=Prepare { ballot: 85 } queue_len=1639
[step=3000] DELIVER from=1 to=3 type=Prepare { ballot: 85 } queue_len=1639
[step=3001] DELIVER from=1 to=4 type=Prepare { ballot: 85 } queue_len=1639
[step=3002] DELIVER from=1 to=5 type=Prepare { ballot: 85 } queue_len=1639
[step=3003] DELIVER from=1 to=6 type=Prepare { ballot: 85 } queue_len=1639
[step=3004] DELIVER from=1 to=7 type=Prepare { ballot: 85 } queue_len=1639
[step=3005] DELIVER from=1 to=8 type=Prepare { ballot: 85 } queue_len=1639
[step=3006] DELIVER from=1 to=9 type=Prepare { ballot: 85 } queue_len=1639
[step=3007] DELIVER from=1 to=10 type=Prepare { ballot: 85 } queue_len=1639
[step=3008] DELIVER from=1 to=11 type=Prepare { ballot: 85 } queue_len=1639
[step=3009] DELIVER from=1 to=12 type=Prepare { ballot: 85 } queue_len=1639
[step=3010] DELIVER from=1 to=13 type=Prepare { ballot: 85 } queue_len=1639
[step=3011] DELIVER from=1 to=14 type=Prepare { ballot: 85 } queue_len=1639
[step=3012] DELIVER from=1 to=15 type=Prepare { ballot: 85 } queue_len=1639
[step=3013] DELIVER from=1 to=16 type=Prepare { ballot: 85 } queue_len=1639
[step=3014] DELIVER from=1 to=17 type=Prepare { ballot: 85 } queue_len=1639
[step=3015] DELIVER from=1 to=18 type=Prepare { ballot: 85 } queue_len=1639
[step=3016] DELIVER from=1 to=19 type=Prepare { ballot: 85 } queue_len=1639
[step=3017] DELIVER from=1 to=20 type=Prepare { ballot: 85 } queue_len=1639
[step=3018] DELIVER from=1 to=21 type=Prepare { ballot: 85 } queue_len=1639
[step=3019] DELIVER from=1 to=22 type=Prepare { ballot: 85 } queue_len=1639
[step=3020] DELIVER from=1 to=23 type=Prepare { ballot: 85 } queue_len=1639
[step=3021] DELIVER from=1 to=24 type=Prepare { ballot: 85 } queue_len=1639
[step=3022] DELIVER from=1 to=25 type=Prepare { ballot: 85 } queue_len=1639
[step=3023] DELIVER from=11 to=1 type=Promise { ballot: 36, accepted_ballot: None, accepted_value: None } queue_len=1639
[PROMISE-TRACE] from=11 received_ballot=36 current_ballot=101 match=false
[step=3024] DELIVER from=12 to=1 type=Promise { ballot: 36, accepted_ballot: None, accepted_value: None } queue_len=1638
[PROMISE-TRACE] from=12 received_ballot=36 current_ballot=101 match=false
[step=3025] DELIVER from=13 to=1 type=Promise { ballot: 36, accepted_ballot: None, accepted_value: None } queue_len=1637
[PROMISE-TRACE] from=13 received_ballot=36 current_ballot=101 match=false
[step=3026] DELIVER from=14 to=1 type=Promise { ballot: 36, accepted_ballot: None, accepted_value: None } queue_len=1636
[PROMISE-TRACE] from=14 received_ballot=36 current_ballot=101 match=false
[step=3027] DELIVER from=15 to=1 type=Promise { ballot: 36, accepted_ballot: None, accepted_value: None } queue_len=1635
[PROMISE-TRACE] from=15 received_ballot=36 current_ballot=101 match=false
[step=3028] DELIVER from=16 to=1 type=Promise { ballot: 36, accepted_ballot: None, accepted_value: None } queue_len=1634
[PROMISE-TRACE] from=16 received_ballot=36 current_ballot=101 match=false
[step=3029] DELIVER from=17 to=1 type=Promise { ballot: 36, accepted_ballot: None, accepted_value: None } queue_len=1633
[PROMISE-TRACE] from=17 received_ballot=36 current_ballot=101 match=false
[step=3030] DELIVER from=18 to=1 type=Promise { ballot: 36, accepted_ballot: None, accepted_value: None } queue_len=1632
[PROMISE-TRACE] from=18 received_ballot=36 current_ballot=101 match=false
[step=3031] DELIVER from=19 to=1 type=Promise { ballot: 36, accepted_ballot: None, accepted_value: None } queue_len=1631
[PROMISE-TRACE] from=19 received_ballot=36 current_ballot=101 match=false
[step=3032] DELIVER from=20 to=1 type=Promise { ballot: 36, accepted_ballot: None, accepted_value: None } queue_len=1630
[PROMISE-TRACE] from=20 received_ballot=36 current_ballot=101 match=false
[step=3033] DELIVER from=21 to=1 type=Promise { ballot: 36, accepted_ballot: None, accepted_value: None } queue_len=1629
[PROMISE-TRACE] from=21 received_ballot=36 current_ballot=101 match=false
[step=3034] DELIVER from=22 to=1 type=Promise { ballot: 36, accepted_ballot: None, accepted_value: None } queue_len=1628
[PROMISE-TRACE] from=22 received_ballot=36 current_ballot=101 match=false
[step=3035] DELIVER from=23 to=1 type=Promise { ballot: 36, accepted_ballot: None, accepted_value: None } queue_len=1627
[PROMISE-TRACE] from=23 received_ballot=36 current_ballot=101 match=false
[step=3036] DELIVER from=24 to=1 type=Promise { ballot: 36, accepted_ballot: None, accepted_value: None } queue_len=1626
[PROMISE-TRACE] from=24 received_ballot=36 current_ballot=101 match=false
[step=3037] DELIVER from=25 to=1 type=Promise { ballot: 36, accepted_ballot: None, accepted_value: None } queue_len=1625
[PROMISE-TRACE] from=25 received_ballot=36 current_ballot=101 match=false
[step=3038] DELIVER from=1 to=1 type=Prepare { ballot: 86 } queue_len=1624
[step=3039] DELIVER from=1 to=2 type=Prepare { ballot: 86 } queue_len=1624
[step=3040] DELIVER from=1 to=3 type=Prepare { ballot: 86 } queue_len=1624
[step=3041] DELIVER from=1 to=4 type=Prepare { ballot: 86 } queue_len=1624
[step=3042] DELIVER from=1 to=5 type=Prepare { ballot: 86 } queue_len=1624
[step=3043] DELIVER from=1 to=6 type=Prepare { ballot: 86 } queue_len=1624
[step=3044] DELIVER from=1 to=7 type=Prepare { ballot: 86 } queue_len=1624
[step=3045] DELIVER from=1 to=8 type=Prepare { ballot: 86 } queue_len=1624
[step=3046] DELIVER from=1 to=9 type=Prepare { ballot: 86 } queue_len=1624
[step=3047] DELIVER from=1 to=10 type=Prepare { ballot: 86 } queue_len=1624
[step=3048] DELIVER from=1 to=11 type=Prepare { ballot: 86 } queue_len=1624
[step=3049] DELIVER from=1 to=12 type=Prepare { ballot: 86 } queue_len=1624
[step=3050] DELIVER from=1 to=13 type=Prepare { ballot: 86 } queue_len=1624
[step=3051] DELIVER from=1 to=14 type=Prepare { ballot: 86 } queue_len=1624
[step=3052] DELIVER from=1 to=15 type=Prepare { ballot: 86 } queue_len=1624
[step=3053] DELIVER from=1 to=16 type=Prepare { ballot: 86 } queue_len=1624
[step=3054] DELIVER from=1 to=17 type=Prepare { ballot: 86 } queue_len=1624
[step=3055] DELIVER from=1 to=18 type=Prepare { ballot: 86 } queue_len=1624
[step=3056] DELIVER from=1 to=19 type=Prepare { ballot: 86 } queue_len=1624
[step=3057] DELIVER from=1 to=20 type=Prepare { ballot: 86 } queue_len=1624
[step=3058] DELIVER from=1 to=21 type=Prepare { ballot: 86 } queue_len=1624
[step=3059] DELIVER from=1 to=22 type=Prepare { ballot: 86 } queue_len=1624
[step=3060] DELIVER from=1 to=23 type=Prepare { ballot: 86 } queue_len=1624
[step=3061] DELIVER from=1 to=24 type=Prepare { ballot: 86 } queue_len=1624
[step=3062] DELIVER from=1 to=25 type=Prepare { ballot: 86 } queue_len=1624
[step=3063] DELIVER from=1 to=1 type=Promise { ballot: 37, accepted_ballot: None, accepted_value: None } queue_len=1624
[PROMISE-TRACE] from=1 received_ballot=37 current_ballot=101 match=false
[step=3064] DELIVER from=2 to=1 type=Promise { ballot: 37, accepted_ballot: None, accepted_value: None } queue_len=1623
[PROMISE-TRACE] from=2 received_ballot=37 current_ballot=101 match=false
[step=3065] DELIVER from=1 to=1 type=Prepare { ballot: 87 } queue_len=1622
[step=3066] DELIVER from=1 to=2 type=Prepare { ballot: 87 } queue_len=1622
[step=3067] DELIVER from=1 to=3 type=Prepare { ballot: 87 } queue_len=1622
[step=3068] DELIVER from=1 to=4 type=Prepare { ballot: 87 } queue_len=1622
[step=3069] DELIVER from=1 to=5 type=Prepare { ballot: 87 } queue_len=1622
[step=3070] DELIVER from=1 to=6 type=Prepare { ballot: 87 } queue_len=1622
[step=3071] DELIVER from=1 to=7 type=Prepare { ballot: 87 } queue_len=1622
[step=3072] DELIVER from=1 to=8 type=Prepare { ballot: 87 } queue_len=1622
[step=3073] DELIVER from=1 to=9 type=Prepare { ballot: 87 } queue_len=1622
[step=3074] DELIVER from=1 to=10 type=Prepare { ballot: 87 } queue_len=1622
[step=3075] DELIVER from=1 to=11 type=Prepare { ballot: 87 } queue_len=1622
[step=3076] DELIVER from=1 to=12 type=Prepare { ballot: 87 } queue_len=1622
[step=3077] DELIVER from=1 to=13 type=Prepare { ballot: 87 } queue_len=1622
[step=3078] DELIVER from=1 to=14 type=Prepare { ballot: 87 } queue_len=1622
[step=3079] DELIVER from=1 to=15 type=Prepare { ballot: 87 } queue_len=1622
[step=3080] DELIVER from=1 to=16 type=Prepare { ballot: 87 } queue_len=1622
[step=3081] DELIVER from=1 to=17 type=Prepare { ballot: 87 } queue_len=1622
[step=3082] DELIVER from=1 to=18 type=Prepare { ballot: 87 } queue_len=1622
[step=3083] DELIVER from=1 to=19 type=Prepare { ballot: 87 } queue_len=1622
[step=3084] DELIVER from=1 to=20 type=Prepare { ballot: 87 } queue_len=1622
[step=3085] DELIVER from=1 to=21 type=Prepare { ballot: 87 } queue_len=1622
[step=3086] DELIVER from=1 to=22 type=Prepare { ballot: 87 } queue_len=1622
[step=3087] DELIVER from=1 to=23 type=Prepare { ballot: 87 } queue_len=1622
[step=3088] DELIVER from=1 to=24 type=Prepare { ballot: 87 } queue_len=1622
[step=3089] DELIVER from=1 to=25 type=Prepare { ballot: 87 } queue_len=1622
[step=3090] DELIVER from=3 to=1 type=Promise { ballot: 37, accepted_ballot: None, accepted_value: None } queue_len=1622
[PROMISE-TRACE] from=3 received_ballot=37 current_ballot=101 match=false
[step=3091] DELIVER from=4 to=1 type=Promise { ballot: 37, accepted_ballot: None, accepted_value: None } queue_len=1621
[PROMISE-TRACE] from=4 received_ballot=37 current_ballot=101 match=false
[step=3092] DELIVER from=5 to=1 type=Promise { ballot: 37, accepted_ballot: None, accepted_value: None } queue_len=1620
[PROMISE-TRACE] from=5 received_ballot=37 current_ballot=101 match=false
[step=3093] DELIVER from=6 to=1 type=Promise { ballot: 37, accepted_ballot: None, accepted_value: None } queue_len=1619
[PROMISE-TRACE] from=6 received_ballot=37 current_ballot=101 match=false
[step=3094] DELIVER from=7 to=1 type=Promise { ballot: 37, accepted_ballot: None, accepted_value: None } queue_len=1618
[PROMISE-TRACE] from=7 received_ballot=37 current_ballot=101 match=false
[step=3095] DELIVER from=8 to=1 type=Promise { ballot: 37, accepted_ballot: None, accepted_value: None } queue_len=1617
[PROMISE-TRACE] from=8 received_ballot=37 current_ballot=101 match=false
[step=3096] DELIVER from=9 to=1 type=Promise { ballot: 37, accepted_ballot: None, accepted_value: None } queue_len=1616
[PROMISE-TRACE] from=9 received_ballot=37 current_ballot=101 match=false
[step=3097] DELIVER from=10 to=1 type=Promise { ballot: 37, accepted_ballot: None, accepted_value: None } queue_len=1615
[PROMISE-TRACE] from=10 received_ballot=37 current_ballot=101 match=false
[step=3098] DELIVER from=11 to=1 type=Promise { ballot: 37, accepted_ballot: None, accepted_value: None } queue_len=1614
[PROMISE-TRACE] from=11 received_ballot=37 current_ballot=101 match=false
[step=3099] DELIVER from=12 to=1 type=Promise { ballot: 37, accepted_ballot: None, accepted_value: None } queue_len=1613
[PROMISE-TRACE] from=12 received_ballot=37 current_ballot=101 match=false
[step=3100] DELIVER from=13 to=1 type=Promise { ballot: 37, accepted_ballot: None, accepted_value: None } queue_len=1612
[PROMISE-TRACE] from=13 received_ballot=37 current_ballot=101 match=false
[step=3101] DELIVER from=14 to=1 type=Promise { ballot: 37, accepted_ballot: None, accepted_value: None } queue_len=1611
[PROMISE-TRACE] from=14 received_ballot=37 current_ballot=101 match=false
[step=3102] DELIVER from=15 to=1 type=Promise { ballot: 37, accepted_ballot: None, accepted_value: None } queue_len=1610
[PROMISE-TRACE] from=15 received_ballot=37 current_ballot=101 match=false
[step=3103] DELIVER from=16 to=1 type=Promise { ballot: 37, accepted_ballot: None, accepted_value: None } queue_len=1609
[PROMISE-TRACE] from=16 received_ballot=37 current_ballot=101 match=false
[step=3104] DELIVER from=17 to=1 type=Promise { ballot: 37, accepted_ballot: None, accepted_value: None } queue_len=1608
[PROMISE-TRACE] from=17 received_ballot=37 current_ballot=101 match=false
[step=3105] DELIVER from=1 to=1 type=Prepare { ballot: 88 } queue_len=1607
[step=3106] DELIVER from=1 to=2 type=Prepare { ballot: 88 } queue_len=1607
[step=3107] DELIVER from=1 to=3 type=Prepare { ballot: 88 } queue_len=1607
[step=3108] DELIVER from=1 to=4 type=Prepare { ballot: 88 } queue_len=1607
[step=3109] DELIVER from=1 to=5 type=Prepare { ballot: 88 } queue_len=1607
[step=3110] DELIVER from=1 to=6 type=Prepare { ballot: 88 } queue_len=1607
[step=3111] DELIVER from=1 to=7 type=Prepare { ballot: 88 } queue_len=1607
[step=3112] DELIVER from=1 to=8 type=Prepare { ballot: 88 } queue_len=1607
[step=3113] DELIVER from=1 to=9 type=Prepare { ballot: 88 } queue_len=1607
[step=3114] DELIVER from=1 to=10 type=Prepare { ballot: 88 } queue_len=1607
[step=3115] DELIVER from=1 to=11 type=Prepare { ballot: 88 } queue_len=1607
[step=3116] DELIVER from=1 to=12 type=Prepare { ballot: 88 } queue_len=1607
[step=3117] DELIVER from=1 to=13 type=Prepare { ballot: 88 } queue_len=1607
[step=3118] DELIVER from=1 to=14 type=Prepare { ballot: 88 } queue_len=1607
[step=3119] DELIVER from=1 to=15 type=Prepare { ballot: 88 } queue_len=1607
[step=3120] DELIVER from=1 to=16 type=Prepare { ballot: 88 } queue_len=1607
[step=3121] DELIVER from=1 to=17 type=Prepare { ballot: 88 } queue_len=1607
[step=3122] DELIVER from=1 to=18 type=Prepare { ballot: 88 } queue_len=1607
[step=3123] DELIVER from=1 to=19 type=Prepare { ballot: 88 } queue_len=1607
[step=3124] DELIVER from=1 to=20 type=Prepare { ballot: 88 } queue_len=1607
[step=3125] DELIVER from=1 to=21 type=Prepare { ballot: 88 } queue_len=1607
[step=3126] DELIVER from=1 to=22 type=Prepare { ballot: 88 } queue_len=1607
[step=3127] DELIVER from=1 to=23 type=Prepare { ballot: 88 } queue_len=1607
[step=3128] DELIVER from=1 to=24 type=Prepare { ballot: 88 } queue_len=1607
[step=3129] DELIVER from=1 to=25 type=Prepare { ballot: 88 } queue_len=1607
[step=3130] DELIVER from=18 to=1 type=Promise { ballot: 37, accepted_ballot: None, accepted_value: None } queue_len=1607
[PROMISE-TRACE] from=18 received_ballot=37 current_ballot=101 match=false
[step=3131] DELIVER from=19 to=1 type=Promise { ballot: 37, accepted_ballot: None, accepted_value: None } queue_len=1606
[PROMISE-TRACE] from=19 received_ballot=37 current_ballot=101 match=false
[step=3132] DELIVER from=20 to=1 type=Promise { ballot: 37, accepted_ballot: None, accepted_value: None } queue_len=1605
[PROMISE-TRACE] from=20 received_ballot=37 current_ballot=101 match=false
[step=3133] DELIVER from=21 to=1 type=Promise { ballot: 37, accepted_ballot: None, accepted_value: None } queue_len=1604
[PROMISE-TRACE] from=21 received_ballot=37 current_ballot=101 match=false
[step=3134] DELIVER from=22 to=1 type=Promise { ballot: 37, accepted_ballot: None, accepted_value: None } queue_len=1603
[PROMISE-TRACE] from=22 received_ballot=37 current_ballot=101 match=false
[step=3135] DELIVER from=23 to=1 type=Promise { ballot: 37, accepted_ballot: None, accepted_value: None } queue_len=1602
[PROMISE-TRACE] from=23 received_ballot=37 current_ballot=101 match=false
[step=3136] DELIVER from=24 to=1 type=Promise { ballot: 37, accepted_ballot: None, accepted_value: None } queue_len=1601
[PROMISE-TRACE] from=24 received_ballot=37 current_ballot=101 match=false
[step=3137] DELIVER from=25 to=1 type=Promise { ballot: 37, accepted_ballot: None, accepted_value: None } queue_len=1600
[PROMISE-TRACE] from=25 received_ballot=37 current_ballot=101 match=false
[step=3138] DELIVER from=1 to=1 type=Prepare { ballot: 89 } queue_len=1599
[step=3139] DELIVER from=1 to=2 type=Prepare { ballot: 89 } queue_len=1599
[step=3140] DELIVER from=1 to=3 type=Prepare { ballot: 89 } queue_len=1599
[step=3141] DELIVER from=1 to=4 type=Prepare { ballot: 89 } queue_len=1599
[step=3142] DELIVER from=1 to=5 type=Prepare { ballot: 89 } queue_len=1599
[step=3143] DELIVER from=1 to=6 type=Prepare { ballot: 89 } queue_len=1599
[step=3144] DELIVER from=1 to=7 type=Prepare { ballot: 89 } queue_len=1599
[step=3145] DELIVER from=1 to=8 type=Prepare { ballot: 89 } queue_len=1599
[step=3146] DELIVER from=1 to=9 type=Prepare { ballot: 89 } queue_len=1599
[step=3147] DELIVER from=1 to=10 type=Prepare { ballot: 89 } queue_len=1599
[step=3148] DELIVER from=1 to=11 type=Prepare { ballot: 89 } queue_len=1599
[step=3149] DELIVER from=1 to=12 type=Prepare { ballot: 89 } queue_len=1599
[step=3150] DELIVER from=1 to=13 type=Prepare { ballot: 89 } queue_len=1599
[step=3151] DELIVER from=1 to=14 type=Prepare { ballot: 89 } queue_len=1599
[step=3152] DELIVER from=1 to=15 type=Prepare { ballot: 89 } queue_len=1599
[step=3153] DELIVER from=1 to=16 type=Prepare { ballot: 89 } queue_len=1599
[step=3154] DELIVER from=1 to=17 type=Prepare { ballot: 89 } queue_len=1599
[step=3155] DELIVER from=1 to=18 type=Prepare { ballot: 89 } queue_len=1599
[step=3156] DELIVER from=1 to=19 type=Prepare { ballot: 89 } queue_len=1599
[step=3157] DELIVER from=1 to=20 type=Prepare { ballot: 89 } queue_len=1599
[step=3158] DELIVER from=1 to=21 type=Prepare { ballot: 89 } queue_len=1599
[step=3159] DELIVER from=1 to=22 type=Prepare { ballot: 89 } queue_len=1599
[step=3160] DELIVER from=1 to=23 type=Prepare { ballot: 89 } queue_len=1599
[step=3161] DELIVER from=1 to=24 type=Prepare { ballot: 89 } queue_len=1599
[step=3162] DELIVER from=1 to=25 type=Prepare { ballot: 89 } queue_len=1599
[step=3163] DELIVER from=1 to=1 type=Promise { ballot: 38, accepted_ballot: None, accepted_value: None } queue_len=1599
[PROMISE-TRACE] from=1 received_ballot=38 current_ballot=101 match=false
[step=3164] DELIVER from=2 to=1 type=Promise { ballot: 38, accepted_ballot: None, accepted_value: None } queue_len=1598
[PROMISE-TRACE] from=2 received_ballot=38 current_ballot=101 match=false
[step=3165] DELIVER from=3 to=1 type=Promise { ballot: 38, accepted_ballot: None, accepted_value: None } queue_len=1597
[PROMISE-TRACE] from=3 received_ballot=38 current_ballot=101 match=false
[step=3166] DELIVER from=4 to=1 type=Promise { ballot: 38, accepted_ballot: None, accepted_value: None } queue_len=1596
[PROMISE-TRACE] from=4 received_ballot=38 current_ballot=101 match=false
[step=3167] DELIVER from=5 to=1 type=Promise { ballot: 38, accepted_ballot: None, accepted_value: None } queue_len=1595
[PROMISE-TRACE] from=5 received_ballot=38 current_ballot=101 match=false
[step=3168] DELIVER from=6 to=1 type=Promise { ballot: 38, accepted_ballot: None, accepted_value: None } queue_len=1594
[PROMISE-TRACE] from=6 received_ballot=38 current_ballot=101 match=false
[step=3169] DELIVER from=7 to=1 type=Promise { ballot: 38, accepted_ballot: None, accepted_value: None } queue_len=1593
[PROMISE-TRACE] from=7 received_ballot=38 current_ballot=101 match=false
[step=3170] DELIVER from=8 to=1 type=Promise { ballot: 38, accepted_ballot: None, accepted_value: None } queue_len=1592
[PROMISE-TRACE] from=8 received_ballot=38 current_ballot=101 match=false
[step=3171] DELIVER from=9 to=1 type=Promise { ballot: 38, accepted_ballot: None, accepted_value: None } queue_len=1591
[PROMISE-TRACE] from=9 received_ballot=38 current_ballot=101 match=false
[step=3172] DELIVER from=10 to=1 type=Promise { ballot: 38, accepted_ballot: None, accepted_value: None } queue_len=1590
[PROMISE-TRACE] from=10 received_ballot=38 current_ballot=101 match=false
[step=3173] DELIVER from=1 to=1 type=Prepare { ballot: 90 } queue_len=1589
[step=3174] DELIVER from=1 to=2 type=Prepare { ballot: 90 } queue_len=1589
[step=3175] DELIVER from=1 to=3 type=Prepare { ballot: 90 } queue_len=1589
[step=3176] DELIVER from=1 to=4 type=Prepare { ballot: 90 } queue_len=1589
[step=3177] DELIVER from=1 to=5 type=Prepare { ballot: 90 } queue_len=1589
[step=3178] DELIVER from=1 to=6 type=Prepare { ballot: 90 } queue_len=1589
[step=3179] DELIVER from=1 to=7 type=Prepare { ballot: 90 } queue_len=1589
[step=3180] DELIVER from=1 to=8 type=Prepare { ballot: 90 } queue_len=1589
[step=3181] DELIVER from=1 to=9 type=Prepare { ballot: 90 } queue_len=1589
[step=3182] DELIVER from=1 to=10 type=Prepare { ballot: 90 } queue_len=1589
[step=3183] DELIVER from=1 to=11 type=Prepare { ballot: 90 } queue_len=1589
[step=3184] DELIVER from=1 to=12 type=Prepare { ballot: 90 } queue_len=1589
[step=3185] DELIVER from=1 to=13 type=Prepare { ballot: 90 } queue_len=1589
[step=3186] DELIVER from=1 to=14 type=Prepare { ballot: 90 } queue_len=1589
[step=3187] DELIVER from=1 to=15 type=Prepare { ballot: 90 } queue_len=1589
[step=3188] DELIVER from=1 to=16 type=Prepare { ballot: 90 } queue_len=1589
[step=3189] DELIVER from=1 to=17 type=Prepare { ballot: 90 } queue_len=1589
[step=3190] DELIVER from=1 to=18 type=Prepare { ballot: 90 } queue_len=1589
[step=3191] DELIVER from=1 to=19 type=Prepare { ballot: 90 } queue_len=1589
[step=3192] DELIVER from=1 to=20 type=Prepare { ballot: 90 } queue_len=1589
[step=3193] DELIVER from=1 to=21 type=Prepare { ballot: 90 } queue_len=1589
[step=3194] DELIVER from=1 to=22 type=Prepare { ballot: 90 } queue_len=1589
[step=3195] DELIVER from=1 to=23 type=Prepare { ballot: 90 } queue_len=1589
[step=3196] DELIVER from=1 to=24 type=Prepare { ballot: 90 } queue_len=1589
[step=3197] DELIVER from=1 to=25 type=Prepare { ballot: 90 } queue_len=1589
[step=3198] DELIVER from=11 to=1 type=Promise { ballot: 38, accepted_ballot: None, accepted_value: None } queue_len=1589
[PROMISE-TRACE] from=11 received_ballot=38 current_ballot=101 match=false
[step=3199] DELIVER from=12 to=1 type=Promise { ballot: 38, accepted_ballot: None, accepted_value: None } queue_len=1588
[PROMISE-TRACE] from=12 received_ballot=38 current_ballot=101 match=false
[step=3200] DELIVER from=13 to=1 type=Promise { ballot: 38, accepted_ballot: None, accepted_value: None } queue_len=1587
[PROMISE-TRACE] from=13 received_ballot=38 current_ballot=101 match=false
[step=3201] DELIVER from=14 to=1 type=Promise { ballot: 38, accepted_ballot: None, accepted_value: None } queue_len=1586
[PROMISE-TRACE] from=14 received_ballot=38 current_ballot=101 match=false
[step=3202] DELIVER from=15 to=1 type=Promise { ballot: 38, accepted_ballot: None, accepted_value: None } queue_len=1585
[PROMISE-TRACE] from=15 received_ballot=38 current_ballot=101 match=false
[step=3203] DELIVER from=16 to=1 type=Promise { ballot: 38, accepted_ballot: None, accepted_value: None } queue_len=1584
[PROMISE-TRACE] from=16 received_ballot=38 current_ballot=101 match=false
[step=3204] DELIVER from=17 to=1 type=Promise { ballot: 38, accepted_ballot: None, accepted_value: None } queue_len=1583
[PROMISE-TRACE] from=17 received_ballot=38 current_ballot=101 match=false
[step=3205] DELIVER from=18 to=1 type=Promise { ballot: 38, accepted_ballot: None, accepted_value: None } queue_len=1582
[PROMISE-TRACE] from=18 received_ballot=38 current_ballot=101 match=false
[step=3206] DELIVER from=19 to=1 type=Promise { ballot: 38, accepted_ballot: None, accepted_value: None } queue_len=1581
[PROMISE-TRACE] from=19 received_ballot=38 current_ballot=101 match=false
[step=3207] DELIVER from=20 to=1 type=Promise { ballot: 38, accepted_ballot: None, accepted_value: None } queue_len=1580
[PROMISE-TRACE] from=20 received_ballot=38 current_ballot=101 match=false
[step=3208] DELIVER from=21 to=1 type=Promise { ballot: 38, accepted_ballot: None, accepted_value: None } queue_len=1579
[PROMISE-TRACE] from=21 received_ballot=38 current_ballot=101 match=false
[step=3209] DELIVER from=22 to=1 type=Promise { ballot: 38, accepted_ballot: None, accepted_value: None } queue_len=1578
[PROMISE-TRACE] from=22 received_ballot=38 current_ballot=101 match=false
[step=3210] DELIVER from=23 to=1 type=Promise { ballot: 38, accepted_ballot: None, accepted_value: None } queue_len=1577
[PROMISE-TRACE] from=23 received_ballot=38 current_ballot=101 match=false
[step=3211] DELIVER from=24 to=1 type=Promise { ballot: 38, accepted_ballot: None, accepted_value: None } queue_len=1576
[PROMISE-TRACE] from=24 received_ballot=38 current_ballot=101 match=false
[step=3212] DELIVER from=25 to=1 type=Promise { ballot: 38, accepted_ballot: None, accepted_value: None } queue_len=1575
[PROMISE-TRACE] from=25 received_ballot=38 current_ballot=101 match=false
[step=3213] DELIVER from=1 to=1 type=Prepare { ballot: 91 } queue_len=1574
[step=3214] DELIVER from=1 to=2 type=Prepare { ballot: 91 } queue_len=1574
[step=3215] DELIVER from=1 to=3 type=Prepare { ballot: 91 } queue_len=1574
[step=3216] DELIVER from=1 to=4 type=Prepare { ballot: 91 } queue_len=1574
[step=3217] DELIVER from=1 to=5 type=Prepare { ballot: 91 } queue_len=1574
[step=3218] DELIVER from=1 to=6 type=Prepare { ballot: 91 } queue_len=1574
[step=3219] DELIVER from=1 to=7 type=Prepare { ballot: 91 } queue_len=1574
[step=3220] DELIVER from=1 to=8 type=Prepare { ballot: 91 } queue_len=1574
[step=3221] DELIVER from=1 to=9 type=Prepare { ballot: 91 } queue_len=1574
[step=3222] DELIVER from=1 to=10 type=Prepare { ballot: 91 } queue_len=1574
[step=3223] DELIVER from=1 to=11 type=Prepare { ballot: 91 } queue_len=1574
[step=3224] DELIVER from=1 to=12 type=Prepare { ballot: 91 } queue_len=1574
[step=3225] DELIVER from=1 to=13 type=Prepare { ballot: 91 } queue_len=1574
[step=3226] DELIVER from=1 to=14 type=Prepare { ballot: 91 } queue_len=1574
[step=3227] DELIVER from=1 to=15 type=Prepare { ballot: 91 } queue_len=1574
[step=3228] DELIVER from=1 to=16 type=Prepare { ballot: 91 } queue_len=1574
[step=3229] DELIVER from=1 to=17 type=Prepare { ballot: 91 } queue_len=1574
[step=3230] DELIVER from=1 to=18 type=Prepare { ballot: 91 } queue_len=1574
[step=3231] DELIVER from=1 to=19 type=Prepare { ballot: 91 } queue_len=1574
[step=3232] DELIVER from=1 to=20 type=Prepare { ballot: 91 } queue_len=1574
[step=3233] DELIVER from=1 to=21 type=Prepare { ballot: 91 } queue_len=1574
[step=3234] DELIVER from=1 to=22 type=Prepare { ballot: 91 } queue_len=1574
[step=3235] DELIVER from=1 to=23 type=Prepare { ballot: 91 } queue_len=1574
[step=3236] DELIVER from=1 to=24 type=Prepare { ballot: 91 } queue_len=1574
[step=3237] DELIVER from=1 to=25 type=Prepare { ballot: 91 } queue_len=1574
[step=3238] DELIVER from=1 to=1 type=Promise { ballot: 39, accepted_ballot: None, accepted_value: None } queue_len=1574
[PROMISE-TRACE] from=1 received_ballot=39 current_ballot=101 match=false
[step=3239] DELIVER from=2 to=1 type=Promise { ballot: 39, accepted_ballot: None, accepted_value: None } queue_len=1573
[PROMISE-TRACE] from=2 received_ballot=39 current_ballot=101 match=false
[step=3240] DELIVER from=1 to=1 type=Prepare { ballot: 92 } queue_len=1572
[step=3241] DELIVER from=1 to=2 type=Prepare { ballot: 92 } queue_len=1572
[step=3242] DELIVER from=1 to=3 type=Prepare { ballot: 92 } queue_len=1572
[step=3243] DELIVER from=1 to=4 type=Prepare { ballot: 92 } queue_len=1572
[step=3244] DELIVER from=1 to=5 type=Prepare { ballot: 92 } queue_len=1572
[step=3245] DELIVER from=1 to=6 type=Prepare { ballot: 92 } queue_len=1572
[step=3246] DELIVER from=1 to=7 type=Prepare { ballot: 92 } queue_len=1572
[step=3247] DELIVER from=1 to=8 type=Prepare { ballot: 92 } queue_len=1572
[step=3248] DELIVER from=1 to=9 type=Prepare { ballot: 92 } queue_len=1572
[step=3249] DELIVER from=1 to=10 type=Prepare { ballot: 92 } queue_len=1572
[step=3250] DELIVER from=1 to=11 type=Prepare { ballot: 92 } queue_len=1572
[step=3251] DELIVER from=1 to=12 type=Prepare { ballot: 92 } queue_len=1572
[step=3252] DELIVER from=1 to=13 type=Prepare { ballot: 92 } queue_len=1572
[step=3253] DELIVER from=1 to=14 type=Prepare { ballot: 92 } queue_len=1572
[step=3254] DELIVER from=1 to=15 type=Prepare { ballot: 92 } queue_len=1572
[step=3255] DELIVER from=1 to=16 type=Prepare { ballot: 92 } queue_len=1572
[step=3256] DELIVER from=1 to=17 type=Prepare { ballot: 92 } queue_len=1572
[step=3257] DELIVER from=1 to=18 type=Prepare { ballot: 92 } queue_len=1572
[step=3258] DELIVER from=1 to=19 type=Prepare { ballot: 92 } queue_len=1572
[step=3259] DELIVER from=1 to=20 type=Prepare { ballot: 92 } queue_len=1572
[step=3260] DELIVER from=1 to=21 type=Prepare { ballot: 92 } queue_len=1572
[step=3261] DELIVER from=1 to=22 type=Prepare { ballot: 92 } queue_len=1572
[step=3262] DELIVER from=1 to=23 type=Prepare { ballot: 92 } queue_len=1572
[step=3263] DELIVER from=1 to=24 type=Prepare { ballot: 92 } queue_len=1572
[step=3264] DELIVER from=1 to=25 type=Prepare { ballot: 92 } queue_len=1572
[step=3265] DELIVER from=3 to=1 type=Promise { ballot: 39, accepted_ballot: None, accepted_value: None } queue_len=1572
[PROMISE-TRACE] from=3 received_ballot=39 current_ballot=101 match=false
[step=3266] DELIVER from=4 to=1 type=Promise { ballot: 39, accepted_ballot: None, accepted_value: None } queue_len=1571
[PROMISE-TRACE] from=4 received_ballot=39 current_ballot=101 match=false
[step=3267] DELIVER from=5 to=1 type=Promise { ballot: 39, accepted_ballot: None, accepted_value: None } queue_len=1570
[PROMISE-TRACE] from=5 received_ballot=39 current_ballot=101 match=false
[step=3268] DELIVER from=6 to=1 type=Promise { ballot: 39, accepted_ballot: None, accepted_value: None } queue_len=1569
[PROMISE-TRACE] from=6 received_ballot=39 current_ballot=101 match=false
[step=3269] DELIVER from=7 to=1 type=Promise { ballot: 39, accepted_ballot: None, accepted_value: None } queue_len=1568
[PROMISE-TRACE] from=7 received_ballot=39 current_ballot=101 match=false
[step=3270] DELIVER from=8 to=1 type=Promise { ballot: 39, accepted_ballot: None, accepted_value: None } queue_len=1567
[PROMISE-TRACE] from=8 received_ballot=39 current_ballot=101 match=false
[step=3271] DELIVER from=9 to=1 type=Promise { ballot: 39, accepted_ballot: None, accepted_value: None } queue_len=1566
[PROMISE-TRACE] from=9 received_ballot=39 current_ballot=101 match=false
[step=3272] DELIVER from=10 to=1 type=Promise { ballot: 39, accepted_ballot: None, accepted_value: None } queue_len=1565
[PROMISE-TRACE] from=10 received_ballot=39 current_ballot=101 match=false
[step=3273] DELIVER from=11 to=1 type=Promise { ballot: 39, accepted_ballot: None, accepted_value: None } queue_len=1564
[PROMISE-TRACE] from=11 received_ballot=39 current_ballot=101 match=false
[step=3274] DELIVER from=12 to=1 type=Promise { ballot: 39, accepted_ballot: None, accepted_value: None } queue_len=1563
[PROMISE-TRACE] from=12 received_ballot=39 current_ballot=101 match=false
[step=3275] DELIVER from=13 to=1 type=Promise { ballot: 39, accepted_ballot: None, accepted_value: None } queue_len=1562
[PROMISE-TRACE] from=13 received_ballot=39 current_ballot=101 match=false
[step=3276] DELIVER from=14 to=1 type=Promise { ballot: 39, accepted_ballot: None, accepted_value: None } queue_len=1561
[PROMISE-TRACE] from=14 received_ballot=39 current_ballot=101 match=false
[step=3277] DELIVER from=15 to=1 type=Promise { ballot: 39, accepted_ballot: None, accepted_value: None } queue_len=1560
[PROMISE-TRACE] from=15 received_ballot=39 current_ballot=101 match=false
[step=3278] DELIVER from=16 to=1 type=Promise { ballot: 39, accepted_ballot: None, accepted_value: None } queue_len=1559
[PROMISE-TRACE] from=16 received_ballot=39 current_ballot=101 match=false
[step=3279] DELIVER from=17 to=1 type=Promise { ballot: 39, accepted_ballot: None, accepted_value: None } queue_len=1558
[PROMISE-TRACE] from=17 received_ballot=39 current_ballot=101 match=false
[step=3280] DELIVER from=1 to=1 type=Prepare { ballot: 93 } queue_len=1557
[step=3281] DELIVER from=1 to=2 type=Prepare { ballot: 93 } queue_len=1557
[step=3282] DELIVER from=1 to=3 type=Prepare { ballot: 93 } queue_len=1557
[step=3283] DELIVER from=1 to=4 type=Prepare { ballot: 93 } queue_len=1557
[step=3284] DELIVER from=1 to=5 type=Prepare { ballot: 93 } queue_len=1557
[step=3285] DELIVER from=1 to=6 type=Prepare { ballot: 93 } queue_len=1557
[step=3286] DELIVER from=1 to=7 type=Prepare { ballot: 93 } queue_len=1557
[step=3287] DELIVER from=1 to=8 type=Prepare { ballot: 93 } queue_len=1557
[step=3288] DELIVER from=1 to=9 type=Prepare { ballot: 93 } queue_len=1557
[step=3289] DELIVER from=1 to=10 type=Prepare { ballot: 93 } queue_len=1557
[step=3290] DELIVER from=1 to=11 type=Prepare { ballot: 93 } queue_len=1557
[step=3291] DELIVER from=1 to=12 type=Prepare { ballot: 93 } queue_len=1557
[step=3292] DELIVER from=1 to=13 type=Prepare { ballot: 93 } queue_len=1557
[step=3293] DELIVER from=1 to=14 type=Prepare { ballot: 93 } queue_len=1557
[step=3294] DELIVER from=1 to=15 type=Prepare { ballot: 93 } queue_len=1557
[step=3295] DELIVER from=1 to=16 type=Prepare { ballot: 93 } queue_len=1557
[step=3296] DELIVER from=1 to=17 type=Prepare { ballot: 93 } queue_len=1557
[step=3297] DELIVER from=1 to=18 type=Prepare { ballot: 93 } queue_len=1557
[step=3298] DELIVER from=1 to=19 type=Prepare { ballot: 93 } queue_len=1557
[step=3299] DELIVER from=1 to=20 type=Prepare { ballot: 93 } queue_len=1557
[step=3300] DELIVER from=1 to=21 type=Prepare { ballot: 93 } queue_len=1557
[step=3301] DELIVER from=1 to=22 type=Prepare { ballot: 93 } queue_len=1557
[step=3302] DELIVER from=1 to=23 type=Prepare { ballot: 93 } queue_len=1557
[step=3303] DELIVER from=1 to=24 type=Prepare { ballot: 93 } queue_len=1557
[step=3304] DELIVER from=1 to=25 type=Prepare { ballot: 93 } queue_len=1557
[step=3305] DELIVER from=18 to=1 type=Promise { ballot: 39, accepted_ballot: None, accepted_value: None } queue_len=1557
[PROMISE-TRACE] from=18 received_ballot=39 current_ballot=101 match=false
[step=3306] DELIVER from=19 to=1 type=Promise { ballot: 39, accepted_ballot: None, accepted_value: None } queue_len=1556
[PROMISE-TRACE] from=19 received_ballot=39 current_ballot=101 match=false
[step=3307] DELIVER from=20 to=1 type=Promise { ballot: 39, accepted_ballot: None, accepted_value: None } queue_len=1555
[PROMISE-TRACE] from=20 received_ballot=39 current_ballot=101 match=false
[step=3308] DELIVER from=21 to=1 type=Promise { ballot: 39, accepted_ballot: None, accepted_value: None } queue_len=1554
[PROMISE-TRACE] from=21 received_ballot=39 current_ballot=101 match=false
[step=3309] DELIVER from=22 to=1 type=Promise { ballot: 39, accepted_ballot: None, accepted_value: None } queue_len=1553
[PROMISE-TRACE] from=22 received_ballot=39 current_ballot=101 match=false
[step=3310] DELIVER from=23 to=1 type=Promise { ballot: 39, accepted_ballot: None, accepted_value: None } queue_len=1552
[PROMISE-TRACE] from=23 received_ballot=39 current_ballot=101 match=false
[step=3311] DELIVER from=24 to=1 type=Promise { ballot: 39, accepted_ballot: None, accepted_value: None } queue_len=1551
[PROMISE-TRACE] from=24 received_ballot=39 current_ballot=101 match=false
[step=3312] DELIVER from=25 to=1 type=Promise { ballot: 39, accepted_ballot: None, accepted_value: None } queue_len=1550
[PROMISE-TRACE] from=25 received_ballot=39 current_ballot=101 match=false
[step=3313] DELIVER from=1 to=1 type=Promise { ballot: 40, accepted_ballot: None, accepted_value: None } queue_len=1549
[PROMISE-TRACE] from=1 received_ballot=40 current_ballot=101 match=false
[step=3314] DELIVER from=2 to=1 type=Promise { ballot: 40, accepted_ballot: None, accepted_value: None } queue_len=1548
[PROMISE-TRACE] from=2 received_ballot=40 current_ballot=101 match=false
[step=3315] DELIVER from=3 to=1 type=Promise { ballot: 40, accepted_ballot: None, accepted_value: None } queue_len=1547
[PROMISE-TRACE] from=3 received_ballot=40 current_ballot=101 match=false
[step=3316] DELIVER from=4 to=1 type=Promise { ballot: 40, accepted_ballot: None, accepted_value: None } queue_len=1546
[PROMISE-TRACE] from=4 received_ballot=40 current_ballot=101 match=false
[step=3317] DELIVER from=5 to=1 type=Promise { ballot: 40, accepted_ballot: None, accepted_value: None } queue_len=1545
[PROMISE-TRACE] from=5 received_ballot=40 current_ballot=101 match=false
[step=3318] DELIVER from=1 to=1 type=Prepare { ballot: 94 } queue_len=1544
[step=3319] DELIVER from=1 to=2 type=Prepare { ballot: 94 } queue_len=1544
[step=3320] DELIVER from=1 to=3 type=Prepare { ballot: 94 } queue_len=1544
[step=3321] DELIVER from=1 to=4 type=Prepare { ballot: 94 } queue_len=1544
[step=3322] DELIVER from=1 to=5 type=Prepare { ballot: 94 } queue_len=1544
[step=3323] DELIVER from=1 to=6 type=Prepare { ballot: 94 } queue_len=1544
[step=3324] DELIVER from=1 to=7 type=Prepare { ballot: 94 } queue_len=1544
[step=3325] DELIVER from=1 to=8 type=Prepare { ballot: 94 } queue_len=1544
[step=3326] DELIVER from=1 to=9 type=Prepare { ballot: 94 } queue_len=1544
[step=3327] DELIVER from=1 to=10 type=Prepare { ballot: 94 } queue_len=1544
[step=3328] DELIVER from=1 to=11 type=Prepare { ballot: 94 } queue_len=1544
[step=3329] DELIVER from=1 to=12 type=Prepare { ballot: 94 } queue_len=1544
[step=3330] DELIVER from=1 to=13 type=Prepare { ballot: 94 } queue_len=1544
[step=3331] DELIVER from=1 to=14 type=Prepare { ballot: 94 } queue_len=1544
[step=3332] DELIVER from=1 to=15 type=Prepare { ballot: 94 } queue_len=1544
[step=3333] DELIVER from=1 to=16 type=Prepare { ballot: 94 } queue_len=1544
[step=3334] DELIVER from=1 to=17 type=Prepare { ballot: 94 } queue_len=1544
[step=3335] DELIVER from=1 to=18 type=Prepare { ballot: 94 } queue_len=1544
[step=3336] DELIVER from=1 to=19 type=Prepare { ballot: 94 } queue_len=1544
[step=3337] DELIVER from=1 to=20 type=Prepare { ballot: 94 } queue_len=1544
[step=3338] DELIVER from=1 to=21 type=Prepare { ballot: 94 } queue_len=1544
[step=3339] DELIVER from=1 to=22 type=Prepare { ballot: 94 } queue_len=1544
[step=3340] DELIVER from=1 to=23 type=Prepare { ballot: 94 } queue_len=1544
[step=3341] DELIVER from=1 to=24 type=Prepare { ballot: 94 } queue_len=1544
[step=3342] DELIVER from=1 to=25 type=Prepare { ballot: 94 } queue_len=1544
[step=3343] DELIVER from=6 to=1 type=Promise { ballot: 40, accepted_ballot: None, accepted_value: None } queue_len=1544
[PROMISE-TRACE] from=6 received_ballot=40 current_ballot=101 match=false
[step=3344] DELIVER from=7 to=1 type=Promise { ballot: 40, accepted_ballot: None, accepted_value: None } queue_len=1543
[PROMISE-TRACE] from=7 received_ballot=40 current_ballot=101 match=false
[step=3345] DELIVER from=8 to=1 type=Promise { ballot: 40, accepted_ballot: None, accepted_value: None } queue_len=1542
[PROMISE-TRACE] from=8 received_ballot=40 current_ballot=101 match=false
[step=3346] DELIVER from=9 to=1 type=Promise { ballot: 40, accepted_ballot: None, accepted_value: None } queue_len=1541
[PROMISE-TRACE] from=9 received_ballot=40 current_ballot=101 match=false
[step=3347] DELIVER from=10 to=1 type=Promise { ballot: 40, accepted_ballot: None, accepted_value: None } queue_len=1540
[PROMISE-TRACE] from=10 received_ballot=40 current_ballot=101 match=false
[step=3348] DELIVER from=11 to=1 type=Promise { ballot: 40, accepted_ballot: None, accepted_value: None } queue_len=1539
[PROMISE-TRACE] from=11 received_ballot=40 current_ballot=101 match=false
[step=3349] DELIVER from=12 to=1 type=Promise { ballot: 40, accepted_ballot: None, accepted_value: None } queue_len=1538
[PROMISE-TRACE] from=12 received_ballot=40 current_ballot=101 match=false
[step=3350] DELIVER from=13 to=1 type=Promise { ballot: 40, accepted_ballot: None, accepted_value: None } queue_len=1537
[PROMISE-TRACE] from=13 received_ballot=40 current_ballot=101 match=false
[step=3351] DELIVER from=14 to=1 type=Promise { ballot: 40, accepted_ballot: None, accepted_value: None } queue_len=1536
[PROMISE-TRACE] from=14 received_ballot=40 current_ballot=101 match=false
[step=3352] DELIVER from=15 to=1 type=Promise { ballot: 40, accepted_ballot: None, accepted_value: None } queue_len=1535
[PROMISE-TRACE] from=15 received_ballot=40 current_ballot=101 match=false
[step=3353] DELIVER from=16 to=1 type=Promise { ballot: 40, accepted_ballot: None, accepted_value: None } queue_len=1534
[PROMISE-TRACE] from=16 received_ballot=40 current_ballot=101 match=false
[step=3354] DELIVER from=17 to=1 type=Promise { ballot: 40, accepted_ballot: None, accepted_value: None } queue_len=1533
[PROMISE-TRACE] from=17 received_ballot=40 current_ballot=101 match=false
[step=3355] DELIVER from=18 to=1 type=Promise { ballot: 40, accepted_ballot: None, accepted_value: None } queue_len=1532
[PROMISE-TRACE] from=18 received_ballot=40 current_ballot=101 match=false
[step=3356] DELIVER from=19 to=1 type=Promise { ballot: 40, accepted_ballot: None, accepted_value: None } queue_len=1531
[PROMISE-TRACE] from=19 received_ballot=40 current_ballot=101 match=false
[step=3357] DELIVER from=20 to=1 type=Promise { ballot: 40, accepted_ballot: None, accepted_value: None } queue_len=1530
[PROMISE-TRACE] from=20 received_ballot=40 current_ballot=101 match=false
[step=3358] DELIVER from=1 to=1 type=Prepare { ballot: 95 } queue_len=1529
[step=3359] DELIVER from=1 to=2 type=Prepare { ballot: 95 } queue_len=1529
[step=3360] DELIVER from=1 to=3 type=Prepare { ballot: 95 } queue_len=1529
[step=3361] DELIVER from=1 to=4 type=Prepare { ballot: 95 } queue_len=1529
[step=3362] DELIVER from=1 to=5 type=Prepare { ballot: 95 } queue_len=1529
[step=3363] DELIVER from=1 to=6 type=Prepare { ballot: 95 } queue_len=1529
[step=3364] DELIVER from=1 to=7 type=Prepare { ballot: 95 } queue_len=1529
[step=3365] DELIVER from=1 to=8 type=Prepare { ballot: 95 } queue_len=1529
[step=3366] DELIVER from=1 to=9 type=Prepare { ballot: 95 } queue_len=1529
[step=3367] DELIVER from=1 to=10 type=Prepare { ballot: 95 } queue_len=1529
[step=3368] DELIVER from=1 to=11 type=Prepare { ballot: 95 } queue_len=1529
[step=3369] DELIVER from=1 to=12 type=Prepare { ballot: 95 } queue_len=1529
[step=3370] DELIVER from=1 to=13 type=Prepare { ballot: 95 } queue_len=1529
[step=3371] DELIVER from=1 to=14 type=Prepare { ballot: 95 } queue_len=1529
[step=3372] DELIVER from=1 to=15 type=Prepare { ballot: 95 } queue_len=1529
[step=3373] DELIVER from=1 to=16 type=Prepare { ballot: 95 } queue_len=1529
[step=3374] DELIVER from=1 to=17 type=Prepare { ballot: 95 } queue_len=1529
[step=3375] DELIVER from=1 to=18 type=Prepare { ballot: 95 } queue_len=1529
[step=3376] DELIVER from=1 to=19 type=Prepare { ballot: 95 } queue_len=1529
[step=3377] DELIVER from=1 to=20 type=Prepare { ballot: 95 } queue_len=1529
[step=3378] DELIVER from=1 to=21 type=Prepare { ballot: 95 } queue_len=1529
[step=3379] DELIVER from=1 to=22 type=Prepare { ballot: 95 } queue_len=1529
[step=3380] DELIVER from=1 to=23 type=Prepare { ballot: 95 } queue_len=1529
[step=3381] DELIVER from=1 to=24 type=Prepare { ballot: 95 } queue_len=1529
[step=3382] DELIVER from=1 to=25 type=Prepare { ballot: 95 } queue_len=1529
[step=3383] DELIVER from=21 to=1 type=Promise { ballot: 40, accepted_ballot: None, accepted_value: None } queue_len=1529
[PROMISE-TRACE] from=21 received_ballot=40 current_ballot=101 match=false
[step=3384] DELIVER from=22 to=1 type=Promise { ballot: 40, accepted_ballot: None, accepted_value: None } queue_len=1528
[PROMISE-TRACE] from=22 received_ballot=40 current_ballot=101 match=false
[step=3385] DELIVER from=23 to=1 type=Promise { ballot: 40, accepted_ballot: None, accepted_value: None } queue_len=1527
[PROMISE-TRACE] from=23 received_ballot=40 current_ballot=101 match=false
[step=3386] DELIVER from=24 to=1 type=Promise { ballot: 40, accepted_ballot: None, accepted_value: None } queue_len=1526
[PROMISE-TRACE] from=24 received_ballot=40 current_ballot=101 match=false
[step=3387] DELIVER from=25 to=1 type=Promise { ballot: 40, accepted_ballot: None, accepted_value: None } queue_len=1525
[PROMISE-TRACE] from=25 received_ballot=40 current_ballot=101 match=false
[step=3388] DELIVER from=1 to=1 type=Prepare { ballot: 96 } queue_len=1524
[step=3389] DELIVER from=1 to=2 type=Prepare { ballot: 96 } queue_len=1524
[step=3390] DELIVER from=1 to=3 type=Prepare { ballot: 96 } queue_len=1524
[step=3391] DELIVER from=1 to=4 type=Prepare { ballot: 96 } queue_len=1524
[step=3392] DELIVER from=1 to=5 type=Prepare { ballot: 96 } queue_len=1524
[step=3393] DELIVER from=1 to=6 type=Prepare { ballot: 96 } queue_len=1524
[step=3394] DELIVER from=1 to=7 type=Prepare { ballot: 96 } queue_len=1524
[step=3395] DELIVER from=1 to=8 type=Prepare { ballot: 96 } queue_len=1524
[step=3396] DELIVER from=1 to=9 type=Prepare { ballot: 96 } queue_len=1524
[step=3397] DELIVER from=1 to=10 type=Prepare { ballot: 96 } queue_len=1524
[step=3398] DELIVER from=1 to=11 type=Prepare { ballot: 96 } queue_len=1524
[step=3399] DELIVER from=1 to=12 type=Prepare { ballot: 96 } queue_len=1524
[step=3400] DELIVER from=1 to=13 type=Prepare { ballot: 96 } queue_len=1524
[step=3401] DELIVER from=1 to=14 type=Prepare { ballot: 96 } queue_len=1524
[step=3402] DELIVER from=1 to=15 type=Prepare { ballot: 96 } queue_len=1524
[step=3403] DELIVER from=1 to=16 type=Prepare { ballot: 96 } queue_len=1524
[step=3404] DELIVER from=1 to=17 type=Prepare { ballot: 96 } queue_len=1524
[step=3405] DELIVER from=1 to=18 type=Prepare { ballot: 96 } queue_len=1524
[step=3406] DELIVER from=1 to=19 type=Prepare { ballot: 96 } queue_len=1524
[step=3407] DELIVER from=1 to=20 type=Prepare { ballot: 96 } queue_len=1524
[step=3408] DELIVER from=1 to=21 type=Prepare { ballot: 96 } queue_len=1524
[step=3409] DELIVER from=1 to=22 type=Prepare { ballot: 96 } queue_len=1524
[step=3410] DELIVER from=1 to=23 type=Prepare { ballot: 96 } queue_len=1524
[step=3411] DELIVER from=1 to=24 type=Prepare { ballot: 96 } queue_len=1524
[step=3412] DELIVER from=1 to=25 type=Prepare { ballot: 96 } queue_len=1524
[step=3413] DELIVER from=1 to=1 type=Promise { ballot: 41, accepted_ballot: None, accepted_value: None } queue_len=1524
[PROMISE-TRACE] from=1 received_ballot=41 current_ballot=101 match=false
[step=3414] DELIVER from=2 to=1 type=Promise { ballot: 41, accepted_ballot: None, accepted_value: None } queue_len=1523
[PROMISE-TRACE] from=2 received_ballot=41 current_ballot=101 match=false
[step=3415] DELIVER from=3 to=1 type=Promise { ballot: 41, accepted_ballot: None, accepted_value: None } queue_len=1522
[PROMISE-TRACE] from=3 received_ballot=41 current_ballot=101 match=false
[step=3416] DELIVER from=4 to=1 type=Promise { ballot: 41, accepted_ballot: None, accepted_value: None } queue_len=1521
[PROMISE-TRACE] from=4 received_ballot=41 current_ballot=101 match=false
[step=3417] DELIVER from=5 to=1 type=Promise { ballot: 41, accepted_ballot: None, accepted_value: None } queue_len=1520
[PROMISE-TRACE] from=5 received_ballot=41 current_ballot=101 match=false
[step=3418] DELIVER from=6 to=1 type=Promise { ballot: 41, accepted_ballot: None, accepted_value: None } queue_len=1519
[PROMISE-TRACE] from=6 received_ballot=41 current_ballot=101 match=false
[step=3419] DELIVER from=7 to=1 type=Promise { ballot: 41, accepted_ballot: None, accepted_value: None } queue_len=1518
[PROMISE-TRACE] from=7 received_ballot=41 current_ballot=101 match=false
[step=3420] DELIVER from=8 to=1 type=Promise { ballot: 41, accepted_ballot: None, accepted_value: None } queue_len=1517
[PROMISE-TRACE] from=8 received_ballot=41 current_ballot=101 match=false
[step=3421] DELIVER from=9 to=1 type=Promise { ballot: 41, accepted_ballot: None, accepted_value: None } queue_len=1516
[PROMISE-TRACE] from=9 received_ballot=41 current_ballot=101 match=false
[step=3422] DELIVER from=10 to=1 type=Promise { ballot: 41, accepted_ballot: None, accepted_value: None } queue_len=1515
[PROMISE-TRACE] from=10 received_ballot=41 current_ballot=101 match=false
[step=3423] DELIVER from=1 to=1 type=Prepare { ballot: 97 } queue_len=1514
[step=3424] DELIVER from=1 to=2 type=Prepare { ballot: 97 } queue_len=1514
[step=3425] DELIVER from=1 to=3 type=Prepare { ballot: 97 } queue_len=1514
[step=3426] DELIVER from=1 to=4 type=Prepare { ballot: 97 } queue_len=1514
[step=3427] DELIVER from=1 to=5 type=Prepare { ballot: 97 } queue_len=1514
[step=3428] DELIVER from=1 to=6 type=Prepare { ballot: 97 } queue_len=1514
[step=3429] DELIVER from=1 to=7 type=Prepare { ballot: 97 } queue_len=1514
[step=3430] DELIVER from=1 to=8 type=Prepare { ballot: 97 } queue_len=1514
[step=3431] DELIVER from=1 to=9 type=Prepare { ballot: 97 } queue_len=1514
[step=3432] DELIVER from=1 to=10 type=Prepare { ballot: 97 } queue_len=1514
[step=3433] DELIVER from=1 to=11 type=Prepare { ballot: 97 } queue_len=1514
[step=3434] DELIVER from=1 to=12 type=Prepare { ballot: 97 } queue_len=1514
[step=3435] DELIVER from=1 to=13 type=Prepare { ballot: 97 } queue_len=1514
[step=3436] DELIVER from=1 to=14 type=Prepare { ballot: 97 } queue_len=1514
[step=3437] DELIVER from=1 to=15 type=Prepare { ballot: 97 } queue_len=1514
[step=3438] DELIVER from=1 to=16 type=Prepare { ballot: 97 } queue_len=1514
[step=3439] DELIVER from=1 to=17 type=Prepare { ballot: 97 } queue_len=1514
[step=3440] DELIVER from=1 to=18 type=Prepare { ballot: 97 } queue_len=1514
[step=3441] DELIVER from=1 to=19 type=Prepare { ballot: 97 } queue_len=1514
[step=3442] DELIVER from=1 to=20 type=Prepare { ballot: 97 } queue_len=1514
[step=3443] DELIVER from=1 to=21 type=Prepare { ballot: 97 } queue_len=1514
[step=3444] DELIVER from=1 to=22 type=Prepare { ballot: 97 } queue_len=1514
[step=3445] DELIVER from=1 to=23 type=Prepare { ballot: 97 } queue_len=1514
[step=3446] DELIVER from=1 to=24 type=Prepare { ballot: 97 } queue_len=1514
[step=3447] DELIVER from=1 to=25 type=Prepare { ballot: 97 } queue_len=1514
[step=3448] DELIVER from=11 to=1 type=Promise { ballot: 41, accepted_ballot: None, accepted_value: None } queue_len=1514
[PROMISE-TRACE] from=11 received_ballot=41 current_ballot=101 match=false
[step=3449] DELIVER from=12 to=1 type=Promise { ballot: 41, accepted_ballot: None, accepted_value: None } queue_len=1513
[PROMISE-TRACE] from=12 received_ballot=41 current_ballot=101 match=false
[step=3450] DELIVER from=13 to=1 type=Promise { ballot: 41, accepted_ballot: None, accepted_value: None } queue_len=1512
[PROMISE-TRACE] from=13 received_ballot=41 current_ballot=101 match=false
[step=3451] DELIVER from=14 to=1 type=Promise { ballot: 41, accepted_ballot: None, accepted_value: None } queue_len=1511
[PROMISE-TRACE] from=14 received_ballot=41 current_ballot=101 match=false
[step=3452] DELIVER from=15 to=1 type=Promise { ballot: 41, accepted_ballot: None, accepted_value: None } queue_len=1510
[PROMISE-TRACE] from=15 received_ballot=41 current_ballot=101 match=false
[step=3453] DELIVER from=16 to=1 type=Promise { ballot: 41, accepted_ballot: None, accepted_value: None } queue_len=1509
[PROMISE-TRACE] from=16 received_ballot=41 current_ballot=101 match=false
[step=3454] DELIVER from=17 to=1 type=Promise { ballot: 41, accepted_ballot: None, accepted_value: None } queue_len=1508
[PROMISE-TRACE] from=17 received_ballot=41 current_ballot=101 match=false
[step=3455] DELIVER from=18 to=1 type=Promise { ballot: 41, accepted_ballot: None, accepted_value: None } queue_len=1507
[PROMISE-TRACE] from=18 received_ballot=41 current_ballot=101 match=false
[step=3456] DELIVER from=19 to=1 type=Promise { ballot: 41, accepted_ballot: None, accepted_value: None } queue_len=1506
[PROMISE-TRACE] from=19 received_ballot=41 current_ballot=101 match=false
[step=3457] DELIVER from=20 to=1 type=Promise { ballot: 41, accepted_ballot: None, accepted_value: None } queue_len=1505
[PROMISE-TRACE] from=20 received_ballot=41 current_ballot=101 match=false
[step=3458] DELIVER from=21 to=1 type=Promise { ballot: 41, accepted_ballot: None, accepted_value: None } queue_len=1504
[PROMISE-TRACE] from=21 received_ballot=41 current_ballot=101 match=false
[step=3459] DELIVER from=22 to=1 type=Promise { ballot: 41, accepted_ballot: None, accepted_value: None } queue_len=1503
[PROMISE-TRACE] from=22 received_ballot=41 current_ballot=101 match=false
[step=3460] DELIVER from=23 to=1 type=Promise { ballot: 41, accepted_ballot: None, accepted_value: None } queue_len=1502
[PROMISE-TRACE] from=23 received_ballot=41 current_ballot=101 match=false
[step=3461] DELIVER from=24 to=1 type=Promise { ballot: 41, accepted_ballot: None, accepted_value: None } queue_len=1501
[PROMISE-TRACE] from=24 received_ballot=41 current_ballot=101 match=false
[step=3462] DELIVER from=25 to=1 type=Promise { ballot: 41, accepted_ballot: None, accepted_value: None } queue_len=1500
[PROMISE-TRACE] from=25 received_ballot=41 current_ballot=101 match=false
[step=3463] DELIVER from=1 to=1 type=Prepare { ballot: 98 } queue_len=1499
[step=3464] DELIVER from=1 to=2 type=Prepare { ballot: 98 } queue_len=1499
[step=3465] DELIVER from=1 to=3 type=Prepare { ballot: 98 } queue_len=1499
[step=3466] DELIVER from=1 to=4 type=Prepare { ballot: 98 } queue_len=1499
[step=3467] DELIVER from=1 to=5 type=Prepare { ballot: 98 } queue_len=1499
[step=3468] DELIVER from=1 to=6 type=Prepare { ballot: 98 } queue_len=1499
[step=3469] DELIVER from=1 to=7 type=Prepare { ballot: 98 } queue_len=1499
[step=3470] DELIVER from=1 to=8 type=Prepare { ballot: 98 } queue_len=1499
[step=3471] DELIVER from=1 to=9 type=Prepare { ballot: 98 } queue_len=1499
[step=3472] DELIVER from=1 to=10 type=Prepare { ballot: 98 } queue_len=1499
[step=3473] DELIVER from=1 to=11 type=Prepare { ballot: 98 } queue_len=1499
[step=3474] DELIVER from=1 to=12 type=Prepare { ballot: 98 } queue_len=1499
[step=3475] DELIVER from=1 to=13 type=Prepare { ballot: 98 } queue_len=1499
[step=3476] DELIVER from=1 to=14 type=Prepare { ballot: 98 } queue_len=1499
[step=3477] DELIVER from=1 to=15 type=Prepare { ballot: 98 } queue_len=1499
[step=3478] DELIVER from=1 to=16 type=Prepare { ballot: 98 } queue_len=1499
[step=3479] DELIVER from=1 to=17 type=Prepare { ballot: 98 } queue_len=1499
[step=3480] DELIVER from=1 to=18 type=Prepare { ballot: 98 } queue_len=1499
[step=3481] DELIVER from=1 to=19 type=Prepare { ballot: 98 } queue_len=1499
[step=3482] DELIVER from=1 to=20 type=Prepare { ballot: 98 } queue_len=1499
[step=3483] DELIVER from=1 to=21 type=Prepare { ballot: 98 } queue_len=1499
[step=3484] DELIVER from=1 to=22 type=Prepare { ballot: 98 } queue_len=1499
[step=3485] DELIVER from=1 to=23 type=Prepare { ballot: 98 } queue_len=1499
[step=3486] DELIVER from=1 to=24 type=Prepare { ballot: 98 } queue_len=1499
[step=3487] DELIVER from=1 to=25 type=Prepare { ballot: 98 } queue_len=1499
[step=3488] DELIVER from=1 to=1 type=Promise { ballot: 42, accepted_ballot: None, accepted_value: None } queue_len=1499
[PROMISE-TRACE] from=1 received_ballot=42 current_ballot=101 match=false
[step=3489] DELIVER from=2 to=1 type=Promise { ballot: 42, accepted_ballot: None, accepted_value: None } queue_len=1498
[PROMISE-TRACE] from=2 received_ballot=42 current_ballot=101 match=false
[step=3490] DELIVER from=3 to=1 type=Promise { ballot: 42, accepted_ballot: None, accepted_value: None } queue_len=1497
[PROMISE-TRACE] from=3 received_ballot=42 current_ballot=101 match=false
[step=3491] DELIVER from=4 to=1 type=Promise { ballot: 42, accepted_ballot: None, accepted_value: None } queue_len=1496
[PROMISE-TRACE] from=4 received_ballot=42 current_ballot=101 match=false
[step=3492] DELIVER from=5 to=1 type=Promise { ballot: 42, accepted_ballot: None, accepted_value: None } queue_len=1495
[PROMISE-TRACE] from=5 received_ballot=42 current_ballot=101 match=false
[step=3493] DELIVER from=1 to=1 type=Prepare { ballot: 99 } queue_len=1494
[step=3494] DELIVER from=1 to=2 type=Prepare { ballot: 99 } queue_len=1494
[step=3495] DELIVER from=1 to=3 type=Prepare { ballot: 99 } queue_len=1494
[step=3496] DELIVER from=1 to=4 type=Prepare { ballot: 99 } queue_len=1494
[step=3497] DELIVER from=1 to=5 type=Prepare { ballot: 99 } queue_len=1494
[step=3498] DELIVER from=1 to=6 type=Prepare { ballot: 99 } queue_len=1494
[step=3499] DELIVER from=1 to=7 type=Prepare { ballot: 99 } queue_len=1494
[step=3500] DELIVER from=1 to=8 type=Prepare { ballot: 99 } queue_len=1494
[step=3501] DELIVER from=1 to=9 type=Prepare { ballot: 99 } queue_len=1494
[step=3502] DELIVER from=1 to=10 type=Prepare { ballot: 99 } queue_len=1494
[step=3503] DELIVER from=1 to=11 type=Prepare { ballot: 99 } queue_len=1494
[step=3504] DELIVER from=1 to=12 type=Prepare { ballot: 99 } queue_len=1494
[step=3505] DELIVER from=1 to=13 type=Prepare { ballot: 99 } queue_len=1494
[step=3506] DELIVER from=1 to=14 type=Prepare { ballot: 99 } queue_len=1494
[step=3507] DELIVER from=1 to=15 type=Prepare { ballot: 99 } queue_len=1494
[step=3508] DELIVER from=1 to=16 type=Prepare { ballot: 99 } queue_len=1494
[step=3509] DELIVER from=1 to=17 type=Prepare { ballot: 99 } queue_len=1494
[step=3510] DELIVER from=1 to=18 type=Prepare { ballot: 99 } queue_len=1494
[step=3511] DELIVER from=1 to=19 type=Prepare { ballot: 99 } queue_len=1494
[step=3512] DELIVER from=1 to=20 type=Prepare { ballot: 99 } queue_len=1494
[step=3513] DELIVER from=1 to=21 type=Prepare { ballot: 99 } queue_len=1494
[step=3514] DELIVER from=1 to=22 type=Prepare { ballot: 99 } queue_len=1494
[step=3515] DELIVER from=1 to=23 type=Prepare { ballot: 99 } queue_len=1494
[step=3516] DELIVER from=1 to=24 type=Prepare { ballot: 99 } queue_len=1494
[step=3517] DELIVER from=1 to=25 type=Prepare { ballot: 99 } queue_len=1494
[step=3518] DELIVER from=6 to=1 type=Promise { ballot: 42, accepted_ballot: None, accepted_value: None } queue_len=1494
[PROMISE-TRACE] from=6 received_ballot=42 current_ballot=101 match=false
[step=3519] DELIVER from=7 to=1 type=Promise { ballot: 42, accepted_ballot: None, accepted_value: None } queue_len=1493
[PROMISE-TRACE] from=7 received_ballot=42 current_ballot=101 match=false
[step=3520] DELIVER from=8 to=1 type=Promise { ballot: 42, accepted_ballot: None, accepted_value: None } queue_len=1492
[PROMISE-TRACE] from=8 received_ballot=42 current_ballot=101 match=false
[step=3521] DELIVER from=9 to=1 type=Promise { ballot: 42, accepted_ballot: None, accepted_value: None } queue_len=1491
[PROMISE-TRACE] from=9 received_ballot=42 current_ballot=101 match=false
[step=3522] DELIVER from=10 to=1 type=Promise { ballot: 42, accepted_ballot: None, accepted_value: None } queue_len=1490
[PROMISE-TRACE] from=10 received_ballot=42 current_ballot=101 match=false
[step=3523] DELIVER from=11 to=1 type=Promise { ballot: 42, accepted_ballot: None, accepted_value: None } queue_len=1489
[PROMISE-TRACE] from=11 received_ballot=42 current_ballot=101 match=false
[step=3524] DELIVER from=12 to=1 type=Promise { ballot: 42, accepted_ballot: None, accepted_value: None } queue_len=1488
[PROMISE-TRACE] from=12 received_ballot=42 current_ballot=101 match=false
[step=3525] DELIVER from=13 to=1 type=Promise { ballot: 42, accepted_ballot: None, accepted_value: None } queue_len=1487
[PROMISE-TRACE] from=13 received_ballot=42 current_ballot=101 match=false
[step=3526] DELIVER from=14 to=1 type=Promise { ballot: 42, accepted_ballot: None, accepted_value: None } queue_len=1486
[PROMISE-TRACE] from=14 received_ballot=42 current_ballot=101 match=false
[step=3527] DELIVER from=15 to=1 type=Promise { ballot: 42, accepted_ballot: None, accepted_value: None } queue_len=1485
[PROMISE-TRACE] from=15 received_ballot=42 current_ballot=101 match=false
[step=3528] DELIVER from=16 to=1 type=Promise { ballot: 42, accepted_ballot: None, accepted_value: None } queue_len=1484
[PROMISE-TRACE] from=16 received_ballot=42 current_ballot=101 match=false
[step=3529] DELIVER from=17 to=1 type=Promise { ballot: 42, accepted_ballot: None, accepted_value: None } queue_len=1483
[PROMISE-TRACE] from=17 received_ballot=42 current_ballot=101 match=false
[step=3530] DELIVER from=18 to=1 type=Promise { ballot: 42, accepted_ballot: None, accepted_value: None } queue_len=1482
[PROMISE-TRACE] from=18 received_ballot=42 current_ballot=101 match=false
[step=3531] DELIVER from=19 to=1 type=Promise { ballot: 42, accepted_ballot: None, accepted_value: None } queue_len=1481
[PROMISE-TRACE] from=19 received_ballot=42 current_ballot=101 match=false
[step=3532] DELIVER from=20 to=1 type=Promise { ballot: 42, accepted_ballot: None, accepted_value: None } queue_len=1480
[PROMISE-TRACE] from=20 received_ballot=42 current_ballot=101 match=false
[step=3533] DELIVER from=1 to=1 type=Prepare { ballot: 100 } queue_len=1479
[step=3534] DELIVER from=1 to=2 type=Prepare { ballot: 100 } queue_len=1479
[step=3535] DELIVER from=1 to=3 type=Prepare { ballot: 100 } queue_len=1479
[step=3536] DELIVER from=1 to=4 type=Prepare { ballot: 100 } queue_len=1479
[step=3537] DELIVER from=1 to=5 type=Prepare { ballot: 100 } queue_len=1479
[step=3538] DELIVER from=1 to=6 type=Prepare { ballot: 100 } queue_len=1479
[step=3539] DELIVER from=1 to=7 type=Prepare { ballot: 100 } queue_len=1479
[step=3540] DELIVER from=1 to=8 type=Prepare { ballot: 100 } queue_len=1479
[step=3541] DELIVER from=1 to=9 type=Prepare { ballot: 100 } queue_len=1479
[step=3542] DELIVER from=1 to=10 type=Prepare { ballot: 100 } queue_len=1479
[step=3543] DELIVER from=1 to=11 type=Prepare { ballot: 100 } queue_len=1479
[step=3544] DELIVER from=1 to=12 type=Prepare { ballot: 100 } queue_len=1479
[step=3545] DELIVER from=1 to=13 type=Prepare { ballot: 100 } queue_len=1479
[step=3546] DELIVER from=1 to=14 type=Prepare { ballot: 100 } queue_len=1479
[step=3547] DELIVER from=1 to=15 type=Prepare { ballot: 100 } queue_len=1479
[step=3548] DELIVER from=1 to=16 type=Prepare { ballot: 100 } queue_len=1479
[step=3549] DELIVER from=1 to=17 type=Prepare { ballot: 100 } queue_len=1479
[step=3550] DELIVER from=1 to=18 type=Prepare { ballot: 100 } queue_len=1479
[step=3551] DELIVER from=1 to=19 type=Prepare { ballot: 100 } queue_len=1479
[step=3552] DELIVER from=1 to=20 type=Prepare { ballot: 100 } queue_len=1479
[step=3553] DELIVER from=1 to=21 type=Prepare { ballot: 100 } queue_len=1479
[step=3554] DELIVER from=1 to=22 type=Prepare { ballot: 100 } queue_len=1479
[step=3555] DELIVER from=1 to=23 type=Prepare { ballot: 100 } queue_len=1479
[step=3556] DELIVER from=1 to=24 type=Prepare { ballot: 100 } queue_len=1479
[step=3557] DELIVER from=1 to=25 type=Prepare { ballot: 100 } queue_len=1479
[step=3558] DELIVER from=21 to=1 type=Promise { ballot: 42, accepted_ballot: None, accepted_value: None } queue_len=1479
[PROMISE-TRACE] from=21 received_ballot=42 current_ballot=101 match=false
[step=3559] DELIVER from=22 to=1 type=Promise { ballot: 42, accepted_ballot: None, accepted_value: None } queue_len=1478
[PROMISE-TRACE] from=22 received_ballot=42 current_ballot=101 match=false
[step=3560] DELIVER from=23 to=1 type=Promise { ballot: 42, accepted_ballot: None, accepted_value: None } queue_len=1477
[PROMISE-TRACE] from=23 received_ballot=42 current_ballot=101 match=false
[step=3561] DELIVER from=24 to=1 type=Promise { ballot: 42, accepted_ballot: None, accepted_value: None } queue_len=1476
[PROMISE-TRACE] from=24 received_ballot=42 current_ballot=101 match=false
[step=3562] DELIVER from=25 to=1 type=Promise { ballot: 42, accepted_ballot: None, accepted_value: None } queue_len=1475
[PROMISE-TRACE] from=25 received_ballot=42 current_ballot=101 match=false
[step=3563] DELIVER from=1 to=1 type=Prepare { ballot: 101 } queue_len=1474
[step=3564] DELIVER from=1 to=2 type=Prepare { ballot: 101 } queue_len=1474
[step=3565] DELIVER from=1 to=3 type=Prepare { ballot: 101 } queue_len=1474
[step=3566] DELIVER from=1 to=4 type=Prepare { ballot: 101 } queue_len=1474
[step=3567] DELIVER from=1 to=5 type=Prepare { ballot: 101 } queue_len=1474
[step=3568] DELIVER from=1 to=6 type=Prepare { ballot: 101 } queue_len=1474
[step=3569] DELIVER from=1 to=7 type=Prepare { ballot: 101 } queue_len=1474
[step=3570] DELIVER from=1 to=8 type=Prepare { ballot: 101 } queue_len=1474
[step=3571] DELIVER from=1 to=9 type=Prepare { ballot: 101 } queue_len=1474
[step=3572] DELIVER from=1 to=10 type=Prepare { ballot: 101 } queue_len=1474
[step=3573] DELIVER from=1 to=11 type=Prepare { ballot: 101 } queue_len=1474
[step=3574] DELIVER from=1 to=12 type=Prepare { ballot: 101 } queue_len=1474
[step=3575] DELIVER from=1 to=13 type=Prepare { ballot: 101 } queue_len=1474
[step=3576] DELIVER from=1 to=14 type=Prepare { ballot: 101 } queue_len=1474
[step=3577] DELIVER from=1 to=15 type=Prepare { ballot: 101 } queue_len=1474
[step=3578] DELIVER from=1 to=16 type=Prepare { ballot: 101 } queue_len=1474
[step=3579] DELIVER from=1 to=17 type=Prepare { ballot: 101 } queue_len=1474
[step=3580] DELIVER from=1 to=18 type=Prepare { ballot: 101 } queue_len=1474
[step=3581] DELIVER from=1 to=19 type=Prepare { ballot: 101 } queue_len=1474
[step=3582] DELIVER from=1 to=20 type=Prepare { ballot: 101 } queue_len=1474
[step=3583] DELIVER from=1 to=21 type=Prepare { ballot: 101 } queue_len=1474
[step=3584] DELIVER from=1 to=22 type=Prepare { ballot: 101 } queue_len=1474
[step=3585] DELIVER from=1 to=23 type=Prepare { ballot: 101 } queue_len=1474
[step=3586] DELIVER from=1 to=24 type=Prepare { ballot: 101 } queue_len=1474
[step=3587] DELIVER from=1 to=25 type=Prepare { ballot: 101 } queue_len=1474
[step=3588] DELIVER from=1 to=1 type=Promise { ballot: 43, accepted_ballot: None, accepted_value: None } queue_len=1474
[PROMISE-TRACE] from=1 received_ballot=43 current_ballot=101 match=false
[step=3589] DELIVER from=2 to=1 type=Promise { ballot: 43, accepted_ballot: None, accepted_value: None } queue_len=1473
[PROMISE-TRACE] from=2 received_ballot=43 current_ballot=101 match=false
[step=3590] DELIVER from=3 to=1 type=Promise { ballot: 43, accepted_ballot: None, accepted_value: None } queue_len=1472
[PROMISE-TRACE] from=3 received_ballot=43 current_ballot=101 match=false
[step=3591] DELIVER from=4 to=1 type=Promise { ballot: 43, accepted_ballot: None, accepted_value: None } queue_len=1471
[PROMISE-TRACE] from=4 received_ballot=43 current_ballot=101 match=false
[step=3592] DELIVER from=5 to=1 type=Promise { ballot: 43, accepted_ballot: None, accepted_value: None } queue_len=1470
[PROMISE-TRACE] from=5 received_ballot=43 current_ballot=101 match=false
[step=3593] DELIVER from=6 to=1 type=Promise { ballot: 43, accepted_ballot: None, accepted_value: None } queue_len=1469
[PROMISE-TRACE] from=6 received_ballot=43 current_ballot=101 match=false
[step=3594] DELIVER from=7 to=1 type=Promise { ballot: 43, accepted_ballot: None, accepted_value: None } queue_len=1468
[PROMISE-TRACE] from=7 received_ballot=43 current_ballot=101 match=false
[step=3595] DELIVER from=8 to=1 type=Promise { ballot: 43, accepted_ballot: None, accepted_value: None } queue_len=1467
[PROMISE-TRACE] from=8 received_ballot=43 current_ballot=101 match=false
[step=3596] DELIVER from=9 to=1 type=Promise { ballot: 43, accepted_ballot: None, accepted_value: None } queue_len=1466
[PROMISE-TRACE] from=9 received_ballot=43 current_ballot=101 match=false
[step=3597] DELIVER from=10 to=1 type=Promise { ballot: 43, accepted_ballot: None, accepted_value: None } queue_len=1465
[PROMISE-TRACE] from=10 received_ballot=43 current_ballot=101 match=false
[step=3598] DELIVER from=11 to=1 type=Promise { ballot: 43, accepted_ballot: None, accepted_value: None } queue_len=1464
[PROMISE-TRACE] from=11 received_ballot=43 current_ballot=101 match=false
[step=3599] DELIVER from=12 to=1 type=Promise { ballot: 43, accepted_ballot: None, accepted_value: None } queue_len=1463
[PROMISE-TRACE] from=12 received_ballot=43 current_ballot=101 match=false
[step=3600] DELIVER from=13 to=1 type=Promise { ballot: 43, accepted_ballot: None, accepted_value: None } queue_len=1462
[PROMISE-TRACE] from=13 received_ballot=43 current_ballot=101 match=false
[step=3601] DELIVER from=14 to=1 type=Promise { ballot: 43, accepted_ballot: None, accepted_value: None } queue_len=1461
[PROMISE-TRACE] from=14 received_ballot=43 current_ballot=101 match=false
[step=3602] DELIVER from=15 to=1 type=Promise { ballot: 43, accepted_ballot: None, accepted_value: None } queue_len=1460
[PROMISE-TRACE] from=15 received_ballot=43 current_ballot=101 match=false
[step=3603] DELIVER from=16 to=1 type=Promise { ballot: 43, accepted_ballot: None, accepted_value: None } queue_len=1459
[PROMISE-TRACE] from=16 received_ballot=43 current_ballot=101 match=false
[step=3604] DELIVER from=17 to=1 type=Promise { ballot: 43, accepted_ballot: None, accepted_value: None } queue_len=1458
[PROMISE-TRACE] from=17 received_ballot=43 current_ballot=101 match=false
[step=3605] DELIVER from=18 to=1 type=Promise { ballot: 43, accepted_ballot: None, accepted_value: None } queue_len=1457
[PROMISE-TRACE] from=18 received_ballot=43 current_ballot=101 match=false
[step=3606] DELIVER from=19 to=1 type=Promise { ballot: 43, accepted_ballot: None, accepted_value: None } queue_len=1456
[PROMISE-TRACE] from=19 received_ballot=43 current_ballot=101 match=false
[step=3607] DELIVER from=20 to=1 type=Promise { ballot: 43, accepted_ballot: None, accepted_value: None } queue_len=1455
[PROMISE-TRACE] from=20 received_ballot=43 current_ballot=101 match=false
[step=3608] DELIVER from=21 to=1 type=Promise { ballot: 43, accepted_ballot: None, accepted_value: None } queue_len=1454
[PROMISE-TRACE] from=21 received_ballot=43 current_ballot=101 match=false
[step=3609] DELIVER from=22 to=1 type=Promise { ballot: 43, accepted_ballot: None, accepted_value: None } queue_len=1453
[PROMISE-TRACE] from=22 received_ballot=43 current_ballot=101 match=false
[step=3610] DELIVER from=23 to=1 type=Promise { ballot: 43, accepted_ballot: None, accepted_value: None } queue_len=1452
[PROMISE-TRACE] from=23 received_ballot=43 current_ballot=101 match=false
[step=3611] DELIVER from=24 to=1 type=Promise { ballot: 43, accepted_ballot: None, accepted_value: None } queue_len=1451
[PROMISE-TRACE] from=24 received_ballot=43 current_ballot=101 match=false
[step=3612] DELIVER from=25 to=1 type=Promise { ballot: 43, accepted_ballot: None, accepted_value: None } queue_len=1450
[PROMISE-TRACE] from=25 received_ballot=43 current_ballot=101 match=false
[step=3613] DELIVER from=1 to=1 type=Promise { ballot: 44, accepted_ballot: None, accepted_value: None } queue_len=1449
[PROMISE-TRACE] from=1 received_ballot=44 current_ballot=101 match=false
[step=3614] DELIVER from=2 to=1 type=Promise { ballot: 44, accepted_ballot: None, accepted_value: None } queue_len=1448
[PROMISE-TRACE] from=2 received_ballot=44 current_ballot=101 match=false
[step=3615] DELIVER from=3 to=1 type=Promise { ballot: 44, accepted_ballot: None, accepted_value: None } queue_len=1447
[PROMISE-TRACE] from=3 received_ballot=44 current_ballot=101 match=false
[step=3616] DELIVER from=4 to=1 type=Promise { ballot: 44, accepted_ballot: None, accepted_value: None } queue_len=1446
[PROMISE-TRACE] from=4 received_ballot=44 current_ballot=101 match=false
[step=3617] DELIVER from=5 to=1 type=Promise { ballot: 44, accepted_ballot: None, accepted_value: None } queue_len=1445
[PROMISE-TRACE] from=5 received_ballot=44 current_ballot=101 match=false
[step=3618] DELIVER from=6 to=1 type=Promise { ballot: 44, accepted_ballot: None, accepted_value: None } queue_len=1444
[PROMISE-TRACE] from=6 received_ballot=44 current_ballot=101 match=false
[step=3619] DELIVER from=7 to=1 type=Promise { ballot: 44, accepted_ballot: None, accepted_value: None } queue_len=1443
[PROMISE-TRACE] from=7 received_ballot=44 current_ballot=101 match=false
[step=3620] DELIVER from=8 to=1 type=Promise { ballot: 44, accepted_ballot: None, accepted_value: None } queue_len=1442
[PROMISE-TRACE] from=8 received_ballot=44 current_ballot=101 match=false
[step=3621] DELIVER from=9 to=1 type=Promise { ballot: 44, accepted_ballot: None, accepted_value: None } queue_len=1441
[PROMISE-TRACE] from=9 received_ballot=44 current_ballot=101 match=false
[step=3622] DELIVER from=10 to=1 type=Promise { ballot: 44, accepted_ballot: None, accepted_value: None } queue_len=1440
[PROMISE-TRACE] from=10 received_ballot=44 current_ballot=101 match=false
[step=3623] DELIVER from=11 to=1 type=Promise { ballot: 44, accepted_ballot: None, accepted_value: None } queue_len=1439
[PROMISE-TRACE] from=11 received_ballot=44 current_ballot=101 match=false
[step=3624] DELIVER from=12 to=1 type=Promise { ballot: 44, accepted_ballot: None, accepted_value: None } queue_len=1438
[PROMISE-TRACE] from=12 received_ballot=44 current_ballot=101 match=false
[step=3625] DELIVER from=13 to=1 type=Promise { ballot: 44, accepted_ballot: None, accepted_value: None } queue_len=1437
[PROMISE-TRACE] from=13 received_ballot=44 current_ballot=101 match=false
[step=3626] DELIVER from=14 to=1 type=Promise { ballot: 44, accepted_ballot: None, accepted_value: None } queue_len=1436
[PROMISE-TRACE] from=14 received_ballot=44 current_ballot=101 match=false
[step=3627] DELIVER from=15 to=1 type=Promise { ballot: 44, accepted_ballot: None, accepted_value: None } queue_len=1435
[PROMISE-TRACE] from=15 received_ballot=44 current_ballot=101 match=false
[step=3628] DELIVER from=16 to=1 type=Promise { ballot: 44, accepted_ballot: None, accepted_value: None } queue_len=1434
[PROMISE-TRACE] from=16 received_ballot=44 current_ballot=101 match=false
[step=3629] DELIVER from=17 to=1 type=Promise { ballot: 44, accepted_ballot: None, accepted_value: None } queue_len=1433
[PROMISE-TRACE] from=17 received_ballot=44 current_ballot=101 match=false
[step=3630] DELIVER from=18 to=1 type=Promise { ballot: 44, accepted_ballot: None, accepted_value: None } queue_len=1432
[PROMISE-TRACE] from=18 received_ballot=44 current_ballot=101 match=false
[step=3631] DELIVER from=19 to=1 type=Promise { ballot: 44, accepted_ballot: None, accepted_value: None } queue_len=1431
[PROMISE-TRACE] from=19 received_ballot=44 current_ballot=101 match=false
[step=3632] DELIVER from=20 to=1 type=Promise { ballot: 44, accepted_ballot: None, accepted_value: None } queue_len=1430
[PROMISE-TRACE] from=20 received_ballot=44 current_ballot=101 match=false
[step=3633] DELIVER from=21 to=1 type=Promise { ballot: 44, accepted_ballot: None, accepted_value: None } queue_len=1429
[PROMISE-TRACE] from=21 received_ballot=44 current_ballot=101 match=false
[step=3634] DELIVER from=22 to=1 type=Promise { ballot: 44, accepted_ballot: None, accepted_value: None } queue_len=1428
[PROMISE-TRACE] from=22 received_ballot=44 current_ballot=101 match=false
[step=3635] DELIVER from=23 to=1 type=Promise { ballot: 44, accepted_ballot: None, accepted_value: None } queue_len=1427
[PROMISE-TRACE] from=23 received_ballot=44 current_ballot=101 match=false
[step=3636] DELIVER from=24 to=1 type=Promise { ballot: 44, accepted_ballot: None, accepted_value: None } queue_len=1426
[PROMISE-TRACE] from=24 received_ballot=44 current_ballot=101 match=false
[step=3637] DELIVER from=25 to=1 type=Promise { ballot: 44, accepted_ballot: None, accepted_value: None } queue_len=1425
[PROMISE-TRACE] from=25 received_ballot=44 current_ballot=101 match=false
[step=3638] DELIVER from=1 to=1 type=Promise { ballot: 45, accepted_ballot: None, accepted_value: None } queue_len=1424
[PROMISE-TRACE] from=1 received_ballot=45 current_ballot=101 match=false
[step=3639] DELIVER from=2 to=1 type=Promise { ballot: 45, accepted_ballot: None, accepted_value: None } queue_len=1423
[PROMISE-TRACE] from=2 received_ballot=45 current_ballot=101 match=false
[step=3640] DELIVER from=3 to=1 type=Promise { ballot: 45, accepted_ballot: None, accepted_value: None } queue_len=1422
[PROMISE-TRACE] from=3 received_ballot=45 current_ballot=101 match=false
[step=3641] DELIVER from=4 to=1 type=Promise { ballot: 45, accepted_ballot: None, accepted_value: None } queue_len=1421
[PROMISE-TRACE] from=4 received_ballot=45 current_ballot=101 match=false
[step=3642] DELIVER from=5 to=1 type=Promise { ballot: 45, accepted_ballot: None, accepted_value: None } queue_len=1420
[PROMISE-TRACE] from=5 received_ballot=45 current_ballot=101 match=false
[step=3643] DELIVER from=6 to=1 type=Promise { ballot: 45, accepted_ballot: None, accepted_value: None } queue_len=1419
[PROMISE-TRACE] from=6 received_ballot=45 current_ballot=101 match=false
[step=3644] DELIVER from=7 to=1 type=Promise { ballot: 45, accepted_ballot: None, accepted_value: None } queue_len=1418
[PROMISE-TRACE] from=7 received_ballot=45 current_ballot=101 match=false
[step=3645] DELIVER from=8 to=1 type=Promise { ballot: 45, accepted_ballot: None, accepted_value: None } queue_len=1417
[PROMISE-TRACE] from=8 received_ballot=45 current_ballot=101 match=false
[step=3646] DELIVER from=9 to=1 type=Promise { ballot: 45, accepted_ballot: None, accepted_value: None } queue_len=1416
[PROMISE-TRACE] from=9 received_ballot=45 current_ballot=101 match=false
[step=3647] DELIVER from=10 to=1 type=Promise { ballot: 45, accepted_ballot: None, accepted_value: None } queue_len=1415
[PROMISE-TRACE] from=10 received_ballot=45 current_ballot=101 match=false
[step=3648] DELIVER from=11 to=1 type=Promise { ballot: 45, accepted_ballot: None, accepted_value: None } queue_len=1414
[PROMISE-TRACE] from=11 received_ballot=45 current_ballot=101 match=false
[step=3649] DELIVER from=12 to=1 type=Promise { ballot: 45, accepted_ballot: None, accepted_value: None } queue_len=1413
[PROMISE-TRACE] from=12 received_ballot=45 current_ballot=101 match=false
[step=3650] DELIVER from=13 to=1 type=Promise { ballot: 45, accepted_ballot: None, accepted_value: None } queue_len=1412
[PROMISE-TRACE] from=13 received_ballot=45 current_ballot=101 match=false
[step=3651] DELIVER from=14 to=1 type=Promise { ballot: 45, accepted_ballot: None, accepted_value: None } queue_len=1411
[PROMISE-TRACE] from=14 received_ballot=45 current_ballot=101 match=false
[step=3652] DELIVER from=15 to=1 type=Promise { ballot: 45, accepted_ballot: None, accepted_value: None } queue_len=1410
[PROMISE-TRACE] from=15 received_ballot=45 current_ballot=101 match=false
[step=3653] DELIVER from=16 to=1 type=Promise { ballot: 45, accepted_ballot: None, accepted_value: None } queue_len=1409
[PROMISE-TRACE] from=16 received_ballot=45 current_ballot=101 match=false
[step=3654] DELIVER from=17 to=1 type=Promise { ballot: 45, accepted_ballot: None, accepted_value: None } queue_len=1408
[PROMISE-TRACE] from=17 received_ballot=45 current_ballot=101 match=false
[step=3655] DELIVER from=18 to=1 type=Promise { ballot: 45, accepted_ballot: None, accepted_value: None } queue_len=1407
[PROMISE-TRACE] from=18 received_ballot=45 current_ballot=101 match=false
[step=3656] DELIVER from=19 to=1 type=Promise { ballot: 45, accepted_ballot: None, accepted_value: None } queue_len=1406
[PROMISE-TRACE] from=19 received_ballot=45 current_ballot=101 match=false
[step=3657] DELIVER from=20 to=1 type=Promise { ballot: 45, accepted_ballot: None, accepted_value: None } queue_len=1405
[PROMISE-TRACE] from=20 received_ballot=45 current_ballot=101 match=false
[step=3658] DELIVER from=21 to=1 type=Promise { ballot: 45, accepted_ballot: None, accepted_value: None } queue_len=1404
[PROMISE-TRACE] from=21 received_ballot=45 current_ballot=101 match=false
[step=3659] DELIVER from=22 to=1 type=Promise { ballot: 45, accepted_ballot: None, accepted_value: None } queue_len=1403
[PROMISE-TRACE] from=22 received_ballot=45 current_ballot=101 match=false
[step=3660] DELIVER from=23 to=1 type=Promise { ballot: 45, accepted_ballot: None, accepted_value: None } queue_len=1402
[PROMISE-TRACE] from=23 received_ballot=45 current_ballot=101 match=false
[step=3661] DELIVER from=24 to=1 type=Promise { ballot: 45, accepted_ballot: None, accepted_value: None } queue_len=1401
[PROMISE-TRACE] from=24 received_ballot=45 current_ballot=101 match=false
[step=3662] DELIVER from=25 to=1 type=Promise { ballot: 45, accepted_ballot: None, accepted_value: None } queue_len=1400
[PROMISE-TRACE] from=25 received_ballot=45 current_ballot=101 match=false
[step=3663] DELIVER from=1 to=1 type=Promise { ballot: 46, accepted_ballot: None, accepted_value: None } queue_len=1399
[PROMISE-TRACE] from=1 received_ballot=46 current_ballot=101 match=false
[step=3664] DELIVER from=2 to=1 type=Promise { ballot: 46, accepted_ballot: None, accepted_value: None } queue_len=1398
[PROMISE-TRACE] from=2 received_ballot=46 current_ballot=101 match=false
[step=3665] DELIVER from=3 to=1 type=Promise { ballot: 46, accepted_ballot: None, accepted_value: None } queue_len=1397
[PROMISE-TRACE] from=3 received_ballot=46 current_ballot=101 match=false
[step=3666] DELIVER from=4 to=1 type=Promise { ballot: 46, accepted_ballot: None, accepted_value: None } queue_len=1396
[PROMISE-TRACE] from=4 received_ballot=46 current_ballot=101 match=false
[step=3667] DELIVER from=5 to=1 type=Promise { ballot: 46, accepted_ballot: None, accepted_value: None } queue_len=1395
[PROMISE-TRACE] from=5 received_ballot=46 current_ballot=101 match=false
[step=3668] DELIVER from=6 to=1 type=Promise { ballot: 46, accepted_ballot: None, accepted_value: None } queue_len=1394
[PROMISE-TRACE] from=6 received_ballot=46 current_ballot=101 match=false
[step=3669] DELIVER from=7 to=1 type=Promise { ballot: 46, accepted_ballot: None, accepted_value: None } queue_len=1393
[PROMISE-TRACE] from=7 received_ballot=46 current_ballot=101 match=false
[step=3670] DELIVER from=8 to=1 type=Promise { ballot: 46, accepted_ballot: None, accepted_value: None } queue_len=1392
[PROMISE-TRACE] from=8 received_ballot=46 current_ballot=101 match=false
[step=3671] DELIVER from=9 to=1 type=Promise { ballot: 46, accepted_ballot: None, accepted_value: None } queue_len=1391
[PROMISE-TRACE] from=9 received_ballot=46 current_ballot=101 match=false
[step=3672] DELIVER from=10 to=1 type=Promise { ballot: 46, accepted_ballot: None, accepted_value: None } queue_len=1390
[PROMISE-TRACE] from=10 received_ballot=46 current_ballot=101 match=false
[step=3673] DELIVER from=11 to=1 type=Promise { ballot: 46, accepted_ballot: None, accepted_value: None } queue_len=1389
[PROMISE-TRACE] from=11 received_ballot=46 current_ballot=101 match=false
[step=3674] DELIVER from=12 to=1 type=Promise { ballot: 46, accepted_ballot: None, accepted_value: None } queue_len=1388
[PROMISE-TRACE] from=12 received_ballot=46 current_ballot=101 match=false
[step=3675] DELIVER from=13 to=1 type=Promise { ballot: 46, accepted_ballot: None, accepted_value: None } queue_len=1387
[PROMISE-TRACE] from=13 received_ballot=46 current_ballot=101 match=false
[step=3676] DELIVER from=14 to=1 type=Promise { ballot: 46, accepted_ballot: None, accepted_value: None } queue_len=1386
[PROMISE-TRACE] from=14 received_ballot=46 current_ballot=101 match=false
[step=3677] DELIVER from=15 to=1 type=Promise { ballot: 46, accepted_ballot: None, accepted_value: None } queue_len=1385
[PROMISE-TRACE] from=15 received_ballot=46 current_ballot=101 match=false
[step=3678] DELIVER from=16 to=1 type=Promise { ballot: 46, accepted_ballot: None, accepted_value: None } queue_len=1384
[PROMISE-TRACE] from=16 received_ballot=46 current_ballot=101 match=false
[step=3679] DELIVER from=17 to=1 type=Promise { ballot: 46, accepted_ballot: None, accepted_value: None } queue_len=1383
[PROMISE-TRACE] from=17 received_ballot=46 current_ballot=101 match=false
[step=3680] DELIVER from=18 to=1 type=Promise { ballot: 46, accepted_ballot: None, accepted_value: None } queue_len=1382
[PROMISE-TRACE] from=18 received_ballot=46 current_ballot=101 match=false
[step=3681] DELIVER from=19 to=1 type=Promise { ballot: 46, accepted_ballot: None, accepted_value: None } queue_len=1381
[PROMISE-TRACE] from=19 received_ballot=46 current_ballot=101 match=false
[step=3682] DELIVER from=20 to=1 type=Promise { ballot: 46, accepted_ballot: None, accepted_value: None } queue_len=1380
[PROMISE-TRACE] from=20 received_ballot=46 current_ballot=101 match=false
[step=3683] DELIVER from=21 to=1 type=Promise { ballot: 46, accepted_ballot: None, accepted_value: None } queue_len=1379
[PROMISE-TRACE] from=21 received_ballot=46 current_ballot=101 match=false
[step=3684] DELIVER from=22 to=1 type=Promise { ballot: 46, accepted_ballot: None, accepted_value: None } queue_len=1378
[PROMISE-TRACE] from=22 received_ballot=46 current_ballot=101 match=false
[step=3685] DELIVER from=23 to=1 type=Promise { ballot: 46, accepted_ballot: None, accepted_value: None } queue_len=1377
[PROMISE-TRACE] from=23 received_ballot=46 current_ballot=101 match=false
[step=3686] DELIVER from=24 to=1 type=Promise { ballot: 46, accepted_ballot: None, accepted_value: None } queue_len=1376
[PROMISE-TRACE] from=24 received_ballot=46 current_ballot=101 match=false
[step=3687] DELIVER from=25 to=1 type=Promise { ballot: 46, accepted_ballot: None, accepted_value: None } queue_len=1375
[PROMISE-TRACE] from=25 received_ballot=46 current_ballot=101 match=false
[step=3688] DELIVER from=1 to=1 type=Promise { ballot: 47, accepted_ballot: None, accepted_value: None } queue_len=1374
[PROMISE-TRACE] from=1 received_ballot=47 current_ballot=101 match=false
[step=3689] DELIVER from=2 to=1 type=Promise { ballot: 47, accepted_ballot: None, accepted_value: None } queue_len=1373
[PROMISE-TRACE] from=2 received_ballot=47 current_ballot=101 match=false
[step=3690] DELIVER from=3 to=1 type=Promise { ballot: 47, accepted_ballot: None, accepted_value: None } queue_len=1372
[PROMISE-TRACE] from=3 received_ballot=47 current_ballot=101 match=false
[step=3691] DELIVER from=4 to=1 type=Promise { ballot: 47, accepted_ballot: None, accepted_value: None } queue_len=1371
[PROMISE-TRACE] from=4 received_ballot=47 current_ballot=101 match=false
[step=3692] DELIVER from=5 to=1 type=Promise { ballot: 47, accepted_ballot: None, accepted_value: None } queue_len=1370
[PROMISE-TRACE] from=5 received_ballot=47 current_ballot=101 match=false
[step=3693] DELIVER from=6 to=1 type=Promise { ballot: 47, accepted_ballot: None, accepted_value: None } queue_len=1369
[PROMISE-TRACE] from=6 received_ballot=47 current_ballot=101 match=false
[step=3694] DELIVER from=7 to=1 type=Promise { ballot: 47, accepted_ballot: None, accepted_value: None } queue_len=1368
[PROMISE-TRACE] from=7 received_ballot=47 current_ballot=101 match=false
[step=3695] DELIVER from=8 to=1 type=Promise { ballot: 47, accepted_ballot: None, accepted_value: None } queue_len=1367
[PROMISE-TRACE] from=8 received_ballot=47 current_ballot=101 match=false
[step=3696] DELIVER from=9 to=1 type=Promise { ballot: 47, accepted_ballot: None, accepted_value: None } queue_len=1366
[PROMISE-TRACE] from=9 received_ballot=47 current_ballot=101 match=false
[step=3697] DELIVER from=10 to=1 type=Promise { ballot: 47, accepted_ballot: None, accepted_value: None } queue_len=1365
[PROMISE-TRACE] from=10 received_ballot=47 current_ballot=101 match=false
[step=3698] DELIVER from=11 to=1 type=Promise { ballot: 47, accepted_ballot: None, accepted_value: None } queue_len=1364
[PROMISE-TRACE] from=11 received_ballot=47 current_ballot=101 match=false
[step=3699] DELIVER from=12 to=1 type=Promise { ballot: 47, accepted_ballot: None, accepted_value: None } queue_len=1363
[PROMISE-TRACE] from=12 received_ballot=47 current_ballot=101 match=false
[step=3700] DELIVER from=13 to=1 type=Promise { ballot: 47, accepted_ballot: None, accepted_value: None } queue_len=1362
[PROMISE-TRACE] from=13 received_ballot=47 current_ballot=101 match=false
[step=3701] DELIVER from=14 to=1 type=Promise { ballot: 47, accepted_ballot: None, accepted_value: None } queue_len=1361
[PROMISE-TRACE] from=14 received_ballot=47 current_ballot=101 match=false
[step=3702] DELIVER from=15 to=1 type=Promise { ballot: 47, accepted_ballot: None, accepted_value: None } queue_len=1360
[PROMISE-TRACE] from=15 received_ballot=47 current_ballot=101 match=false
[step=3703] DELIVER from=16 to=1 type=Promise { ballot: 47, accepted_ballot: None, accepted_value: None } queue_len=1359
[PROMISE-TRACE] from=16 received_ballot=47 current_ballot=101 match=false
[step=3704] DELIVER from=17 to=1 type=Promise { ballot: 47, accepted_ballot: None, accepted_value: None } queue_len=1358
[PROMISE-TRACE] from=17 received_ballot=47 current_ballot=101 match=false
[step=3705] DELIVER from=18 to=1 type=Promise { ballot: 47, accepted_ballot: None, accepted_value: None } queue_len=1357
[PROMISE-TRACE] from=18 received_ballot=47 current_ballot=101 match=false
[step=3706] DELIVER from=19 to=1 type=Promise { ballot: 47, accepted_ballot: None, accepted_value: None } queue_len=1356
[PROMISE-TRACE] from=19 received_ballot=47 current_ballot=101 match=false
[step=3707] DELIVER from=20 to=1 type=Promise { ballot: 47, accepted_ballot: None, accepted_value: None } queue_len=1355
[PROMISE-TRACE] from=20 received_ballot=47 current_ballot=101 match=false
[step=3708] DELIVER from=21 to=1 type=Promise { ballot: 47, accepted_ballot: None, accepted_value: None } queue_len=1354
[PROMISE-TRACE] from=21 received_ballot=47 current_ballot=101 match=false
[step=3709] DELIVER from=22 to=1 type=Promise { ballot: 47, accepted_ballot: None, accepted_value: None } queue_len=1353
[PROMISE-TRACE] from=22 received_ballot=47 current_ballot=101 match=false
[step=3710] DELIVER from=23 to=1 type=Promise { ballot: 47, accepted_ballot: None, accepted_value: None } queue_len=1352
[PROMISE-TRACE] from=23 received_ballot=47 current_ballot=101 match=false
[step=3711] DELIVER from=24 to=1 type=Promise { ballot: 47, accepted_ballot: None, accepted_value: None } queue_len=1351
[PROMISE-TRACE] from=24 received_ballot=47 current_ballot=101 match=false
[step=3712] DELIVER from=25 to=1 type=Promise { ballot: 47, accepted_ballot: None, accepted_value: None } queue_len=1350
[PROMISE-TRACE] from=25 received_ballot=47 current_ballot=101 match=false
[step=3713] DELIVER from=1 to=1 type=Promise { ballot: 48, accepted_ballot: None, accepted_value: None } queue_len=1349
[PROMISE-TRACE] from=1 received_ballot=48 current_ballot=101 match=false
[step=3714] DELIVER from=2 to=1 type=Promise { ballot: 48, accepted_ballot: None, accepted_value: None } queue_len=1348
[PROMISE-TRACE] from=2 received_ballot=48 current_ballot=101 match=false
[step=3715] DELIVER from=3 to=1 type=Promise { ballot: 48, accepted_ballot: None, accepted_value: None } queue_len=1347
[PROMISE-TRACE] from=3 received_ballot=48 current_ballot=101 match=false
[step=3716] DELIVER from=4 to=1 type=Promise { ballot: 48, accepted_ballot: None, accepted_value: None } queue_len=1346
[PROMISE-TRACE] from=4 received_ballot=48 current_ballot=101 match=false
[step=3717] DELIVER from=5 to=1 type=Promise { ballot: 48, accepted_ballot: None, accepted_value: None } queue_len=1345
[PROMISE-TRACE] from=5 received_ballot=48 current_ballot=101 match=false
[step=3718] DELIVER from=6 to=1 type=Promise { ballot: 48, accepted_ballot: None, accepted_value: None } queue_len=1344
[PROMISE-TRACE] from=6 received_ballot=48 current_ballot=101 match=false
[step=3719] DELIVER from=7 to=1 type=Promise { ballot: 48, accepted_ballot: None, accepted_value: None } queue_len=1343
[PROMISE-TRACE] from=7 received_ballot=48 current_ballot=101 match=false
[step=3720] DELIVER from=8 to=1 type=Promise { ballot: 48, accepted_ballot: None, accepted_value: None } queue_len=1342
[PROMISE-TRACE] from=8 received_ballot=48 current_ballot=101 match=false
[step=3721] DELIVER from=9 to=1 type=Promise { ballot: 48, accepted_ballot: None, accepted_value: None } queue_len=1341
[PROMISE-TRACE] from=9 received_ballot=48 current_ballot=101 match=false
[step=3722] DELIVER from=10 to=1 type=Promise { ballot: 48, accepted_ballot: None, accepted_value: None } queue_len=1340
[PROMISE-TRACE] from=10 received_ballot=48 current_ballot=101 match=false
[step=3723] DELIVER from=11 to=1 type=Promise { ballot: 48, accepted_ballot: None, accepted_value: None } queue_len=1339
[PROMISE-TRACE] from=11 received_ballot=48 current_ballot=101 match=false
[step=3724] DELIVER from=12 to=1 type=Promise { ballot: 48, accepted_ballot: None, accepted_value: None } queue_len=1338
[PROMISE-TRACE] from=12 received_ballot=48 current_ballot=101 match=false
[step=3725] DELIVER from=13 to=1 type=Promise { ballot: 48, accepted_ballot: None, accepted_value: None } queue_len=1337
[PROMISE-TRACE] from=13 received_ballot=48 current_ballot=101 match=false
[step=3726] DELIVER from=14 to=1 type=Promise { ballot: 48, accepted_ballot: None, accepted_value: None } queue_len=1336
[PROMISE-TRACE] from=14 received_ballot=48 current_ballot=101 match=false
[step=3727] DELIVER from=15 to=1 type=Promise { ballot: 48, accepted_ballot: None, accepted_value: None } queue_len=1335
[PROMISE-TRACE] from=15 received_ballot=48 current_ballot=101 match=false
[step=3728] DELIVER from=16 to=1 type=Promise { ballot: 48, accepted_ballot: None, accepted_value: None } queue_len=1334
[PROMISE-TRACE] from=16 received_ballot=48 current_ballot=101 match=false
[step=3729] DELIVER from=17 to=1 type=Promise { ballot: 48, accepted_ballot: None, accepted_value: None } queue_len=1333
[PROMISE-TRACE] from=17 received_ballot=48 current_ballot=101 match=false
[step=3730] DELIVER from=18 to=1 type=Promise { ballot: 48, accepted_ballot: None, accepted_value: None } queue_len=1332
[PROMISE-TRACE] from=18 received_ballot=48 current_ballot=101 match=false
[step=3731] DELIVER from=19 to=1 type=Promise { ballot: 48, accepted_ballot: None, accepted_value: None } queue_len=1331
[PROMISE-TRACE] from=19 received_ballot=48 current_ballot=101 match=false
[step=3732] DELIVER from=20 to=1 type=Promise { ballot: 48, accepted_ballot: None, accepted_value: None } queue_len=1330
[PROMISE-TRACE] from=20 received_ballot=48 current_ballot=101 match=false
[step=3733] DELIVER from=21 to=1 type=Promise { ballot: 48, accepted_ballot: None, accepted_value: None } queue_len=1329
[PROMISE-TRACE] from=21 received_ballot=48 current_ballot=101 match=false
[step=3734] DELIVER from=22 to=1 type=Promise { ballot: 48, accepted_ballot: None, accepted_value: None } queue_len=1328
[PROMISE-TRACE] from=22 received_ballot=48 current_ballot=101 match=false
[step=3735] DELIVER from=23 to=1 type=Promise { ballot: 48, accepted_ballot: None, accepted_value: None } queue_len=1327
[PROMISE-TRACE] from=23 received_ballot=48 current_ballot=101 match=false
[step=3736] DELIVER from=24 to=1 type=Promise { ballot: 48, accepted_ballot: None, accepted_value: None } queue_len=1326
[PROMISE-TRACE] from=24 received_ballot=48 current_ballot=101 match=false
[step=3737] DELIVER from=25 to=1 type=Promise { ballot: 48, accepted_ballot: None, accepted_value: None } queue_len=1325
[PROMISE-TRACE] from=25 received_ballot=48 current_ballot=101 match=false
[step=3738] DELIVER from=1 to=1 type=Promise { ballot: 49, accepted_ballot: None, accepted_value: None } queue_len=1324
[PROMISE-TRACE] from=1 received_ballot=49 current_ballot=101 match=false
[step=3739] DELIVER from=2 to=1 type=Promise { ballot: 49, accepted_ballot: None, accepted_value: None } queue_len=1323
[PROMISE-TRACE] from=2 received_ballot=49 current_ballot=101 match=false
[step=3740] DELIVER from=3 to=1 type=Promise { ballot: 49, accepted_ballot: None, accepted_value: None } queue_len=1322
[PROMISE-TRACE] from=3 received_ballot=49 current_ballot=101 match=false
[step=3741] DELIVER from=4 to=1 type=Promise { ballot: 49, accepted_ballot: None, accepted_value: None } queue_len=1321
[PROMISE-TRACE] from=4 received_ballot=49 current_ballot=101 match=false
[step=3742] DELIVER from=5 to=1 type=Promise { ballot: 49, accepted_ballot: None, accepted_value: None } queue_len=1320
[PROMISE-TRACE] from=5 received_ballot=49 current_ballot=101 match=false
[step=3743] DELIVER from=6 to=1 type=Promise { ballot: 49, accepted_ballot: None, accepted_value: None } queue_len=1319
[PROMISE-TRACE] from=6 received_ballot=49 current_ballot=101 match=false
[step=3744] DELIVER from=7 to=1 type=Promise { ballot: 49, accepted_ballot: None, accepted_value: None } queue_len=1318
[PROMISE-TRACE] from=7 received_ballot=49 current_ballot=101 match=false
[step=3745] DELIVER from=8 to=1 type=Promise { ballot: 49, accepted_ballot: None, accepted_value: None } queue_len=1317
[PROMISE-TRACE] from=8 received_ballot=49 current_ballot=101 match=false
[step=3746] DELIVER from=9 to=1 type=Promise { ballot: 49, accepted_ballot: None, accepted_value: None } queue_len=1316
[PROMISE-TRACE] from=9 received_ballot=49 current_ballot=101 match=false
[step=3747] DELIVER from=10 to=1 type=Promise { ballot: 49, accepted_ballot: None, accepted_value: None } queue_len=1315
[PROMISE-TRACE] from=10 received_ballot=49 current_ballot=101 match=false
[step=3748] DELIVER from=11 to=1 type=Promise { ballot: 49, accepted_ballot: None, accepted_value: None } queue_len=1314
[PROMISE-TRACE] from=11 received_ballot=49 current_ballot=101 match=false
[step=3749] DELIVER from=12 to=1 type=Promise { ballot: 49, accepted_ballot: None, accepted_value: None } queue_len=1313
[PROMISE-TRACE] from=12 received_ballot=49 current_ballot=101 match=false
[step=3750] DELIVER from=13 to=1 type=Promise { ballot: 49, accepted_ballot: None, accepted_value: None } queue_len=1312
[PROMISE-TRACE] from=13 received_ballot=49 current_ballot=101 match=false
[step=3751] DELIVER from=14 to=1 type=Promise { ballot: 49, accepted_ballot: None, accepted_value: None } queue_len=1311
[PROMISE-TRACE] from=14 received_ballot=49 current_ballot=101 match=false
[step=3752] DELIVER from=15 to=1 type=Promise { ballot: 49, accepted_ballot: None, accepted_value: None } queue_len=1310
[PROMISE-TRACE] from=15 received_ballot=49 current_ballot=101 match=false
[step=3753] DELIVER from=16 to=1 type=Promise { ballot: 49, accepted_ballot: None, accepted_value: None } queue_len=1309
[PROMISE-TRACE] from=16 received_ballot=49 current_ballot=101 match=false
[step=3754] DELIVER from=17 to=1 type=Promise { ballot: 49, accepted_ballot: None, accepted_value: None } queue_len=1308
[PROMISE-TRACE] from=17 received_ballot=49 current_ballot=101 match=false
[step=3755] DELIVER from=18 to=1 type=Promise { ballot: 49, accepted_ballot: None, accepted_value: None } queue_len=1307
[PROMISE-TRACE] from=18 received_ballot=49 current_ballot=101 match=false
[step=3756] DELIVER from=19 to=1 type=Promise { ballot: 49, accepted_ballot: None, accepted_value: None } queue_len=1306
[PROMISE-TRACE] from=19 received_ballot=49 current_ballot=101 match=false
[step=3757] DELIVER from=20 to=1 type=Promise { ballot: 49, accepted_ballot: None, accepted_value: None } queue_len=1305
[PROMISE-TRACE] from=20 received_ballot=49 current_ballot=101 match=false
[step=3758] DELIVER from=21 to=1 type=Promise { ballot: 49, accepted_ballot: None, accepted_value: None } queue_len=1304
[PROMISE-TRACE] from=21 received_ballot=49 current_ballot=101 match=false
[step=3759] DELIVER from=22 to=1 type=Promise { ballot: 49, accepted_ballot: None, accepted_value: None } queue_len=1303
[PROMISE-TRACE] from=22 received_ballot=49 current_ballot=101 match=false
[step=3760] DELIVER from=23 to=1 type=Promise { ballot: 49, accepted_ballot: None, accepted_value: None } queue_len=1302
[PROMISE-TRACE] from=23 received_ballot=49 current_ballot=101 match=false
[step=3761] DELIVER from=24 to=1 type=Promise { ballot: 49, accepted_ballot: None, accepted_value: None } queue_len=1301
[PROMISE-TRACE] from=24 received_ballot=49 current_ballot=101 match=false
[step=3762] DELIVER from=25 to=1 type=Promise { ballot: 49, accepted_ballot: None, accepted_value: None } queue_len=1300
[PROMISE-TRACE] from=25 received_ballot=49 current_ballot=101 match=false
[step=3763] DELIVER from=1 to=1 type=Promise { ballot: 50, accepted_ballot: None, accepted_value: None } queue_len=1299
[PROMISE-TRACE] from=1 received_ballot=50 current_ballot=101 match=false
[step=3764] DELIVER from=2 to=1 type=Promise { ballot: 50, accepted_ballot: None, accepted_value: None } queue_len=1298
[PROMISE-TRACE] from=2 received_ballot=50 current_ballot=101 match=false
[step=3765] DELIVER from=3 to=1 type=Promise { ballot: 50, accepted_ballot: None, accepted_value: None } queue_len=1297
[PROMISE-TRACE] from=3 received_ballot=50 current_ballot=101 match=false
[step=3766] DELIVER from=4 to=1 type=Promise { ballot: 50, accepted_ballot: None, accepted_value: None } queue_len=1296
[PROMISE-TRACE] from=4 received_ballot=50 current_ballot=101 match=false
[step=3767] DELIVER from=5 to=1 type=Promise { ballot: 50, accepted_ballot: None, accepted_value: None } queue_len=1295
[PROMISE-TRACE] from=5 received_ballot=50 current_ballot=101 match=false
[step=3768] DELIVER from=6 to=1 type=Promise { ballot: 50, accepted_ballot: None, accepted_value: None } queue_len=1294
[PROMISE-TRACE] from=6 received_ballot=50 current_ballot=101 match=false
[step=3769] DELIVER from=7 to=1 type=Promise { ballot: 50, accepted_ballot: None, accepted_value: None } queue_len=1293
[PROMISE-TRACE] from=7 received_ballot=50 current_ballot=101 match=false
[step=3770] DELIVER from=8 to=1 type=Promise { ballot: 50, accepted_ballot: None, accepted_value: None } queue_len=1292
[PROMISE-TRACE] from=8 received_ballot=50 current_ballot=101 match=false
[step=3771] DELIVER from=9 to=1 type=Promise { ballot: 50, accepted_ballot: None, accepted_value: None } queue_len=1291
[PROMISE-TRACE] from=9 received_ballot=50 current_ballot=101 match=false
[step=3772] DELIVER from=10 to=1 type=Promise { ballot: 50, accepted_ballot: None, accepted_value: None } queue_len=1290
[PROMISE-TRACE] from=10 received_ballot=50 current_ballot=101 match=false
[step=3773] DELIVER from=11 to=1 type=Promise { ballot: 50, accepted_ballot: None, accepted_value: None } queue_len=1289
[PROMISE-TRACE] from=11 received_ballot=50 current_ballot=101 match=false
[step=3774] DELIVER from=12 to=1 type=Promise { ballot: 50, accepted_ballot: None, accepted_value: None } queue_len=1288
[PROMISE-TRACE] from=12 received_ballot=50 current_ballot=101 match=false
[step=3775] DELIVER from=13 to=1 type=Promise { ballot: 50, accepted_ballot: None, accepted_value: None } queue_len=1287
[PROMISE-TRACE] from=13 received_ballot=50 current_ballot=101 match=false
[step=3776] DELIVER from=14 to=1 type=Promise { ballot: 50, accepted_ballot: None, accepted_value: None } queue_len=1286
[PROMISE-TRACE] from=14 received_ballot=50 current_ballot=101 match=false
[step=3777] DELIVER from=15 to=1 type=Promise { ballot: 50, accepted_ballot: None, accepted_value: None } queue_len=1285
[PROMISE-TRACE] from=15 received_ballot=50 current_ballot=101 match=false
[step=3778] DELIVER from=16 to=1 type=Promise { ballot: 50, accepted_ballot: None, accepted_value: None } queue_len=1284
[PROMISE-TRACE] from=16 received_ballot=50 current_ballot=101 match=false
[step=3779] DELIVER from=17 to=1 type=Promise { ballot: 50, accepted_ballot: None, accepted_value: None } queue_len=1283
[PROMISE-TRACE] from=17 received_ballot=50 current_ballot=101 match=false
[step=3780] DELIVER from=18 to=1 type=Promise { ballot: 50, accepted_ballot: None, accepted_value: None } queue_len=1282
[PROMISE-TRACE] from=18 received_ballot=50 current_ballot=101 match=false
[step=3781] DELIVER from=19 to=1 type=Promise { ballot: 50, accepted_ballot: None, accepted_value: None } queue_len=1281
[PROMISE-TRACE] from=19 received_ballot=50 current_ballot=101 match=false
[step=3782] DELIVER from=20 to=1 type=Promise { ballot: 50, accepted_ballot: None, accepted_value: None } queue_len=1280
[PROMISE-TRACE] from=20 received_ballot=50 current_ballot=101 match=false
[step=3783] DELIVER from=21 to=1 type=Promise { ballot: 50, accepted_ballot: None, accepted_value: None } queue_len=1279
[PROMISE-TRACE] from=21 received_ballot=50 current_ballot=101 match=false
[step=3784] DELIVER from=22 to=1 type=Promise { ballot: 50, accepted_ballot: None, accepted_value: None } queue_len=1278
[PROMISE-TRACE] from=22 received_ballot=50 current_ballot=101 match=false
[step=3785] DELIVER from=23 to=1 type=Promise { ballot: 50, accepted_ballot: None, accepted_value: None } queue_len=1277
[PROMISE-TRACE] from=23 received_ballot=50 current_ballot=101 match=false
[step=3786] DELIVER from=24 to=1 type=Promise { ballot: 50, accepted_ballot: None, accepted_value: None } queue_len=1276
[PROMISE-TRACE] from=24 received_ballot=50 current_ballot=101 match=false
[step=3787] DELIVER from=25 to=1 type=Promise { ballot: 50, accepted_ballot: None, accepted_value: None } queue_len=1275
[PROMISE-TRACE] from=25 received_ballot=50 current_ballot=101 match=false
[step=3788] DELIVER from=1 to=1 type=Promise { ballot: 51, accepted_ballot: None, accepted_value: None } queue_len=1274
[PROMISE-TRACE] from=1 received_ballot=51 current_ballot=101 match=false
[step=3789] DELIVER from=2 to=1 type=Promise { ballot: 51, accepted_ballot: None, accepted_value: None } queue_len=1273
[PROMISE-TRACE] from=2 received_ballot=51 current_ballot=101 match=false
[step=3790] DELIVER from=3 to=1 type=Promise { ballot: 51, accepted_ballot: None, accepted_value: None } queue_len=1272
[PROMISE-TRACE] from=3 received_ballot=51 current_ballot=101 match=false
[step=3791] DELIVER from=4 to=1 type=Promise { ballot: 51, accepted_ballot: None, accepted_value: None } queue_len=1271
[PROMISE-TRACE] from=4 received_ballot=51 current_ballot=101 match=false
[step=3792] DELIVER from=5 to=1 type=Promise { ballot: 51, accepted_ballot: None, accepted_value: None } queue_len=1270
[PROMISE-TRACE] from=5 received_ballot=51 current_ballot=101 match=false
[step=3793] DELIVER from=6 to=1 type=Promise { ballot: 51, accepted_ballot: None, accepted_value: None } queue_len=1269
[PROMISE-TRACE] from=6 received_ballot=51 current_ballot=101 match=false
[step=3794] DELIVER from=7 to=1 type=Promise { ballot: 51, accepted_ballot: None, accepted_value: None } queue_len=1268
[PROMISE-TRACE] from=7 received_ballot=51 current_ballot=101 match=false
[step=3795] DELIVER from=8 to=1 type=Promise { ballot: 51, accepted_ballot: None, accepted_value: None } queue_len=1267
[PROMISE-TRACE] from=8 received_ballot=51 current_ballot=101 match=false
[step=3796] DELIVER from=9 to=1 type=Promise { ballot: 51, accepted_ballot: None, accepted_value: None } queue_len=1266
[PROMISE-TRACE] from=9 received_ballot=51 current_ballot=101 match=false
[step=3797] DELIVER from=10 to=1 type=Promise { ballot: 51, accepted_ballot: None, accepted_value: None } queue_len=1265
[PROMISE-TRACE] from=10 received_ballot=51 current_ballot=101 match=false
[step=3798] DELIVER from=11 to=1 type=Promise { ballot: 51, accepted_ballot: None, accepted_value: None } queue_len=1264
[PROMISE-TRACE] from=11 received_ballot=51 current_ballot=101 match=false
[step=3799] DELIVER from=12 to=1 type=Promise { ballot: 51, accepted_ballot: None, accepted_value: None } queue_len=1263
[PROMISE-TRACE] from=12 received_ballot=51 current_ballot=101 match=false
[step=3800] DELIVER from=13 to=1 type=Promise { ballot: 51, accepted_ballot: None, accepted_value: None } queue_len=1262
[PROMISE-TRACE] from=13 received_ballot=51 current_ballot=101 match=false
[step=3801] DELIVER from=14 to=1 type=Promise { ballot: 51, accepted_ballot: None, accepted_value: None } queue_len=1261
[PROMISE-TRACE] from=14 received_ballot=51 current_ballot=101 match=false
[step=3802] DELIVER from=15 to=1 type=Promise { ballot: 51, accepted_ballot: None, accepted_value: None } queue_len=1260
[PROMISE-TRACE] from=15 received_ballot=51 current_ballot=101 match=false
[step=3803] DELIVER from=16 to=1 type=Promise { ballot: 51, accepted_ballot: None, accepted_value: None } queue_len=1259
[PROMISE-TRACE] from=16 received_ballot=51 current_ballot=101 match=false
[step=3804] DELIVER from=17 to=1 type=Promise { ballot: 51, accepted_ballot: None, accepted_value: None } queue_len=1258
[PROMISE-TRACE] from=17 received_ballot=51 current_ballot=101 match=false
[step=3805] DELIVER from=18 to=1 type=Promise { ballot: 51, accepted_ballot: None, accepted_value: None } queue_len=1257
[PROMISE-TRACE] from=18 received_ballot=51 current_ballot=101 match=false
[step=3806] DELIVER from=19 to=1 type=Promise { ballot: 51, accepted_ballot: None, accepted_value: None } queue_len=1256
[PROMISE-TRACE] from=19 received_ballot=51 current_ballot=101 match=false
[step=3807] DELIVER from=20 to=1 type=Promise { ballot: 51, accepted_ballot: None, accepted_value: None } queue_len=1255
[PROMISE-TRACE] from=20 received_ballot=51 current_ballot=101 match=false
[step=3808] DELIVER from=21 to=1 type=Promise { ballot: 51, accepted_ballot: None, accepted_value: None } queue_len=1254
[PROMISE-TRACE] from=21 received_ballot=51 current_ballot=101 match=false
[step=3809] DELIVER from=22 to=1 type=Promise { ballot: 51, accepted_ballot: None, accepted_value: None } queue_len=1253
[PROMISE-TRACE] from=22 received_ballot=51 current_ballot=101 match=false
[step=3810] DELIVER from=23 to=1 type=Promise { ballot: 51, accepted_ballot: None, accepted_value: None } queue_len=1252
[PROMISE-TRACE] from=23 received_ballot=51 current_ballot=101 match=false
[step=3811] DELIVER from=24 to=1 type=Promise { ballot: 51, accepted_ballot: None, accepted_value: None } queue_len=1251
[PROMISE-TRACE] from=24 received_ballot=51 current_ballot=101 match=false
[step=3812] DELIVER from=25 to=1 type=Promise { ballot: 51, accepted_ballot: None, accepted_value: None } queue_len=1250
[PROMISE-TRACE] from=25 received_ballot=51 current_ballot=101 match=false
[step=3813] DELIVER from=1 to=1 type=Promise { ballot: 52, accepted_ballot: None, accepted_value: None } queue_len=1249
[PROMISE-TRACE] from=1 received_ballot=52 current_ballot=101 match=false
[step=3814] DELIVER from=2 to=1 type=Promise { ballot: 52, accepted_ballot: None, accepted_value: None } queue_len=1248
[PROMISE-TRACE] from=2 received_ballot=52 current_ballot=101 match=false
[step=3815] DELIVER from=3 to=1 type=Promise { ballot: 52, accepted_ballot: None, accepted_value: None } queue_len=1247
[PROMISE-TRACE] from=3 received_ballot=52 current_ballot=101 match=false
[step=3816] DELIVER from=4 to=1 type=Promise { ballot: 52, accepted_ballot: None, accepted_value: None } queue_len=1246
[PROMISE-TRACE] from=4 received_ballot=52 current_ballot=101 match=false
[step=3817] DELIVER from=5 to=1 type=Promise { ballot: 52, accepted_ballot: None, accepted_value: None } queue_len=1245
[PROMISE-TRACE] from=5 received_ballot=52 current_ballot=101 match=false
[step=3818] DELIVER from=6 to=1 type=Promise { ballot: 52, accepted_ballot: None, accepted_value: None } queue_len=1244
[PROMISE-TRACE] from=6 received_ballot=52 current_ballot=101 match=false
[step=3819] DELIVER from=7 to=1 type=Promise { ballot: 52, accepted_ballot: None, accepted_value: None } queue_len=1243
[PROMISE-TRACE] from=7 received_ballot=52 current_ballot=101 match=false
[step=3820] DELIVER from=8 to=1 type=Promise { ballot: 52, accepted_ballot: None, accepted_value: None } queue_len=1242
[PROMISE-TRACE] from=8 received_ballot=52 current_ballot=101 match=false
[step=3821] DELIVER from=9 to=1 type=Promise { ballot: 52, accepted_ballot: None, accepted_value: None } queue_len=1241
[PROMISE-TRACE] from=9 received_ballot=52 current_ballot=101 match=false
[step=3822] DELIVER from=10 to=1 type=Promise { ballot: 52, accepted_ballot: None, accepted_value: None } queue_len=1240
[PROMISE-TRACE] from=10 received_ballot=52 current_ballot=101 match=false
[step=3823] DELIVER from=11 to=1 type=Promise { ballot: 52, accepted_ballot: None, accepted_value: None } queue_len=1239
[PROMISE-TRACE] from=11 received_ballot=52 current_ballot=101 match=false
[step=3824] DELIVER from=12 to=1 type=Promise { ballot: 52, accepted_ballot: None, accepted_value: None } queue_len=1238
[PROMISE-TRACE] from=12 received_ballot=52 current_ballot=101 match=false
[step=3825] DELIVER from=13 to=1 type=Promise { ballot: 52, accepted_ballot: None, accepted_value: None } queue_len=1237
[PROMISE-TRACE] from=13 received_ballot=52 current_ballot=101 match=false
[step=3826] DELIVER from=14 to=1 type=Promise { ballot: 52, accepted_ballot: None, accepted_value: None } queue_len=1236
[PROMISE-TRACE] from=14 received_ballot=52 current_ballot=101 match=false
[step=3827] DELIVER from=15 to=1 type=Promise { ballot: 52, accepted_ballot: None, accepted_value: None } queue_len=1235
[PROMISE-TRACE] from=15 received_ballot=52 current_ballot=101 match=false
[step=3828] DELIVER from=16 to=1 type=Promise { ballot: 52, accepted_ballot: None, accepted_value: None } queue_len=1234
[PROMISE-TRACE] from=16 received_ballot=52 current_ballot=101 match=false
[step=3829] DELIVER from=17 to=1 type=Promise { ballot: 52, accepted_ballot: None, accepted_value: None } queue_len=1233
[PROMISE-TRACE] from=17 received_ballot=52 current_ballot=101 match=false
[step=3830] DELIVER from=18 to=1 type=Promise { ballot: 52, accepted_ballot: None, accepted_value: None } queue_len=1232
[PROMISE-TRACE] from=18 received_ballot=52 current_ballot=101 match=false
[step=3831] DELIVER from=19 to=1 type=Promise { ballot: 52, accepted_ballot: None, accepted_value: None } queue_len=1231
[PROMISE-TRACE] from=19 received_ballot=52 current_ballot=101 match=false
[step=3832] DELIVER from=20 to=1 type=Promise { ballot: 52, accepted_ballot: None, accepted_value: None } queue_len=1230
[PROMISE-TRACE] from=20 received_ballot=52 current_ballot=101 match=false
[step=3833] DELIVER from=21 to=1 type=Promise { ballot: 52, accepted_ballot: None, accepted_value: None } queue_len=1229
[PROMISE-TRACE] from=21 received_ballot=52 current_ballot=101 match=false
[step=3834] DELIVER from=22 to=1 type=Promise { ballot: 52, accepted_ballot: None, accepted_value: None } queue_len=1228
[PROMISE-TRACE] from=22 received_ballot=52 current_ballot=101 match=false
[step=3835] DELIVER from=23 to=1 type=Promise { ballot: 52, accepted_ballot: None, accepted_value: None } queue_len=1227
[PROMISE-TRACE] from=23 received_ballot=52 current_ballot=101 match=false
[step=3836] DELIVER from=24 to=1 type=Promise { ballot: 52, accepted_ballot: None, accepted_value: None } queue_len=1226
[PROMISE-TRACE] from=24 received_ballot=52 current_ballot=101 match=false
[step=3837] DELIVER from=25 to=1 type=Promise { ballot: 52, accepted_ballot: None, accepted_value: None } queue_len=1225
[PROMISE-TRACE] from=25 received_ballot=52 current_ballot=101 match=false
[step=3838] DELIVER from=1 to=1 type=Promise { ballot: 53, accepted_ballot: None, accepted_value: None } queue_len=1224
[PROMISE-TRACE] from=1 received_ballot=53 current_ballot=101 match=false
[step=3839] DELIVER from=2 to=1 type=Promise { ballot: 53, accepted_ballot: None, accepted_value: None } queue_len=1223
[PROMISE-TRACE] from=2 received_ballot=53 current_ballot=101 match=false
[step=3840] DELIVER from=3 to=1 type=Promise { ballot: 53, accepted_ballot: None, accepted_value: None } queue_len=1222
[PROMISE-TRACE] from=3 received_ballot=53 current_ballot=101 match=false
[step=3841] DELIVER from=4 to=1 type=Promise { ballot: 53, accepted_ballot: None, accepted_value: None } queue_len=1221
[PROMISE-TRACE] from=4 received_ballot=53 current_ballot=101 match=false
[step=3842] DELIVER from=5 to=1 type=Promise { ballot: 53, accepted_ballot: None, accepted_value: None } queue_len=1220
[PROMISE-TRACE] from=5 received_ballot=53 current_ballot=101 match=false
[step=3843] DELIVER from=6 to=1 type=Promise { ballot: 53, accepted_ballot: None, accepted_value: None } queue_len=1219
[PROMISE-TRACE] from=6 received_ballot=53 current_ballot=101 match=false
[step=3844] DELIVER from=7 to=1 type=Promise { ballot: 53, accepted_ballot: None, accepted_value: None } queue_len=1218
[PROMISE-TRACE] from=7 received_ballot=53 current_ballot=101 match=false
[step=3845] DELIVER from=8 to=1 type=Promise { ballot: 53, accepted_ballot: None, accepted_value: None } queue_len=1217
[PROMISE-TRACE] from=8 received_ballot=53 current_ballot=101 match=false
[step=3846] DELIVER from=9 to=1 type=Promise { ballot: 53, accepted_ballot: None, accepted_value: None } queue_len=1216
[PROMISE-TRACE] from=9 received_ballot=53 current_ballot=101 match=false
[step=3847] DELIVER from=10 to=1 type=Promise { ballot: 53, accepted_ballot: None, accepted_value: None } queue_len=1215
[PROMISE-TRACE] from=10 received_ballot=53 current_ballot=101 match=false
[step=3848] DELIVER from=11 to=1 type=Promise { ballot: 53, accepted_ballot: None, accepted_value: None } queue_len=1214
[PROMISE-TRACE] from=11 received_ballot=53 current_ballot=101 match=false
[step=3849] DELIVER from=12 to=1 type=Promise { ballot: 53, accepted_ballot: None, accepted_value: None } queue_len=1213
[PROMISE-TRACE] from=12 received_ballot=53 current_ballot=101 match=false
[step=3850] DELIVER from=13 to=1 type=Promise { ballot: 53, accepted_ballot: None, accepted_value: None } queue_len=1212
[PROMISE-TRACE] from=13 received_ballot=53 current_ballot=101 match=false
[step=3851] DELIVER from=14 to=1 type=Promise { ballot: 53, accepted_ballot: None, accepted_value: None } queue_len=1211
[PROMISE-TRACE] from=14 received_ballot=53 current_ballot=101 match=false
[step=3852] DELIVER from=15 to=1 type=Promise { ballot: 53, accepted_ballot: None, accepted_value: None } queue_len=1210
[PROMISE-TRACE] from=15 received_ballot=53 current_ballot=101 match=false
[step=3853] DELIVER from=16 to=1 type=Promise { ballot: 53, accepted_ballot: None, accepted_value: None } queue_len=1209
[PROMISE-TRACE] from=16 received_ballot=53 current_ballot=101 match=false
[step=3854] DELIVER from=17 to=1 type=Promise { ballot: 53, accepted_ballot: None, accepted_value: None } queue_len=1208
[PROMISE-TRACE] from=17 received_ballot=53 current_ballot=101 match=false
[step=3855] DELIVER from=18 to=1 type=Promise { ballot: 53, accepted_ballot: None, accepted_value: None } queue_len=1207
[PROMISE-TRACE] from=18 received_ballot=53 current_ballot=101 match=false
[step=3856] DELIVER from=19 to=1 type=Promise { ballot: 53, accepted_ballot: None, accepted_value: None } queue_len=1206
[PROMISE-TRACE] from=19 received_ballot=53 current_ballot=101 match=false
[step=3857] DELIVER from=20 to=1 type=Promise { ballot: 53, accepted_ballot: None, accepted_value: None } queue_len=1205
[PROMISE-TRACE] from=20 received_ballot=53 current_ballot=101 match=false
[step=3858] DELIVER from=21 to=1 type=Promise { ballot: 53, accepted_ballot: None, accepted_value: None } queue_len=1204
[PROMISE-TRACE] from=21 received_ballot=53 current_ballot=101 match=false
[step=3859] DELIVER from=22 to=1 type=Promise { ballot: 53, accepted_ballot: None, accepted_value: None } queue_len=1203
[PROMISE-TRACE] from=22 received_ballot=53 current_ballot=101 match=false
[step=3860] DELIVER from=23 to=1 type=Promise { ballot: 53, accepted_ballot: None, accepted_value: None } queue_len=1202
[PROMISE-TRACE] from=23 received_ballot=53 current_ballot=101 match=false
[step=3861] DELIVER from=24 to=1 type=Promise { ballot: 53, accepted_ballot: None, accepted_value: None } queue_len=1201
[PROMISE-TRACE] from=24 received_ballot=53 current_ballot=101 match=false
[step=3862] DELIVER from=25 to=1 type=Promise { ballot: 53, accepted_ballot: None, accepted_value: None } queue_len=1200
[PROMISE-TRACE] from=25 received_ballot=53 current_ballot=101 match=false
[step=3863] DELIVER from=1 to=1 type=Promise { ballot: 54, accepted_ballot: None, accepted_value: None } queue_len=1199
[PROMISE-TRACE] from=1 received_ballot=54 current_ballot=101 match=false
[step=3864] DELIVER from=2 to=1 type=Promise { ballot: 54, accepted_ballot: None, accepted_value: None } queue_len=1198
[PROMISE-TRACE] from=2 received_ballot=54 current_ballot=101 match=false
[step=3865] DELIVER from=3 to=1 type=Promise { ballot: 54, accepted_ballot: None, accepted_value: None } queue_len=1197
[PROMISE-TRACE] from=3 received_ballot=54 current_ballot=101 match=false
[step=3866] DELIVER from=4 to=1 type=Promise { ballot: 54, accepted_ballot: None, accepted_value: None } queue_len=1196
[PROMISE-TRACE] from=4 received_ballot=54 current_ballot=101 match=false
[step=3867] DELIVER from=5 to=1 type=Promise { ballot: 54, accepted_ballot: None, accepted_value: None } queue_len=1195
[PROMISE-TRACE] from=5 received_ballot=54 current_ballot=101 match=false
[step=3868] DELIVER from=6 to=1 type=Promise { ballot: 54, accepted_ballot: None, accepted_value: None } queue_len=1194
[PROMISE-TRACE] from=6 received_ballot=54 current_ballot=101 match=false
[step=3869] DELIVER from=7 to=1 type=Promise { ballot: 54, accepted_ballot: None, accepted_value: None } queue_len=1193
[PROMISE-TRACE] from=7 received_ballot=54 current_ballot=101 match=false
[step=3870] DELIVER from=8 to=1 type=Promise { ballot: 54, accepted_ballot: None, accepted_value: None } queue_len=1192
[PROMISE-TRACE] from=8 received_ballot=54 current_ballot=101 match=false
[step=3871] DELIVER from=9 to=1 type=Promise { ballot: 54, accepted_ballot: None, accepted_value: None } queue_len=1191
[PROMISE-TRACE] from=9 received_ballot=54 current_ballot=101 match=false
[step=3872] DELIVER from=10 to=1 type=Promise { ballot: 54, accepted_ballot: None, accepted_value: None } queue_len=1190
[PROMISE-TRACE] from=10 received_ballot=54 current_ballot=101 match=false
[step=3873] DELIVER from=11 to=1 type=Promise { ballot: 54, accepted_ballot: None, accepted_value: None } queue_len=1189
[PROMISE-TRACE] from=11 received_ballot=54 current_ballot=101 match=false
[step=3874] DELIVER from=12 to=1 type=Promise { ballot: 54, accepted_ballot: None, accepted_value: None } queue_len=1188
[PROMISE-TRACE] from=12 received_ballot=54 current_ballot=101 match=false
[step=3875] DELIVER from=13 to=1 type=Promise { ballot: 54, accepted_ballot: None, accepted_value: None } queue_len=1187
[PROMISE-TRACE] from=13 received_ballot=54 current_ballot=101 match=false
[step=3876] DELIVER from=14 to=1 type=Promise { ballot: 54, accepted_ballot: None, accepted_value: None } queue_len=1186
[PROMISE-TRACE] from=14 received_ballot=54 current_ballot=101 match=false
[step=3877] DELIVER from=15 to=1 type=Promise { ballot: 54, accepted_ballot: None, accepted_value: None } queue_len=1185
[PROMISE-TRACE] from=15 received_ballot=54 current_ballot=101 match=false
[step=3878] DELIVER from=16 to=1 type=Promise { ballot: 54, accepted_ballot: None, accepted_value: None } queue_len=1184
[PROMISE-TRACE] from=16 received_ballot=54 current_ballot=101 match=false
[step=3879] DELIVER from=17 to=1 type=Promise { ballot: 54, accepted_ballot: None, accepted_value: None } queue_len=1183
[PROMISE-TRACE] from=17 received_ballot=54 current_ballot=101 match=false
[step=3880] DELIVER from=18 to=1 type=Promise { ballot: 54, accepted_ballot: None, accepted_value: None } queue_len=1182
[PROMISE-TRACE] from=18 received_ballot=54 current_ballot=101 match=false
[step=3881] DELIVER from=19 to=1 type=Promise { ballot: 54, accepted_ballot: None, accepted_value: None } queue_len=1181
[PROMISE-TRACE] from=19 received_ballot=54 current_ballot=101 match=false
[step=3882] DELIVER from=20 to=1 type=Promise { ballot: 54, accepted_ballot: None, accepted_value: None } queue_len=1180
[PROMISE-TRACE] from=20 received_ballot=54 current_ballot=101 match=false
[step=3883] DELIVER from=21 to=1 type=Promise { ballot: 54, accepted_ballot: None, accepted_value: None } queue_len=1179
[PROMISE-TRACE] from=21 received_ballot=54 current_ballot=101 match=false
[step=3884] DELIVER from=22 to=1 type=Promise { ballot: 54, accepted_ballot: None, accepted_value: None } queue_len=1178
[PROMISE-TRACE] from=22 received_ballot=54 current_ballot=101 match=false
[step=3885] DELIVER from=23 to=1 type=Promise { ballot: 54, accepted_ballot: None, accepted_value: None } queue_len=1177
[PROMISE-TRACE] from=23 received_ballot=54 current_ballot=101 match=false
[step=3886] DELIVER from=24 to=1 type=Promise { ballot: 54, accepted_ballot: None, accepted_value: None } queue_len=1176
[PROMISE-TRACE] from=24 received_ballot=54 current_ballot=101 match=false
[step=3887] DELIVER from=25 to=1 type=Promise { ballot: 54, accepted_ballot: None, accepted_value: None } queue_len=1175
[PROMISE-TRACE] from=25 received_ballot=54 current_ballot=101 match=false
[step=3888] DELIVER from=1 to=1 type=Promise { ballot: 55, accepted_ballot: None, accepted_value: None } queue_len=1174
[PROMISE-TRACE] from=1 received_ballot=55 current_ballot=101 match=false
[step=3889] DELIVER from=2 to=1 type=Promise { ballot: 55, accepted_ballot: None, accepted_value: None } queue_len=1173
[PROMISE-TRACE] from=2 received_ballot=55 current_ballot=101 match=false
[step=3890] DELIVER from=3 to=1 type=Promise { ballot: 55, accepted_ballot: None, accepted_value: None } queue_len=1172
[PROMISE-TRACE] from=3 received_ballot=55 current_ballot=101 match=false
[step=3891] DELIVER from=4 to=1 type=Promise { ballot: 55, accepted_ballot: None, accepted_value: None } queue_len=1171
[PROMISE-TRACE] from=4 received_ballot=55 current_ballot=101 match=false
[step=3892] DELIVER from=5 to=1 type=Promise { ballot: 55, accepted_ballot: None, accepted_value: None } queue_len=1170
[PROMISE-TRACE] from=5 received_ballot=55 current_ballot=101 match=false
[step=3893] DELIVER from=6 to=1 type=Promise { ballot: 55, accepted_ballot: None, accepted_value: None } queue_len=1169
[PROMISE-TRACE] from=6 received_ballot=55 current_ballot=101 match=false
[step=3894] DELIVER from=7 to=1 type=Promise { ballot: 55, accepted_ballot: None, accepted_value: None } queue_len=1168
[PROMISE-TRACE] from=7 received_ballot=55 current_ballot=101 match=false
[step=3895] DELIVER from=8 to=1 type=Promise { ballot: 55, accepted_ballot: None, accepted_value: None } queue_len=1167
[PROMISE-TRACE] from=8 received_ballot=55 current_ballot=101 match=false
[step=3896] DELIVER from=9 to=1 type=Promise { ballot: 55, accepted_ballot: None, accepted_value: None } queue_len=1166
[PROMISE-TRACE] from=9 received_ballot=55 current_ballot=101 match=false
[step=3897] DELIVER from=10 to=1 type=Promise { ballot: 55, accepted_ballot: None, accepted_value: None } queue_len=1165
[PROMISE-TRACE] from=10 received_ballot=55 current_ballot=101 match=false
[step=3898] DELIVER from=11 to=1 type=Promise { ballot: 55, accepted_ballot: None, accepted_value: None } queue_len=1164
[PROMISE-TRACE] from=11 received_ballot=55 current_ballot=101 match=false
[step=3899] DELIVER from=12 to=1 type=Promise { ballot: 55, accepted_ballot: None, accepted_value: None } queue_len=1163
[PROMISE-TRACE] from=12 received_ballot=55 current_ballot=101 match=false
[step=3900] DELIVER from=13 to=1 type=Promise { ballot: 55, accepted_ballot: None, accepted_value: None } queue_len=1162
[PROMISE-TRACE] from=13 received_ballot=55 current_ballot=101 match=false
[step=3901] DELIVER from=14 to=1 type=Promise { ballot: 55, accepted_ballot: None, accepted_value: None } queue_len=1161
[PROMISE-TRACE] from=14 received_ballot=55 current_ballot=101 match=false
[step=3902] DELIVER from=15 to=1 type=Promise { ballot: 55, accepted_ballot: None, accepted_value: None } queue_len=1160
[PROMISE-TRACE] from=15 received_ballot=55 current_ballot=101 match=false
[step=3903] DELIVER from=16 to=1 type=Promise { ballot: 55, accepted_ballot: None, accepted_value: None } queue_len=1159
[PROMISE-TRACE] from=16 received_ballot=55 current_ballot=101 match=false
[step=3904] DELIVER from=17 to=1 type=Promise { ballot: 55, accepted_ballot: None, accepted_value: None } queue_len=1158
[PROMISE-TRACE] from=17 received_ballot=55 current_ballot=101 match=false
[step=3905] DELIVER from=18 to=1 type=Promise { ballot: 55, accepted_ballot: None, accepted_value: None } queue_len=1157
[PROMISE-TRACE] from=18 received_ballot=55 current_ballot=101 match=false
[step=3906] DELIVER from=19 to=1 type=Promise { ballot: 55, accepted_ballot: None, accepted_value: None } queue_len=1156
[PROMISE-TRACE] from=19 received_ballot=55 current_ballot=101 match=false
[step=3907] DELIVER from=20 to=1 type=Promise { ballot: 55, accepted_ballot: None, accepted_value: None } queue_len=1155
[PROMISE-TRACE] from=20 received_ballot=55 current_ballot=101 match=false
[step=3908] DELIVER from=21 to=1 type=Promise { ballot: 55, accepted_ballot: None, accepted_value: None } queue_len=1154
[PROMISE-TRACE] from=21 received_ballot=55 current_ballot=101 match=false
[step=3909] DELIVER from=22 to=1 type=Promise { ballot: 55, accepted_ballot: None, accepted_value: None } queue_len=1153
[PROMISE-TRACE] from=22 received_ballot=55 current_ballot=101 match=false
[step=3910] DELIVER from=23 to=1 type=Promise { ballot: 55, accepted_ballot: None, accepted_value: None } queue_len=1152
[PROMISE-TRACE] from=23 received_ballot=55 current_ballot=101 match=false
[step=3911] DELIVER from=24 to=1 type=Promise { ballot: 55, accepted_ballot: None, accepted_value: None } queue_len=1151
[PROMISE-TRACE] from=24 received_ballot=55 current_ballot=101 match=false
[step=3912] DELIVER from=25 to=1 type=Promise { ballot: 55, accepted_ballot: None, accepted_value: None } queue_len=1150
[PROMISE-TRACE] from=25 received_ballot=55 current_ballot=101 match=false
[step=3913] DELIVER from=1 to=1 type=Promise { ballot: 56, accepted_ballot: None, accepted_value: None } queue_len=1149
[PROMISE-TRACE] from=1 received_ballot=56 current_ballot=101 match=false
[step=3914] DELIVER from=2 to=1 type=Promise { ballot: 56, accepted_ballot: None, accepted_value: None } queue_len=1148
[PROMISE-TRACE] from=2 received_ballot=56 current_ballot=101 match=false
[step=3915] DELIVER from=3 to=1 type=Promise { ballot: 56, accepted_ballot: None, accepted_value: None } queue_len=1147
[PROMISE-TRACE] from=3 received_ballot=56 current_ballot=101 match=false
[step=3916] DELIVER from=4 to=1 type=Promise { ballot: 56, accepted_ballot: None, accepted_value: None } queue_len=1146
[PROMISE-TRACE] from=4 received_ballot=56 current_ballot=101 match=false
[step=3917] DELIVER from=5 to=1 type=Promise { ballot: 56, accepted_ballot: None, accepted_value: None } queue_len=1145
[PROMISE-TRACE] from=5 received_ballot=56 current_ballot=101 match=false
[step=3918] DELIVER from=6 to=1 type=Promise { ballot: 56, accepted_ballot: None, accepted_value: None } queue_len=1144
[PROMISE-TRACE] from=6 received_ballot=56 current_ballot=101 match=false
[step=3919] DELIVER from=7 to=1 type=Promise { ballot: 56, accepted_ballot: None, accepted_value: None } queue_len=1143
[PROMISE-TRACE] from=7 received_ballot=56 current_ballot=101 match=false
[step=3920] DELIVER from=8 to=1 type=Promise { ballot: 56, accepted_ballot: None, accepted_value: None } queue_len=1142
[PROMISE-TRACE] from=8 received_ballot=56 current_ballot=101 match=false
[step=3921] DELIVER from=9 to=1 type=Promise { ballot: 56, accepted_ballot: None, accepted_value: None } queue_len=1141
[PROMISE-TRACE] from=9 received_ballot=56 current_ballot=101 match=false
[step=3922] DELIVER from=10 to=1 type=Promise { ballot: 56, accepted_ballot: None, accepted_value: None } queue_len=1140
[PROMISE-TRACE] from=10 received_ballot=56 current_ballot=101 match=false
[step=3923] DELIVER from=11 to=1 type=Promise { ballot: 56, accepted_ballot: None, accepted_value: None } queue_len=1139
[PROMISE-TRACE] from=11 received_ballot=56 current_ballot=101 match=false
[step=3924] DELIVER from=12 to=1 type=Promise { ballot: 56, accepted_ballot: None, accepted_value: None } queue_len=1138
[PROMISE-TRACE] from=12 received_ballot=56 current_ballot=101 match=false
[step=3925] DELIVER from=13 to=1 type=Promise { ballot: 56, accepted_ballot: None, accepted_value: None } queue_len=1137
[PROMISE-TRACE] from=13 received_ballot=56 current_ballot=101 match=false
[step=3926] DELIVER from=14 to=1 type=Promise { ballot: 56, accepted_ballot: None, accepted_value: None } queue_len=1136
[PROMISE-TRACE] from=14 received_ballot=56 current_ballot=101 match=false
[step=3927] DELIVER from=15 to=1 type=Promise { ballot: 56, accepted_ballot: None, accepted_value: None } queue_len=1135
[PROMISE-TRACE] from=15 received_ballot=56 current_ballot=101 match=false
[step=3928] DELIVER from=16 to=1 type=Promise { ballot: 56, accepted_ballot: None, accepted_value: None } queue_len=1134
[PROMISE-TRACE] from=16 received_ballot=56 current_ballot=101 match=false
[step=3929] DELIVER from=17 to=1 type=Promise { ballot: 56, accepted_ballot: None, accepted_value: None } queue_len=1133
[PROMISE-TRACE] from=17 received_ballot=56 current_ballot=101 match=false
[step=3930] DELIVER from=18 to=1 type=Promise { ballot: 56, accepted_ballot: None, accepted_value: None } queue_len=1132
[PROMISE-TRACE] from=18 received_ballot=56 current_ballot=101 match=false
[step=3931] DELIVER from=19 to=1 type=Promise { ballot: 56, accepted_ballot: None, accepted_value: None } queue_len=1131
[PROMISE-TRACE] from=19 received_ballot=56 current_ballot=101 match=false
[step=3932] DELIVER from=20 to=1 type=Promise { ballot: 56, accepted_ballot: None, accepted_value: None } queue_len=1130
[PROMISE-TRACE] from=20 received_ballot=56 current_ballot=101 match=false
[step=3933] DELIVER from=21 to=1 type=Promise { ballot: 56, accepted_ballot: None, accepted_value: None } queue_len=1129
[PROMISE-TRACE] from=21 received_ballot=56 current_ballot=101 match=false
[step=3934] DELIVER from=22 to=1 type=Promise { ballot: 56, accepted_ballot: None, accepted_value: None } queue_len=1128
[PROMISE-TRACE] from=22 received_ballot=56 current_ballot=101 match=false
[step=3935] DELIVER from=23 to=1 type=Promise { ballot: 56, accepted_ballot: None, accepted_value: None } queue_len=1127
[PROMISE-TRACE] from=23 received_ballot=56 current_ballot=101 match=false
[step=3936] DELIVER from=24 to=1 type=Promise { ballot: 56, accepted_ballot: None, accepted_value: None } queue_len=1126
[PROMISE-TRACE] from=24 received_ballot=56 current_ballot=101 match=false
[step=3937] DELIVER from=25 to=1 type=Promise { ballot: 56, accepted_ballot: None, accepted_value: None } queue_len=1125
[PROMISE-TRACE] from=25 received_ballot=56 current_ballot=101 match=false
[step=3938] DELIVER from=1 to=1 type=Promise { ballot: 57, accepted_ballot: None, accepted_value: None } queue_len=1124
[PROMISE-TRACE] from=1 received_ballot=57 current_ballot=101 match=false
[step=3939] DELIVER from=2 to=1 type=Promise { ballot: 57, accepted_ballot: None, accepted_value: None } queue_len=1123
[PROMISE-TRACE] from=2 received_ballot=57 current_ballot=101 match=false
[step=3940] DELIVER from=3 to=1 type=Promise { ballot: 57, accepted_ballot: None, accepted_value: None } queue_len=1122
[PROMISE-TRACE] from=3 received_ballot=57 current_ballot=101 match=false
[step=3941] DELIVER from=4 to=1 type=Promise { ballot: 57, accepted_ballot: None, accepted_value: None } queue_len=1121
[PROMISE-TRACE] from=4 received_ballot=57 current_ballot=101 match=false
[step=3942] DELIVER from=5 to=1 type=Promise { ballot: 57, accepted_ballot: None, accepted_value: None } queue_len=1120
[PROMISE-TRACE] from=5 received_ballot=57 current_ballot=101 match=false
[step=3943] DELIVER from=6 to=1 type=Promise { ballot: 57, accepted_ballot: None, accepted_value: None } queue_len=1119
[PROMISE-TRACE] from=6 received_ballot=57 current_ballot=101 match=false
[step=3944] DELIVER from=7 to=1 type=Promise { ballot: 57, accepted_ballot: None, accepted_value: None } queue_len=1118
[PROMISE-TRACE] from=7 received_ballot=57 current_ballot=101 match=false
[step=3945] DELIVER from=8 to=1 type=Promise { ballot: 57, accepted_ballot: None, accepted_value: None } queue_len=1117
[PROMISE-TRACE] from=8 received_ballot=57 current_ballot=101 match=false
[step=3946] DELIVER from=9 to=1 type=Promise { ballot: 57, accepted_ballot: None, accepted_value: None } queue_len=1116
[PROMISE-TRACE] from=9 received_ballot=57 current_ballot=101 match=false
[step=3947] DELIVER from=10 to=1 type=Promise { ballot: 57, accepted_ballot: None, accepted_value: None } queue_len=1115
[PROMISE-TRACE] from=10 received_ballot=57 current_ballot=101 match=false
[step=3948] DELIVER from=11 to=1 type=Promise { ballot: 57, accepted_ballot: None, accepted_value: None } queue_len=1114
[PROMISE-TRACE] from=11 received_ballot=57 current_ballot=101 match=false
[step=3949] DELIVER from=12 to=1 type=Promise { ballot: 57, accepted_ballot: None, accepted_value: None } queue_len=1113
[PROMISE-TRACE] from=12 received_ballot=57 current_ballot=101 match=false
[step=3950] DELIVER from=13 to=1 type=Promise { ballot: 57, accepted_ballot: None, accepted_value: None } queue_len=1112
[PROMISE-TRACE] from=13 received_ballot=57 current_ballot=101 match=false
[step=3951] DELIVER from=14 to=1 type=Promise { ballot: 57, accepted_ballot: None, accepted_value: None } queue_len=1111
[PROMISE-TRACE] from=14 received_ballot=57 current_ballot=101 match=false
[step=3952] DELIVER from=15 to=1 type=Promise { ballot: 57, accepted_ballot: None, accepted_value: None } queue_len=1110
[PROMISE-TRACE] from=15 received_ballot=57 current_ballot=101 match=false
[step=3953] DELIVER from=16 to=1 type=Promise { ballot: 57, accepted_ballot: None, accepted_value: None } queue_len=1109
[PROMISE-TRACE] from=16 received_ballot=57 current_ballot=101 match=false
[step=3954] DELIVER from=17 to=1 type=Promise { ballot: 57, accepted_ballot: None, accepted_value: None } queue_len=1108
[PROMISE-TRACE] from=17 received_ballot=57 current_ballot=101 match=false
[step=3955] DELIVER from=18 to=1 type=Promise { ballot: 57, accepted_ballot: None, accepted_value: None } queue_len=1107
[PROMISE-TRACE] from=18 received_ballot=57 current_ballot=101 match=false
[step=3956] DELIVER from=19 to=1 type=Promise { ballot: 57, accepted_ballot: None, accepted_value: None } queue_len=1106
[PROMISE-TRACE] from=19 received_ballot=57 current_ballot=101 match=false
[step=3957] DELIVER from=20 to=1 type=Promise { ballot: 57, accepted_ballot: None, accepted_value: None } queue_len=1105
[PROMISE-TRACE] from=20 received_ballot=57 current_ballot=101 match=false
[step=3958] DELIVER from=21 to=1 type=Promise { ballot: 57, accepted_ballot: None, accepted_value: None } queue_len=1104
[PROMISE-TRACE] from=21 received_ballot=57 current_ballot=101 match=false
[step=3959] DELIVER from=22 to=1 type=Promise { ballot: 57, accepted_ballot: None, accepted_value: None } queue_len=1103
[PROMISE-TRACE] from=22 received_ballot=57 current_ballot=101 match=false
[step=3960] DELIVER from=23 to=1 type=Promise { ballot: 57, accepted_ballot: None, accepted_value: None } queue_len=1102
[PROMISE-TRACE] from=23 received_ballot=57 current_ballot=101 match=false
[step=3961] DELIVER from=24 to=1 type=Promise { ballot: 57, accepted_ballot: None, accepted_value: None } queue_len=1101
[PROMISE-TRACE] from=24 received_ballot=57 current_ballot=101 match=false
[step=3962] DELIVER from=25 to=1 type=Promise { ballot: 57, accepted_ballot: None, accepted_value: None } queue_len=1100
[PROMISE-TRACE] from=25 received_ballot=57 current_ballot=101 match=false
[step=3963] DELIVER from=1 to=1 type=Promise { ballot: 58, accepted_ballot: None, accepted_value: None } queue_len=1099
[PROMISE-TRACE] from=1 received_ballot=58 current_ballot=101 match=false
[step=3964] DELIVER from=2 to=1 type=Promise { ballot: 58, accepted_ballot: None, accepted_value: None } queue_len=1098
[PROMISE-TRACE] from=2 received_ballot=58 current_ballot=101 match=false
[step=3965] DELIVER from=3 to=1 type=Promise { ballot: 58, accepted_ballot: None, accepted_value: None } queue_len=1097
[PROMISE-TRACE] from=3 received_ballot=58 current_ballot=101 match=false
[step=3966] DELIVER from=4 to=1 type=Promise { ballot: 58, accepted_ballot: None, accepted_value: None } queue_len=1096
[PROMISE-TRACE] from=4 received_ballot=58 current_ballot=101 match=false
[step=3967] DELIVER from=5 to=1 type=Promise { ballot: 58, accepted_ballot: None, accepted_value: None } queue_len=1095
[PROMISE-TRACE] from=5 received_ballot=58 current_ballot=101 match=false
[step=3968] DELIVER from=6 to=1 type=Promise { ballot: 58, accepted_ballot: None, accepted_value: None } queue_len=1094
[PROMISE-TRACE] from=6 received_ballot=58 current_ballot=101 match=false
[step=3969] DELIVER from=7 to=1 type=Promise { ballot: 58, accepted_ballot: None, accepted_value: None } queue_len=1093
[PROMISE-TRACE] from=7 received_ballot=58 current_ballot=101 match=false
[step=3970] DELIVER from=8 to=1 type=Promise { ballot: 58, accepted_ballot: None, accepted_value: None } queue_len=1092
[PROMISE-TRACE] from=8 received_ballot=58 current_ballot=101 match=false
[step=3971] DELIVER from=9 to=1 type=Promise { ballot: 58, accepted_ballot: None, accepted_value: None } queue_len=1091
[PROMISE-TRACE] from=9 received_ballot=58 current_ballot=101 match=false
[step=3972] DELIVER from=10 to=1 type=Promise { ballot: 58, accepted_ballot: None, accepted_value: None } queue_len=1090
[PROMISE-TRACE] from=10 received_ballot=58 current_ballot=101 match=false
[step=3973] DELIVER from=11 to=1 type=Promise { ballot: 58, accepted_ballot: None, accepted_value: None } queue_len=1089
[PROMISE-TRACE] from=11 received_ballot=58 current_ballot=101 match=false
[step=3974] DELIVER from=12 to=1 type=Promise { ballot: 58, accepted_ballot: None, accepted_value: None } queue_len=1088
[PROMISE-TRACE] from=12 received_ballot=58 current_ballot=101 match=false
[step=3975] DELIVER from=13 to=1 type=Promise { ballot: 58, accepted_ballot: None, accepted_value: None } queue_len=1087
[PROMISE-TRACE] from=13 received_ballot=58 current_ballot=101 match=false
[step=3976] DELIVER from=14 to=1 type=Promise { ballot: 58, accepted_ballot: None, accepted_value: None } queue_len=1086
[PROMISE-TRACE] from=14 received_ballot=58 current_ballot=101 match=false
[step=3977] DELIVER from=15 to=1 type=Promise { ballot: 58, accepted_ballot: None, accepted_value: None } queue_len=1085
[PROMISE-TRACE] from=15 received_ballot=58 current_ballot=101 match=false
[step=3978] DELIVER from=16 to=1 type=Promise { ballot: 58, accepted_ballot: None, accepted_value: None } queue_len=1084
[PROMISE-TRACE] from=16 received_ballot=58 current_ballot=101 match=false
[step=3979] DELIVER from=17 to=1 type=Promise { ballot: 58, accepted_ballot: None, accepted_value: None } queue_len=1083
[PROMISE-TRACE] from=17 received_ballot=58 current_ballot=101 match=false
[step=3980] DELIVER from=18 to=1 type=Promise { ballot: 58, accepted_ballot: None, accepted_value: None } queue_len=1082
[PROMISE-TRACE] from=18 received_ballot=58 current_ballot=101 match=false
[step=3981] DELIVER from=19 to=1 type=Promise { ballot: 58, accepted_ballot: None, accepted_value: None } queue_len=1081
[PROMISE-TRACE] from=19 received_ballot=58 current_ballot=101 match=false
[step=3982] DELIVER from=20 to=1 type=Promise { ballot: 58, accepted_ballot: None, accepted_value: None } queue_len=1080
[PROMISE-TRACE] from=20 received_ballot=58 current_ballot=101 match=false
[step=3983] DELIVER from=21 to=1 type=Promise { ballot: 58, accepted_ballot: None, accepted_value: None } queue_len=1079
[PROMISE-TRACE] from=21 received_ballot=58 current_ballot=101 match=false
[step=3984] DELIVER from=22 to=1 type=Promise { ballot: 58, accepted_ballot: None, accepted_value: None } queue_len=1078
[PROMISE-TRACE] from=22 received_ballot=58 current_ballot=101 match=false
[step=3985] DELIVER from=23 to=1 type=Promise { ballot: 58, accepted_ballot: None, accepted_value: None } queue_len=1077
[PROMISE-TRACE] from=23 received_ballot=58 current_ballot=101 match=false
[step=3986] DELIVER from=24 to=1 type=Promise { ballot: 58, accepted_ballot: None, accepted_value: None } queue_len=1076
[PROMISE-TRACE] from=24 received_ballot=58 current_ballot=101 match=false
[step=3987] DELIVER from=25 to=1 type=Promise { ballot: 58, accepted_ballot: None, accepted_value: None } queue_len=1075
[PROMISE-TRACE] from=25 received_ballot=58 current_ballot=101 match=false
[step=3988] DELIVER from=1 to=1 type=Promise { ballot: 59, accepted_ballot: None, accepted_value: None } queue_len=1074
[PROMISE-TRACE] from=1 received_ballot=59 current_ballot=101 match=false
[step=3989] DELIVER from=2 to=1 type=Promise { ballot: 59, accepted_ballot: None, accepted_value: None } queue_len=1073
[PROMISE-TRACE] from=2 received_ballot=59 current_ballot=101 match=false
[step=3990] DELIVER from=3 to=1 type=Promise { ballot: 59, accepted_ballot: None, accepted_value: None } queue_len=1072
[PROMISE-TRACE] from=3 received_ballot=59 current_ballot=101 match=false
[step=3991] DELIVER from=4 to=1 type=Promise { ballot: 59, accepted_ballot: None, accepted_value: None } queue_len=1071
[PROMISE-TRACE] from=4 received_ballot=59 current_ballot=101 match=false
[step=3992] DELIVER from=5 to=1 type=Promise { ballot: 59, accepted_ballot: None, accepted_value: None } queue_len=1070
[PROMISE-TRACE] from=5 received_ballot=59 current_ballot=101 match=false
[step=3993] DELIVER from=6 to=1 type=Promise { ballot: 59, accepted_ballot: None, accepted_value: None } queue_len=1069
[PROMISE-TRACE] from=6 received_ballot=59 current_ballot=101 match=false
[step=3994] DELIVER from=7 to=1 type=Promise { ballot: 59, accepted_ballot: None, accepted_value: None } queue_len=1068
[PROMISE-TRACE] from=7 received_ballot=59 current_ballot=101 match=false
[step=3995] DELIVER from=8 to=1 type=Promise { ballot: 59, accepted_ballot: None, accepted_value: None } queue_len=1067
[PROMISE-TRACE] from=8 received_ballot=59 current_ballot=101 match=false
[step=3996] DELIVER from=9 to=1 type=Promise { ballot: 59, accepted_ballot: None, accepted_value: None } queue_len=1066
[PROMISE-TRACE] from=9 received_ballot=59 current_ballot=101 match=false
[step=3997] DELIVER from=10 to=1 type=Promise { ballot: 59, accepted_ballot: None, accepted_value: None } queue_len=1065
[PROMISE-TRACE] from=10 received_ballot=59 current_ballot=101 match=false
[step=3998] DELIVER from=11 to=1 type=Promise { ballot: 59, accepted_ballot: None, accepted_value: None } queue_len=1064
[PROMISE-TRACE] from=11 received_ballot=59 current_ballot=101 match=false
[step=3999] DELIVER from=12 to=1 type=Promise { ballot: 59, accepted_ballot: None, accepted_value: None } queue_len=1063
[PROMISE-TRACE] from=12 received_ballot=59 current_ballot=101 match=false
[step=4000] DELIVER from=13 to=1 type=Promise { ballot: 59, accepted_ballot: None, accepted_value: None } queue_len=1062
[PROMISE-TRACE] from=13 received_ballot=59 current_ballot=101 match=false
[step=4001] DELIVER from=14 to=1 type=Promise { ballot: 59, accepted_ballot: None, accepted_value: None } queue_len=1061
[PROMISE-TRACE] from=14 received_ballot=59 current_ballot=101 match=false
[step=4002] DELIVER from=15 to=1 type=Promise { ballot: 59, accepted_ballot: None, accepted_value: None } queue_len=1060
[PROMISE-TRACE] from=15 received_ballot=59 current_ballot=101 match=false
[step=4003] DELIVER from=16 to=1 type=Promise { ballot: 59, accepted_ballot: None, accepted_value: None } queue_len=1059
[PROMISE-TRACE] from=16 received_ballot=59 current_ballot=101 match=false
[step=4004] DELIVER from=17 to=1 type=Promise { ballot: 59, accepted_ballot: None, accepted_value: None } queue_len=1058
[PROMISE-TRACE] from=17 received_ballot=59 current_ballot=101 match=false
[step=4005] DELIVER from=18 to=1 type=Promise { ballot: 59, accepted_ballot: None, accepted_value: None } queue_len=1057
[PROMISE-TRACE] from=18 received_ballot=59 current_ballot=101 match=false
[step=4006] DELIVER from=19 to=1 type=Promise { ballot: 59, accepted_ballot: None, accepted_value: None } queue_len=1056
[PROMISE-TRACE] from=19 received_ballot=59 current_ballot=101 match=false
[step=4007] DELIVER from=20 to=1 type=Promise { ballot: 59, accepted_ballot: None, accepted_value: None } queue_len=1055
[PROMISE-TRACE] from=20 received_ballot=59 current_ballot=101 match=false
[step=4008] DELIVER from=21 to=1 type=Promise { ballot: 59, accepted_ballot: None, accepted_value: None } queue_len=1054
[PROMISE-TRACE] from=21 received_ballot=59 current_ballot=101 match=false
[step=4009] DELIVER from=22 to=1 type=Promise { ballot: 59, accepted_ballot: None, accepted_value: None } queue_len=1053
[PROMISE-TRACE] from=22 received_ballot=59 current_ballot=101 match=false
[step=4010] DELIVER from=23 to=1 type=Promise { ballot: 59, accepted_ballot: None, accepted_value: None } queue_len=1052
[PROMISE-TRACE] from=23 received_ballot=59 current_ballot=101 match=false
[step=4011] DELIVER from=24 to=1 type=Promise { ballot: 59, accepted_ballot: None, accepted_value: None } queue_len=1051
[PROMISE-TRACE] from=24 received_ballot=59 current_ballot=101 match=false
[step=4012] DELIVER from=25 to=1 type=Promise { ballot: 59, accepted_ballot: None, accepted_value: None } queue_len=1050
[PROMISE-TRACE] from=25 received_ballot=59 current_ballot=101 match=false
[step=4013] DELIVER from=1 to=1 type=Promise { ballot: 60, accepted_ballot: None, accepted_value: None } queue_len=1049
[PROMISE-TRACE] from=1 received_ballot=60 current_ballot=101 match=false
[step=4014] DELIVER from=2 to=1 type=Promise { ballot: 60, accepted_ballot: None, accepted_value: None } queue_len=1048
[PROMISE-TRACE] from=2 received_ballot=60 current_ballot=101 match=false
[step=4015] DELIVER from=3 to=1 type=Promise { ballot: 60, accepted_ballot: None, accepted_value: None } queue_len=1047
[PROMISE-TRACE] from=3 received_ballot=60 current_ballot=101 match=false
[step=4016] DELIVER from=4 to=1 type=Promise { ballot: 60, accepted_ballot: None, accepted_value: None } queue_len=1046
[PROMISE-TRACE] from=4 received_ballot=60 current_ballot=101 match=false
[step=4017] DELIVER from=5 to=1 type=Promise { ballot: 60, accepted_ballot: None, accepted_value: None } queue_len=1045
[PROMISE-TRACE] from=5 received_ballot=60 current_ballot=101 match=false
[step=4018] DELIVER from=6 to=1 type=Promise { ballot: 60, accepted_ballot: None, accepted_value: None } queue_len=1044
[PROMISE-TRACE] from=6 received_ballot=60 current_ballot=101 match=false
[step=4019] DELIVER from=7 to=1 type=Promise { ballot: 60, accepted_ballot: None, accepted_value: None } queue_len=1043
[PROMISE-TRACE] from=7 received_ballot=60 current_ballot=101 match=false
[step=4020] DELIVER from=8 to=1 type=Promise { ballot: 60, accepted_ballot: None, accepted_value: None } queue_len=1042
[PROMISE-TRACE] from=8 received_ballot=60 current_ballot=101 match=false
[step=4021] DELIVER from=9 to=1 type=Promise { ballot: 60, accepted_ballot: None, accepted_value: None } queue_len=1041
[PROMISE-TRACE] from=9 received_ballot=60 current_ballot=101 match=false
[step=4022] DELIVER from=10 to=1 type=Promise { ballot: 60, accepted_ballot: None, accepted_value: None } queue_len=1040
[PROMISE-TRACE] from=10 received_ballot=60 current_ballot=101 match=false
[step=4023] DELIVER from=11 to=1 type=Promise { ballot: 60, accepted_ballot: None, accepted_value: None } queue_len=1039
[PROMISE-TRACE] from=11 received_ballot=60 current_ballot=101 match=false
[step=4024] DELIVER from=12 to=1 type=Promise { ballot: 60, accepted_ballot: None, accepted_value: None } queue_len=1038
[PROMISE-TRACE] from=12 received_ballot=60 current_ballot=101 match=false
[step=4025] DELIVER from=13 to=1 type=Promise { ballot: 60, accepted_ballot: None, accepted_value: None } queue_len=1037
[PROMISE-TRACE] from=13 received_ballot=60 current_ballot=101 match=false
[step=4026] DELIVER from=14 to=1 type=Promise { ballot: 60, accepted_ballot: None, accepted_value: None } queue_len=1036
[PROMISE-TRACE] from=14 received_ballot=60 current_ballot=101 match=false
[step=4027] DELIVER from=15 to=1 type=Promise { ballot: 60, accepted_ballot: None, accepted_value: None } queue_len=1035
[PROMISE-TRACE] from=15 received_ballot=60 current_ballot=101 match=false
[step=4028] DELIVER from=16 to=1 type=Promise { ballot: 60, accepted_ballot: None, accepted_value: None } queue_len=1034
[PROMISE-TRACE] from=16 received_ballot=60 current_ballot=101 match=false
[step=4029] DELIVER from=17 to=1 type=Promise { ballot: 60, accepted_ballot: None, accepted_value: None } queue_len=1033
[PROMISE-TRACE] from=17 received_ballot=60 current_ballot=101 match=false
[step=4030] DELIVER from=18 to=1 type=Promise { ballot: 60, accepted_ballot: None, accepted_value: None } queue_len=1032
[PROMISE-TRACE] from=18 received_ballot=60 current_ballot=101 match=false
[step=4031] DELIVER from=19 to=1 type=Promise { ballot: 60, accepted_ballot: None, accepted_value: None } queue_len=1031
[PROMISE-TRACE] from=19 received_ballot=60 current_ballot=101 match=false
[step=4032] DELIVER from=20 to=1 type=Promise { ballot: 60, accepted_ballot: None, accepted_value: None } queue_len=1030
[PROMISE-TRACE] from=20 received_ballot=60 current_ballot=101 match=false
[step=4033] DELIVER from=21 to=1 type=Promise { ballot: 60, accepted_ballot: None, accepted_value: None } queue_len=1029
[PROMISE-TRACE] from=21 received_ballot=60 current_ballot=101 match=false
[step=4034] DELIVER from=22 to=1 type=Promise { ballot: 60, accepted_ballot: None, accepted_value: None } queue_len=1028
[PROMISE-TRACE] from=22 received_ballot=60 current_ballot=101 match=false
[step=4035] DELIVER from=23 to=1 type=Promise { ballot: 60, accepted_ballot: None, accepted_value: None } queue_len=1027
[PROMISE-TRACE] from=23 received_ballot=60 current_ballot=101 match=false
[step=4036] DELIVER from=24 to=1 type=Promise { ballot: 60, accepted_ballot: None, accepted_value: None } queue_len=1026
[PROMISE-TRACE] from=24 received_ballot=60 current_ballot=101 match=false
[step=4037] DELIVER from=25 to=1 type=Promise { ballot: 60, accepted_ballot: None, accepted_value: None } queue_len=1025
[PROMISE-TRACE] from=25 received_ballot=60 current_ballot=101 match=false
[step=4038] DELIVER from=1 to=1 type=Promise { ballot: 61, accepted_ballot: None, accepted_value: None } queue_len=1024
[PROMISE-TRACE] from=1 received_ballot=61 current_ballot=101 match=false
[step=4039] DELIVER from=2 to=1 type=Promise { ballot: 61, accepted_ballot: None, accepted_value: None } queue_len=1023
[PROMISE-TRACE] from=2 received_ballot=61 current_ballot=101 match=false
[step=4040] DELIVER from=3 to=1 type=Promise { ballot: 61, accepted_ballot: None, accepted_value: None } queue_len=1022
[PROMISE-TRACE] from=3 received_ballot=61 current_ballot=101 match=false
[step=4041] DELIVER from=4 to=1 type=Promise { ballot: 61, accepted_ballot: None, accepted_value: None } queue_len=1021
[PROMISE-TRACE] from=4 received_ballot=61 current_ballot=101 match=false
[step=4042] DELIVER from=5 to=1 type=Promise { ballot: 61, accepted_ballot: None, accepted_value: None } queue_len=1020
[PROMISE-TRACE] from=5 received_ballot=61 current_ballot=101 match=false
[step=4043] DELIVER from=6 to=1 type=Promise { ballot: 61, accepted_ballot: None, accepted_value: None } queue_len=1019
[PROMISE-TRACE] from=6 received_ballot=61 current_ballot=101 match=false
[step=4044] DELIVER from=7 to=1 type=Promise { ballot: 61, accepted_ballot: None, accepted_value: None } queue_len=1018
[PROMISE-TRACE] from=7 received_ballot=61 current_ballot=101 match=false
[step=4045] DELIVER from=8 to=1 type=Promise { ballot: 61, accepted_ballot: None, accepted_value: None } queue_len=1017
[PROMISE-TRACE] from=8 received_ballot=61 current_ballot=101 match=false
[step=4046] DELIVER from=9 to=1 type=Promise { ballot: 61, accepted_ballot: None, accepted_value: None } queue_len=1016
[PROMISE-TRACE] from=9 received_ballot=61 current_ballot=101 match=false
[step=4047] DELIVER from=10 to=1 type=Promise { ballot: 61, accepted_ballot: None, accepted_value: None } queue_len=1015
[PROMISE-TRACE] from=10 received_ballot=61 current_ballot=101 match=false
[step=4048] DELIVER from=11 to=1 type=Promise { ballot: 61, accepted_ballot: None, accepted_value: None } queue_len=1014
[PROMISE-TRACE] from=11 received_ballot=61 current_ballot=101 match=false
[step=4049] DELIVER from=12 to=1 type=Promise { ballot: 61, accepted_ballot: None, accepted_value: None } queue_len=1013
[PROMISE-TRACE] from=12 received_ballot=61 current_ballot=101 match=false
[step=4050] DELIVER from=13 to=1 type=Promise { ballot: 61, accepted_ballot: None, accepted_value: None } queue_len=1012
[PROMISE-TRACE] from=13 received_ballot=61 current_ballot=101 match=false
[step=4051] DELIVER from=14 to=1 type=Promise { ballot: 61, accepted_ballot: None, accepted_value: None } queue_len=1011
[PROMISE-TRACE] from=14 received_ballot=61 current_ballot=101 match=false
[step=4052] DELIVER from=15 to=1 type=Promise { ballot: 61, accepted_ballot: None, accepted_value: None } queue_len=1010
[PROMISE-TRACE] from=15 received_ballot=61 current_ballot=101 match=false
[step=4053] DELIVER from=16 to=1 type=Promise { ballot: 61, accepted_ballot: None, accepted_value: None } queue_len=1009
[PROMISE-TRACE] from=16 received_ballot=61 current_ballot=101 match=false
[step=4054] DELIVER from=17 to=1 type=Promise { ballot: 61, accepted_ballot: None, accepted_value: None } queue_len=1008
[PROMISE-TRACE] from=17 received_ballot=61 current_ballot=101 match=false
[step=4055] DELIVER from=18 to=1 type=Promise { ballot: 61, accepted_ballot: None, accepted_value: None } queue_len=1007
[PROMISE-TRACE] from=18 received_ballot=61 current_ballot=101 match=false
[step=4056] DELIVER from=19 to=1 type=Promise { ballot: 61, accepted_ballot: None, accepted_value: None } queue_len=1006
[PROMISE-TRACE] from=19 received_ballot=61 current_ballot=101 match=false
[step=4057] DELIVER from=20 to=1 type=Promise { ballot: 61, accepted_ballot: None, accepted_value: None } queue_len=1005
[PROMISE-TRACE] from=20 received_ballot=61 current_ballot=101 match=false
[step=4058] DELIVER from=21 to=1 type=Promise { ballot: 61, accepted_ballot: None, accepted_value: None } queue_len=1004
[PROMISE-TRACE] from=21 received_ballot=61 current_ballot=101 match=false
[step=4059] DELIVER from=22 to=1 type=Promise { ballot: 61, accepted_ballot: None, accepted_value: None } queue_len=1003
[PROMISE-TRACE] from=22 received_ballot=61 current_ballot=101 match=false
[step=4060] DELIVER from=23 to=1 type=Promise { ballot: 61, accepted_ballot: None, accepted_value: None } queue_len=1002
[PROMISE-TRACE] from=23 received_ballot=61 current_ballot=101 match=false
[step=4061] DELIVER from=24 to=1 type=Promise { ballot: 61, accepted_ballot: None, accepted_value: None } queue_len=1001
[PROMISE-TRACE] from=24 received_ballot=61 current_ballot=101 match=false
[step=4062] DELIVER from=25 to=1 type=Promise { ballot: 61, accepted_ballot: None, accepted_value: None } queue_len=1000
[PROMISE-TRACE] from=25 received_ballot=61 current_ballot=101 match=false
[step=4063] DELIVER from=1 to=1 type=Promise { ballot: 62, accepted_ballot: None, accepted_value: None } queue_len=999
[PROMISE-TRACE] from=1 received_ballot=62 current_ballot=101 match=false
[step=4064] DELIVER from=2 to=1 type=Promise { ballot: 62, accepted_ballot: None, accepted_value: None } queue_len=998
[PROMISE-TRACE] from=2 received_ballot=62 current_ballot=101 match=false
[step=4065] DELIVER from=3 to=1 type=Promise { ballot: 62, accepted_ballot: None, accepted_value: None } queue_len=997
[PROMISE-TRACE] from=3 received_ballot=62 current_ballot=101 match=false
[step=4066] DELIVER from=4 to=1 type=Promise { ballot: 62, accepted_ballot: None, accepted_value: None } queue_len=996
[PROMISE-TRACE] from=4 received_ballot=62 current_ballot=101 match=false
[step=4067] DELIVER from=5 to=1 type=Promise { ballot: 62, accepted_ballot: None, accepted_value: None } queue_len=995
[PROMISE-TRACE] from=5 received_ballot=62 current_ballot=101 match=false
[step=4068] DELIVER from=6 to=1 type=Promise { ballot: 62, accepted_ballot: None, accepted_value: None } queue_len=994
[PROMISE-TRACE] from=6 received_ballot=62 current_ballot=101 match=false
[step=4069] DELIVER from=7 to=1 type=Promise { ballot: 62, accepted_ballot: None, accepted_value: None } queue_len=993
[PROMISE-TRACE] from=7 received_ballot=62 current_ballot=101 match=false
[step=4070] DELIVER from=8 to=1 type=Promise { ballot: 62, accepted_ballot: None, accepted_value: None } queue_len=992
[PROMISE-TRACE] from=8 received_ballot=62 current_ballot=101 match=false
[step=4071] DELIVER from=9 to=1 type=Promise { ballot: 62, accepted_ballot: None, accepted_value: None } queue_len=991
[PROMISE-TRACE] from=9 received_ballot=62 current_ballot=101 match=false
[step=4072] DELIVER from=10 to=1 type=Promise { ballot: 62, accepted_ballot: None, accepted_value: None } queue_len=990
[PROMISE-TRACE] from=10 received_ballot=62 current_ballot=101 match=false
[step=4073] DELIVER from=11 to=1 type=Promise { ballot: 62, accepted_ballot: None, accepted_value: None } queue_len=989
[PROMISE-TRACE] from=11 received_ballot=62 current_ballot=101 match=false
[step=4074] DELIVER from=12 to=1 type=Promise { ballot: 62, accepted_ballot: None, accepted_value: None } queue_len=988
[PROMISE-TRACE] from=12 received_ballot=62 current_ballot=101 match=false
[step=4075] DELIVER from=13 to=1 type=Promise { ballot: 62, accepted_ballot: None, accepted_value: None } queue_len=987
[PROMISE-TRACE] from=13 received_ballot=62 current_ballot=101 match=false
[step=4076] DELIVER from=14 to=1 type=Promise { ballot: 62, accepted_ballot: None, accepted_value: None } queue_len=986
[PROMISE-TRACE] from=14 received_ballot=62 current_ballot=101 match=false
[step=4077] DELIVER from=15 to=1 type=Promise { ballot: 62, accepted_ballot: None, accepted_value: None } queue_len=985
[PROMISE-TRACE] from=15 received_ballot=62 current_ballot=101 match=false
[step=4078] DELIVER from=16 to=1 type=Promise { ballot: 62, accepted_ballot: None, accepted_value: None } queue_len=984
[PROMISE-TRACE] from=16 received_ballot=62 current_ballot=101 match=false
[step=4079] DELIVER from=17 to=1 type=Promise { ballot: 62, accepted_ballot: None, accepted_value: None } queue_len=983
[PROMISE-TRACE] from=17 received_ballot=62 current_ballot=101 match=false
[step=4080] DELIVER from=18 to=1 type=Promise { ballot: 62, accepted_ballot: None, accepted_value: None } queue_len=982
[PROMISE-TRACE] from=18 received_ballot=62 current_ballot=101 match=false
[step=4081] DELIVER from=19 to=1 type=Promise { ballot: 62, accepted_ballot: None, accepted_value: None } queue_len=981
[PROMISE-TRACE] from=19 received_ballot=62 current_ballot=101 match=false
[step=4082] DELIVER from=20 to=1 type=Promise { ballot: 62, accepted_ballot: None, accepted_value: None } queue_len=980
[PROMISE-TRACE] from=20 received_ballot=62 current_ballot=101 match=false
[step=4083] DELIVER from=21 to=1 type=Promise { ballot: 62, accepted_ballot: None, accepted_value: None } queue_len=979
[PROMISE-TRACE] from=21 received_ballot=62 current_ballot=101 match=false
[step=4084] DELIVER from=22 to=1 type=Promise { ballot: 62, accepted_ballot: None, accepted_value: None } queue_len=978
[PROMISE-TRACE] from=22 received_ballot=62 current_ballot=101 match=false
[step=4085] DELIVER from=23 to=1 type=Promise { ballot: 62, accepted_ballot: None, accepted_value: None } queue_len=977
[PROMISE-TRACE] from=23 received_ballot=62 current_ballot=101 match=false
[step=4086] DELIVER from=24 to=1 type=Promise { ballot: 62, accepted_ballot: None, accepted_value: None } queue_len=976
[PROMISE-TRACE] from=24 received_ballot=62 current_ballot=101 match=false
[step=4087] DELIVER from=25 to=1 type=Promise { ballot: 62, accepted_ballot: None, accepted_value: None } queue_len=975
[PROMISE-TRACE] from=25 received_ballot=62 current_ballot=101 match=false
[step=4088] DELIVER from=1 to=1 type=Promise { ballot: 63, accepted_ballot: None, accepted_value: None } queue_len=974
[PROMISE-TRACE] from=1 received_ballot=63 current_ballot=101 match=false
[step=4089] DELIVER from=2 to=1 type=Promise { ballot: 63, accepted_ballot: None, accepted_value: None } queue_len=973
[PROMISE-TRACE] from=2 received_ballot=63 current_ballot=101 match=false
[step=4090] DELIVER from=3 to=1 type=Promise { ballot: 63, accepted_ballot: None, accepted_value: None } queue_len=972
[PROMISE-TRACE] from=3 received_ballot=63 current_ballot=101 match=false
[step=4091] DELIVER from=4 to=1 type=Promise { ballot: 63, accepted_ballot: None, accepted_value: None } queue_len=971
[PROMISE-TRACE] from=4 received_ballot=63 current_ballot=101 match=false
[step=4092] DELIVER from=5 to=1 type=Promise { ballot: 63, accepted_ballot: None, accepted_value: None } queue_len=970
[PROMISE-TRACE] from=5 received_ballot=63 current_ballot=101 match=false
[step=4093] DELIVER from=6 to=1 type=Promise { ballot: 63, accepted_ballot: None, accepted_value: None } queue_len=969
[PROMISE-TRACE] from=6 received_ballot=63 current_ballot=101 match=false
[step=4094] DELIVER from=7 to=1 type=Promise { ballot: 63, accepted_ballot: None, accepted_value: None } queue_len=968
[PROMISE-TRACE] from=7 received_ballot=63 current_ballot=101 match=false
[step=4095] DELIVER from=8 to=1 type=Promise { ballot: 63, accepted_ballot: None, accepted_value: None } queue_len=967
[PROMISE-TRACE] from=8 received_ballot=63 current_ballot=101 match=false
[step=4096] DELIVER from=9 to=1 type=Promise { ballot: 63, accepted_ballot: None, accepted_value: None } queue_len=966
[PROMISE-TRACE] from=9 received_ballot=63 current_ballot=101 match=false
[step=4097] DELIVER from=10 to=1 type=Promise { ballot: 63, accepted_ballot: None, accepted_value: None } queue_len=965
[PROMISE-TRACE] from=10 received_ballot=63 current_ballot=101 match=false
[step=4098] DELIVER from=11 to=1 type=Promise { ballot: 63, accepted_ballot: None, accepted_value: None } queue_len=964
[PROMISE-TRACE] from=11 received_ballot=63 current_ballot=101 match=false
[step=4099] DELIVER from=12 to=1 type=Promise { ballot: 63, accepted_ballot: None, accepted_value: None } queue_len=963
[PROMISE-TRACE] from=12 received_ballot=63 current_ballot=101 match=false
[step=4100] DELIVER from=13 to=1 type=Promise { ballot: 63, accepted_ballot: None, accepted_value: None } queue_len=962
[PROMISE-TRACE] from=13 received_ballot=63 current_ballot=101 match=false
[step=4101] DELIVER from=14 to=1 type=Promise { ballot: 63, accepted_ballot: None, accepted_value: None } queue_len=961
[PROMISE-TRACE] from=14 received_ballot=63 current_ballot=101 match=false
[step=4102] DELIVER from=15 to=1 type=Promise { ballot: 63, accepted_ballot: None, accepted_value: None } queue_len=960
[PROMISE-TRACE] from=15 received_ballot=63 current_ballot=101 match=false
[step=4103] DELIVER from=16 to=1 type=Promise { ballot: 63, accepted_ballot: None, accepted_value: None } queue_len=959
[PROMISE-TRACE] from=16 received_ballot=63 current_ballot=101 match=false
[step=4104] DELIVER from=17 to=1 type=Promise { ballot: 63, accepted_ballot: None, accepted_value: None } queue_len=958
[PROMISE-TRACE] from=17 received_ballot=63 current_ballot=101 match=false
[step=4105] DELIVER from=18 to=1 type=Promise { ballot: 63, accepted_ballot: None, accepted_value: None } queue_len=957
[PROMISE-TRACE] from=18 received_ballot=63 current_ballot=101 match=false
[step=4106] DELIVER from=19 to=1 type=Promise { ballot: 63, accepted_ballot: None, accepted_value: None } queue_len=956
[PROMISE-TRACE] from=19 received_ballot=63 current_ballot=101 match=false
[step=4107] DELIVER from=20 to=1 type=Promise { ballot: 63, accepted_ballot: None, accepted_value: None } queue_len=955
[PROMISE-TRACE] from=20 received_ballot=63 current_ballot=101 match=false
[step=4108] DELIVER from=21 to=1 type=Promise { ballot: 63, accepted_ballot: None, accepted_value: None } queue_len=954
[PROMISE-TRACE] from=21 received_ballot=63 current_ballot=101 match=false
[step=4109] DELIVER from=22 to=1 type=Promise { ballot: 63, accepted_ballot: None, accepted_value: None } queue_len=953
[PROMISE-TRACE] from=22 received_ballot=63 current_ballot=101 match=false
[step=4110] DELIVER from=23 to=1 type=Promise { ballot: 63, accepted_ballot: None, accepted_value: None } queue_len=952
[PROMISE-TRACE] from=23 received_ballot=63 current_ballot=101 match=false
[step=4111] DELIVER from=24 to=1 type=Promise { ballot: 63, accepted_ballot: None, accepted_value: None } queue_len=951
[PROMISE-TRACE] from=24 received_ballot=63 current_ballot=101 match=false
[step=4112] DELIVER from=25 to=1 type=Promise { ballot: 63, accepted_ballot: None, accepted_value: None } queue_len=950
[PROMISE-TRACE] from=25 received_ballot=63 current_ballot=101 match=false
[step=4113] DELIVER from=1 to=1 type=Promise { ballot: 64, accepted_ballot: None, accepted_value: None } queue_len=949
[PROMISE-TRACE] from=1 received_ballot=64 current_ballot=101 match=false
[step=4114] DELIVER from=2 to=1 type=Promise { ballot: 64, accepted_ballot: None, accepted_value: None } queue_len=948
[PROMISE-TRACE] from=2 received_ballot=64 current_ballot=101 match=false
[step=4115] DELIVER from=3 to=1 type=Promise { ballot: 64, accepted_ballot: None, accepted_value: None } queue_len=947
[PROMISE-TRACE] from=3 received_ballot=64 current_ballot=101 match=false
[step=4116] DELIVER from=4 to=1 type=Promise { ballot: 64, accepted_ballot: None, accepted_value: None } queue_len=946
[PROMISE-TRACE] from=4 received_ballot=64 current_ballot=101 match=false
[step=4117] DELIVER from=5 to=1 type=Promise { ballot: 64, accepted_ballot: None, accepted_value: None } queue_len=945
[PROMISE-TRACE] from=5 received_ballot=64 current_ballot=101 match=false
[step=4118] DELIVER from=6 to=1 type=Promise { ballot: 64, accepted_ballot: None, accepted_value: None } queue_len=944
[PROMISE-TRACE] from=6 received_ballot=64 current_ballot=101 match=false
[step=4119] DELIVER from=7 to=1 type=Promise { ballot: 64, accepted_ballot: None, accepted_value: None } queue_len=943
[PROMISE-TRACE] from=7 received_ballot=64 current_ballot=101 match=false
[step=4120] DELIVER from=8 to=1 type=Promise { ballot: 64, accepted_ballot: None, accepted_value: None } queue_len=942
[PROMISE-TRACE] from=8 received_ballot=64 current_ballot=101 match=false
[step=4121] DELIVER from=9 to=1 type=Promise { ballot: 64, accepted_ballot: None, accepted_value: None } queue_len=941
[PROMISE-TRACE] from=9 received_ballot=64 current_ballot=101 match=false
[step=4122] DELIVER from=10 to=1 type=Promise { ballot: 64, accepted_ballot: None, accepted_value: None } queue_len=940
[PROMISE-TRACE] from=10 received_ballot=64 current_ballot=101 match=false
[step=4123] DELIVER from=11 to=1 type=Promise { ballot: 64, accepted_ballot: None, accepted_value: None } queue_len=939
[PROMISE-TRACE] from=11 received_ballot=64 current_ballot=101 match=false
[step=4124] DELIVER from=12 to=1 type=Promise { ballot: 64, accepted_ballot: None, accepted_value: None } queue_len=938
[PROMISE-TRACE] from=12 received_ballot=64 current_ballot=101 match=false
[step=4125] DELIVER from=13 to=1 type=Promise { ballot: 64, accepted_ballot: None, accepted_value: None } queue_len=937
[PROMISE-TRACE] from=13 received_ballot=64 current_ballot=101 match=false
[step=4126] DELIVER from=14 to=1 type=Promise { ballot: 64, accepted_ballot: None, accepted_value: None } queue_len=936
[PROMISE-TRACE] from=14 received_ballot=64 current_ballot=101 match=false
[step=4127] DELIVER from=15 to=1 type=Promise { ballot: 64, accepted_ballot: None, accepted_value: None } queue_len=935
[PROMISE-TRACE] from=15 received_ballot=64 current_ballot=101 match=false
[step=4128] DELIVER from=16 to=1 type=Promise { ballot: 64, accepted_ballot: None, accepted_value: None } queue_len=934
[PROMISE-TRACE] from=16 received_ballot=64 current_ballot=101 match=false
[step=4129] DELIVER from=17 to=1 type=Promise { ballot: 64, accepted_ballot: None, accepted_value: None } queue_len=933
[PROMISE-TRACE] from=17 received_ballot=64 current_ballot=101 match=false
[step=4130] DELIVER from=18 to=1 type=Promise { ballot: 64, accepted_ballot: None, accepted_value: None } queue_len=932
[PROMISE-TRACE] from=18 received_ballot=64 current_ballot=101 match=false
[step=4131] DELIVER from=19 to=1 type=Promise { ballot: 64, accepted_ballot: None, accepted_value: None } queue_len=931
[PROMISE-TRACE] from=19 received_ballot=64 current_ballot=101 match=false
[step=4132] DELIVER from=20 to=1 type=Promise { ballot: 64, accepted_ballot: None, accepted_value: None } queue_len=930
[PROMISE-TRACE] from=20 received_ballot=64 current_ballot=101 match=false
[step=4133] DELIVER from=21 to=1 type=Promise { ballot: 64, accepted_ballot: None, accepted_value: None } queue_len=929
[PROMISE-TRACE] from=21 received_ballot=64 current_ballot=101 match=false
[step=4134] DELIVER from=22 to=1 type=Promise { ballot: 64, accepted_ballot: None, accepted_value: None } queue_len=928
[PROMISE-TRACE] from=22 received_ballot=64 current_ballot=101 match=false
[step=4135] DELIVER from=23 to=1 type=Promise { ballot: 64, accepted_ballot: None, accepted_value: None } queue_len=927
[PROMISE-TRACE] from=23 received_ballot=64 current_ballot=101 match=false
[step=4136] DELIVER from=24 to=1 type=Promise { ballot: 64, accepted_ballot: None, accepted_value: None } queue_len=926
[PROMISE-TRACE] from=24 received_ballot=64 current_ballot=101 match=false
[step=4137] DELIVER from=25 to=1 type=Promise { ballot: 64, accepted_ballot: None, accepted_value: None } queue_len=925
[PROMISE-TRACE] from=25 received_ballot=64 current_ballot=101 match=false
[step=4138] DELIVER from=1 to=1 type=Promise { ballot: 65, accepted_ballot: None, accepted_value: None } queue_len=924
[PROMISE-TRACE] from=1 received_ballot=65 current_ballot=101 match=false
[step=4139] DELIVER from=2 to=1 type=Promise { ballot: 65, accepted_ballot: None, accepted_value: None } queue_len=923
[PROMISE-TRACE] from=2 received_ballot=65 current_ballot=101 match=false
[step=4140] DELIVER from=3 to=1 type=Promise { ballot: 65, accepted_ballot: None, accepted_value: None } queue_len=922
[PROMISE-TRACE] from=3 received_ballot=65 current_ballot=101 match=false
[step=4141] DELIVER from=4 to=1 type=Promise { ballot: 65, accepted_ballot: None, accepted_value: None } queue_len=921
[PROMISE-TRACE] from=4 received_ballot=65 current_ballot=101 match=false
[step=4142] DELIVER from=5 to=1 type=Promise { ballot: 65, accepted_ballot: None, accepted_value: None } queue_len=920
[PROMISE-TRACE] from=5 received_ballot=65 current_ballot=101 match=false
[step=4143] DELIVER from=6 to=1 type=Promise { ballot: 65, accepted_ballot: None, accepted_value: None } queue_len=919
[PROMISE-TRACE] from=6 received_ballot=65 current_ballot=101 match=false
[step=4144] DELIVER from=7 to=1 type=Promise { ballot: 65, accepted_ballot: None, accepted_value: None } queue_len=918
[PROMISE-TRACE] from=7 received_ballot=65 current_ballot=101 match=false
[step=4145] DELIVER from=8 to=1 type=Promise { ballot: 65, accepted_ballot: None, accepted_value: None } queue_len=917
[PROMISE-TRACE] from=8 received_ballot=65 current_ballot=101 match=false
[step=4146] DELIVER from=9 to=1 type=Promise { ballot: 65, accepted_ballot: None, accepted_value: None } queue_len=916
[PROMISE-TRACE] from=9 received_ballot=65 current_ballot=101 match=false
[step=4147] DELIVER from=10 to=1 type=Promise { ballot: 65, accepted_ballot: None, accepted_value: None } queue_len=915
[PROMISE-TRACE] from=10 received_ballot=65 current_ballot=101 match=false
[step=4148] DELIVER from=11 to=1 type=Promise { ballot: 65, accepted_ballot: None, accepted_value: None } queue_len=914
[PROMISE-TRACE] from=11 received_ballot=65 current_ballot=101 match=false
[step=4149] DELIVER from=12 to=1 type=Promise { ballot: 65, accepted_ballot: None, accepted_value: None } queue_len=913
[PROMISE-TRACE] from=12 received_ballot=65 current_ballot=101 match=false
[step=4150] DELIVER from=13 to=1 type=Promise { ballot: 65, accepted_ballot: None, accepted_value: None } queue_len=912
[PROMISE-TRACE] from=13 received_ballot=65 current_ballot=101 match=false
[step=4151] DELIVER from=14 to=1 type=Promise { ballot: 65, accepted_ballot: None, accepted_value: None } queue_len=911
[PROMISE-TRACE] from=14 received_ballot=65 current_ballot=101 match=false
[step=4152] DELIVER from=15 to=1 type=Promise { ballot: 65, accepted_ballot: None, accepted_value: None } queue_len=910
[PROMISE-TRACE] from=15 received_ballot=65 current_ballot=101 match=false
[step=4153] DELIVER from=16 to=1 type=Promise { ballot: 65, accepted_ballot: None, accepted_value: None } queue_len=909
[PROMISE-TRACE] from=16 received_ballot=65 current_ballot=101 match=false
[step=4154] DELIVER from=17 to=1 type=Promise { ballot: 65, accepted_ballot: None, accepted_value: None } queue_len=908
[PROMISE-TRACE] from=17 received_ballot=65 current_ballot=101 match=false
[step=4155] DELIVER from=18 to=1 type=Promise { ballot: 65, accepted_ballot: None, accepted_value: None } queue_len=907
[PROMISE-TRACE] from=18 received_ballot=65 current_ballot=101 match=false
[step=4156] DELIVER from=19 to=1 type=Promise { ballot: 65, accepted_ballot: None, accepted_value: None } queue_len=906
[PROMISE-TRACE] from=19 received_ballot=65 current_ballot=101 match=false
[step=4157] DELIVER from=20 to=1 type=Promise { ballot: 65, accepted_ballot: None, accepted_value: None } queue_len=905
[PROMISE-TRACE] from=20 received_ballot=65 current_ballot=101 match=false
[step=4158] DELIVER from=21 to=1 type=Promise { ballot: 65, accepted_ballot: None, accepted_value: None } queue_len=904
[PROMISE-TRACE] from=21 received_ballot=65 current_ballot=101 match=false
[step=4159] DELIVER from=22 to=1 type=Promise { ballot: 65, accepted_ballot: None, accepted_value: None } queue_len=903
[PROMISE-TRACE] from=22 received_ballot=65 current_ballot=101 match=false
[step=4160] DELIVER from=23 to=1 type=Promise { ballot: 65, accepted_ballot: None, accepted_value: None } queue_len=902
[PROMISE-TRACE] from=23 received_ballot=65 current_ballot=101 match=false
[step=4161] DELIVER from=24 to=1 type=Promise { ballot: 65, accepted_ballot: None, accepted_value: None } queue_len=901
[PROMISE-TRACE] from=24 received_ballot=65 current_ballot=101 match=false
[step=4162] DELIVER from=25 to=1 type=Promise { ballot: 65, accepted_ballot: None, accepted_value: None } queue_len=900
[PROMISE-TRACE] from=25 received_ballot=65 current_ballot=101 match=false
[step=4163] DELIVER from=1 to=1 type=Promise { ballot: 66, accepted_ballot: None, accepted_value: None } queue_len=899
[PROMISE-TRACE] from=1 received_ballot=66 current_ballot=101 match=false
[step=4164] DELIVER from=2 to=1 type=Promise { ballot: 66, accepted_ballot: None, accepted_value: None } queue_len=898
[PROMISE-TRACE] from=2 received_ballot=66 current_ballot=101 match=false
[step=4165] DELIVER from=3 to=1 type=Promise { ballot: 66, accepted_ballot: None, accepted_value: None } queue_len=897
[PROMISE-TRACE] from=3 received_ballot=66 current_ballot=101 match=false
[step=4166] DELIVER from=4 to=1 type=Promise { ballot: 66, accepted_ballot: None, accepted_value: None } queue_len=896
[PROMISE-TRACE] from=4 received_ballot=66 current_ballot=101 match=false
[step=4167] DELIVER from=5 to=1 type=Promise { ballot: 66, accepted_ballot: None, accepted_value: None } queue_len=895
[PROMISE-TRACE] from=5 received_ballot=66 current_ballot=101 match=false
[step=4168] DELIVER from=6 to=1 type=Promise { ballot: 66, accepted_ballot: None, accepted_value: None } queue_len=894
[PROMISE-TRACE] from=6 received_ballot=66 current_ballot=101 match=false
[step=4169] DELIVER from=7 to=1 type=Promise { ballot: 66, accepted_ballot: None, accepted_value: None } queue_len=893
[PROMISE-TRACE] from=7 received_ballot=66 current_ballot=101 match=false
[step=4170] DELIVER from=8 to=1 type=Promise { ballot: 66, accepted_ballot: None, accepted_value: None } queue_len=892
[PROMISE-TRACE] from=8 received_ballot=66 current_ballot=101 match=false
[step=4171] DELIVER from=9 to=1 type=Promise { ballot: 66, accepted_ballot: None, accepted_value: None } queue_len=891
[PROMISE-TRACE] from=9 received_ballot=66 current_ballot=101 match=false
[step=4172] DELIVER from=10 to=1 type=Promise { ballot: 66, accepted_ballot: None, accepted_value: None } queue_len=890
[PROMISE-TRACE] from=10 received_ballot=66 current_ballot=101 match=false
[step=4173] DELIVER from=11 to=1 type=Promise { ballot: 66, accepted_ballot: None, accepted_value: None } queue_len=889
[PROMISE-TRACE] from=11 received_ballot=66 current_ballot=101 match=false
[step=4174] DELIVER from=12 to=1 type=Promise { ballot: 66, accepted_ballot: None, accepted_value: None } queue_len=888
[PROMISE-TRACE] from=12 received_ballot=66 current_ballot=101 match=false
[step=4175] DELIVER from=13 to=1 type=Promise { ballot: 66, accepted_ballot: None, accepted_value: None } queue_len=887
[PROMISE-TRACE] from=13 received_ballot=66 current_ballot=101 match=false
[step=4176] DELIVER from=14 to=1 type=Promise { ballot: 66, accepted_ballot: None, accepted_value: None } queue_len=886
[PROMISE-TRACE] from=14 received_ballot=66 current_ballot=101 match=false
[step=4177] DELIVER from=15 to=1 type=Promise { ballot: 66, accepted_ballot: None, accepted_value: None } queue_len=885
[PROMISE-TRACE] from=15 received_ballot=66 current_ballot=101 match=false
[step=4178] DELIVER from=16 to=1 type=Promise { ballot: 66, accepted_ballot: None, accepted_value: None } queue_len=884
[PROMISE-TRACE] from=16 received_ballot=66 current_ballot=101 match=false
[step=4179] DELIVER from=17 to=1 type=Promise { ballot: 66, accepted_ballot: None, accepted_value: None } queue_len=883
[PROMISE-TRACE] from=17 received_ballot=66 current_ballot=101 match=false
[step=4180] DELIVER from=18 to=1 type=Promise { ballot: 66, accepted_ballot: None, accepted_value: None } queue_len=882
[PROMISE-TRACE] from=18 received_ballot=66 current_ballot=101 match=false
[step=4181] DELIVER from=19 to=1 type=Promise { ballot: 66, accepted_ballot: None, accepted_value: None } queue_len=881
[PROMISE-TRACE] from=19 received_ballot=66 current_ballot=101 match=false
[step=4182] DELIVER from=20 to=1 type=Promise { ballot: 66, accepted_ballot: None, accepted_value: None } queue_len=880
[PROMISE-TRACE] from=20 received_ballot=66 current_ballot=101 match=false
[step=4183] DELIVER from=21 to=1 type=Promise { ballot: 66, accepted_ballot: None, accepted_value: None } queue_len=879
[PROMISE-TRACE] from=21 received_ballot=66 current_ballot=101 match=false
[step=4184] DELIVER from=22 to=1 type=Promise { ballot: 66, accepted_ballot: None, accepted_value: None } queue_len=878
[PROMISE-TRACE] from=22 received_ballot=66 current_ballot=101 match=false
[step=4185] DELIVER from=23 to=1 type=Promise { ballot: 66, accepted_ballot: None, accepted_value: None } queue_len=877
[PROMISE-TRACE] from=23 received_ballot=66 current_ballot=101 match=false
[step=4186] DELIVER from=24 to=1 type=Promise { ballot: 66, accepted_ballot: None, accepted_value: None } queue_len=876
[PROMISE-TRACE] from=24 received_ballot=66 current_ballot=101 match=false
[step=4187] DELIVER from=25 to=1 type=Promise { ballot: 66, accepted_ballot: None, accepted_value: None } queue_len=875
[PROMISE-TRACE] from=25 received_ballot=66 current_ballot=101 match=false
[step=4188] DELIVER from=1 to=1 type=Promise { ballot: 67, accepted_ballot: None, accepted_value: None } queue_len=874
[PROMISE-TRACE] from=1 received_ballot=67 current_ballot=101 match=false
[step=4189] DELIVER from=2 to=1 type=Promise { ballot: 67, accepted_ballot: None, accepted_value: None } queue_len=873
[PROMISE-TRACE] from=2 received_ballot=67 current_ballot=101 match=false
[step=4190] DELIVER from=3 to=1 type=Promise { ballot: 67, accepted_ballot: None, accepted_value: None } queue_len=872
[PROMISE-TRACE] from=3 received_ballot=67 current_ballot=101 match=false
[step=4191] DELIVER from=4 to=1 type=Promise { ballot: 67, accepted_ballot: None, accepted_value: None } queue_len=871
[PROMISE-TRACE] from=4 received_ballot=67 current_ballot=101 match=false
[step=4192] DELIVER from=5 to=1 type=Promise { ballot: 67, accepted_ballot: None, accepted_value: None } queue_len=870
[PROMISE-TRACE] from=5 received_ballot=67 current_ballot=101 match=false
[step=4193] DELIVER from=6 to=1 type=Promise { ballot: 67, accepted_ballot: None, accepted_value: None } queue_len=869
[PROMISE-TRACE] from=6 received_ballot=67 current_ballot=101 match=false
[step=4194] DELIVER from=7 to=1 type=Promise { ballot: 67, accepted_ballot: None, accepted_value: None } queue_len=868
[PROMISE-TRACE] from=7 received_ballot=67 current_ballot=101 match=false
[step=4195] DELIVER from=8 to=1 type=Promise { ballot: 67, accepted_ballot: None, accepted_value: None } queue_len=867
[PROMISE-TRACE] from=8 received_ballot=67 current_ballot=101 match=false
[step=4196] DELIVER from=9 to=1 type=Promise { ballot: 67, accepted_ballot: None, accepted_value: None } queue_len=866
[PROMISE-TRACE] from=9 received_ballot=67 current_ballot=101 match=false
[step=4197] DELIVER from=10 to=1 type=Promise { ballot: 67, accepted_ballot: None, accepted_value: None } queue_len=865
[PROMISE-TRACE] from=10 received_ballot=67 current_ballot=101 match=false
[step=4198] DELIVER from=11 to=1 type=Promise { ballot: 67, accepted_ballot: None, accepted_value: None } queue_len=864
[PROMISE-TRACE] from=11 received_ballot=67 current_ballot=101 match=false
[step=4199] DELIVER from=12 to=1 type=Promise { ballot: 67, accepted_ballot: None, accepted_value: None } queue_len=863
[PROMISE-TRACE] from=12 received_ballot=67 current_ballot=101 match=false
[step=4200] DELIVER from=13 to=1 type=Promise { ballot: 67, accepted_ballot: None, accepted_value: None } queue_len=862
[PROMISE-TRACE] from=13 received_ballot=67 current_ballot=101 match=false
[step=4201] DELIVER from=14 to=1 type=Promise { ballot: 67, accepted_ballot: None, accepted_value: None } queue_len=861
[PROMISE-TRACE] from=14 received_ballot=67 current_ballot=101 match=false
[step=4202] DELIVER from=15 to=1 type=Promise { ballot: 67, accepted_ballot: None, accepted_value: None } queue_len=860
[PROMISE-TRACE] from=15 received_ballot=67 current_ballot=101 match=false
[step=4203] DELIVER from=16 to=1 type=Promise { ballot: 67, accepted_ballot: None, accepted_value: None } queue_len=859
[PROMISE-TRACE] from=16 received_ballot=67 current_ballot=101 match=false
[step=4204] DELIVER from=17 to=1 type=Promise { ballot: 67, accepted_ballot: None, accepted_value: None } queue_len=858
[PROMISE-TRACE] from=17 received_ballot=67 current_ballot=101 match=false
[step=4205] DELIVER from=18 to=1 type=Promise { ballot: 67, accepted_ballot: None, accepted_value: None } queue_len=857
[PROMISE-TRACE] from=18 received_ballot=67 current_ballot=101 match=false
[step=4206] DELIVER from=19 to=1 type=Promise { ballot: 67, accepted_ballot: None, accepted_value: None } queue_len=856
[PROMISE-TRACE] from=19 received_ballot=67 current_ballot=101 match=false
[step=4207] DELIVER from=20 to=1 type=Promise { ballot: 67, accepted_ballot: None, accepted_value: None } queue_len=855
[PROMISE-TRACE] from=20 received_ballot=67 current_ballot=101 match=false
[step=4208] DELIVER from=21 to=1 type=Promise { ballot: 67, accepted_ballot: None, accepted_value: None } queue_len=854
[PROMISE-TRACE] from=21 received_ballot=67 current_ballot=101 match=false
[step=4209] DELIVER from=22 to=1 type=Promise { ballot: 67, accepted_ballot: None, accepted_value: None } queue_len=853
[PROMISE-TRACE] from=22 received_ballot=67 current_ballot=101 match=false
[step=4210] DELIVER from=23 to=1 type=Promise { ballot: 67, accepted_ballot: None, accepted_value: None } queue_len=852
[PROMISE-TRACE] from=23 received_ballot=67 current_ballot=101 match=false
[step=4211] DELIVER from=24 to=1 type=Promise { ballot: 67, accepted_ballot: None, accepted_value: None } queue_len=851
[PROMISE-TRACE] from=24 received_ballot=67 current_ballot=101 match=false
[step=4212] DELIVER from=25 to=1 type=Promise { ballot: 67, accepted_ballot: None, accepted_value: None } queue_len=850
[PROMISE-TRACE] from=25 received_ballot=67 current_ballot=101 match=false
[step=4213] DELIVER from=1 to=1 type=Promise { ballot: 68, accepted_ballot: None, accepted_value: None } queue_len=849
[PROMISE-TRACE] from=1 received_ballot=68 current_ballot=101 match=false
[step=4214] DELIVER from=2 to=1 type=Promise { ballot: 68, accepted_ballot: None, accepted_value: None } queue_len=848
[PROMISE-TRACE] from=2 received_ballot=68 current_ballot=101 match=false
[step=4215] DELIVER from=3 to=1 type=Promise { ballot: 68, accepted_ballot: None, accepted_value: None } queue_len=847
[PROMISE-TRACE] from=3 received_ballot=68 current_ballot=101 match=false
[step=4216] DELIVER from=4 to=1 type=Promise { ballot: 68, accepted_ballot: None, accepted_value: None } queue_len=846
[PROMISE-TRACE] from=4 received_ballot=68 current_ballot=101 match=false
[step=4217] DELIVER from=5 to=1 type=Promise { ballot: 68, accepted_ballot: None, accepted_value: None } queue_len=845
[PROMISE-TRACE] from=5 received_ballot=68 current_ballot=101 match=false
[step=4218] DELIVER from=6 to=1 type=Promise { ballot: 68, accepted_ballot: None, accepted_value: None } queue_len=844
[PROMISE-TRACE] from=6 received_ballot=68 current_ballot=101 match=false
[step=4219] DELIVER from=7 to=1 type=Promise { ballot: 68, accepted_ballot: None, accepted_value: None } queue_len=843
[PROMISE-TRACE] from=7 received_ballot=68 current_ballot=101 match=false
[step=4220] DELIVER from=8 to=1 type=Promise { ballot: 68, accepted_ballot: None, accepted_value: None } queue_len=842
[PROMISE-TRACE] from=8 received_ballot=68 current_ballot=101 match=false
[step=4221] DELIVER from=9 to=1 type=Promise { ballot: 68, accepted_ballot: None, accepted_value: None } queue_len=841
[PROMISE-TRACE] from=9 received_ballot=68 current_ballot=101 match=false
[step=4222] DELIVER from=10 to=1 type=Promise { ballot: 68, accepted_ballot: None, accepted_value: None } queue_len=840
[PROMISE-TRACE] from=10 received_ballot=68 current_ballot=101 match=false
[step=4223] DELIVER from=11 to=1 type=Promise { ballot: 68, accepted_ballot: None, accepted_value: None } queue_len=839
[PROMISE-TRACE] from=11 received_ballot=68 current_ballot=101 match=false
[step=4224] DELIVER from=12 to=1 type=Promise { ballot: 68, accepted_ballot: None, accepted_value: None } queue_len=838
[PROMISE-TRACE] from=12 received_ballot=68 current_ballot=101 match=false
[step=4225] DELIVER from=13 to=1 type=Promise { ballot: 68, accepted_ballot: None, accepted_value: None } queue_len=837
[PROMISE-TRACE] from=13 received_ballot=68 current_ballot=101 match=false
[step=4226] DELIVER from=14 to=1 type=Promise { ballot: 68, accepted_ballot: None, accepted_value: None } queue_len=836
[PROMISE-TRACE] from=14 received_ballot=68 current_ballot=101 match=false
[step=4227] DELIVER from=15 to=1 type=Promise { ballot: 68, accepted_ballot: None, accepted_value: None } queue_len=835
[PROMISE-TRACE] from=15 received_ballot=68 current_ballot=101 match=false
[step=4228] DELIVER from=16 to=1 type=Promise { ballot: 68, accepted_ballot: None, accepted_value: None } queue_len=834
[PROMISE-TRACE] from=16 received_ballot=68 current_ballot=101 match=false
[step=4229] DELIVER from=17 to=1 type=Promise { ballot: 68, accepted_ballot: None, accepted_value: None } queue_len=833
[PROMISE-TRACE] from=17 received_ballot=68 current_ballot=101 match=false
[step=4230] DELIVER from=18 to=1 type=Promise { ballot: 68, accepted_ballot: None, accepted_value: None } queue_len=832
[PROMISE-TRACE] from=18 received_ballot=68 current_ballot=101 match=false
[step=4231] DELIVER from=19 to=1 type=Promise { ballot: 68, accepted_ballot: None, accepted_value: None } queue_len=831
[PROMISE-TRACE] from=19 received_ballot=68 current_ballot=101 match=false
[step=4232] DELIVER from=20 to=1 type=Promise { ballot: 68, accepted_ballot: None, accepted_value: None } queue_len=830
[PROMISE-TRACE] from=20 received_ballot=68 current_ballot=101 match=false
[step=4233] DELIVER from=21 to=1 type=Promise { ballot: 68, accepted_ballot: None, accepted_value: None } queue_len=829
[PROMISE-TRACE] from=21 received_ballot=68 current_ballot=101 match=false
[step=4234] DELIVER from=22 to=1 type=Promise { ballot: 68, accepted_ballot: None, accepted_value: None } queue_len=828
[PROMISE-TRACE] from=22 received_ballot=68 current_ballot=101 match=false
[step=4235] DELIVER from=23 to=1 type=Promise { ballot: 68, accepted_ballot: None, accepted_value: None } queue_len=827
[PROMISE-TRACE] from=23 received_ballot=68 current_ballot=101 match=false
[step=4236] DELIVER from=24 to=1 type=Promise { ballot: 68, accepted_ballot: None, accepted_value: None } queue_len=826
[PROMISE-TRACE] from=24 received_ballot=68 current_ballot=101 match=false
[step=4237] DELIVER from=25 to=1 type=Promise { ballot: 68, accepted_ballot: None, accepted_value: None } queue_len=825
[PROMISE-TRACE] from=25 received_ballot=68 current_ballot=101 match=false
[step=4238] DELIVER from=1 to=1 type=Promise { ballot: 69, accepted_ballot: None, accepted_value: None } queue_len=824
[PROMISE-TRACE] from=1 received_ballot=69 current_ballot=101 match=false
[step=4239] DELIVER from=2 to=1 type=Promise { ballot: 69, accepted_ballot: None, accepted_value: None } queue_len=823
[PROMISE-TRACE] from=2 received_ballot=69 current_ballot=101 match=false
[step=4240] DELIVER from=3 to=1 type=Promise { ballot: 69, accepted_ballot: None, accepted_value: None } queue_len=822
[PROMISE-TRACE] from=3 received_ballot=69 current_ballot=101 match=false
[step=4241] DELIVER from=4 to=1 type=Promise { ballot: 69, accepted_ballot: None, accepted_value: None } queue_len=821
[PROMISE-TRACE] from=4 received_ballot=69 current_ballot=101 match=false
[step=4242] DELIVER from=5 to=1 type=Promise { ballot: 69, accepted_ballot: None, accepted_value: None } queue_len=820
[PROMISE-TRACE] from=5 received_ballot=69 current_ballot=101 match=false
[step=4243] DELIVER from=6 to=1 type=Promise { ballot: 69, accepted_ballot: None, accepted_value: None } queue_len=819
[PROMISE-TRACE] from=6 received_ballot=69 current_ballot=101 match=false
[step=4244] DELIVER from=7 to=1 type=Promise { ballot: 69, accepted_ballot: None, accepted_value: None } queue_len=818
[PROMISE-TRACE] from=7 received_ballot=69 current_ballot=101 match=false
[step=4245] DELIVER from=8 to=1 type=Promise { ballot: 69, accepted_ballot: None, accepted_value: None } queue_len=817
[PROMISE-TRACE] from=8 received_ballot=69 current_ballot=101 match=false
[step=4246] DELIVER from=9 to=1 type=Promise { ballot: 69, accepted_ballot: None, accepted_value: None } queue_len=816
[PROMISE-TRACE] from=9 received_ballot=69 current_ballot=101 match=false
[step=4247] DELIVER from=10 to=1 type=Promise { ballot: 69, accepted_ballot: None, accepted_value: None } queue_len=815
[PROMISE-TRACE] from=10 received_ballot=69 current_ballot=101 match=false
[step=4248] DELIVER from=11 to=1 type=Promise { ballot: 69, accepted_ballot: None, accepted_value: None } queue_len=814
[PROMISE-TRACE] from=11 received_ballot=69 current_ballot=101 match=false
[step=4249] DELIVER from=12 to=1 type=Promise { ballot: 69, accepted_ballot: None, accepted_value: None } queue_len=813
[PROMISE-TRACE] from=12 received_ballot=69 current_ballot=101 match=false
[step=4250] DELIVER from=13 to=1 type=Promise { ballot: 69, accepted_ballot: None, accepted_value: None } queue_len=812
[PROMISE-TRACE] from=13 received_ballot=69 current_ballot=101 match=false
[step=4251] DELIVER from=14 to=1 type=Promise { ballot: 69, accepted_ballot: None, accepted_value: None } queue_len=811
[PROMISE-TRACE] from=14 received_ballot=69 current_ballot=101 match=false
[step=4252] DELIVER from=15 to=1 type=Promise { ballot: 69, accepted_ballot: None, accepted_value: None } queue_len=810
[PROMISE-TRACE] from=15 received_ballot=69 current_ballot=101 match=false
[step=4253] DELIVER from=16 to=1 type=Promise { ballot: 69, accepted_ballot: None, accepted_value: None } queue_len=809
[PROMISE-TRACE] from=16 received_ballot=69 current_ballot=101 match=false
[step=4254] DELIVER from=17 to=1 type=Promise { ballot: 69, accepted_ballot: None, accepted_value: None } queue_len=808
[PROMISE-TRACE] from=17 received_ballot=69 current_ballot=101 match=false
[step=4255] DELIVER from=18 to=1 type=Promise { ballot: 69, accepted_ballot: None, accepted_value: None } queue_len=807
[PROMISE-TRACE] from=18 received_ballot=69 current_ballot=101 match=false
[step=4256] DELIVER from=19 to=1 type=Promise { ballot: 69, accepted_ballot: None, accepted_value: None } queue_len=806
[PROMISE-TRACE] from=19 received_ballot=69 current_ballot=101 match=false
[step=4257] DELIVER from=20 to=1 type=Promise { ballot: 69, accepted_ballot: None, accepted_value: None } queue_len=805
[PROMISE-TRACE] from=20 received_ballot=69 current_ballot=101 match=false
[step=4258] DELIVER from=21 to=1 type=Promise { ballot: 69, accepted_ballot: None, accepted_value: None } queue_len=804
[PROMISE-TRACE] from=21 received_ballot=69 current_ballot=101 match=false
[step=4259] DELIVER from=22 to=1 type=Promise { ballot: 69, accepted_ballot: None, accepted_value: None } queue_len=803
[PROMISE-TRACE] from=22 received_ballot=69 current_ballot=101 match=false
[step=4260] DELIVER from=23 to=1 type=Promise { ballot: 69, accepted_ballot: None, accepted_value: None } queue_len=802
[PROMISE-TRACE] from=23 received_ballot=69 current_ballot=101 match=false
[step=4261] DELIVER from=24 to=1 type=Promise { ballot: 69, accepted_ballot: None, accepted_value: None } queue_len=801
[PROMISE-TRACE] from=24 received_ballot=69 current_ballot=101 match=false
[step=4262] DELIVER from=25 to=1 type=Promise { ballot: 69, accepted_ballot: None, accepted_value: None } queue_len=800
[PROMISE-TRACE] from=25 received_ballot=69 current_ballot=101 match=false
[step=4263] DELIVER from=1 to=1 type=Promise { ballot: 70, accepted_ballot: None, accepted_value: None } queue_len=799
[PROMISE-TRACE] from=1 received_ballot=70 current_ballot=101 match=false
[step=4264] DELIVER from=2 to=1 type=Promise { ballot: 70, accepted_ballot: None, accepted_value: None } queue_len=798
[PROMISE-TRACE] from=2 received_ballot=70 current_ballot=101 match=false
[step=4265] DELIVER from=3 to=1 type=Promise { ballot: 70, accepted_ballot: None, accepted_value: None } queue_len=797
[PROMISE-TRACE] from=3 received_ballot=70 current_ballot=101 match=false
[step=4266] DELIVER from=4 to=1 type=Promise { ballot: 70, accepted_ballot: None, accepted_value: None } queue_len=796
[PROMISE-TRACE] from=4 received_ballot=70 current_ballot=101 match=false
[step=4267] DELIVER from=5 to=1 type=Promise { ballot: 70, accepted_ballot: None, accepted_value: None } queue_len=795
[PROMISE-TRACE] from=5 received_ballot=70 current_ballot=101 match=false
[step=4268] DELIVER from=6 to=1 type=Promise { ballot: 70, accepted_ballot: None, accepted_value: None } queue_len=794
[PROMISE-TRACE] from=6 received_ballot=70 current_ballot=101 match=false
[step=4269] DELIVER from=7 to=1 type=Promise { ballot: 70, accepted_ballot: None, accepted_value: None } queue_len=793
[PROMISE-TRACE] from=7 received_ballot=70 current_ballot=101 match=false
[step=4270] DELIVER from=8 to=1 type=Promise { ballot: 70, accepted_ballot: None, accepted_value: None } queue_len=792
[PROMISE-TRACE] from=8 received_ballot=70 current_ballot=101 match=false
[step=4271] DELIVER from=9 to=1 type=Promise { ballot: 70, accepted_ballot: None, accepted_value: None } queue_len=791
[PROMISE-TRACE] from=9 received_ballot=70 current_ballot=101 match=false
[step=4272] DELIVER from=10 to=1 type=Promise { ballot: 70, accepted_ballot: None, accepted_value: None } queue_len=790
[PROMISE-TRACE] from=10 received_ballot=70 current_ballot=101 match=false
[step=4273] DELIVER from=11 to=1 type=Promise { ballot: 70, accepted_ballot: None, accepted_value: None } queue_len=789
[PROMISE-TRACE] from=11 received_ballot=70 current_ballot=101 match=false
[step=4274] DELIVER from=12 to=1 type=Promise { ballot: 70, accepted_ballot: None, accepted_value: None } queue_len=788
[PROMISE-TRACE] from=12 received_ballot=70 current_ballot=101 match=false
[step=4275] DELIVER from=13 to=1 type=Promise { ballot: 70, accepted_ballot: None, accepted_value: None } queue_len=787
[PROMISE-TRACE] from=13 received_ballot=70 current_ballot=101 match=false
[step=4276] DELIVER from=14 to=1 type=Promise { ballot: 70, accepted_ballot: None, accepted_value: None } queue_len=786
[PROMISE-TRACE] from=14 received_ballot=70 current_ballot=101 match=false
[step=4277] DELIVER from=15 to=1 type=Promise { ballot: 70, accepted_ballot: None, accepted_value: None } queue_len=785
[PROMISE-TRACE] from=15 received_ballot=70 current_ballot=101 match=false
[step=4278] DELIVER from=16 to=1 type=Promise { ballot: 70, accepted_ballot: None, accepted_value: None } queue_len=784
[PROMISE-TRACE] from=16 received_ballot=70 current_ballot=101 match=false
[step=4279] DELIVER from=17 to=1 type=Promise { ballot: 70, accepted_ballot: None, accepted_value: None } queue_len=783
[PROMISE-TRACE] from=17 received_ballot=70 current_ballot=101 match=false
[step=4280] DELIVER from=18 to=1 type=Promise { ballot: 70, accepted_ballot: None, accepted_value: None } queue_len=782
[PROMISE-TRACE] from=18 received_ballot=70 current_ballot=101 match=false
[step=4281] DELIVER from=19 to=1 type=Promise { ballot: 70, accepted_ballot: None, accepted_value: None } queue_len=781
[PROMISE-TRACE] from=19 received_ballot=70 current_ballot=101 match=false
[step=4282] DELIVER from=20 to=1 type=Promise { ballot: 70, accepted_ballot: None, accepted_value: None } queue_len=780
[PROMISE-TRACE] from=20 received_ballot=70 current_ballot=101 match=false
[step=4283] DELIVER from=21 to=1 type=Promise { ballot: 70, accepted_ballot: None, accepted_value: None } queue_len=779
[PROMISE-TRACE] from=21 received_ballot=70 current_ballot=101 match=false
[step=4284] DELIVER from=22 to=1 type=Promise { ballot: 70, accepted_ballot: None, accepted_value: None } queue_len=778
[PROMISE-TRACE] from=22 received_ballot=70 current_ballot=101 match=false
[step=4285] DELIVER from=23 to=1 type=Promise { ballot: 70, accepted_ballot: None, accepted_value: None } queue_len=777
[PROMISE-TRACE] from=23 received_ballot=70 current_ballot=101 match=false
[step=4286] DELIVER from=24 to=1 type=Promise { ballot: 70, accepted_ballot: None, accepted_value: None } queue_len=776
[PROMISE-TRACE] from=24 received_ballot=70 current_ballot=101 match=false
[step=4287] DELIVER from=25 to=1 type=Promise { ballot: 70, accepted_ballot: None, accepted_value: None } queue_len=775
[PROMISE-TRACE] from=25 received_ballot=70 current_ballot=101 match=false
[step=4288] DELIVER from=1 to=1 type=Promise { ballot: 71, accepted_ballot: None, accepted_value: None } queue_len=774
[PROMISE-TRACE] from=1 received_ballot=71 current_ballot=101 match=false
[step=4289] DELIVER from=2 to=1 type=Promise { ballot: 71, accepted_ballot: None, accepted_value: None } queue_len=773
[PROMISE-TRACE] from=2 received_ballot=71 current_ballot=101 match=false
[step=4290] DELIVER from=3 to=1 type=Promise { ballot: 71, accepted_ballot: None, accepted_value: None } queue_len=772
[PROMISE-TRACE] from=3 received_ballot=71 current_ballot=101 match=false
[step=4291] DELIVER from=4 to=1 type=Promise { ballot: 71, accepted_ballot: None, accepted_value: None } queue_len=771
[PROMISE-TRACE] from=4 received_ballot=71 current_ballot=101 match=false
[step=4292] DELIVER from=5 to=1 type=Promise { ballot: 71, accepted_ballot: None, accepted_value: None } queue_len=770
[PROMISE-TRACE] from=5 received_ballot=71 current_ballot=101 match=false
[step=4293] DELIVER from=6 to=1 type=Promise { ballot: 71, accepted_ballot: None, accepted_value: None } queue_len=769
[PROMISE-TRACE] from=6 received_ballot=71 current_ballot=101 match=false
[step=4294] DELIVER from=7 to=1 type=Promise { ballot: 71, accepted_ballot: None, accepted_value: None } queue_len=768
[PROMISE-TRACE] from=7 received_ballot=71 current_ballot=101 match=false
[step=4295] DELIVER from=8 to=1 type=Promise { ballot: 71, accepted_ballot: None, accepted_value: None } queue_len=767
[PROMISE-TRACE] from=8 received_ballot=71 current_ballot=101 match=false
[step=4296] DELIVER from=9 to=1 type=Promise { ballot: 71, accepted_ballot: None, accepted_value: None } queue_len=766
[PROMISE-TRACE] from=9 received_ballot=71 current_ballot=101 match=false
[step=4297] DELIVER from=10 to=1 type=Promise { ballot: 71, accepted_ballot: None, accepted_value: None } queue_len=765
[PROMISE-TRACE] from=10 received_ballot=71 current_ballot=101 match=false
[step=4298] DELIVER from=11 to=1 type=Promise { ballot: 71, accepted_ballot: None, accepted_value: None } queue_len=764
[PROMISE-TRACE] from=11 received_ballot=71 current_ballot=101 match=false
[step=4299] DELIVER from=12 to=1 type=Promise { ballot: 71, accepted_ballot: None, accepted_value: None } queue_len=763
[PROMISE-TRACE] from=12 received_ballot=71 current_ballot=101 match=false
[step=4300] DELIVER from=13 to=1 type=Promise { ballot: 71, accepted_ballot: None, accepted_value: None } queue_len=762
[PROMISE-TRACE] from=13 received_ballot=71 current_ballot=101 match=false
[step=4301] DELIVER from=14 to=1 type=Promise { ballot: 71, accepted_ballot: None, accepted_value: None } queue_len=761
[PROMISE-TRACE] from=14 received_ballot=71 current_ballot=101 match=false
[step=4302] DELIVER from=15 to=1 type=Promise { ballot: 71, accepted_ballot: None, accepted_value: None } queue_len=760
[PROMISE-TRACE] from=15 received_ballot=71 current_ballot=101 match=false
[step=4303] DELIVER from=16 to=1 type=Promise { ballot: 71, accepted_ballot: None, accepted_value: None } queue_len=759
[PROMISE-TRACE] from=16 received_ballot=71 current_ballot=101 match=false
[step=4304] DELIVER from=17 to=1 type=Promise { ballot: 71, accepted_ballot: None, accepted_value: None } queue_len=758
[PROMISE-TRACE] from=17 received_ballot=71 current_ballot=101 match=false
[step=4305] DELIVER from=18 to=1 type=Promise { ballot: 71, accepted_ballot: None, accepted_value: None } queue_len=757
[PROMISE-TRACE] from=18 received_ballot=71 current_ballot=101 match=false
[step=4306] DELIVER from=19 to=1 type=Promise { ballot: 71, accepted_ballot: None, accepted_value: None } queue_len=756
[PROMISE-TRACE] from=19 received_ballot=71 current_ballot=101 match=false
[step=4307] DELIVER from=20 to=1 type=Promise { ballot: 71, accepted_ballot: None, accepted_value: None } queue_len=755
[PROMISE-TRACE] from=20 received_ballot=71 current_ballot=101 match=false
[step=4308] DELIVER from=21 to=1 type=Promise { ballot: 71, accepted_ballot: None, accepted_value: None } queue_len=754
[PROMISE-TRACE] from=21 received_ballot=71 current_ballot=101 match=false
[step=4309] DELIVER from=22 to=1 type=Promise { ballot: 71, accepted_ballot: None, accepted_value: None } queue_len=753
[PROMISE-TRACE] from=22 received_ballot=71 current_ballot=101 match=false
[step=4310] DELIVER from=23 to=1 type=Promise { ballot: 71, accepted_ballot: None, accepted_value: None } queue_len=752
[PROMISE-TRACE] from=23 received_ballot=71 current_ballot=101 match=false
[step=4311] DELIVER from=24 to=1 type=Promise { ballot: 71, accepted_ballot: None, accepted_value: None } queue_len=751
[PROMISE-TRACE] from=24 received_ballot=71 current_ballot=101 match=false
[step=4312] DELIVER from=25 to=1 type=Promise { ballot: 71, accepted_ballot: None, accepted_value: None } queue_len=750
[PROMISE-TRACE] from=25 received_ballot=71 current_ballot=101 match=false
[step=4313] DELIVER from=1 to=1 type=Promise { ballot: 72, accepted_ballot: None, accepted_value: None } queue_len=749
[PROMISE-TRACE] from=1 received_ballot=72 current_ballot=101 match=false
[step=4314] DELIVER from=2 to=1 type=Promise { ballot: 72, accepted_ballot: None, accepted_value: None } queue_len=748
[PROMISE-TRACE] from=2 received_ballot=72 current_ballot=101 match=false
[step=4315] DELIVER from=3 to=1 type=Promise { ballot: 72, accepted_ballot: None, accepted_value: None } queue_len=747
[PROMISE-TRACE] from=3 received_ballot=72 current_ballot=101 match=false
[step=4316] DELIVER from=4 to=1 type=Promise { ballot: 72, accepted_ballot: None, accepted_value: None } queue_len=746
[PROMISE-TRACE] from=4 received_ballot=72 current_ballot=101 match=false
[step=4317] DELIVER from=5 to=1 type=Promise { ballot: 72, accepted_ballot: None, accepted_value: None } queue_len=745
[PROMISE-TRACE] from=5 received_ballot=72 current_ballot=101 match=false
[step=4318] DELIVER from=6 to=1 type=Promise { ballot: 72, accepted_ballot: None, accepted_value: None } queue_len=744
[PROMISE-TRACE] from=6 received_ballot=72 current_ballot=101 match=false
[step=4319] DELIVER from=7 to=1 type=Promise { ballot: 72, accepted_ballot: None, accepted_value: None } queue_len=743
[PROMISE-TRACE] from=7 received_ballot=72 current_ballot=101 match=false
[step=4320] DELIVER from=8 to=1 type=Promise { ballot: 72, accepted_ballot: None, accepted_value: None } queue_len=742
[PROMISE-TRACE] from=8 received_ballot=72 current_ballot=101 match=false
[step=4321] DELIVER from=9 to=1 type=Promise { ballot: 72, accepted_ballot: None, accepted_value: None } queue_len=741
[PROMISE-TRACE] from=9 received_ballot=72 current_ballot=101 match=false
[step=4322] DELIVER from=10 to=1 type=Promise { ballot: 72, accepted_ballot: None, accepted_value: None } queue_len=740
[PROMISE-TRACE] from=10 received_ballot=72 current_ballot=101 match=false
[step=4323] DELIVER from=11 to=1 type=Promise { ballot: 72, accepted_ballot: None, accepted_value: None } queue_len=739
[PROMISE-TRACE] from=11 received_ballot=72 current_ballot=101 match=false
[step=4324] DELIVER from=12 to=1 type=Promise { ballot: 72, accepted_ballot: None, accepted_value: None } queue_len=738
[PROMISE-TRACE] from=12 received_ballot=72 current_ballot=101 match=false
[step=4325] DELIVER from=13 to=1 type=Promise { ballot: 72, accepted_ballot: None, accepted_value: None } queue_len=737
[PROMISE-TRACE] from=13 received_ballot=72 current_ballot=101 match=false
[step=4326] DELIVER from=14 to=1 type=Promise { ballot: 72, accepted_ballot: None, accepted_value: None } queue_len=736
[PROMISE-TRACE] from=14 received_ballot=72 current_ballot=101 match=false
[step=4327] DELIVER from=15 to=1 type=Promise { ballot: 72, accepted_ballot: None, accepted_value: None } queue_len=735
[PROMISE-TRACE] from=15 received_ballot=72 current_ballot=101 match=false
[step=4328] DELIVER from=16 to=1 type=Promise { ballot: 72, accepted_ballot: None, accepted_value: None } queue_len=734
[PROMISE-TRACE] from=16 received_ballot=72 current_ballot=101 match=false
[step=4329] DELIVER from=17 to=1 type=Promise { ballot: 72, accepted_ballot: None, accepted_value: None } queue_len=733
[PROMISE-TRACE] from=17 received_ballot=72 current_ballot=101 match=false
[step=4330] DELIVER from=18 to=1 type=Promise { ballot: 72, accepted_ballot: None, accepted_value: None } queue_len=732
[PROMISE-TRACE] from=18 received_ballot=72 current_ballot=101 match=false
[step=4331] DELIVER from=19 to=1 type=Promise { ballot: 72, accepted_ballot: None, accepted_value: None } queue_len=731
[PROMISE-TRACE] from=19 received_ballot=72 current_ballot=101 match=false
[step=4332] DELIVER from=20 to=1 type=Promise { ballot: 72, accepted_ballot: None, accepted_value: None } queue_len=730
[PROMISE-TRACE] from=20 received_ballot=72 current_ballot=101 match=false
[step=4333] DELIVER from=21 to=1 type=Promise { ballot: 72, accepted_ballot: None, accepted_value: None } queue_len=729
[PROMISE-TRACE] from=21 received_ballot=72 current_ballot=101 match=false
[step=4334] DELIVER from=22 to=1 type=Promise { ballot: 72, accepted_ballot: None, accepted_value: None } queue_len=728
[PROMISE-TRACE] from=22 received_ballot=72 current_ballot=101 match=false
[step=4335] DELIVER from=23 to=1 type=Promise { ballot: 72, accepted_ballot: None, accepted_value: None } queue_len=727
[PROMISE-TRACE] from=23 received_ballot=72 current_ballot=101 match=false
[step=4336] DELIVER from=24 to=1 type=Promise { ballot: 72, accepted_ballot: None, accepted_value: None } queue_len=726
[PROMISE-TRACE] from=24 received_ballot=72 current_ballot=101 match=false
[step=4337] DELIVER from=25 to=1 type=Promise { ballot: 72, accepted_ballot: None, accepted_value: None } queue_len=725
[PROMISE-TRACE] from=25 received_ballot=72 current_ballot=101 match=false
[step=4338] DELIVER from=1 to=1 type=Promise { ballot: 73, accepted_ballot: None, accepted_value: None } queue_len=724
[PROMISE-TRACE] from=1 received_ballot=73 current_ballot=101 match=false
[step=4339] DELIVER from=2 to=1 type=Promise { ballot: 73, accepted_ballot: None, accepted_value: None } queue_len=723
[PROMISE-TRACE] from=2 received_ballot=73 current_ballot=101 match=false
[step=4340] DELIVER from=3 to=1 type=Promise { ballot: 73, accepted_ballot: None, accepted_value: None } queue_len=722
[PROMISE-TRACE] from=3 received_ballot=73 current_ballot=101 match=false
[step=4341] DELIVER from=4 to=1 type=Promise { ballot: 73, accepted_ballot: None, accepted_value: None } queue_len=721
[PROMISE-TRACE] from=4 received_ballot=73 current_ballot=101 match=false
[step=4342] DELIVER from=5 to=1 type=Promise { ballot: 73, accepted_ballot: None, accepted_value: None } queue_len=720
[PROMISE-TRACE] from=5 received_ballot=73 current_ballot=101 match=false
[step=4343] DELIVER from=6 to=1 type=Promise { ballot: 73, accepted_ballot: None, accepted_value: None } queue_len=719
[PROMISE-TRACE] from=6 received_ballot=73 current_ballot=101 match=false
[step=4344] DELIVER from=7 to=1 type=Promise { ballot: 73, accepted_ballot: None, accepted_value: None } queue_len=718
[PROMISE-TRACE] from=7 received_ballot=73 current_ballot=101 match=false
[step=4345] DELIVER from=8 to=1 type=Promise { ballot: 73, accepted_ballot: None, accepted_value: None } queue_len=717
[PROMISE-TRACE] from=8 received_ballot=73 current_ballot=101 match=false
[step=4346] DELIVER from=9 to=1 type=Promise { ballot: 73, accepted_ballot: None, accepted_value: None } queue_len=716
[PROMISE-TRACE] from=9 received_ballot=73 current_ballot=101 match=false
[step=4347] DELIVER from=10 to=1 type=Promise { ballot: 73, accepted_ballot: None, accepted_value: None } queue_len=715
[PROMISE-TRACE] from=10 received_ballot=73 current_ballot=101 match=false
[step=4348] DELIVER from=11 to=1 type=Promise { ballot: 73, accepted_ballot: None, accepted_value: None } queue_len=714
[PROMISE-TRACE] from=11 received_ballot=73 current_ballot=101 match=false
[step=4349] DELIVER from=12 to=1 type=Promise { ballot: 73, accepted_ballot: None, accepted_value: None } queue_len=713
[PROMISE-TRACE] from=12 received_ballot=73 current_ballot=101 match=false
[step=4350] DELIVER from=13 to=1 type=Promise { ballot: 73, accepted_ballot: None, accepted_value: None } queue_len=712
[PROMISE-TRACE] from=13 received_ballot=73 current_ballot=101 match=false
[step=4351] DELIVER from=14 to=1 type=Promise { ballot: 73, accepted_ballot: None, accepted_value: None } queue_len=711
[PROMISE-TRACE] from=14 received_ballot=73 current_ballot=101 match=false
[step=4352] DELIVER from=15 to=1 type=Promise { ballot: 73, accepted_ballot: None, accepted_value: None } queue_len=710
[PROMISE-TRACE] from=15 received_ballot=73 current_ballot=101 match=false
[step=4353] DELIVER from=16 to=1 type=Promise { ballot: 73, accepted_ballot: None, accepted_value: None } queue_len=709
[PROMISE-TRACE] from=16 received_ballot=73 current_ballot=101 match=false
[step=4354] DELIVER from=17 to=1 type=Promise { ballot: 73, accepted_ballot: None, accepted_value: None } queue_len=708
[PROMISE-TRACE] from=17 received_ballot=73 current_ballot=101 match=false
[step=4355] DELIVER from=18 to=1 type=Promise { ballot: 73, accepted_ballot: None, accepted_value: None } queue_len=707
[PROMISE-TRACE] from=18 received_ballot=73 current_ballot=101 match=false
[step=4356] DELIVER from=19 to=1 type=Promise { ballot: 73, accepted_ballot: None, accepted_value: None } queue_len=706
[PROMISE-TRACE] from=19 received_ballot=73 current_ballot=101 match=false
[step=4357] DELIVER from=20 to=1 type=Promise { ballot: 73, accepted_ballot: None, accepted_value: None } queue_len=705
[PROMISE-TRACE] from=20 received_ballot=73 current_ballot=101 match=false
[step=4358] DELIVER from=21 to=1 type=Promise { ballot: 73, accepted_ballot: None, accepted_value: None } queue_len=704
[PROMISE-TRACE] from=21 received_ballot=73 current_ballot=101 match=false
[step=4359] DELIVER from=22 to=1 type=Promise { ballot: 73, accepted_ballot: None, accepted_value: None } queue_len=703
[PROMISE-TRACE] from=22 received_ballot=73 current_ballot=101 match=false
[step=4360] DELIVER from=23 to=1 type=Promise { ballot: 73, accepted_ballot: None, accepted_value: None } queue_len=702
[PROMISE-TRACE] from=23 received_ballot=73 current_ballot=101 match=false
[step=4361] DELIVER from=24 to=1 type=Promise { ballot: 73, accepted_ballot: None, accepted_value: None } queue_len=701
[PROMISE-TRACE] from=24 received_ballot=73 current_ballot=101 match=false
[step=4362] DELIVER from=25 to=1 type=Promise { ballot: 73, accepted_ballot: None, accepted_value: None } queue_len=700
[PROMISE-TRACE] from=25 received_ballot=73 current_ballot=101 match=false
[step=4363] DELIVER from=1 to=1 type=Promise { ballot: 74, accepted_ballot: None, accepted_value: None } queue_len=699
[PROMISE-TRACE] from=1 received_ballot=74 current_ballot=101 match=false
[step=4364] DELIVER from=2 to=1 type=Promise { ballot: 74, accepted_ballot: None, accepted_value: None } queue_len=698
[PROMISE-TRACE] from=2 received_ballot=74 current_ballot=101 match=false
[step=4365] DELIVER from=3 to=1 type=Promise { ballot: 74, accepted_ballot: None, accepted_value: None } queue_len=697
[PROMISE-TRACE] from=3 received_ballot=74 current_ballot=101 match=false
[step=4366] DELIVER from=4 to=1 type=Promise { ballot: 74, accepted_ballot: None, accepted_value: None } queue_len=696
[PROMISE-TRACE] from=4 received_ballot=74 current_ballot=101 match=false
[step=4367] DELIVER from=5 to=1 type=Promise { ballot: 74, accepted_ballot: None, accepted_value: None } queue_len=695
[PROMISE-TRACE] from=5 received_ballot=74 current_ballot=101 match=false
[step=4368] DELIVER from=6 to=1 type=Promise { ballot: 74, accepted_ballot: None, accepted_value: None } queue_len=694
[PROMISE-TRACE] from=6 received_ballot=74 current_ballot=101 match=false
[step=4369] DELIVER from=7 to=1 type=Promise { ballot: 74, accepted_ballot: None, accepted_value: None } queue_len=693
[PROMISE-TRACE] from=7 received_ballot=74 current_ballot=101 match=false
[step=4370] DELIVER from=8 to=1 type=Promise { ballot: 74, accepted_ballot: None, accepted_value: None } queue_len=692
[PROMISE-TRACE] from=8 received_ballot=74 current_ballot=101 match=false
[step=4371] DELIVER from=9 to=1 type=Promise { ballot: 74, accepted_ballot: None, accepted_value: None } queue_len=691
[PROMISE-TRACE] from=9 received_ballot=74 current_ballot=101 match=false
[step=4372] DELIVER from=10 to=1 type=Promise { ballot: 74, accepted_ballot: None, accepted_value: None } queue_len=690
[PROMISE-TRACE] from=10 received_ballot=74 current_ballot=101 match=false
[step=4373] DELIVER from=11 to=1 type=Promise { ballot: 74, accepted_ballot: None, accepted_value: None } queue_len=689
[PROMISE-TRACE] from=11 received_ballot=74 current_ballot=101 match=false
[step=4374] DELIVER from=12 to=1 type=Promise { ballot: 74, accepted_ballot: None, accepted_value: None } queue_len=688
[PROMISE-TRACE] from=12 received_ballot=74 current_ballot=101 match=false
[step=4375] DELIVER from=13 to=1 type=Promise { ballot: 74, accepted_ballot: None, accepted_value: None } queue_len=687
[PROMISE-TRACE] from=13 received_ballot=74 current_ballot=101 match=false
[step=4376] DELIVER from=14 to=1 type=Promise { ballot: 74, accepted_ballot: None, accepted_value: None } queue_len=686
[PROMISE-TRACE] from=14 received_ballot=74 current_ballot=101 match=false
[step=4377] DELIVER from=15 to=1 type=Promise { ballot: 74, accepted_ballot: None, accepted_value: None } queue_len=685
[PROMISE-TRACE] from=15 received_ballot=74 current_ballot=101 match=false
[step=4378] DELIVER from=16 to=1 type=Promise { ballot: 74, accepted_ballot: None, accepted_value: None } queue_len=684
[PROMISE-TRACE] from=16 received_ballot=74 current_ballot=101 match=false
[step=4379] DELIVER from=17 to=1 type=Promise { ballot: 74, accepted_ballot: None, accepted_value: None } queue_len=683
[PROMISE-TRACE] from=17 received_ballot=74 current_ballot=101 match=false
[step=4380] DELIVER from=18 to=1 type=Promise { ballot: 74, accepted_ballot: None, accepted_value: None } queue_len=682
[PROMISE-TRACE] from=18 received_ballot=74 current_ballot=101 match=false
[step=4381] DELIVER from=19 to=1 type=Promise { ballot: 74, accepted_ballot: None, accepted_value: None } queue_len=681
[PROMISE-TRACE] from=19 received_ballot=74 current_ballot=101 match=false
[step=4382] DELIVER from=20 to=1 type=Promise { ballot: 74, accepted_ballot: None, accepted_value: None } queue_len=680
[PROMISE-TRACE] from=20 received_ballot=74 current_ballot=101 match=false
[step=4383] DELIVER from=21 to=1 type=Promise { ballot: 74, accepted_ballot: None, accepted_value: None } queue_len=679
[PROMISE-TRACE] from=21 received_ballot=74 current_ballot=101 match=false
[step=4384] DELIVER from=22 to=1 type=Promise { ballot: 74, accepted_ballot: None, accepted_value: None } queue_len=678
[PROMISE-TRACE] from=22 received_ballot=74 current_ballot=101 match=false
[step=4385] DELIVER from=23 to=1 type=Promise { ballot: 74, accepted_ballot: None, accepted_value: None } queue_len=677
[PROMISE-TRACE] from=23 received_ballot=74 current_ballot=101 match=false
[step=4386] DELIVER from=24 to=1 type=Promise { ballot: 74, accepted_ballot: None, accepted_value: None } queue_len=676
[PROMISE-TRACE] from=24 received_ballot=74 current_ballot=101 match=false
[step=4387] DELIVER from=25 to=1 type=Promise { ballot: 74, accepted_ballot: None, accepted_value: None } queue_len=675
[PROMISE-TRACE] from=25 received_ballot=74 current_ballot=101 match=false
[step=4388] DELIVER from=1 to=1 type=Promise { ballot: 75, accepted_ballot: None, accepted_value: None } queue_len=674
[PROMISE-TRACE] from=1 received_ballot=75 current_ballot=101 match=false
[step=4389] DELIVER from=2 to=1 type=Promise { ballot: 75, accepted_ballot: None, accepted_value: None } queue_len=673
[PROMISE-TRACE] from=2 received_ballot=75 current_ballot=101 match=false
[step=4390] DELIVER from=3 to=1 type=Promise { ballot: 75, accepted_ballot: None, accepted_value: None } queue_len=672
[PROMISE-TRACE] from=3 received_ballot=75 current_ballot=101 match=false
[step=4391] DELIVER from=4 to=1 type=Promise { ballot: 75, accepted_ballot: None, accepted_value: None } queue_len=671
[PROMISE-TRACE] from=4 received_ballot=75 current_ballot=101 match=false
[step=4392] DELIVER from=5 to=1 type=Promise { ballot: 75, accepted_ballot: None, accepted_value: None } queue_len=670
[PROMISE-TRACE] from=5 received_ballot=75 current_ballot=101 match=false
[step=4393] DELIVER from=6 to=1 type=Promise { ballot: 75, accepted_ballot: None, accepted_value: None } queue_len=669
[PROMISE-TRACE] from=6 received_ballot=75 current_ballot=101 match=false
[step=4394] DELIVER from=7 to=1 type=Promise { ballot: 75, accepted_ballot: None, accepted_value: None } queue_len=668
[PROMISE-TRACE] from=7 received_ballot=75 current_ballot=101 match=false
[step=4395] DELIVER from=8 to=1 type=Promise { ballot: 75, accepted_ballot: None, accepted_value: None } queue_len=667
[PROMISE-TRACE] from=8 received_ballot=75 current_ballot=101 match=false
[step=4396] DELIVER from=9 to=1 type=Promise { ballot: 75, accepted_ballot: None, accepted_value: None } queue_len=666
[PROMISE-TRACE] from=9 received_ballot=75 current_ballot=101 match=false
[step=4397] DELIVER from=10 to=1 type=Promise { ballot: 75, accepted_ballot: None, accepted_value: None } queue_len=665
[PROMISE-TRACE] from=10 received_ballot=75 current_ballot=101 match=false
[step=4398] DELIVER from=11 to=1 type=Promise { ballot: 75, accepted_ballot: None, accepted_value: None } queue_len=664
[PROMISE-TRACE] from=11 received_ballot=75 current_ballot=101 match=false
[step=4399] DELIVER from=12 to=1 type=Promise { ballot: 75, accepted_ballot: None, accepted_value: None } queue_len=663
[PROMISE-TRACE] from=12 received_ballot=75 current_ballot=101 match=false
[step=4400] DELIVER from=13 to=1 type=Promise { ballot: 75, accepted_ballot: None, accepted_value: None } queue_len=662
[PROMISE-TRACE] from=13 received_ballot=75 current_ballot=101 match=false
[step=4401] DELIVER from=14 to=1 type=Promise { ballot: 75, accepted_ballot: None, accepted_value: None } queue_len=661
[PROMISE-TRACE] from=14 received_ballot=75 current_ballot=101 match=false
[step=4402] DELIVER from=15 to=1 type=Promise { ballot: 75, accepted_ballot: None, accepted_value: None } queue_len=660
[PROMISE-TRACE] from=15 received_ballot=75 current_ballot=101 match=false
[step=4403] DELIVER from=16 to=1 type=Promise { ballot: 75, accepted_ballot: None, accepted_value: None } queue_len=659
[PROMISE-TRACE] from=16 received_ballot=75 current_ballot=101 match=false
[step=4404] DELIVER from=17 to=1 type=Promise { ballot: 75, accepted_ballot: None, accepted_value: None } queue_len=658
[PROMISE-TRACE] from=17 received_ballot=75 current_ballot=101 match=false
[step=4405] DELIVER from=18 to=1 type=Promise { ballot: 75, accepted_ballot: None, accepted_value: None } queue_len=657
[PROMISE-TRACE] from=18 received_ballot=75 current_ballot=101 match=false
[step=4406] DELIVER from=19 to=1 type=Promise { ballot: 75, accepted_ballot: None, accepted_value: None } queue_len=656
[PROMISE-TRACE] from=19 received_ballot=75 current_ballot=101 match=false
[step=4407] DELIVER from=20 to=1 type=Promise { ballot: 75, accepted_ballot: None, accepted_value: None } queue_len=655
[PROMISE-TRACE] from=20 received_ballot=75 current_ballot=101 match=false
[step=4408] DELIVER from=21 to=1 type=Promise { ballot: 75, accepted_ballot: None, accepted_value: None } queue_len=654
[PROMISE-TRACE] from=21 received_ballot=75 current_ballot=101 match=false
[step=4409] DELIVER from=22 to=1 type=Promise { ballot: 75, accepted_ballot: None, accepted_value: None } queue_len=653
[PROMISE-TRACE] from=22 received_ballot=75 current_ballot=101 match=false
[step=4410] DELIVER from=23 to=1 type=Promise { ballot: 75, accepted_ballot: None, accepted_value: None } queue_len=652
[PROMISE-TRACE] from=23 received_ballot=75 current_ballot=101 match=false
[step=4411] DELIVER from=24 to=1 type=Promise { ballot: 75, accepted_ballot: None, accepted_value: None } queue_len=651
[PROMISE-TRACE] from=24 received_ballot=75 current_ballot=101 match=false
[step=4412] DELIVER from=25 to=1 type=Promise { ballot: 75, accepted_ballot: None, accepted_value: None } queue_len=650
[PROMISE-TRACE] from=25 received_ballot=75 current_ballot=101 match=false
[step=4413] DELIVER from=1 to=1 type=Promise { ballot: 76, accepted_ballot: None, accepted_value: None } queue_len=649
[PROMISE-TRACE] from=1 received_ballot=76 current_ballot=101 match=false
[step=4414] DELIVER from=2 to=1 type=Promise { ballot: 76, accepted_ballot: None, accepted_value: None } queue_len=648
[PROMISE-TRACE] from=2 received_ballot=76 current_ballot=101 match=false
[step=4415] DELIVER from=3 to=1 type=Promise { ballot: 76, accepted_ballot: None, accepted_value: None } queue_len=647
[PROMISE-TRACE] from=3 received_ballot=76 current_ballot=101 match=false
[step=4416] DELIVER from=4 to=1 type=Promise { ballot: 76, accepted_ballot: None, accepted_value: None } queue_len=646
[PROMISE-TRACE] from=4 received_ballot=76 current_ballot=101 match=false
[step=4417] DELIVER from=5 to=1 type=Promise { ballot: 76, accepted_ballot: None, accepted_value: None } queue_len=645
[PROMISE-TRACE] from=5 received_ballot=76 current_ballot=101 match=false
[step=4418] DELIVER from=6 to=1 type=Promise { ballot: 76, accepted_ballot: None, accepted_value: None } queue_len=644
[PROMISE-TRACE] from=6 received_ballot=76 current_ballot=101 match=false
[step=4419] DELIVER from=7 to=1 type=Promise { ballot: 76, accepted_ballot: None, accepted_value: None } queue_len=643
[PROMISE-TRACE] from=7 received_ballot=76 current_ballot=101 match=false
[step=4420] DELIVER from=8 to=1 type=Promise { ballot: 76, accepted_ballot: None, accepted_value: None } queue_len=642
[PROMISE-TRACE] from=8 received_ballot=76 current_ballot=101 match=false
[step=4421] DELIVER from=9 to=1 type=Promise { ballot: 76, accepted_ballot: None, accepted_value: None } queue_len=641
[PROMISE-TRACE] from=9 received_ballot=76 current_ballot=101 match=false
[step=4422] DELIVER from=10 to=1 type=Promise { ballot: 76, accepted_ballot: None, accepted_value: None } queue_len=640
[PROMISE-TRACE] from=10 received_ballot=76 current_ballot=101 match=false
[step=4423] DELIVER from=11 to=1 type=Promise { ballot: 76, accepted_ballot: None, accepted_value: None } queue_len=639
[PROMISE-TRACE] from=11 received_ballot=76 current_ballot=101 match=false
[step=4424] DELIVER from=12 to=1 type=Promise { ballot: 76, accepted_ballot: None, accepted_value: None } queue_len=638
[PROMISE-TRACE] from=12 received_ballot=76 current_ballot=101 match=false
[step=4425] DELIVER from=13 to=1 type=Promise { ballot: 76, accepted_ballot: None, accepted_value: None } queue_len=637
[PROMISE-TRACE] from=13 received_ballot=76 current_ballot=101 match=false
[step=4426] DELIVER from=14 to=1 type=Promise { ballot: 76, accepted_ballot: None, accepted_value: None } queue_len=636
[PROMISE-TRACE] from=14 received_ballot=76 current_ballot=101 match=false
[step=4427] DELIVER from=15 to=1 type=Promise { ballot: 76, accepted_ballot: None, accepted_value: None } queue_len=635
[PROMISE-TRACE] from=15 received_ballot=76 current_ballot=101 match=false
[step=4428] DELIVER from=16 to=1 type=Promise { ballot: 76, accepted_ballot: None, accepted_value: None } queue_len=634
[PROMISE-TRACE] from=16 received_ballot=76 current_ballot=101 match=false
[step=4429] DELIVER from=17 to=1 type=Promise { ballot: 76, accepted_ballot: None, accepted_value: None } queue_len=633
[PROMISE-TRACE] from=17 received_ballot=76 current_ballot=101 match=false
[step=4430] DELIVER from=18 to=1 type=Promise { ballot: 76, accepted_ballot: None, accepted_value: None } queue_len=632
[PROMISE-TRACE] from=18 received_ballot=76 current_ballot=101 match=false
[step=4431] DELIVER from=19 to=1 type=Promise { ballot: 76, accepted_ballot: None, accepted_value: None } queue_len=631
[PROMISE-TRACE] from=19 received_ballot=76 current_ballot=101 match=false
[step=4432] DELIVER from=20 to=1 type=Promise { ballot: 76, accepted_ballot: None, accepted_value: None } queue_len=630
[PROMISE-TRACE] from=20 received_ballot=76 current_ballot=101 match=false
[step=4433] DELIVER from=21 to=1 type=Promise { ballot: 76, accepted_ballot: None, accepted_value: None } queue_len=629
[PROMISE-TRACE] from=21 received_ballot=76 current_ballot=101 match=false
[step=4434] DELIVER from=22 to=1 type=Promise { ballot: 76, accepted_ballot: None, accepted_value: None } queue_len=628
[PROMISE-TRACE] from=22 received_ballot=76 current_ballot=101 match=false
[step=4435] DELIVER from=23 to=1 type=Promise { ballot: 76, accepted_ballot: None, accepted_value: None } queue_len=627
[PROMISE-TRACE] from=23 received_ballot=76 current_ballot=101 match=false
[step=4436] DELIVER from=24 to=1 type=Promise { ballot: 76, accepted_ballot: None, accepted_value: None } queue_len=626
[PROMISE-TRACE] from=24 received_ballot=76 current_ballot=101 match=false
[step=4437] DELIVER from=25 to=1 type=Promise { ballot: 76, accepted_ballot: None, accepted_value: None } queue_len=625
[PROMISE-TRACE] from=25 received_ballot=76 current_ballot=101 match=false
[step=4438] DELIVER from=1 to=1 type=Promise { ballot: 77, accepted_ballot: None, accepted_value: None } queue_len=624
[PROMISE-TRACE] from=1 received_ballot=77 current_ballot=101 match=false
[step=4439] DELIVER from=2 to=1 type=Promise { ballot: 77, accepted_ballot: None, accepted_value: None } queue_len=623
[PROMISE-TRACE] from=2 received_ballot=77 current_ballot=101 match=false
[step=4440] DELIVER from=3 to=1 type=Promise { ballot: 77, accepted_ballot: None, accepted_value: None } queue_len=622
[PROMISE-TRACE] from=3 received_ballot=77 current_ballot=101 match=false
[step=4441] DELIVER from=4 to=1 type=Promise { ballot: 77, accepted_ballot: None, accepted_value: None } queue_len=621
[PROMISE-TRACE] from=4 received_ballot=77 current_ballot=101 match=false
[step=4442] DELIVER from=5 to=1 type=Promise { ballot: 77, accepted_ballot: None, accepted_value: None } queue_len=620
[PROMISE-TRACE] from=5 received_ballot=77 current_ballot=101 match=false
[step=4443] DELIVER from=6 to=1 type=Promise { ballot: 77, accepted_ballot: None, accepted_value: None } queue_len=619
[PROMISE-TRACE] from=6 received_ballot=77 current_ballot=101 match=false
[step=4444] DELIVER from=7 to=1 type=Promise { ballot: 77, accepted_ballot: None, accepted_value: None } queue_len=618
[PROMISE-TRACE] from=7 received_ballot=77 current_ballot=101 match=false
[step=4445] DELIVER from=8 to=1 type=Promise { ballot: 77, accepted_ballot: None, accepted_value: None } queue_len=617
[PROMISE-TRACE] from=8 received_ballot=77 current_ballot=101 match=false
[step=4446] DELIVER from=9 to=1 type=Promise { ballot: 77, accepted_ballot: None, accepted_value: None } queue_len=616
[PROMISE-TRACE] from=9 received_ballot=77 current_ballot=101 match=false
[step=4447] DELIVER from=10 to=1 type=Promise { ballot: 77, accepted_ballot: None, accepted_value: None } queue_len=615
[PROMISE-TRACE] from=10 received_ballot=77 current_ballot=101 match=false
[step=4448] DELIVER from=11 to=1 type=Promise { ballot: 77, accepted_ballot: None, accepted_value: None } queue_len=614
[PROMISE-TRACE] from=11 received_ballot=77 current_ballot=101 match=false
[step=4449] DELIVER from=12 to=1 type=Promise { ballot: 77, accepted_ballot: None, accepted_value: None } queue_len=613
[PROMISE-TRACE] from=12 received_ballot=77 current_ballot=101 match=false
[step=4450] DELIVER from=13 to=1 type=Promise { ballot: 77, accepted_ballot: None, accepted_value: None } queue_len=612
[PROMISE-TRACE] from=13 received_ballot=77 current_ballot=101 match=false
[step=4451] DELIVER from=14 to=1 type=Promise { ballot: 77, accepted_ballot: None, accepted_value: None } queue_len=611
[PROMISE-TRACE] from=14 received_ballot=77 current_ballot=101 match=false
[step=4452] DELIVER from=15 to=1 type=Promise { ballot: 77, accepted_ballot: None, accepted_value: None } queue_len=610
[PROMISE-TRACE] from=15 received_ballot=77 current_ballot=101 match=false
[step=4453] DELIVER from=16 to=1 type=Promise { ballot: 77, accepted_ballot: None, accepted_value: None } queue_len=609
[PROMISE-TRACE] from=16 received_ballot=77 current_ballot=101 match=false
[step=4454] DELIVER from=17 to=1 type=Promise { ballot: 77, accepted_ballot: None, accepted_value: None } queue_len=608
[PROMISE-TRACE] from=17 received_ballot=77 current_ballot=101 match=false
[step=4455] DELIVER from=18 to=1 type=Promise { ballot: 77, accepted_ballot: None, accepted_value: None } queue_len=607
[PROMISE-TRACE] from=18 received_ballot=77 current_ballot=101 match=false
[step=4456] DELIVER from=19 to=1 type=Promise { ballot: 77, accepted_ballot: None, accepted_value: None } queue_len=606
[PROMISE-TRACE] from=19 received_ballot=77 current_ballot=101 match=false
[step=4457] DELIVER from=20 to=1 type=Promise { ballot: 77, accepted_ballot: None, accepted_value: None } queue_len=605
[PROMISE-TRACE] from=20 received_ballot=77 current_ballot=101 match=false
[step=4458] DELIVER from=21 to=1 type=Promise { ballot: 77, accepted_ballot: None, accepted_value: None } queue_len=604
[PROMISE-TRACE] from=21 received_ballot=77 current_ballot=101 match=false
[step=4459] DELIVER from=22 to=1 type=Promise { ballot: 77, accepted_ballot: None, accepted_value: None } queue_len=603
[PROMISE-TRACE] from=22 received_ballot=77 current_ballot=101 match=false
[step=4460] DELIVER from=23 to=1 type=Promise { ballot: 77, accepted_ballot: None, accepted_value: None } queue_len=602
[PROMISE-TRACE] from=23 received_ballot=77 current_ballot=101 match=false
[step=4461] DELIVER from=24 to=1 type=Promise { ballot: 77, accepted_ballot: None, accepted_value: None } queue_len=601
[PROMISE-TRACE] from=24 received_ballot=77 current_ballot=101 match=false
[step=4462] DELIVER from=25 to=1 type=Promise { ballot: 77, accepted_ballot: None, accepted_value: None } queue_len=600
[PROMISE-TRACE] from=25 received_ballot=77 current_ballot=101 match=false
[step=4463] DELIVER from=1 to=1 type=Promise { ballot: 78, accepted_ballot: None, accepted_value: None } queue_len=599
[PROMISE-TRACE] from=1 received_ballot=78 current_ballot=101 match=false
[step=4464] DELIVER from=2 to=1 type=Promise { ballot: 78, accepted_ballot: None, accepted_value: None } queue_len=598
[PROMISE-TRACE] from=2 received_ballot=78 current_ballot=101 match=false
[step=4465] DELIVER from=3 to=1 type=Promise { ballot: 78, accepted_ballot: None, accepted_value: None } queue_len=597
[PROMISE-TRACE] from=3 received_ballot=78 current_ballot=101 match=false
[step=4466] DELIVER from=4 to=1 type=Promise { ballot: 78, accepted_ballot: None, accepted_value: None } queue_len=596
[PROMISE-TRACE] from=4 received_ballot=78 current_ballot=101 match=false
[step=4467] DELIVER from=5 to=1 type=Promise { ballot: 78, accepted_ballot: None, accepted_value: None } queue_len=595
[PROMISE-TRACE] from=5 received_ballot=78 current_ballot=101 match=false
[step=4468] DELIVER from=6 to=1 type=Promise { ballot: 78, accepted_ballot: None, accepted_value: None } queue_len=594
[PROMISE-TRACE] from=6 received_ballot=78 current_ballot=101 match=false
[step=4469] DELIVER from=7 to=1 type=Promise { ballot: 78, accepted_ballot: None, accepted_value: None } queue_len=593
[PROMISE-TRACE] from=7 received_ballot=78 current_ballot=101 match=false
[step=4470] DELIVER from=8 to=1 type=Promise { ballot: 78, accepted_ballot: None, accepted_value: None } queue_len=592
[PROMISE-TRACE] from=8 received_ballot=78 current_ballot=101 match=false
[step=4471] DELIVER from=9 to=1 type=Promise { ballot: 78, accepted_ballot: None, accepted_value: None } queue_len=591
[PROMISE-TRACE] from=9 received_ballot=78 current_ballot=101 match=false
[step=4472] DELIVER from=10 to=1 type=Promise { ballot: 78, accepted_ballot: None, accepted_value: None } queue_len=590
[PROMISE-TRACE] from=10 received_ballot=78 current_ballot=101 match=false
[step=4473] DELIVER from=11 to=1 type=Promise { ballot: 78, accepted_ballot: None, accepted_value: None } queue_len=589
[PROMISE-TRACE] from=11 received_ballot=78 current_ballot=101 match=false
[step=4474] DELIVER from=12 to=1 type=Promise { ballot: 78, accepted_ballot: None, accepted_value: None } queue_len=588
[PROMISE-TRACE] from=12 received_ballot=78 current_ballot=101 match=false
[step=4475] DELIVER from=13 to=1 type=Promise { ballot: 78, accepted_ballot: None, accepted_value: None } queue_len=587
[PROMISE-TRACE] from=13 received_ballot=78 current_ballot=101 match=false
[step=4476] DELIVER from=14 to=1 type=Promise { ballot: 78, accepted_ballot: None, accepted_value: None } queue_len=586
[PROMISE-TRACE] from=14 received_ballot=78 current_ballot=101 match=false
[step=4477] DELIVER from=15 to=1 type=Promise { ballot: 78, accepted_ballot: None, accepted_value: None } queue_len=585
[PROMISE-TRACE] from=15 received_ballot=78 current_ballot=101 match=false
[step=4478] DELIVER from=16 to=1 type=Promise { ballot: 78, accepted_ballot: None, accepted_value: None } queue_len=584
[PROMISE-TRACE] from=16 received_ballot=78 current_ballot=101 match=false
[step=4479] DELIVER from=17 to=1 type=Promise { ballot: 78, accepted_ballot: None, accepted_value: None } queue_len=583
[PROMISE-TRACE] from=17 received_ballot=78 current_ballot=101 match=false
[step=4480] DELIVER from=18 to=1 type=Promise { ballot: 78, accepted_ballot: None, accepted_value: None } queue_len=582
[PROMISE-TRACE] from=18 received_ballot=78 current_ballot=101 match=false
[step=4481] DELIVER from=19 to=1 type=Promise { ballot: 78, accepted_ballot: None, accepted_value: None } queue_len=581
[PROMISE-TRACE] from=19 received_ballot=78 current_ballot=101 match=false
[step=4482] DELIVER from=20 to=1 type=Promise { ballot: 78, accepted_ballot: None, accepted_value: None } queue_len=580
[PROMISE-TRACE] from=20 received_ballot=78 current_ballot=101 match=false
[step=4483] DELIVER from=21 to=1 type=Promise { ballot: 78, accepted_ballot: None, accepted_value: None } queue_len=579
[PROMISE-TRACE] from=21 received_ballot=78 current_ballot=101 match=false
[step=4484] DELIVER from=22 to=1 type=Promise { ballot: 78, accepted_ballot: None, accepted_value: None } queue_len=578
[PROMISE-TRACE] from=22 received_ballot=78 current_ballot=101 match=false
[step=4485] DELIVER from=23 to=1 type=Promise { ballot: 78, accepted_ballot: None, accepted_value: None } queue_len=577
[PROMISE-TRACE] from=23 received_ballot=78 current_ballot=101 match=false
[step=4486] DELIVER from=24 to=1 type=Promise { ballot: 78, accepted_ballot: None, accepted_value: None } queue_len=576
[PROMISE-TRACE] from=24 received_ballot=78 current_ballot=101 match=false
[step=4487] DELIVER from=25 to=1 type=Promise { ballot: 78, accepted_ballot: None, accepted_value: None } queue_len=575
[PROMISE-TRACE] from=25 received_ballot=78 current_ballot=101 match=false
[step=4488] DELIVER from=1 to=1 type=Promise { ballot: 79, accepted_ballot: None, accepted_value: None } queue_len=574
[PROMISE-TRACE] from=1 received_ballot=79 current_ballot=101 match=false
[step=4489] DELIVER from=2 to=1 type=Promise { ballot: 79, accepted_ballot: None, accepted_value: None } queue_len=573
[PROMISE-TRACE] from=2 received_ballot=79 current_ballot=101 match=false
[step=4490] DELIVER from=3 to=1 type=Promise { ballot: 79, accepted_ballot: None, accepted_value: None } queue_len=572
[PROMISE-TRACE] from=3 received_ballot=79 current_ballot=101 match=false
[step=4491] DELIVER from=4 to=1 type=Promise { ballot: 79, accepted_ballot: None, accepted_value: None } queue_len=571
[PROMISE-TRACE] from=4 received_ballot=79 current_ballot=101 match=false
[step=4492] DELIVER from=5 to=1 type=Promise { ballot: 79, accepted_ballot: None, accepted_value: None } queue_len=570
[PROMISE-TRACE] from=5 received_ballot=79 current_ballot=101 match=false
[step=4493] DELIVER from=6 to=1 type=Promise { ballot: 79, accepted_ballot: None, accepted_value: None } queue_len=569
[PROMISE-TRACE] from=6 received_ballot=79 current_ballot=101 match=false
[step=4494] DELIVER from=7 to=1 type=Promise { ballot: 79, accepted_ballot: None, accepted_value: None } queue_len=568
[PROMISE-TRACE] from=7 received_ballot=79 current_ballot=101 match=false
[step=4495] DELIVER from=8 to=1 type=Promise { ballot: 79, accepted_ballot: None, accepted_value: None } queue_len=567
[PROMISE-TRACE] from=8 received_ballot=79 current_ballot=101 match=false
[step=4496] DELIVER from=9 to=1 type=Promise { ballot: 79, accepted_ballot: None, accepted_value: None } queue_len=566
[PROMISE-TRACE] from=9 received_ballot=79 current_ballot=101 match=false
[step=4497] DELIVER from=10 to=1 type=Promise { ballot: 79, accepted_ballot: None, accepted_value: None } queue_len=565
[PROMISE-TRACE] from=10 received_ballot=79 current_ballot=101 match=false
[step=4498] DELIVER from=11 to=1 type=Promise { ballot: 79, accepted_ballot: None, accepted_value: None } queue_len=564
[PROMISE-TRACE] from=11 received_ballot=79 current_ballot=101 match=false
[step=4499] DELIVER from=12 to=1 type=Promise { ballot: 79, accepted_ballot: None, accepted_value: None } queue_len=563
[PROMISE-TRACE] from=12 received_ballot=79 current_ballot=101 match=false
[step=4500] DELIVER from=13 to=1 type=Promise { ballot: 79, accepted_ballot: None, accepted_value: None } queue_len=562
[PROMISE-TRACE] from=13 received_ballot=79 current_ballot=101 match=false
[step=4501] DELIVER from=14 to=1 type=Promise { ballot: 79, accepted_ballot: None, accepted_value: None } queue_len=561
[PROMISE-TRACE] from=14 received_ballot=79 current_ballot=101 match=false
[step=4502] DELIVER from=15 to=1 type=Promise { ballot: 79, accepted_ballot: None, accepted_value: None } queue_len=560
[PROMISE-TRACE] from=15 received_ballot=79 current_ballot=101 match=false
[step=4503] DELIVER from=16 to=1 type=Promise { ballot: 79, accepted_ballot: None, accepted_value: None } queue_len=559
[PROMISE-TRACE] from=16 received_ballot=79 current_ballot=101 match=false
[step=4504] DELIVER from=17 to=1 type=Promise { ballot: 79, accepted_ballot: None, accepted_value: None } queue_len=558
[PROMISE-TRACE] from=17 received_ballot=79 current_ballot=101 match=false
[step=4505] DELIVER from=18 to=1 type=Promise { ballot: 79, accepted_ballot: None, accepted_value: None } queue_len=557
[PROMISE-TRACE] from=18 received_ballot=79 current_ballot=101 match=false
[step=4506] DELIVER from=19 to=1 type=Promise { ballot: 79, accepted_ballot: None, accepted_value: None } queue_len=556
[PROMISE-TRACE] from=19 received_ballot=79 current_ballot=101 match=false
[step=4507] DELIVER from=20 to=1 type=Promise { ballot: 79, accepted_ballot: None, accepted_value: None } queue_len=555
[PROMISE-TRACE] from=20 received_ballot=79 current_ballot=101 match=false
[step=4508] DELIVER from=21 to=1 type=Promise { ballot: 79, accepted_ballot: None, accepted_value: None } queue_len=554
[PROMISE-TRACE] from=21 received_ballot=79 current_ballot=101 match=false
[step=4509] DELIVER from=22 to=1 type=Promise { ballot: 79, accepted_ballot: None, accepted_value: None } queue_len=553
[PROMISE-TRACE] from=22 received_ballot=79 current_ballot=101 match=false
[step=4510] DELIVER from=23 to=1 type=Promise { ballot: 79, accepted_ballot: None, accepted_value: None } queue_len=552
[PROMISE-TRACE] from=23 received_ballot=79 current_ballot=101 match=false
[step=4511] DELIVER from=24 to=1 type=Promise { ballot: 79, accepted_ballot: None, accepted_value: None } queue_len=551
[PROMISE-TRACE] from=24 received_ballot=79 current_ballot=101 match=false
[step=4512] DELIVER from=25 to=1 type=Promise { ballot: 79, accepted_ballot: None, accepted_value: None } queue_len=550
[PROMISE-TRACE] from=25 received_ballot=79 current_ballot=101 match=false
[step=4513] DELIVER from=1 to=1 type=Promise { ballot: 80, accepted_ballot: None, accepted_value: None } queue_len=549
[PROMISE-TRACE] from=1 received_ballot=80 current_ballot=101 match=false
[step=4514] DELIVER from=2 to=1 type=Promise { ballot: 80, accepted_ballot: None, accepted_value: None } queue_len=548
[PROMISE-TRACE] from=2 received_ballot=80 current_ballot=101 match=false
[step=4515] DELIVER from=3 to=1 type=Promise { ballot: 80, accepted_ballot: None, accepted_value: None } queue_len=547
[PROMISE-TRACE] from=3 received_ballot=80 current_ballot=101 match=false
[step=4516] DELIVER from=4 to=1 type=Promise { ballot: 80, accepted_ballot: None, accepted_value: None } queue_len=546
[PROMISE-TRACE] from=4 received_ballot=80 current_ballot=101 match=false
[step=4517] DELIVER from=5 to=1 type=Promise { ballot: 80, accepted_ballot: None, accepted_value: None } queue_len=545
[PROMISE-TRACE] from=5 received_ballot=80 current_ballot=101 match=false
[step=4518] DELIVER from=6 to=1 type=Promise { ballot: 80, accepted_ballot: None, accepted_value: None } queue_len=544
[PROMISE-TRACE] from=6 received_ballot=80 current_ballot=101 match=false
[step=4519] DELIVER from=7 to=1 type=Promise { ballot: 80, accepted_ballot: None, accepted_value: None } queue_len=543
[PROMISE-TRACE] from=7 received_ballot=80 current_ballot=101 match=false
[step=4520] DELIVER from=8 to=1 type=Promise { ballot: 80, accepted_ballot: None, accepted_value: None } queue_len=542
[PROMISE-TRACE] from=8 received_ballot=80 current_ballot=101 match=false
[step=4521] DELIVER from=9 to=1 type=Promise { ballot: 80, accepted_ballot: None, accepted_value: None } queue_len=541
[PROMISE-TRACE] from=9 received_ballot=80 current_ballot=101 match=false
[step=4522] DELIVER from=10 to=1 type=Promise { ballot: 80, accepted_ballot: None, accepted_value: None } queue_len=540
[PROMISE-TRACE] from=10 received_ballot=80 current_ballot=101 match=false
[step=4523] DELIVER from=11 to=1 type=Promise { ballot: 80, accepted_ballot: None, accepted_value: None } queue_len=539
[PROMISE-TRACE] from=11 received_ballot=80 current_ballot=101 match=false
[step=4524] DELIVER from=12 to=1 type=Promise { ballot: 80, accepted_ballot: None, accepted_value: None } queue_len=538
[PROMISE-TRACE] from=12 received_ballot=80 current_ballot=101 match=false
[step=4525] DELIVER from=13 to=1 type=Promise { ballot: 80, accepted_ballot: None, accepted_value: None } queue_len=537
[PROMISE-TRACE] from=13 received_ballot=80 current_ballot=101 match=false
[step=4526] DELIVER from=14 to=1 type=Promise { ballot: 80, accepted_ballot: None, accepted_value: None } queue_len=536
[PROMISE-TRACE] from=14 received_ballot=80 current_ballot=101 match=false
[step=4527] DELIVER from=15 to=1 type=Promise { ballot: 80, accepted_ballot: None, accepted_value: None } queue_len=535
[PROMISE-TRACE] from=15 received_ballot=80 current_ballot=101 match=false
[step=4528] DELIVER from=16 to=1 type=Promise { ballot: 80, accepted_ballot: None, accepted_value: None } queue_len=534
[PROMISE-TRACE] from=16 received_ballot=80 current_ballot=101 match=false
[step=4529] DELIVER from=17 to=1 type=Promise { ballot: 80, accepted_ballot: None, accepted_value: None } queue_len=533
[PROMISE-TRACE] from=17 received_ballot=80 current_ballot=101 match=false
[step=4530] DELIVER from=18 to=1 type=Promise { ballot: 80, accepted_ballot: None, accepted_value: None } queue_len=532
[PROMISE-TRACE] from=18 received_ballot=80 current_ballot=101 match=false
[step=4531] DELIVER from=19 to=1 type=Promise { ballot: 80, accepted_ballot: None, accepted_value: None } queue_len=531
[PROMISE-TRACE] from=19 received_ballot=80 current_ballot=101 match=false
[step=4532] DELIVER from=20 to=1 type=Promise { ballot: 80, accepted_ballot: None, accepted_value: None } queue_len=530
[PROMISE-TRACE] from=20 received_ballot=80 current_ballot=101 match=false
[step=4533] DELIVER from=21 to=1 type=Promise { ballot: 80, accepted_ballot: None, accepted_value: None } queue_len=529
[PROMISE-TRACE] from=21 received_ballot=80 current_ballot=101 match=false
[step=4534] DELIVER from=22 to=1 type=Promise { ballot: 80, accepted_ballot: None, accepted_value: None } queue_len=528
[PROMISE-TRACE] from=22 received_ballot=80 current_ballot=101 match=false
[step=4535] DELIVER from=23 to=1 type=Promise { ballot: 80, accepted_ballot: None, accepted_value: None } queue_len=527
[PROMISE-TRACE] from=23 received_ballot=80 current_ballot=101 match=false
[step=4536] DELIVER from=24 to=1 type=Promise { ballot: 80, accepted_ballot: None, accepted_value: None } queue_len=526
[PROMISE-TRACE] from=24 received_ballot=80 current_ballot=101 match=false
[step=4537] DELIVER from=25 to=1 type=Promise { ballot: 80, accepted_ballot: None, accepted_value: None } queue_len=525
[PROMISE-TRACE] from=25 received_ballot=80 current_ballot=101 match=false
[step=4538] DELIVER from=1 to=1 type=Promise { ballot: 81, accepted_ballot: None, accepted_value: None } queue_len=524
[PROMISE-TRACE] from=1 received_ballot=81 current_ballot=101 match=false
[step=4539] DELIVER from=2 to=1 type=Promise { ballot: 81, accepted_ballot: None, accepted_value: None } queue_len=523
[PROMISE-TRACE] from=2 received_ballot=81 current_ballot=101 match=false
[step=4540] DELIVER from=3 to=1 type=Promise { ballot: 81, accepted_ballot: None, accepted_value: None } queue_len=522
[PROMISE-TRACE] from=3 received_ballot=81 current_ballot=101 match=false
[step=4541] DELIVER from=4 to=1 type=Promise { ballot: 81, accepted_ballot: None, accepted_value: None } queue_len=521
[PROMISE-TRACE] from=4 received_ballot=81 current_ballot=101 match=false
[step=4542] DELIVER from=5 to=1 type=Promise { ballot: 81, accepted_ballot: None, accepted_value: None } queue_len=520
[PROMISE-TRACE] from=5 received_ballot=81 current_ballot=101 match=false
[step=4543] DELIVER from=6 to=1 type=Promise { ballot: 81, accepted_ballot: None, accepted_value: None } queue_len=519
[PROMISE-TRACE] from=6 received_ballot=81 current_ballot=101 match=false
[step=4544] DELIVER from=7 to=1 type=Promise { ballot: 81, accepted_ballot: None, accepted_value: None } queue_len=518
[PROMISE-TRACE] from=7 received_ballot=81 current_ballot=101 match=false
[step=4545] DELIVER from=8 to=1 type=Promise { ballot: 81, accepted_ballot: None, accepted_value: None } queue_len=517
[PROMISE-TRACE] from=8 received_ballot=81 current_ballot=101 match=false
[step=4546] DELIVER from=9 to=1 type=Promise { ballot: 81, accepted_ballot: None, accepted_value: None } queue_len=516
[PROMISE-TRACE] from=9 received_ballot=81 current_ballot=101 match=false
[step=4547] DELIVER from=10 to=1 type=Promise { ballot: 81, accepted_ballot: None, accepted_value: None } queue_len=515
[PROMISE-TRACE] from=10 received_ballot=81 current_ballot=101 match=false
[step=4548] DELIVER from=11 to=1 type=Promise { ballot: 81, accepted_ballot: None, accepted_value: None } queue_len=514
[PROMISE-TRACE] from=11 received_ballot=81 current_ballot=101 match=false
[step=4549] DELIVER from=12 to=1 type=Promise { ballot: 81, accepted_ballot: None, accepted_value: None } queue_len=513
[PROMISE-TRACE] from=12 received_ballot=81 current_ballot=101 match=false
[step=4550] DELIVER from=13 to=1 type=Promise { ballot: 81, accepted_ballot: None, accepted_value: None } queue_len=512
[PROMISE-TRACE] from=13 received_ballot=81 current_ballot=101 match=false
[step=4551] DELIVER from=14 to=1 type=Promise { ballot: 81, accepted_ballot: None, accepted_value: None } queue_len=511
[PROMISE-TRACE] from=14 received_ballot=81 current_ballot=101 match=false
[step=4552] DELIVER from=15 to=1 type=Promise { ballot: 81, accepted_ballot: None, accepted_value: None } queue_len=510
[PROMISE-TRACE] from=15 received_ballot=81 current_ballot=101 match=false
[step=4553] DELIVER from=16 to=1 type=Promise { ballot: 81, accepted_ballot: None, accepted_value: None } queue_len=509
[PROMISE-TRACE] from=16 received_ballot=81 current_ballot=101 match=false
[step=4554] DELIVER from=17 to=1 type=Promise { ballot: 81, accepted_ballot: None, accepted_value: None } queue_len=508
[PROMISE-TRACE] from=17 received_ballot=81 current_ballot=101 match=false
[step=4555] DELIVER from=18 to=1 type=Promise { ballot: 81, accepted_ballot: None, accepted_value: None } queue_len=507
[PROMISE-TRACE] from=18 received_ballot=81 current_ballot=101 match=false
[step=4556] DELIVER from=19 to=1 type=Promise { ballot: 81, accepted_ballot: None, accepted_value: None } queue_len=506
[PROMISE-TRACE] from=19 received_ballot=81 current_ballot=101 match=false
[step=4557] DELIVER from=20 to=1 type=Promise { ballot: 81, accepted_ballot: None, accepted_value: None } queue_len=505
[PROMISE-TRACE] from=20 received_ballot=81 current_ballot=101 match=false
[step=4558] DELIVER from=21 to=1 type=Promise { ballot: 81, accepted_ballot: None, accepted_value: None } queue_len=504
[PROMISE-TRACE] from=21 received_ballot=81 current_ballot=101 match=false
[step=4559] DELIVER from=22 to=1 type=Promise { ballot: 81, accepted_ballot: None, accepted_value: None } queue_len=503
[PROMISE-TRACE] from=22 received_ballot=81 current_ballot=101 match=false
[step=4560] DELIVER from=23 to=1 type=Promise { ballot: 81, accepted_ballot: None, accepted_value: None } queue_len=502
[PROMISE-TRACE] from=23 received_ballot=81 current_ballot=101 match=false
[step=4561] DELIVER from=24 to=1 type=Promise { ballot: 81, accepted_ballot: None, accepted_value: None } queue_len=501
[PROMISE-TRACE] from=24 received_ballot=81 current_ballot=101 match=false
[step=4562] DELIVER from=25 to=1 type=Promise { ballot: 81, accepted_ballot: None, accepted_value: None } queue_len=500
[PROMISE-TRACE] from=25 received_ballot=81 current_ballot=101 match=false
[step=4563] DELIVER from=1 to=1 type=Promise { ballot: 82, accepted_ballot: None, accepted_value: None } queue_len=499
[PROMISE-TRACE] from=1 received_ballot=82 current_ballot=101 match=false
[step=4564] DELIVER from=2 to=1 type=Promise { ballot: 82, accepted_ballot: None, accepted_value: None } queue_len=498
[PROMISE-TRACE] from=2 received_ballot=82 current_ballot=101 match=false
[step=4565] DELIVER from=3 to=1 type=Promise { ballot: 82, accepted_ballot: None, accepted_value: None } queue_len=497
[PROMISE-TRACE] from=3 received_ballot=82 current_ballot=101 match=false
[step=4566] DELIVER from=4 to=1 type=Promise { ballot: 82, accepted_ballot: None, accepted_value: None } queue_len=496
[PROMISE-TRACE] from=4 received_ballot=82 current_ballot=101 match=false
[step=4567] DELIVER from=5 to=1 type=Promise { ballot: 82, accepted_ballot: None, accepted_value: None } queue_len=495
[PROMISE-TRACE] from=5 received_ballot=82 current_ballot=101 match=false
[step=4568] DELIVER from=6 to=1 type=Promise { ballot: 82, accepted_ballot: None, accepted_value: None } queue_len=494
[PROMISE-TRACE] from=6 received_ballot=82 current_ballot=101 match=false
[step=4569] DELIVER from=7 to=1 type=Promise { ballot: 82, accepted_ballot: None, accepted_value: None } queue_len=493
[PROMISE-TRACE] from=7 received_ballot=82 current_ballot=101 match=false
[step=4570] DELIVER from=8 to=1 type=Promise { ballot: 82, accepted_ballot: None, accepted_value: None } queue_len=492
[PROMISE-TRACE] from=8 received_ballot=82 current_ballot=101 match=false
[step=4571] DELIVER from=9 to=1 type=Promise { ballot: 82, accepted_ballot: None, accepted_value: None } queue_len=491
[PROMISE-TRACE] from=9 received_ballot=82 current_ballot=101 match=false
[step=4572] DELIVER from=10 to=1 type=Promise { ballot: 82, accepted_ballot: None, accepted_value: None } queue_len=490
[PROMISE-TRACE] from=10 received_ballot=82 current_ballot=101 match=false
[step=4573] DELIVER from=11 to=1 type=Promise { ballot: 82, accepted_ballot: None, accepted_value: None } queue_len=489
[PROMISE-TRACE] from=11 received_ballot=82 current_ballot=101 match=false
[step=4574] DELIVER from=12 to=1 type=Promise { ballot: 82, accepted_ballot: None, accepted_value: None } queue_len=488
[PROMISE-TRACE] from=12 received_ballot=82 current_ballot=101 match=false
[step=4575] DELIVER from=13 to=1 type=Promise { ballot: 82, accepted_ballot: None, accepted_value: None } queue_len=487
[PROMISE-TRACE] from=13 received_ballot=82 current_ballot=101 match=false
[step=4576] DELIVER from=14 to=1 type=Promise { ballot: 82, accepted_ballot: None, accepted_value: None } queue_len=486
[PROMISE-TRACE] from=14 received_ballot=82 current_ballot=101 match=false
[step=4577] DELIVER from=15 to=1 type=Promise { ballot: 82, accepted_ballot: None, accepted_value: None } queue_len=485
[PROMISE-TRACE] from=15 received_ballot=82 current_ballot=101 match=false
[step=4578] DELIVER from=16 to=1 type=Promise { ballot: 82, accepted_ballot: None, accepted_value: None } queue_len=484
[PROMISE-TRACE] from=16 received_ballot=82 current_ballot=101 match=false
[step=4579] DELIVER from=17 to=1 type=Promise { ballot: 82, accepted_ballot: None, accepted_value: None } queue_len=483
[PROMISE-TRACE] from=17 received_ballot=82 current_ballot=101 match=false
[step=4580] DELIVER from=18 to=1 type=Promise { ballot: 82, accepted_ballot: None, accepted_value: None } queue_len=482
[PROMISE-TRACE] from=18 received_ballot=82 current_ballot=101 match=false
[step=4581] DELIVER from=19 to=1 type=Promise { ballot: 82, accepted_ballot: None, accepted_value: None } queue_len=481
[PROMISE-TRACE] from=19 received_ballot=82 current_ballot=101 match=false
[step=4582] DELIVER from=20 to=1 type=Promise { ballot: 82, accepted_ballot: None, accepted_value: None } queue_len=480
[PROMISE-TRACE] from=20 received_ballot=82 current_ballot=101 match=false
[step=4583] DELIVER from=21 to=1 type=Promise { ballot: 82, accepted_ballot: None, accepted_value: None } queue_len=479
[PROMISE-TRACE] from=21 received_ballot=82 current_ballot=101 match=false
[step=4584] DELIVER from=22 to=1 type=Promise { ballot: 82, accepted_ballot: None, accepted_value: None } queue_len=478
[PROMISE-TRACE] from=22 received_ballot=82 current_ballot=101 match=false
[step=4585] DELIVER from=23 to=1 type=Promise { ballot: 82, accepted_ballot: None, accepted_value: None } queue_len=477
[PROMISE-TRACE] from=23 received_ballot=82 current_ballot=101 match=false
[step=4586] DELIVER from=24 to=1 type=Promise { ballot: 82, accepted_ballot: None, accepted_value: None } queue_len=476
[PROMISE-TRACE] from=24 received_ballot=82 current_ballot=101 match=false
[step=4587] DELIVER from=25 to=1 type=Promise { ballot: 82, accepted_ballot: None, accepted_value: None } queue_len=475
[PROMISE-TRACE] from=25 received_ballot=82 current_ballot=101 match=false
[step=4588] DELIVER from=1 to=1 type=Promise { ballot: 83, accepted_ballot: None, accepted_value: None } queue_len=474
[PROMISE-TRACE] from=1 received_ballot=83 current_ballot=101 match=false
[step=4589] DELIVER from=2 to=1 type=Promise { ballot: 83, accepted_ballot: None, accepted_value: None } queue_len=473
[PROMISE-TRACE] from=2 received_ballot=83 current_ballot=101 match=false
[step=4590] DELIVER from=3 to=1 type=Promise { ballot: 83, accepted_ballot: None, accepted_value: None } queue_len=472
[PROMISE-TRACE] from=3 received_ballot=83 current_ballot=101 match=false
[step=4591] DELIVER from=4 to=1 type=Promise { ballot: 83, accepted_ballot: None, accepted_value: None } queue_len=471
[PROMISE-TRACE] from=4 received_ballot=83 current_ballot=101 match=false
[step=4592] DELIVER from=5 to=1 type=Promise { ballot: 83, accepted_ballot: None, accepted_value: None } queue_len=470
[PROMISE-TRACE] from=5 received_ballot=83 current_ballot=101 match=false
[step=4593] DELIVER from=6 to=1 type=Promise { ballot: 83, accepted_ballot: None, accepted_value: None } queue_len=469
[PROMISE-TRACE] from=6 received_ballot=83 current_ballot=101 match=false
[step=4594] DELIVER from=7 to=1 type=Promise { ballot: 83, accepted_ballot: None, accepted_value: None } queue_len=468
[PROMISE-TRACE] from=7 received_ballot=83 current_ballot=101 match=false
[step=4595] DELIVER from=8 to=1 type=Promise { ballot: 83, accepted_ballot: None, accepted_value: None } queue_len=467
[PROMISE-TRACE] from=8 received_ballot=83 current_ballot=101 match=false
[step=4596] DELIVER from=9 to=1 type=Promise { ballot: 83, accepted_ballot: None, accepted_value: None } queue_len=466
[PROMISE-TRACE] from=9 received_ballot=83 current_ballot=101 match=false
[step=4597] DELIVER from=10 to=1 type=Promise { ballot: 83, accepted_ballot: None, accepted_value: None } queue_len=465
[PROMISE-TRACE] from=10 received_ballot=83 current_ballot=101 match=false
[step=4598] DELIVER from=11 to=1 type=Promise { ballot: 83, accepted_ballot: None, accepted_value: None } queue_len=464
[PROMISE-TRACE] from=11 received_ballot=83 current_ballot=101 match=false
[step=4599] DELIVER from=12 to=1 type=Promise { ballot: 83, accepted_ballot: None, accepted_value: None } queue_len=463
[PROMISE-TRACE] from=12 received_ballot=83 current_ballot=101 match=false
[step=4600] DELIVER from=13 to=1 type=Promise { ballot: 83, accepted_ballot: None, accepted_value: None } queue_len=462
[PROMISE-TRACE] from=13 received_ballot=83 current_ballot=101 match=false
[step=4601] DELIVER from=14 to=1 type=Promise { ballot: 83, accepted_ballot: None, accepted_value: None } queue_len=461
[PROMISE-TRACE] from=14 received_ballot=83 current_ballot=101 match=false
[step=4602] DELIVER from=15 to=1 type=Promise { ballot: 83, accepted_ballot: None, accepted_value: None } queue_len=460
[PROMISE-TRACE] from=15 received_ballot=83 current_ballot=101 match=false
[step=4603] DELIVER from=16 to=1 type=Promise { ballot: 83, accepted_ballot: None, accepted_value: None } queue_len=459
[PROMISE-TRACE] from=16 received_ballot=83 current_ballot=101 match=false
[step=4604] DELIVER from=17 to=1 type=Promise { ballot: 83, accepted_ballot: None, accepted_value: None } queue_len=458
[PROMISE-TRACE] from=17 received_ballot=83 current_ballot=101 match=false
[step=4605] DELIVER from=18 to=1 type=Promise { ballot: 83, accepted_ballot: None, accepted_value: None } queue_len=457
[PROMISE-TRACE] from=18 received_ballot=83 current_ballot=101 match=false
[step=4606] DELIVER from=19 to=1 type=Promise { ballot: 83, accepted_ballot: None, accepted_value: None } queue_len=456
[PROMISE-TRACE] from=19 received_ballot=83 current_ballot=101 match=false
[step=4607] DELIVER from=20 to=1 type=Promise { ballot: 83, accepted_ballot: None, accepted_value: None } queue_len=455
[PROMISE-TRACE] from=20 received_ballot=83 current_ballot=101 match=false
[step=4608] DELIVER from=21 to=1 type=Promise { ballot: 83, accepted_ballot: None, accepted_value: None } queue_len=454
[PROMISE-TRACE] from=21 received_ballot=83 current_ballot=101 match=false
[step=4609] DELIVER from=22 to=1 type=Promise { ballot: 83, accepted_ballot: None, accepted_value: None } queue_len=453
[PROMISE-TRACE] from=22 received_ballot=83 current_ballot=101 match=false
[step=4610] DELIVER from=23 to=1 type=Promise { ballot: 83, accepted_ballot: None, accepted_value: None } queue_len=452
[PROMISE-TRACE] from=23 received_ballot=83 current_ballot=101 match=false
[step=4611] DELIVER from=24 to=1 type=Promise { ballot: 83, accepted_ballot: None, accepted_value: None } queue_len=451
[PROMISE-TRACE] from=24 received_ballot=83 current_ballot=101 match=false
[step=4612] DELIVER from=25 to=1 type=Promise { ballot: 83, accepted_ballot: None, accepted_value: None } queue_len=450
[PROMISE-TRACE] from=25 received_ballot=83 current_ballot=101 match=false
[step=4613] DELIVER from=1 to=1 type=Promise { ballot: 84, accepted_ballot: None, accepted_value: None } queue_len=449
[PROMISE-TRACE] from=1 received_ballot=84 current_ballot=101 match=false
[step=4614] DELIVER from=2 to=1 type=Promise { ballot: 84, accepted_ballot: None, accepted_value: None } queue_len=448
[PROMISE-TRACE] from=2 received_ballot=84 current_ballot=101 match=false
[step=4615] DELIVER from=3 to=1 type=Promise { ballot: 84, accepted_ballot: None, accepted_value: None } queue_len=447
[PROMISE-TRACE] from=3 received_ballot=84 current_ballot=101 match=false
[step=4616] DELIVER from=4 to=1 type=Promise { ballot: 84, accepted_ballot: None, accepted_value: None } queue_len=446
[PROMISE-TRACE] from=4 received_ballot=84 current_ballot=101 match=false
[step=4617] DELIVER from=5 to=1 type=Promise { ballot: 84, accepted_ballot: None, accepted_value: None } queue_len=445
[PROMISE-TRACE] from=5 received_ballot=84 current_ballot=101 match=false
[step=4618] DELIVER from=6 to=1 type=Promise { ballot: 84, accepted_ballot: None, accepted_value: None } queue_len=444
[PROMISE-TRACE] from=6 received_ballot=84 current_ballot=101 match=false
[step=4619] DELIVER from=7 to=1 type=Promise { ballot: 84, accepted_ballot: None, accepted_value: None } queue_len=443
[PROMISE-TRACE] from=7 received_ballot=84 current_ballot=101 match=false
[step=4620] DELIVER from=8 to=1 type=Promise { ballot: 84, accepted_ballot: None, accepted_value: None } queue_len=442
[PROMISE-TRACE] from=8 received_ballot=84 current_ballot=101 match=false
[step=4621] DELIVER from=9 to=1 type=Promise { ballot: 84, accepted_ballot: None, accepted_value: None } queue_len=441
[PROMISE-TRACE] from=9 received_ballot=84 current_ballot=101 match=false
[step=4622] DELIVER from=10 to=1 type=Promise { ballot: 84, accepted_ballot: None, accepted_value: None } queue_len=440
[PROMISE-TRACE] from=10 received_ballot=84 current_ballot=101 match=false
[step=4623] DELIVER from=11 to=1 type=Promise { ballot: 84, accepted_ballot: None, accepted_value: None } queue_len=439
[PROMISE-TRACE] from=11 received_ballot=84 current_ballot=101 match=false
[step=4624] DELIVER from=12 to=1 type=Promise { ballot: 84, accepted_ballot: None, accepted_value: None } queue_len=438
[PROMISE-TRACE] from=12 received_ballot=84 current_ballot=101 match=false
[step=4625] DELIVER from=13 to=1 type=Promise { ballot: 84, accepted_ballot: None, accepted_value: None } queue_len=437
[PROMISE-TRACE] from=13 received_ballot=84 current_ballot=101 match=false
[step=4626] DELIVER from=14 to=1 type=Promise { ballot: 84, accepted_ballot: None, accepted_value: None } queue_len=436
[PROMISE-TRACE] from=14 received_ballot=84 current_ballot=101 match=false
[step=4627] DELIVER from=15 to=1 type=Promise { ballot: 84, accepted_ballot: None, accepted_value: None } queue_len=435
[PROMISE-TRACE] from=15 received_ballot=84 current_ballot=101 match=false
[step=4628] DELIVER from=16 to=1 type=Promise { ballot: 84, accepted_ballot: None, accepted_value: None } queue_len=434
[PROMISE-TRACE] from=16 received_ballot=84 current_ballot=101 match=false
[step=4629] DELIVER from=17 to=1 type=Promise { ballot: 84, accepted_ballot: None, accepted_value: None } queue_len=433
[PROMISE-TRACE] from=17 received_ballot=84 current_ballot=101 match=false
[step=4630] DELIVER from=18 to=1 type=Promise { ballot: 84, accepted_ballot: None, accepted_value: None } queue_len=432
[PROMISE-TRACE] from=18 received_ballot=84 current_ballot=101 match=false
[step=4631] DELIVER from=19 to=1 type=Promise { ballot: 84, accepted_ballot: None, accepted_value: None } queue_len=431
[PROMISE-TRACE] from=19 received_ballot=84 current_ballot=101 match=false
[step=4632] DELIVER from=20 to=1 type=Promise { ballot: 84, accepted_ballot: None, accepted_value: None } queue_len=430
[PROMISE-TRACE] from=20 received_ballot=84 current_ballot=101 match=false
[step=4633] DELIVER from=21 to=1 type=Promise { ballot: 84, accepted_ballot: None, accepted_value: None } queue_len=429
[PROMISE-TRACE] from=21 received_ballot=84 current_ballot=101 match=false
[step=4634] DELIVER from=22 to=1 type=Promise { ballot: 84, accepted_ballot: None, accepted_value: None } queue_len=428
[PROMISE-TRACE] from=22 received_ballot=84 current_ballot=101 match=false
[step=4635] DELIVER from=23 to=1 type=Promise { ballot: 84, accepted_ballot: None, accepted_value: None } queue_len=427
[PROMISE-TRACE] from=23 received_ballot=84 current_ballot=101 match=false
[step=4636] DELIVER from=24 to=1 type=Promise { ballot: 84, accepted_ballot: None, accepted_value: None } queue_len=426
[PROMISE-TRACE] from=24 received_ballot=84 current_ballot=101 match=false
[step=4637] DELIVER from=25 to=1 type=Promise { ballot: 84, accepted_ballot: None, accepted_value: None } queue_len=425
[PROMISE-TRACE] from=25 received_ballot=84 current_ballot=101 match=false
[step=4638] DELIVER from=1 to=1 type=Promise { ballot: 85, accepted_ballot: None, accepted_value: None } queue_len=424
[PROMISE-TRACE] from=1 received_ballot=85 current_ballot=101 match=false
[step=4639] DELIVER from=2 to=1 type=Promise { ballot: 85, accepted_ballot: None, accepted_value: None } queue_len=423
[PROMISE-TRACE] from=2 received_ballot=85 current_ballot=101 match=false
[step=4640] DELIVER from=3 to=1 type=Promise { ballot: 85, accepted_ballot: None, accepted_value: None } queue_len=422
[PROMISE-TRACE] from=3 received_ballot=85 current_ballot=101 match=false
[step=4641] DELIVER from=4 to=1 type=Promise { ballot: 85, accepted_ballot: None, accepted_value: None } queue_len=421
[PROMISE-TRACE] from=4 received_ballot=85 current_ballot=101 match=false
[step=4642] DELIVER from=5 to=1 type=Promise { ballot: 85, accepted_ballot: None, accepted_value: None } queue_len=420
[PROMISE-TRACE] from=5 received_ballot=85 current_ballot=101 match=false
[step=4643] DELIVER from=6 to=1 type=Promise { ballot: 85, accepted_ballot: None, accepted_value: None } queue_len=419
[PROMISE-TRACE] from=6 received_ballot=85 current_ballot=101 match=false
[step=4644] DELIVER from=7 to=1 type=Promise { ballot: 85, accepted_ballot: None, accepted_value: None } queue_len=418
[PROMISE-TRACE] from=7 received_ballot=85 current_ballot=101 match=false
[step=4645] DELIVER from=8 to=1 type=Promise { ballot: 85, accepted_ballot: None, accepted_value: None } queue_len=417
[PROMISE-TRACE] from=8 received_ballot=85 current_ballot=101 match=false
[step=4646] DELIVER from=9 to=1 type=Promise { ballot: 85, accepted_ballot: None, accepted_value: None } queue_len=416
[PROMISE-TRACE] from=9 received_ballot=85 current_ballot=101 match=false
[step=4647] DELIVER from=10 to=1 type=Promise { ballot: 85, accepted_ballot: None, accepted_value: None } queue_len=415
[PROMISE-TRACE] from=10 received_ballot=85 current_ballot=101 match=false
[step=4648] DELIVER from=11 to=1 type=Promise { ballot: 85, accepted_ballot: None, accepted_value: None } queue_len=414
[PROMISE-TRACE] from=11 received_ballot=85 current_ballot=101 match=false
[step=4649] DELIVER from=12 to=1 type=Promise { ballot: 85, accepted_ballot: None, accepted_value: None } queue_len=413
[PROMISE-TRACE] from=12 received_ballot=85 current_ballot=101 match=false
[step=4650] DELIVER from=13 to=1 type=Promise { ballot: 85, accepted_ballot: None, accepted_value: None } queue_len=412
[PROMISE-TRACE] from=13 received_ballot=85 current_ballot=101 match=false
[step=4651] DELIVER from=14 to=1 type=Promise { ballot: 85, accepted_ballot: None, accepted_value: None } queue_len=411
[PROMISE-TRACE] from=14 received_ballot=85 current_ballot=101 match=false
[step=4652] DELIVER from=15 to=1 type=Promise { ballot: 85, accepted_ballot: None, accepted_value: None } queue_len=410
[PROMISE-TRACE] from=15 received_ballot=85 current_ballot=101 match=false
[step=4653] DELIVER from=16 to=1 type=Promise { ballot: 85, accepted_ballot: None, accepted_value: None } queue_len=409
[PROMISE-TRACE] from=16 received_ballot=85 current_ballot=101 match=false
[step=4654] DELIVER from=17 to=1 type=Promise { ballot: 85, accepted_ballot: None, accepted_value: None } queue_len=408
[PROMISE-TRACE] from=17 received_ballot=85 current_ballot=101 match=false
[step=4655] DELIVER from=18 to=1 type=Promise { ballot: 85, accepted_ballot: None, accepted_value: None } queue_len=407
[PROMISE-TRACE] from=18 received_ballot=85 current_ballot=101 match=false
[step=4656] DELIVER from=19 to=1 type=Promise { ballot: 85, accepted_ballot: None, accepted_value: None } queue_len=406
[PROMISE-TRACE] from=19 received_ballot=85 current_ballot=101 match=false
[step=4657] DELIVER from=20 to=1 type=Promise { ballot: 85, accepted_ballot: None, accepted_value: None } queue_len=405
[PROMISE-TRACE] from=20 received_ballot=85 current_ballot=101 match=false
[step=4658] DELIVER from=21 to=1 type=Promise { ballot: 85, accepted_ballot: None, accepted_value: None } queue_len=404
[PROMISE-TRACE] from=21 received_ballot=85 current_ballot=101 match=false
[step=4659] DELIVER from=22 to=1 type=Promise { ballot: 85, accepted_ballot: None, accepted_value: None } queue_len=403
[PROMISE-TRACE] from=22 received_ballot=85 current_ballot=101 match=false
[step=4660] DELIVER from=23 to=1 type=Promise { ballot: 85, accepted_ballot: None, accepted_value: None } queue_len=402
[PROMISE-TRACE] from=23 received_ballot=85 current_ballot=101 match=false
[step=4661] DELIVER from=24 to=1 type=Promise { ballot: 85, accepted_ballot: None, accepted_value: None } queue_len=401
[PROMISE-TRACE] from=24 received_ballot=85 current_ballot=101 match=false
[step=4662] DELIVER from=25 to=1 type=Promise { ballot: 85, accepted_ballot: None, accepted_value: None } queue_len=400
[PROMISE-TRACE] from=25 received_ballot=85 current_ballot=101 match=false
[step=4663] DELIVER from=1 to=1 type=Promise { ballot: 86, accepted_ballot: None, accepted_value: None } queue_len=399
[PROMISE-TRACE] from=1 received_ballot=86 current_ballot=101 match=false
[step=4664] DELIVER from=2 to=1 type=Promise { ballot: 86, accepted_ballot: None, accepted_value: None } queue_len=398
[PROMISE-TRACE] from=2 received_ballot=86 current_ballot=101 match=false
[step=4665] DELIVER from=3 to=1 type=Promise { ballot: 86, accepted_ballot: None, accepted_value: None } queue_len=397
[PROMISE-TRACE] from=3 received_ballot=86 current_ballot=101 match=false
[step=4666] DELIVER from=4 to=1 type=Promise { ballot: 86, accepted_ballot: None, accepted_value: None } queue_len=396
[PROMISE-TRACE] from=4 received_ballot=86 current_ballot=101 match=false
[step=4667] DELIVER from=5 to=1 type=Promise { ballot: 86, accepted_ballot: None, accepted_value: None } queue_len=395
[PROMISE-TRACE] from=5 received_ballot=86 current_ballot=101 match=false
[step=4668] DELIVER from=6 to=1 type=Promise { ballot: 86, accepted_ballot: None, accepted_value: None } queue_len=394
[PROMISE-TRACE] from=6 received_ballot=86 current_ballot=101 match=false
[step=4669] DELIVER from=7 to=1 type=Promise { ballot: 86, accepted_ballot: None, accepted_value: None } queue_len=393
[PROMISE-TRACE] from=7 received_ballot=86 current_ballot=101 match=false
[step=4670] DELIVER from=8 to=1 type=Promise { ballot: 86, accepted_ballot: None, accepted_value: None } queue_len=392
[PROMISE-TRACE] from=8 received_ballot=86 current_ballot=101 match=false
[step=4671] DELIVER from=9 to=1 type=Promise { ballot: 86, accepted_ballot: None, accepted_value: None } queue_len=391
[PROMISE-TRACE] from=9 received_ballot=86 current_ballot=101 match=false
[step=4672] DELIVER from=10 to=1 type=Promise { ballot: 86, accepted_ballot: None, accepted_value: None } queue_len=390
[PROMISE-TRACE] from=10 received_ballot=86 current_ballot=101 match=false
[step=4673] DELIVER from=11 to=1 type=Promise { ballot: 86, accepted_ballot: None, accepted_value: None } queue_len=389
[PROMISE-TRACE] from=11 received_ballot=86 current_ballot=101 match=false
[step=4674] DELIVER from=12 to=1 type=Promise { ballot: 86, accepted_ballot: None, accepted_value: None } queue_len=388
[PROMISE-TRACE] from=12 received_ballot=86 current_ballot=101 match=false
[step=4675] DELIVER from=13 to=1 type=Promise { ballot: 86, accepted_ballot: None, accepted_value: None } queue_len=387
[PROMISE-TRACE] from=13 received_ballot=86 current_ballot=101 match=false
[step=4676] DELIVER from=14 to=1 type=Promise { ballot: 86, accepted_ballot: None, accepted_value: None } queue_len=386
[PROMISE-TRACE] from=14 received_ballot=86 current_ballot=101 match=false
[step=4677] DELIVER from=15 to=1 type=Promise { ballot: 86, accepted_ballot: None, accepted_value: None } queue_len=385
[PROMISE-TRACE] from=15 received_ballot=86 current_ballot=101 match=false
[step=4678] DELIVER from=16 to=1 type=Promise { ballot: 86, accepted_ballot: None, accepted_value: None } queue_len=384
[PROMISE-TRACE] from=16 received_ballot=86 current_ballot=101 match=false
[step=4679] DELIVER from=17 to=1 type=Promise { ballot: 86, accepted_ballot: None, accepted_value: None } queue_len=383
[PROMISE-TRACE] from=17 received_ballot=86 current_ballot=101 match=false
[step=4680] DELIVER from=18 to=1 type=Promise { ballot: 86, accepted_ballot: None, accepted_value: None } queue_len=382
[PROMISE-TRACE] from=18 received_ballot=86 current_ballot=101 match=false
[step=4681] DELIVER from=19 to=1 type=Promise { ballot: 86, accepted_ballot: None, accepted_value: None } queue_len=381
[PROMISE-TRACE] from=19 received_ballot=86 current_ballot=101 match=false
[step=4682] DELIVER from=20 to=1 type=Promise { ballot: 86, accepted_ballot: None, accepted_value: None } queue_len=380
[PROMISE-TRACE] from=20 received_ballot=86 current_ballot=101 match=false
[step=4683] DELIVER from=21 to=1 type=Promise { ballot: 86, accepted_ballot: None, accepted_value: None } queue_len=379
[PROMISE-TRACE] from=21 received_ballot=86 current_ballot=101 match=false
[step=4684] DELIVER from=22 to=1 type=Promise { ballot: 86, accepted_ballot: None, accepted_value: None } queue_len=378
[PROMISE-TRACE] from=22 received_ballot=86 current_ballot=101 match=false
[step=4685] DELIVER from=23 to=1 type=Promise { ballot: 86, accepted_ballot: None, accepted_value: None } queue_len=377
[PROMISE-TRACE] from=23 received_ballot=86 current_ballot=101 match=false
[step=4686] DELIVER from=24 to=1 type=Promise { ballot: 86, accepted_ballot: None, accepted_value: None } queue_len=376
[PROMISE-TRACE] from=24 received_ballot=86 current_ballot=101 match=false
[step=4687] DELIVER from=25 to=1 type=Promise { ballot: 86, accepted_ballot: None, accepted_value: None } queue_len=375
[PROMISE-TRACE] from=25 received_ballot=86 current_ballot=101 match=false
[step=4688] DELIVER from=1 to=1 type=Promise { ballot: 87, accepted_ballot: None, accepted_value: None } queue_len=374
[PROMISE-TRACE] from=1 received_ballot=87 current_ballot=101 match=false
[step=4689] DELIVER from=2 to=1 type=Promise { ballot: 87, accepted_ballot: None, accepted_value: None } queue_len=373
[PROMISE-TRACE] from=2 received_ballot=87 current_ballot=101 match=false
[step=4690] DELIVER from=3 to=1 type=Promise { ballot: 87, accepted_ballot: None, accepted_value: None } queue_len=372
[PROMISE-TRACE] from=3 received_ballot=87 current_ballot=101 match=false
[step=4691] DELIVER from=4 to=1 type=Promise { ballot: 87, accepted_ballot: None, accepted_value: None } queue_len=371
[PROMISE-TRACE] from=4 received_ballot=87 current_ballot=101 match=false
[step=4692] DELIVER from=5 to=1 type=Promise { ballot: 87, accepted_ballot: None, accepted_value: None } queue_len=370
[PROMISE-TRACE] from=5 received_ballot=87 current_ballot=101 match=false
[step=4693] DELIVER from=6 to=1 type=Promise { ballot: 87, accepted_ballot: None, accepted_value: None } queue_len=369
[PROMISE-TRACE] from=6 received_ballot=87 current_ballot=101 match=false
[step=4694] DELIVER from=7 to=1 type=Promise { ballot: 87, accepted_ballot: None, accepted_value: None } queue_len=368
[PROMISE-TRACE] from=7 received_ballot=87 current_ballot=101 match=false
[step=4695] DELIVER from=8 to=1 type=Promise { ballot: 87, accepted_ballot: None, accepted_value: None } queue_len=367
[PROMISE-TRACE] from=8 received_ballot=87 current_ballot=101 match=false
[step=4696] DELIVER from=9 to=1 type=Promise { ballot: 87, accepted_ballot: None, accepted_value: None } queue_len=366
[PROMISE-TRACE] from=9 received_ballot=87 current_ballot=101 match=false
[step=4697] DELIVER from=10 to=1 type=Promise { ballot: 87, accepted_ballot: None, accepted_value: None } queue_len=365
[PROMISE-TRACE] from=10 received_ballot=87 current_ballot=101 match=false
[step=4698] DELIVER from=11 to=1 type=Promise { ballot: 87, accepted_ballot: None, accepted_value: None } queue_len=364
[PROMISE-TRACE] from=11 received_ballot=87 current_ballot=101 match=false
[step=4699] DELIVER from=12 to=1 type=Promise { ballot: 87, accepted_ballot: None, accepted_value: None } queue_len=363
[PROMISE-TRACE] from=12 received_ballot=87 current_ballot=101 match=false
[step=4700] DELIVER from=13 to=1 type=Promise { ballot: 87, accepted_ballot: None, accepted_value: None } queue_len=362
[PROMISE-TRACE] from=13 received_ballot=87 current_ballot=101 match=false
[step=4701] DELIVER from=14 to=1 type=Promise { ballot: 87, accepted_ballot: None, accepted_value: None } queue_len=361
[PROMISE-TRACE] from=14 received_ballot=87 current_ballot=101 match=false
[step=4702] DELIVER from=15 to=1 type=Promise { ballot: 87, accepted_ballot: None, accepted_value: None } queue_len=360
[PROMISE-TRACE] from=15 received_ballot=87 current_ballot=101 match=false
[step=4703] DELIVER from=16 to=1 type=Promise { ballot: 87, accepted_ballot: None, accepted_value: None } queue_len=359
[PROMISE-TRACE] from=16 received_ballot=87 current_ballot=101 match=false
[step=4704] DELIVER from=17 to=1 type=Promise { ballot: 87, accepted_ballot: None, accepted_value: None } queue_len=358
[PROMISE-TRACE] from=17 received_ballot=87 current_ballot=101 match=false
[step=4705] DELIVER from=18 to=1 type=Promise { ballot: 87, accepted_ballot: None, accepted_value: None } queue_len=357
[PROMISE-TRACE] from=18 received_ballot=87 current_ballot=101 match=false
[step=4706] DELIVER from=19 to=1 type=Promise { ballot: 87, accepted_ballot: None, accepted_value: None } queue_len=356
[PROMISE-TRACE] from=19 received_ballot=87 current_ballot=101 match=false
[step=4707] DELIVER from=20 to=1 type=Promise { ballot: 87, accepted_ballot: None, accepted_value: None } queue_len=355
[PROMISE-TRACE] from=20 received_ballot=87 current_ballot=101 match=false
[step=4708] DELIVER from=21 to=1 type=Promise { ballot: 87, accepted_ballot: None, accepted_value: None } queue_len=354
[PROMISE-TRACE] from=21 received_ballot=87 current_ballot=101 match=false
[step=4709] DELIVER from=22 to=1 type=Promise { ballot: 87, accepted_ballot: None, accepted_value: None } queue_len=353
[PROMISE-TRACE] from=22 received_ballot=87 current_ballot=101 match=false
[step=4710] DELIVER from=23 to=1 type=Promise { ballot: 87, accepted_ballot: None, accepted_value: None } queue_len=352
[PROMISE-TRACE] from=23 received_ballot=87 current_ballot=101 match=false
[step=4711] DELIVER from=24 to=1 type=Promise { ballot: 87, accepted_ballot: None, accepted_value: None } queue_len=351
[PROMISE-TRACE] from=24 received_ballot=87 current_ballot=101 match=false
[step=4712] DELIVER from=25 to=1 type=Promise { ballot: 87, accepted_ballot: None, accepted_value: None } queue_len=350
[PROMISE-TRACE] from=25 received_ballot=87 current_ballot=101 match=false
[step=4713] DELIVER from=1 to=1 type=Promise { ballot: 88, accepted_ballot: None, accepted_value: None } queue_len=349
[PROMISE-TRACE] from=1 received_ballot=88 current_ballot=101 match=false
[step=4714] DELIVER from=2 to=1 type=Promise { ballot: 88, accepted_ballot: None, accepted_value: None } queue_len=348
[PROMISE-TRACE] from=2 received_ballot=88 current_ballot=101 match=false
[step=4715] DELIVER from=3 to=1 type=Promise { ballot: 88, accepted_ballot: None, accepted_value: None } queue_len=347
[PROMISE-TRACE] from=3 received_ballot=88 current_ballot=101 match=false
[step=4716] DELIVER from=4 to=1 type=Promise { ballot: 88, accepted_ballot: None, accepted_value: None } queue_len=346
[PROMISE-TRACE] from=4 received_ballot=88 current_ballot=101 match=false
[step=4717] DELIVER from=5 to=1 type=Promise { ballot: 88, accepted_ballot: None, accepted_value: None } queue_len=345
[PROMISE-TRACE] from=5 received_ballot=88 current_ballot=101 match=false
[step=4718] DELIVER from=6 to=1 type=Promise { ballot: 88, accepted_ballot: None, accepted_value: None } queue_len=344
[PROMISE-TRACE] from=6 received_ballot=88 current_ballot=101 match=false
[step=4719] DELIVER from=7 to=1 type=Promise { ballot: 88, accepted_ballot: None, accepted_value: None } queue_len=343
[PROMISE-TRACE] from=7 received_ballot=88 current_ballot=101 match=false
[step=4720] DELIVER from=8 to=1 type=Promise { ballot: 88, accepted_ballot: None, accepted_value: None } queue_len=342
[PROMISE-TRACE] from=8 received_ballot=88 current_ballot=101 match=false
[step=4721] DELIVER from=9 to=1 type=Promise { ballot: 88, accepted_ballot: None, accepted_value: None } queue_len=341
[PROMISE-TRACE] from=9 received_ballot=88 current_ballot=101 match=false
[step=4722] DELIVER from=10 to=1 type=Promise { ballot: 88, accepted_ballot: None, accepted_value: None } queue_len=340
[PROMISE-TRACE] from=10 received_ballot=88 current_ballot=101 match=false
[step=4723] DELIVER from=11 to=1 type=Promise { ballot: 88, accepted_ballot: None, accepted_value: None } queue_len=339
[PROMISE-TRACE] from=11 received_ballot=88 current_ballot=101 match=false
[step=4724] DELIVER from=12 to=1 type=Promise { ballot: 88, accepted_ballot: None, accepted_value: None } queue_len=338
[PROMISE-TRACE] from=12 received_ballot=88 current_ballot=101 match=false
[step=4725] DELIVER from=13 to=1 type=Promise { ballot: 88, accepted_ballot: None, accepted_value: None } queue_len=337
[PROMISE-TRACE] from=13 received_ballot=88 current_ballot=101 match=false
[step=4726] DELIVER from=14 to=1 type=Promise { ballot: 88, accepted_ballot: None, accepted_value: None } queue_len=336
[PROMISE-TRACE] from=14 received_ballot=88 current_ballot=101 match=false
[step=4727] DELIVER from=15 to=1 type=Promise { ballot: 88, accepted_ballot: None, accepted_value: None } queue_len=335
[PROMISE-TRACE] from=15 received_ballot=88 current_ballot=101 match=false
[step=4728] DELIVER from=16 to=1 type=Promise { ballot: 88, accepted_ballot: None, accepted_value: None } queue_len=334
[PROMISE-TRACE] from=16 received_ballot=88 current_ballot=101 match=false
[step=4729] DELIVER from=17 to=1 type=Promise { ballot: 88, accepted_ballot: None, accepted_value: None } queue_len=333
[PROMISE-TRACE] from=17 received_ballot=88 current_ballot=101 match=false
[step=4730] DELIVER from=18 to=1 type=Promise { ballot: 88, accepted_ballot: None, accepted_value: None } queue_len=332
[PROMISE-TRACE] from=18 received_ballot=88 current_ballot=101 match=false
[step=4731] DELIVER from=19 to=1 type=Promise { ballot: 88, accepted_ballot: None, accepted_value: None } queue_len=331
[PROMISE-TRACE] from=19 received_ballot=88 current_ballot=101 match=false
[step=4732] DELIVER from=20 to=1 type=Promise { ballot: 88, accepted_ballot: None, accepted_value: None } queue_len=330
[PROMISE-TRACE] from=20 received_ballot=88 current_ballot=101 match=false
[step=4733] DELIVER from=21 to=1 type=Promise { ballot: 88, accepted_ballot: None, accepted_value: None } queue_len=329
[PROMISE-TRACE] from=21 received_ballot=88 current_ballot=101 match=false
[step=4734] DELIVER from=22 to=1 type=Promise { ballot: 88, accepted_ballot: None, accepted_value: None } queue_len=328
[PROMISE-TRACE] from=22 received_ballot=88 current_ballot=101 match=false
[step=4735] DELIVER from=23 to=1 type=Promise { ballot: 88, accepted_ballot: None, accepted_value: None } queue_len=327
[PROMISE-TRACE] from=23 received_ballot=88 current_ballot=101 match=false
[step=4736] DELIVER from=24 to=1 type=Promise { ballot: 88, accepted_ballot: None, accepted_value: None } queue_len=326
[PROMISE-TRACE] from=24 received_ballot=88 current_ballot=101 match=false
[step=4737] DELIVER from=25 to=1 type=Promise { ballot: 88, accepted_ballot: None, accepted_value: None } queue_len=325
[PROMISE-TRACE] from=25 received_ballot=88 current_ballot=101 match=false
[step=4738] DELIVER from=1 to=1 type=Promise { ballot: 89, accepted_ballot: None, accepted_value: None } queue_len=324
[PROMISE-TRACE] from=1 received_ballot=89 current_ballot=101 match=false
[step=4739] DELIVER from=2 to=1 type=Promise { ballot: 89, accepted_ballot: None, accepted_value: None } queue_len=323
[PROMISE-TRACE] from=2 received_ballot=89 current_ballot=101 match=false
[step=4740] DELIVER from=3 to=1 type=Promise { ballot: 89, accepted_ballot: None, accepted_value: None } queue_len=322
[PROMISE-TRACE] from=3 received_ballot=89 current_ballot=101 match=false
[step=4741] DELIVER from=4 to=1 type=Promise { ballot: 89, accepted_ballot: None, accepted_value: None } queue_len=321
[PROMISE-TRACE] from=4 received_ballot=89 current_ballot=101 match=false
[step=4742] DELIVER from=5 to=1 type=Promise { ballot: 89, accepted_ballot: None, accepted_value: None } queue_len=320
[PROMISE-TRACE] from=5 received_ballot=89 current_ballot=101 match=false
[step=4743] DELIVER from=6 to=1 type=Promise { ballot: 89, accepted_ballot: None, accepted_value: None } queue_len=319
[PROMISE-TRACE] from=6 received_ballot=89 current_ballot=101 match=false
[step=4744] DELIVER from=7 to=1 type=Promise { ballot: 89, accepted_ballot: None, accepted_value: None } queue_len=318
[PROMISE-TRACE] from=7 received_ballot=89 current_ballot=101 match=false
[step=4745] DELIVER from=8 to=1 type=Promise { ballot: 89, accepted_ballot: None, accepted_value: None } queue_len=317
[PROMISE-TRACE] from=8 received_ballot=89 current_ballot=101 match=false
[step=4746] DELIVER from=9 to=1 type=Promise { ballot: 89, accepted_ballot: None, accepted_value: None } queue_len=316
[PROMISE-TRACE] from=9 received_ballot=89 current_ballot=101 match=false
[step=4747] DELIVER from=10 to=1 type=Promise { ballot: 89, accepted_ballot: None, accepted_value: None } queue_len=315
[PROMISE-TRACE] from=10 received_ballot=89 current_ballot=101 match=false
[step=4748] DELIVER from=11 to=1 type=Promise { ballot: 89, accepted_ballot: None, accepted_value: None } queue_len=314
[PROMISE-TRACE] from=11 received_ballot=89 current_ballot=101 match=false
[step=4749] DELIVER from=12 to=1 type=Promise { ballot: 89, accepted_ballot: None, accepted_value: None } queue_len=313
[PROMISE-TRACE] from=12 received_ballot=89 current_ballot=101 match=false
[step=4750] DELIVER from=13 to=1 type=Promise { ballot: 89, accepted_ballot: None, accepted_value: None } queue_len=312
[PROMISE-TRACE] from=13 received_ballot=89 current_ballot=101 match=false
[step=4751] DELIVER from=14 to=1 type=Promise { ballot: 89, accepted_ballot: None, accepted_value: None } queue_len=311
[PROMISE-TRACE] from=14 received_ballot=89 current_ballot=101 match=false
[step=4752] DELIVER from=15 to=1 type=Promise { ballot: 89, accepted_ballot: None, accepted_value: None } queue_len=310
[PROMISE-TRACE] from=15 received_ballot=89 current_ballot=101 match=false
[step=4753] DELIVER from=16 to=1 type=Promise { ballot: 89, accepted_ballot: None, accepted_value: None } queue_len=309
[PROMISE-TRACE] from=16 received_ballot=89 current_ballot=101 match=false
[step=4754] DELIVER from=17 to=1 type=Promise { ballot: 89, accepted_ballot: None, accepted_value: None } queue_len=308
[PROMISE-TRACE] from=17 received_ballot=89 current_ballot=101 match=false
[step=4755] DELIVER from=18 to=1 type=Promise { ballot: 89, accepted_ballot: None, accepted_value: None } queue_len=307
[PROMISE-TRACE] from=18 received_ballot=89 current_ballot=101 match=false
[step=4756] DELIVER from=19 to=1 type=Promise { ballot: 89, accepted_ballot: None, accepted_value: None } queue_len=306
[PROMISE-TRACE] from=19 received_ballot=89 current_ballot=101 match=false
[step=4757] DELIVER from=20 to=1 type=Promise { ballot: 89, accepted_ballot: None, accepted_value: None } queue_len=305
[PROMISE-TRACE] from=20 received_ballot=89 current_ballot=101 match=false
[step=4758] DELIVER from=21 to=1 type=Promise { ballot: 89, accepted_ballot: None, accepted_value: None } queue_len=304
[PROMISE-TRACE] from=21 received_ballot=89 current_ballot=101 match=false
[step=4759] DELIVER from=22 to=1 type=Promise { ballot: 89, accepted_ballot: None, accepted_value: None } queue_len=303
[PROMISE-TRACE] from=22 received_ballot=89 current_ballot=101 match=false
[step=4760] DELIVER from=23 to=1 type=Promise { ballot: 89, accepted_ballot: None, accepted_value: None } queue_len=302
[PROMISE-TRACE] from=23 received_ballot=89 current_ballot=101 match=false
[step=4761] DELIVER from=24 to=1 type=Promise { ballot: 89, accepted_ballot: None, accepted_value: None } queue_len=301
[PROMISE-TRACE] from=24 received_ballot=89 current_ballot=101 match=false
[step=4762] DELIVER from=25 to=1 type=Promise { ballot: 89, accepted_ballot: None, accepted_value: None } queue_len=300
[PROMISE-TRACE] from=25 received_ballot=89 current_ballot=101 match=false
[step=4763] DELIVER from=1 to=1 type=Promise { ballot: 90, accepted_ballot: None, accepted_value: None } queue_len=299
[PROMISE-TRACE] from=1 received_ballot=90 current_ballot=101 match=false
[step=4764] DELIVER from=2 to=1 type=Promise { ballot: 90, accepted_ballot: None, accepted_value: None } queue_len=298
[PROMISE-TRACE] from=2 received_ballot=90 current_ballot=101 match=false
[step=4765] DELIVER from=3 to=1 type=Promise { ballot: 90, accepted_ballot: None, accepted_value: None } queue_len=297
[PROMISE-TRACE] from=3 received_ballot=90 current_ballot=101 match=false
[step=4766] DELIVER from=4 to=1 type=Promise { ballot: 90, accepted_ballot: None, accepted_value: None } queue_len=296
[PROMISE-TRACE] from=4 received_ballot=90 current_ballot=101 match=false
[step=4767] DELIVER from=5 to=1 type=Promise { ballot: 90, accepted_ballot: None, accepted_value: None } queue_len=295
[PROMISE-TRACE] from=5 received_ballot=90 current_ballot=101 match=false
[step=4768] DELIVER from=6 to=1 type=Promise { ballot: 90, accepted_ballot: None, accepted_value: None } queue_len=294
[PROMISE-TRACE] from=6 received_ballot=90 current_ballot=101 match=false
[step=4769] DELIVER from=7 to=1 type=Promise { ballot: 90, accepted_ballot: None, accepted_value: None } queue_len=293
[PROMISE-TRACE] from=7 received_ballot=90 current_ballot=101 match=false
[step=4770] DELIVER from=8 to=1 type=Promise { ballot: 90, accepted_ballot: None, accepted_value: None } queue_len=292
[PROMISE-TRACE] from=8 received_ballot=90 current_ballot=101 match=false
[step=4771] DELIVER from=9 to=1 type=Promise { ballot: 90, accepted_ballot: None, accepted_value: None } queue_len=291
[PROMISE-TRACE] from=9 received_ballot=90 current_ballot=101 match=false
[step=4772] DELIVER from=10 to=1 type=Promise { ballot: 90, accepted_ballot: None, accepted_value: None } queue_len=290
[PROMISE-TRACE] from=10 received_ballot=90 current_ballot=101 match=false
[step=4773] DELIVER from=11 to=1 type=Promise { ballot: 90, accepted_ballot: None, accepted_value: None } queue_len=289
[PROMISE-TRACE] from=11 received_ballot=90 current_ballot=101 match=false
[step=4774] DELIVER from=12 to=1 type=Promise { ballot: 90, accepted_ballot: None, accepted_value: None } queue_len=288
[PROMISE-TRACE] from=12 received_ballot=90 current_ballot=101 match=false
[step=4775] DELIVER from=13 to=1 type=Promise { ballot: 90, accepted_ballot: None, accepted_value: None } queue_len=287
[PROMISE-TRACE] from=13 received_ballot=90 current_ballot=101 match=false
[step=4776] DELIVER from=14 to=1 type=Promise { ballot: 90, accepted_ballot: None, accepted_value: None } queue_len=286
[PROMISE-TRACE] from=14 received_ballot=90 current_ballot=101 match=false
[step=4777] DELIVER from=15 to=1 type=Promise { ballot: 90, accepted_ballot: None, accepted_value: None } queue_len=285
[PROMISE-TRACE] from=15 received_ballot=90 current_ballot=101 match=false
[step=4778] DELIVER from=16 to=1 type=Promise { ballot: 90, accepted_ballot: None, accepted_value: None } queue_len=284
[PROMISE-TRACE] from=16 received_ballot=90 current_ballot=101 match=false
[step=4779] DELIVER from=17 to=1 type=Promise { ballot: 90, accepted_ballot: None, accepted_value: None } queue_len=283
[PROMISE-TRACE] from=17 received_ballot=90 current_ballot=101 match=false
[step=4780] DELIVER from=18 to=1 type=Promise { ballot: 90, accepted_ballot: None, accepted_value: None } queue_len=282
[PROMISE-TRACE] from=18 received_ballot=90 current_ballot=101 match=false
[step=4781] DELIVER from=19 to=1 type=Promise { ballot: 90, accepted_ballot: None, accepted_value: None } queue_len=281
[PROMISE-TRACE] from=19 received_ballot=90 current_ballot=101 match=false
[step=4782] DELIVER from=20 to=1 type=Promise { ballot: 90, accepted_ballot: None, accepted_value: None } queue_len=280
[PROMISE-TRACE] from=20 received_ballot=90 current_ballot=101 match=false
[step=4783] DELIVER from=21 to=1 type=Promise { ballot: 90, accepted_ballot: None, accepted_value: None } queue_len=279
[PROMISE-TRACE] from=21 received_ballot=90 current_ballot=101 match=false
[step=4784] DELIVER from=22 to=1 type=Promise { ballot: 90, accepted_ballot: None, accepted_value: None } queue_len=278
[PROMISE-TRACE] from=22 received_ballot=90 current_ballot=101 match=false
[step=4785] DELIVER from=23 to=1 type=Promise { ballot: 90, accepted_ballot: None, accepted_value: None } queue_len=277
[PROMISE-TRACE] from=23 received_ballot=90 current_ballot=101 match=false
[step=4786] DELIVER from=24 to=1 type=Promise { ballot: 90, accepted_ballot: None, accepted_value: None } queue_len=276
[PROMISE-TRACE] from=24 received_ballot=90 current_ballot=101 match=false
[step=4787] DELIVER from=25 to=1 type=Promise { ballot: 90, accepted_ballot: None, accepted_value: None } queue_len=275
[PROMISE-TRACE] from=25 received_ballot=90 current_ballot=101 match=false
[step=4788] DELIVER from=1 to=1 type=Promise { ballot: 91, accepted_ballot: None, accepted_value: None } queue_len=274
[PROMISE-TRACE] from=1 received_ballot=91 current_ballot=101 match=false
[step=4789] DELIVER from=2 to=1 type=Promise { ballot: 91, accepted_ballot: None, accepted_value: None } queue_len=273
[PROMISE-TRACE] from=2 received_ballot=91 current_ballot=101 match=false
[step=4790] DELIVER from=3 to=1 type=Promise { ballot: 91, accepted_ballot: None, accepted_value: None } queue_len=272
[PROMISE-TRACE] from=3 received_ballot=91 current_ballot=101 match=false
[step=4791] DELIVER from=4 to=1 type=Promise { ballot: 91, accepted_ballot: None, accepted_value: None } queue_len=271
[PROMISE-TRACE] from=4 received_ballot=91 current_ballot=101 match=false
[step=4792] DELIVER from=5 to=1 type=Promise { ballot: 91, accepted_ballot: None, accepted_value: None } queue_len=270
[PROMISE-TRACE] from=5 received_ballot=91 current_ballot=101 match=false
[step=4793] DELIVER from=6 to=1 type=Promise { ballot: 91, accepted_ballot: None, accepted_value: None } queue_len=269
[PROMISE-TRACE] from=6 received_ballot=91 current_ballot=101 match=false
[step=4794] DELIVER from=7 to=1 type=Promise { ballot: 91, accepted_ballot: None, accepted_value: None } queue_len=268
[PROMISE-TRACE] from=7 received_ballot=91 current_ballot=101 match=false
[step=4795] DELIVER from=8 to=1 type=Promise { ballot: 91, accepted_ballot: None, accepted_value: None } queue_len=267
[PROMISE-TRACE] from=8 received_ballot=91 current_ballot=101 match=false
[step=4796] DELIVER from=9 to=1 type=Promise { ballot: 91, accepted_ballot: None, accepted_value: None } queue_len=266
[PROMISE-TRACE] from=9 received_ballot=91 current_ballot=101 match=false
[step=4797] DELIVER from=10 to=1 type=Promise { ballot: 91, accepted_ballot: None, accepted_value: None } queue_len=265
[PROMISE-TRACE] from=10 received_ballot=91 current_ballot=101 match=false
[step=4798] DELIVER from=11 to=1 type=Promise { ballot: 91, accepted_ballot: None, accepted_value: None } queue_len=264
[PROMISE-TRACE] from=11 received_ballot=91 current_ballot=101 match=false
[step=4799] DELIVER from=12 to=1 type=Promise { ballot: 91, accepted_ballot: None, accepted_value: None } queue_len=263
[PROMISE-TRACE] from=12 received_ballot=91 current_ballot=101 match=false
[step=4800] DELIVER from=13 to=1 type=Promise { ballot: 91, accepted_ballot: None, accepted_value: None } queue_len=262
[PROMISE-TRACE] from=13 received_ballot=91 current_ballot=101 match=false
[step=4801] DELIVER from=14 to=1 type=Promise { ballot: 91, accepted_ballot: None, accepted_value: None } queue_len=261
[PROMISE-TRACE] from=14 received_ballot=91 current_ballot=101 match=false
[step=4802] DELIVER from=15 to=1 type=Promise { ballot: 91, accepted_ballot: None, accepted_value: None } queue_len=260
[PROMISE-TRACE] from=15 received_ballot=91 current_ballot=101 match=false
[step=4803] DELIVER from=16 to=1 type=Promise { ballot: 91, accepted_ballot: None, accepted_value: None } queue_len=259
[PROMISE-TRACE] from=16 received_ballot=91 current_ballot=101 match=false
[step=4804] DELIVER from=17 to=1 type=Promise { ballot: 91, accepted_ballot: None, accepted_value: None } queue_len=258
[PROMISE-TRACE] from=17 received_ballot=91 current_ballot=101 match=false
[step=4805] DELIVER from=18 to=1 type=Promise { ballot: 91, accepted_ballot: None, accepted_value: None } queue_len=257
[PROMISE-TRACE] from=18 received_ballot=91 current_ballot=101 match=false
[step=4806] DELIVER from=19 to=1 type=Promise { ballot: 91, accepted_ballot: None, accepted_value: None } queue_len=256
[PROMISE-TRACE] from=19 received_ballot=91 current_ballot=101 match=false
[step=4807] DELIVER from=20 to=1 type=Promise { ballot: 91, accepted_ballot: None, accepted_value: None } queue_len=255
[PROMISE-TRACE] from=20 received_ballot=91 current_ballot=101 match=false
[step=4808] DELIVER from=21 to=1 type=Promise { ballot: 91, accepted_ballot: None, accepted_value: None } queue_len=254
[PROMISE-TRACE] from=21 received_ballot=91 current_ballot=101 match=false
[step=4809] DELIVER from=22 to=1 type=Promise { ballot: 91, accepted_ballot: None, accepted_value: None } queue_len=253
[PROMISE-TRACE] from=22 received_ballot=91 current_ballot=101 match=false
[step=4810] DELIVER from=23 to=1 type=Promise { ballot: 91, accepted_ballot: None, accepted_value: None } queue_len=252
[PROMISE-TRACE] from=23 received_ballot=91 current_ballot=101 match=false
[step=4811] DELIVER from=24 to=1 type=Promise { ballot: 91, accepted_ballot: None, accepted_value: None } queue_len=251
[PROMISE-TRACE] from=24 received_ballot=91 current_ballot=101 match=false
[step=4812] DELIVER from=25 to=1 type=Promise { ballot: 91, accepted_ballot: None, accepted_value: None } queue_len=250
[PROMISE-TRACE] from=25 received_ballot=91 current_ballot=101 match=false
[step=4813] DELIVER from=1 to=1 type=Promise { ballot: 92, accepted_ballot: None, accepted_value: None } queue_len=249
[PROMISE-TRACE] from=1 received_ballot=92 current_ballot=101 match=false
[step=4814] DELIVER from=2 to=1 type=Promise { ballot: 92, accepted_ballot: None, accepted_value: None } queue_len=248
[PROMISE-TRACE] from=2 received_ballot=92 current_ballot=101 match=false
[step=4815] DELIVER from=3 to=1 type=Promise { ballot: 92, accepted_ballot: None, accepted_value: None } queue_len=247
[PROMISE-TRACE] from=3 received_ballot=92 current_ballot=101 match=false
[step=4816] DELIVER from=4 to=1 type=Promise { ballot: 92, accepted_ballot: None, accepted_value: None } queue_len=246
[PROMISE-TRACE] from=4 received_ballot=92 current_ballot=101 match=false
[step=4817] DELIVER from=5 to=1 type=Promise { ballot: 92, accepted_ballot: None, accepted_value: None } queue_len=245
[PROMISE-TRACE] from=5 received_ballot=92 current_ballot=101 match=false
[step=4818] DELIVER from=6 to=1 type=Promise { ballot: 92, accepted_ballot: None, accepted_value: None } queue_len=244
[PROMISE-TRACE] from=6 received_ballot=92 current_ballot=101 match=false
[step=4819] DELIVER from=7 to=1 type=Promise { ballot: 92, accepted_ballot: None, accepted_value: None } queue_len=243
[PROMISE-TRACE] from=7 received_ballot=92 current_ballot=101 match=false
[step=4820] DELIVER from=8 to=1 type=Promise { ballot: 92, accepted_ballot: None, accepted_value: None } queue_len=242
[PROMISE-TRACE] from=8 received_ballot=92 current_ballot=101 match=false
[step=4821] DELIVER from=9 to=1 type=Promise { ballot: 92, accepted_ballot: None, accepted_value: None } queue_len=241
[PROMISE-TRACE] from=9 received_ballot=92 current_ballot=101 match=false
[step=4822] DELIVER from=10 to=1 type=Promise { ballot: 92, accepted_ballot: None, accepted_value: None } queue_len=240
[PROMISE-TRACE] from=10 received_ballot=92 current_ballot=101 match=false
[step=4823] DELIVER from=11 to=1 type=Promise { ballot: 92, accepted_ballot: None, accepted_value: None } queue_len=239
[PROMISE-TRACE] from=11 received_ballot=92 current_ballot=101 match=false
[step=4824] DELIVER from=12 to=1 type=Promise { ballot: 92, accepted_ballot: None, accepted_value: None } queue_len=238
[PROMISE-TRACE] from=12 received_ballot=92 current_ballot=101 match=false
[step=4825] DELIVER from=13 to=1 type=Promise { ballot: 92, accepted_ballot: None, accepted_value: None } queue_len=237
[PROMISE-TRACE] from=13 received_ballot=92 current_ballot=101 match=false
[step=4826] DELIVER from=14 to=1 type=Promise { ballot: 92, accepted_ballot: None, accepted_value: None } queue_len=236
[PROMISE-TRACE] from=14 received_ballot=92 current_ballot=101 match=false
[step=4827] DELIVER from=15 to=1 type=Promise { ballot: 92, accepted_ballot: None, accepted_value: None } queue_len=235
[PROMISE-TRACE] from=15 received_ballot=92 current_ballot=101 match=false
[step=4828] DELIVER from=16 to=1 type=Promise { ballot: 92, accepted_ballot: None, accepted_value: None } queue_len=234
[PROMISE-TRACE] from=16 received_ballot=92 current_ballot=101 match=false
[step=4829] DELIVER from=17 to=1 type=Promise { ballot: 92, accepted_ballot: None, accepted_value: None } queue_len=233
[PROMISE-TRACE] from=17 received_ballot=92 current_ballot=101 match=false
[step=4830] DELIVER from=18 to=1 type=Promise { ballot: 92, accepted_ballot: None, accepted_value: None } queue_len=232
[PROMISE-TRACE] from=18 received_ballot=92 current_ballot=101 match=false
[step=4831] DELIVER from=19 to=1 type=Promise { ballot: 92, accepted_ballot: None, accepted_value: None } queue_len=231
[PROMISE-TRACE] from=19 received_ballot=92 current_ballot=101 match=false
[step=4832] DELIVER from=20 to=1 type=Promise { ballot: 92, accepted_ballot: None, accepted_value: None } queue_len=230
[PROMISE-TRACE] from=20 received_ballot=92 current_ballot=101 match=false
[step=4833] DELIVER from=21 to=1 type=Promise { ballot: 92, accepted_ballot: None, accepted_value: None } queue_len=229
[PROMISE-TRACE] from=21 received_ballot=92 current_ballot=101 match=false
[step=4834] DELIVER from=22 to=1 type=Promise { ballot: 92, accepted_ballot: None, accepted_value: None } queue_len=228
[PROMISE-TRACE] from=22 received_ballot=92 current_ballot=101 match=false
[step=4835] DELIVER from=23 to=1 type=Promise { ballot: 92, accepted_ballot: None, accepted_value: None } queue_len=227
[PROMISE-TRACE] from=23 received_ballot=92 current_ballot=101 match=false
[step=4836] DELIVER from=24 to=1 type=Promise { ballot: 92, accepted_ballot: None, accepted_value: None } queue_len=226
[PROMISE-TRACE] from=24 received_ballot=92 current_ballot=101 match=false
[step=4837] DELIVER from=25 to=1 type=Promise { ballot: 92, accepted_ballot: None, accepted_value: None } queue_len=225
[PROMISE-TRACE] from=25 received_ballot=92 current_ballot=101 match=false
[step=4838] DELIVER from=1 to=1 type=Promise { ballot: 93, accepted_ballot: None, accepted_value: None } queue_len=224
[PROMISE-TRACE] from=1 received_ballot=93 current_ballot=101 match=false
[step=4839] DELIVER from=2 to=1 type=Promise { ballot: 93, accepted_ballot: None, accepted_value: None } queue_len=223
[PROMISE-TRACE] from=2 received_ballot=93 current_ballot=101 match=false
[step=4840] DELIVER from=3 to=1 type=Promise { ballot: 93, accepted_ballot: None, accepted_value: None } queue_len=222
[PROMISE-TRACE] from=3 received_ballot=93 current_ballot=101 match=false
[step=4841] DELIVER from=4 to=1 type=Promise { ballot: 93, accepted_ballot: None, accepted_value: None } queue_len=221
[PROMISE-TRACE] from=4 received_ballot=93 current_ballot=101 match=false
[step=4842] DELIVER from=5 to=1 type=Promise { ballot: 93, accepted_ballot: None, accepted_value: None } queue_len=220
[PROMISE-TRACE] from=5 received_ballot=93 current_ballot=101 match=false
[step=4843] DELIVER from=6 to=1 type=Promise { ballot: 93, accepted_ballot: None, accepted_value: None } queue_len=219
[PROMISE-TRACE] from=6 received_ballot=93 current_ballot=101 match=false
[step=4844] DELIVER from=7 to=1 type=Promise { ballot: 93, accepted_ballot: None, accepted_value: None } queue_len=218
[PROMISE-TRACE] from=7 received_ballot=93 current_ballot=101 match=false
[step=4845] DELIVER from=8 to=1 type=Promise { ballot: 93, accepted_ballot: None, accepted_value: None } queue_len=217
[PROMISE-TRACE] from=8 received_ballot=93 current_ballot=101 match=false
[step=4846] DELIVER from=9 to=1 type=Promise { ballot: 93, accepted_ballot: None, accepted_value: None } queue_len=216
[PROMISE-TRACE] from=9 received_ballot=93 current_ballot=101 match=false
[step=4847] DELIVER from=10 to=1 type=Promise { ballot: 93, accepted_ballot: None, accepted_value: None } queue_len=215
[PROMISE-TRACE] from=10 received_ballot=93 current_ballot=101 match=false
[step=4848] DELIVER from=11 to=1 type=Promise { ballot: 93, accepted_ballot: None, accepted_value: None } queue_len=214
[PROMISE-TRACE] from=11 received_ballot=93 current_ballot=101 match=false
[step=4849] DELIVER from=12 to=1 type=Promise { ballot: 93, accepted_ballot: None, accepted_value: None } queue_len=213
[PROMISE-TRACE] from=12 received_ballot=93 current_ballot=101 match=false
[step=4850] DELIVER from=13 to=1 type=Promise { ballot: 93, accepted_ballot: None, accepted_value: None } queue_len=212
[PROMISE-TRACE] from=13 received_ballot=93 current_ballot=101 match=false
[step=4851] DELIVER from=14 to=1 type=Promise { ballot: 93, accepted_ballot: None, accepted_value: None } queue_len=211
[PROMISE-TRACE] from=14 received_ballot=93 current_ballot=101 match=false
[step=4852] DELIVER from=15 to=1 type=Promise { ballot: 93, accepted_ballot: None, accepted_value: None } queue_len=210
[PROMISE-TRACE] from=15 received_ballot=93 current_ballot=101 match=false
[step=4853] DELIVER from=16 to=1 type=Promise { ballot: 93, accepted_ballot: None, accepted_value: None } queue_len=209
[PROMISE-TRACE] from=16 received_ballot=93 current_ballot=101 match=false
[step=4854] DELIVER from=17 to=1 type=Promise { ballot: 93, accepted_ballot: None, accepted_value: None } queue_len=208
[PROMISE-TRACE] from=17 received_ballot=93 current_ballot=101 match=false
[step=4855] DELIVER from=18 to=1 type=Promise { ballot: 93, accepted_ballot: None, accepted_value: None } queue_len=207
[PROMISE-TRACE] from=18 received_ballot=93 current_ballot=101 match=false
[step=4856] DELIVER from=19 to=1 type=Promise { ballot: 93, accepted_ballot: None, accepted_value: None } queue_len=206
[PROMISE-TRACE] from=19 received_ballot=93 current_ballot=101 match=false
[step=4857] DELIVER from=20 to=1 type=Promise { ballot: 93, accepted_ballot: None, accepted_value: None } queue_len=205
[PROMISE-TRACE] from=20 received_ballot=93 current_ballot=101 match=false
[step=4858] DELIVER from=21 to=1 type=Promise { ballot: 93, accepted_ballot: None, accepted_value: None } queue_len=204
[PROMISE-TRACE] from=21 received_ballot=93 current_ballot=101 match=false
[step=4859] DELIVER from=22 to=1 type=Promise { ballot: 93, accepted_ballot: None, accepted_value: None } queue_len=203
[PROMISE-TRACE] from=22 received_ballot=93 current_ballot=101 match=false
[step=4860] DELIVER from=23 to=1 type=Promise { ballot: 93, accepted_ballot: None, accepted_value: None } queue_len=202
[PROMISE-TRACE] from=23 received_ballot=93 current_ballot=101 match=false
[step=4861] DELIVER from=24 to=1 type=Promise { ballot: 93, accepted_ballot: None, accepted_value: None } queue_len=201
[PROMISE-TRACE] from=24 received_ballot=93 current_ballot=101 match=false
[step=4862] DELIVER from=25 to=1 type=Promise { ballot: 93, accepted_ballot: None, accepted_value: None } queue_len=200
[PROMISE-TRACE] from=25 received_ballot=93 current_ballot=101 match=false
[step=4863] DELIVER from=1 to=1 type=Promise { ballot: 94, accepted_ballot: None, accepted_value: None } queue_len=199
[PROMISE-TRACE] from=1 received_ballot=94 current_ballot=101 match=false
[step=4864] DELIVER from=2 to=1 type=Promise { ballot: 94, accepted_ballot: None, accepted_value: None } queue_len=198
[PROMISE-TRACE] from=2 received_ballot=94 current_ballot=101 match=false
[step=4865] DELIVER from=3 to=1 type=Promise { ballot: 94, accepted_ballot: None, accepted_value: None } queue_len=197
[PROMISE-TRACE] from=3 received_ballot=94 current_ballot=101 match=false
[step=4866] DELIVER from=4 to=1 type=Promise { ballot: 94, accepted_ballot: None, accepted_value: None } queue_len=196
[PROMISE-TRACE] from=4 received_ballot=94 current_ballot=101 match=false
[step=4867] DELIVER from=5 to=1 type=Promise { ballot: 94, accepted_ballot: None, accepted_value: None } queue_len=195
[PROMISE-TRACE] from=5 received_ballot=94 current_ballot=101 match=false
[step=4868] DELIVER from=6 to=1 type=Promise { ballot: 94, accepted_ballot: None, accepted_value: None } queue_len=194
[PROMISE-TRACE] from=6 received_ballot=94 current_ballot=101 match=false
[step=4869] DELIVER from=7 to=1 type=Promise { ballot: 94, accepted_ballot: None, accepted_value: None } queue_len=193
[PROMISE-TRACE] from=7 received_ballot=94 current_ballot=101 match=false
[step=4870] DELIVER from=8 to=1 type=Promise { ballot: 94, accepted_ballot: None, accepted_value: None } queue_len=192
[PROMISE-TRACE] from=8 received_ballot=94 current_ballot=101 match=false
[step=4871] DELIVER from=9 to=1 type=Promise { ballot: 94, accepted_ballot: None, accepted_value: None } queue_len=191
[PROMISE-TRACE] from=9 received_ballot=94 current_ballot=101 match=false
[step=4872] DELIVER from=10 to=1 type=Promise { ballot: 94, accepted_ballot: None, accepted_value: None } queue_len=190
[PROMISE-TRACE] from=10 received_ballot=94 current_ballot=101 match=false
[step=4873] DELIVER from=11 to=1 type=Promise { ballot: 94, accepted_ballot: None, accepted_value: None } queue_len=189
[PROMISE-TRACE] from=11 received_ballot=94 current_ballot=101 match=false
[step=4874] DELIVER from=12 to=1 type=Promise { ballot: 94, accepted_ballot: None, accepted_value: None } queue_len=188
[PROMISE-TRACE] from=12 received_ballot=94 current_ballot=101 match=false
[step=4875] DELIVER from=13 to=1 type=Promise { ballot: 94, accepted_ballot: None, accepted_value: None } queue_len=187
[PROMISE-TRACE] from=13 received_ballot=94 current_ballot=101 match=false
[step=4876] DELIVER from=14 to=1 type=Promise { ballot: 94, accepted_ballot: None, accepted_value: None } queue_len=186
[PROMISE-TRACE] from=14 received_ballot=94 current_ballot=101 match=false
[step=4877] DELIVER from=15 to=1 type=Promise { ballot: 94, accepted_ballot: None, accepted_value: None } queue_len=185
[PROMISE-TRACE] from=15 received_ballot=94 current_ballot=101 match=false
[step=4878] DELIVER from=16 to=1 type=Promise { ballot: 94, accepted_ballot: None, accepted_value: None } queue_len=184
[PROMISE-TRACE] from=16 received_ballot=94 current_ballot=101 match=false
[step=4879] DELIVER from=17 to=1 type=Promise { ballot: 94, accepted_ballot: None, accepted_value: None } queue_len=183
[PROMISE-TRACE] from=17 received_ballot=94 current_ballot=101 match=false
[step=4880] DELIVER from=18 to=1 type=Promise { ballot: 94, accepted_ballot: None, accepted_value: None } queue_len=182
[PROMISE-TRACE] from=18 received_ballot=94 current_ballot=101 match=false
[step=4881] DELIVER from=19 to=1 type=Promise { ballot: 94, accepted_ballot: None, accepted_value: None } queue_len=181
[PROMISE-TRACE] from=19 received_ballot=94 current_ballot=101 match=false
[step=4882] DELIVER from=20 to=1 type=Promise { ballot: 94, accepted_ballot: None, accepted_value: None } queue_len=180
[PROMISE-TRACE] from=20 received_ballot=94 current_ballot=101 match=false
[step=4883] DELIVER from=21 to=1 type=Promise { ballot: 94, accepted_ballot: None, accepted_value: None } queue_len=179
[PROMISE-TRACE] from=21 received_ballot=94 current_ballot=101 match=false
[step=4884] DELIVER from=22 to=1 type=Promise { ballot: 94, accepted_ballot: None, accepted_value: None } queue_len=178
[PROMISE-TRACE] from=22 received_ballot=94 current_ballot=101 match=false
[step=4885] DELIVER from=23 to=1 type=Promise { ballot: 94, accepted_ballot: None, accepted_value: None } queue_len=177
[PROMISE-TRACE] from=23 received_ballot=94 current_ballot=101 match=false
[step=4886] DELIVER from=24 to=1 type=Promise { ballot: 94, accepted_ballot: None, accepted_value: None } queue_len=176
[PROMISE-TRACE] from=24 received_ballot=94 current_ballot=101 match=false
[step=4887] DELIVER from=25 to=1 type=Promise { ballot: 94, accepted_ballot: None, accepted_value: None } queue_len=175
[PROMISE-TRACE] from=25 received_ballot=94 current_ballot=101 match=false
[step=4888] DELIVER from=1 to=1 type=Promise { ballot: 95, accepted_ballot: None, accepted_value: None } queue_len=174
[PROMISE-TRACE] from=1 received_ballot=95 current_ballot=101 match=false
[step=4889] DELIVER from=2 to=1 type=Promise { ballot: 95, accepted_ballot: None, accepted_value: None } queue_len=173
[PROMISE-TRACE] from=2 received_ballot=95 current_ballot=101 match=false
[step=4890] DELIVER from=3 to=1 type=Promise { ballot: 95, accepted_ballot: None, accepted_value: None } queue_len=172
[PROMISE-TRACE] from=3 received_ballot=95 current_ballot=101 match=false
[step=4891] DELIVER from=4 to=1 type=Promise { ballot: 95, accepted_ballot: None, accepted_value: None } queue_len=171
[PROMISE-TRACE] from=4 received_ballot=95 current_ballot=101 match=false
[step=4892] DELIVER from=5 to=1 type=Promise { ballot: 95, accepted_ballot: None, accepted_value: None } queue_len=170
[PROMISE-TRACE] from=5 received_ballot=95 current_ballot=101 match=false
[step=4893] DELIVER from=6 to=1 type=Promise { ballot: 95, accepted_ballot: None, accepted_value: None } queue_len=169
[PROMISE-TRACE] from=6 received_ballot=95 current_ballot=101 match=false
[step=4894] DELIVER from=7 to=1 type=Promise { ballot: 95, accepted_ballot: None, accepted_value: None } queue_len=168
[PROMISE-TRACE] from=7 received_ballot=95 current_ballot=101 match=false
[step=4895] DELIVER from=8 to=1 type=Promise { ballot: 95, accepted_ballot: None, accepted_value: None } queue_len=167
[PROMISE-TRACE] from=8 received_ballot=95 current_ballot=101 match=false
[step=4896] DELIVER from=9 to=1 type=Promise { ballot: 95, accepted_ballot: None, accepted_value: None } queue_len=166
[PROMISE-TRACE] from=9 received_ballot=95 current_ballot=101 match=false
[step=4897] DELIVER from=10 to=1 type=Promise { ballot: 95, accepted_ballot: None, accepted_value: None } queue_len=165
[PROMISE-TRACE] from=10 received_ballot=95 current_ballot=101 match=false
[step=4898] DELIVER from=11 to=1 type=Promise { ballot: 95, accepted_ballot: None, accepted_value: None } queue_len=164
[PROMISE-TRACE] from=11 received_ballot=95 current_ballot=101 match=false
[step=4899] DELIVER from=12 to=1 type=Promise { ballot: 95, accepted_ballot: None, accepted_value: None } queue_len=163
[PROMISE-TRACE] from=12 received_ballot=95 current_ballot=101 match=false
[step=4900] DELIVER from=13 to=1 type=Promise { ballot: 95, accepted_ballot: None, accepted_value: None } queue_len=162
[PROMISE-TRACE] from=13 received_ballot=95 current_ballot=101 match=false
[step=4901] DELIVER from=14 to=1 type=Promise { ballot: 95, accepted_ballot: None, accepted_value: None } queue_len=161
[PROMISE-TRACE] from=14 received_ballot=95 current_ballot=101 match=false
[step=4902] DELIVER from=15 to=1 type=Promise { ballot: 95, accepted_ballot: None, accepted_value: None } queue_len=160
[PROMISE-TRACE] from=15 received_ballot=95 current_ballot=101 match=false
[step=4903] DELIVER from=16 to=1 type=Promise { ballot: 95, accepted_ballot: None, accepted_value: None } queue_len=159
[PROMISE-TRACE] from=16 received_ballot=95 current_ballot=101 match=false
[step=4904] DELIVER from=17 to=1 type=Promise { ballot: 95, accepted_ballot: None, accepted_value: None } queue_len=158
[PROMISE-TRACE] from=17 received_ballot=95 current_ballot=101 match=false
[step=4905] DELIVER from=18 to=1 type=Promise { ballot: 95, accepted_ballot: None, accepted_value: None } queue_len=157
[PROMISE-TRACE] from=18 received_ballot=95 current_ballot=101 match=false
[step=4906] DELIVER from=19 to=1 type=Promise { ballot: 95, accepted_ballot: None, accepted_value: None } queue_len=156
[PROMISE-TRACE] from=19 received_ballot=95 current_ballot=101 match=false
[step=4907] DELIVER from=20 to=1 type=Promise { ballot: 95, accepted_ballot: None, accepted_value: None } queue_len=155
[PROMISE-TRACE] from=20 received_ballot=95 current_ballot=101 match=false
[step=4908] DELIVER from=21 to=1 type=Promise { ballot: 95, accepted_ballot: None, accepted_value: None } queue_len=154
[PROMISE-TRACE] from=21 received_ballot=95 current_ballot=101 match=false
[step=4909] DELIVER from=22 to=1 type=Promise { ballot: 95, accepted_ballot: None, accepted_value: None } queue_len=153
[PROMISE-TRACE] from=22 received_ballot=95 current_ballot=101 match=false
[step=4910] DELIVER from=23 to=1 type=Promise { ballot: 95, accepted_ballot: None, accepted_value: None } queue_len=152
[PROMISE-TRACE] from=23 received_ballot=95 current_ballot=101 match=false
[step=4911] DELIVER from=24 to=1 type=Promise { ballot: 95, accepted_ballot: None, accepted_value: None } queue_len=151
[PROMISE-TRACE] from=24 received_ballot=95 current_ballot=101 match=false
[step=4912] DELIVER from=25 to=1 type=Promise { ballot: 95, accepted_ballot: None, accepted_value: None } queue_len=150
[PROMISE-TRACE] from=25 received_ballot=95 current_ballot=101 match=false
[step=4913] DELIVER from=1 to=1 type=Promise { ballot: 96, accepted_ballot: None, accepted_value: None } queue_len=149
[PROMISE-TRACE] from=1 received_ballot=96 current_ballot=101 match=false
[step=4914] DELIVER from=2 to=1 type=Promise { ballot: 96, accepted_ballot: None, accepted_value: None } queue_len=148
[PROMISE-TRACE] from=2 received_ballot=96 current_ballot=101 match=false
[step=4915] DELIVER from=3 to=1 type=Promise { ballot: 96, accepted_ballot: None, accepted_value: None } queue_len=147
[PROMISE-TRACE] from=3 received_ballot=96 current_ballot=101 match=false
[step=4916] DELIVER from=4 to=1 type=Promise { ballot: 96, accepted_ballot: None, accepted_value: None } queue_len=146
[PROMISE-TRACE] from=4 received_ballot=96 current_ballot=101 match=false
[step=4917] DELIVER from=5 to=1 type=Promise { ballot: 96, accepted_ballot: None, accepted_value: None } queue_len=145
[PROMISE-TRACE] from=5 received_ballot=96 current_ballot=101 match=false
[step=4918] DELIVER from=6 to=1 type=Promise { ballot: 96, accepted_ballot: None, accepted_value: None } queue_len=144
[PROMISE-TRACE] from=6 received_ballot=96 current_ballot=101 match=false
[step=4919] DELIVER from=7 to=1 type=Promise { ballot: 96, accepted_ballot: None, accepted_value: None } queue_len=143
[PROMISE-TRACE] from=7 received_ballot=96 current_ballot=101 match=false
[step=4920] DELIVER from=8 to=1 type=Promise { ballot: 96, accepted_ballot: None, accepted_value: None } queue_len=142
[PROMISE-TRACE] from=8 received_ballot=96 current_ballot=101 match=false
[step=4921] DELIVER from=9 to=1 type=Promise { ballot: 96, accepted_ballot: None, accepted_value: None } queue_len=141
[PROMISE-TRACE] from=9 received_ballot=96 current_ballot=101 match=false
[step=4922] DELIVER from=10 to=1 type=Promise { ballot: 96, accepted_ballot: None, accepted_value: None } queue_len=140
[PROMISE-TRACE] from=10 received_ballot=96 current_ballot=101 match=false
[step=4923] DELIVER from=11 to=1 type=Promise { ballot: 96, accepted_ballot: None, accepted_value: None } queue_len=139
[PROMISE-TRACE] from=11 received_ballot=96 current_ballot=101 match=false
[step=4924] DELIVER from=12 to=1 type=Promise { ballot: 96, accepted_ballot: None, accepted_value: None } queue_len=138
[PROMISE-TRACE] from=12 received_ballot=96 current_ballot=101 match=false
[step=4925] DELIVER from=13 to=1 type=Promise { ballot: 96, accepted_ballot: None, accepted_value: None } queue_len=137
[PROMISE-TRACE] from=13 received_ballot=96 current_ballot=101 match=false
[step=4926] DELIVER from=14 to=1 type=Promise { ballot: 96, accepted_ballot: None, accepted_value: None } queue_len=136
[PROMISE-TRACE] from=14 received_ballot=96 current_ballot=101 match=false
[step=4927] DELIVER from=15 to=1 type=Promise { ballot: 96, accepted_ballot: None, accepted_value: None } queue_len=135
[PROMISE-TRACE] from=15 received_ballot=96 current_ballot=101 match=false
[step=4928] DELIVER from=16 to=1 type=Promise { ballot: 96, accepted_ballot: None, accepted_value: None } queue_len=134
[PROMISE-TRACE] from=16 received_ballot=96 current_ballot=101 match=false
[step=4929] DELIVER from=17 to=1 type=Promise { ballot: 96, accepted_ballot: None, accepted_value: None } queue_len=133
[PROMISE-TRACE] from=17 received_ballot=96 current_ballot=101 match=false
[step=4930] DELIVER from=18 to=1 type=Promise { ballot: 96, accepted_ballot: None, accepted_value: None } queue_len=132
[PROMISE-TRACE] from=18 received_ballot=96 current_ballot=101 match=false
[step=4931] DELIVER from=19 to=1 type=Promise { ballot: 96, accepted_ballot: None, accepted_value: None } queue_len=131
[PROMISE-TRACE] from=19 received_ballot=96 current_ballot=101 match=false
[step=4932] DELIVER from=20 to=1 type=Promise { ballot: 96, accepted_ballot: None, accepted_value: None } queue_len=130
[PROMISE-TRACE] from=20 received_ballot=96 current_ballot=101 match=false
[step=4933] DELIVER from=21 to=1 type=Promise { ballot: 96, accepted_ballot: None, accepted_value: None } queue_len=129
[PROMISE-TRACE] from=21 received_ballot=96 current_ballot=101 match=false
[step=4934] DELIVER from=22 to=1 type=Promise { ballot: 96, accepted_ballot: None, accepted_value: None } queue_len=128
[PROMISE-TRACE] from=22 received_ballot=96 current_ballot=101 match=false
[step=4935] DELIVER from=23 to=1 type=Promise { ballot: 96, accepted_ballot: None, accepted_value: None } queue_len=127
[PROMISE-TRACE] from=23 received_ballot=96 current_ballot=101 match=false
[step=4936] DELIVER from=24 to=1 type=Promise { ballot: 96, accepted_ballot: None, accepted_value: None } queue_len=126
[PROMISE-TRACE] from=24 received_ballot=96 current_ballot=101 match=false
[step=4937] DELIVER from=25 to=1 type=Promise { ballot: 96, accepted_ballot: None, accepted_value: None } queue_len=125
[PROMISE-TRACE] from=25 received_ballot=96 current_ballot=101 match=false
[step=4938] DELIVER from=1 to=1 type=Promise { ballot: 97, accepted_ballot: None, accepted_value: None } queue_len=124
[PROMISE-TRACE] from=1 received_ballot=97 current_ballot=101 match=false
[step=4939] DELIVER from=2 to=1 type=Promise { ballot: 97, accepted_ballot: None, accepted_value: None } queue_len=123
[PROMISE-TRACE] from=2 received_ballot=97 current_ballot=101 match=false
[step=4940] DELIVER from=3 to=1 type=Promise { ballot: 97, accepted_ballot: None, accepted_value: None } queue_len=122
[PROMISE-TRACE] from=3 received_ballot=97 current_ballot=101 match=false
[step=4941] DELIVER from=4 to=1 type=Promise { ballot: 97, accepted_ballot: None, accepted_value: None } queue_len=121
[PROMISE-TRACE] from=4 received_ballot=97 current_ballot=101 match=false
[step=4942] DELIVER from=5 to=1 type=Promise { ballot: 97, accepted_ballot: None, accepted_value: None } queue_len=120
[PROMISE-TRACE] from=5 received_ballot=97 current_ballot=101 match=false
[step=4943] DELIVER from=6 to=1 type=Promise { ballot: 97, accepted_ballot: None, accepted_value: None } queue_len=119
[PROMISE-TRACE] from=6 received_ballot=97 current_ballot=101 match=false
[step=4944] DELIVER from=7 to=1 type=Promise { ballot: 97, accepted_ballot: None, accepted_value: None } queue_len=118
[PROMISE-TRACE] from=7 received_ballot=97 current_ballot=101 match=false
[step=4945] DELIVER from=8 to=1 type=Promise { ballot: 97, accepted_ballot: None, accepted_value: None } queue_len=117
[PROMISE-TRACE] from=8 received_ballot=97 current_ballot=101 match=false
[step=4946] DELIVER from=9 to=1 type=Promise { ballot: 97, accepted_ballot: None, accepted_value: None } queue_len=116
[PROMISE-TRACE] from=9 received_ballot=97 current_ballot=101 match=false
[step=4947] DELIVER from=10 to=1 type=Promise { ballot: 97, accepted_ballot: None, accepted_value: None } queue_len=115
[PROMISE-TRACE] from=10 received_ballot=97 current_ballot=101 match=false
[step=4948] DELIVER from=11 to=1 type=Promise { ballot: 97, accepted_ballot: None, accepted_value: None } queue_len=114
[PROMISE-TRACE] from=11 received_ballot=97 current_ballot=101 match=false
[step=4949] DELIVER from=12 to=1 type=Promise { ballot: 97, accepted_ballot: None, accepted_value: None } queue_len=113
[PROMISE-TRACE] from=12 received_ballot=97 current_ballot=101 match=false
[step=4950] DELIVER from=13 to=1 type=Promise { ballot: 97, accepted_ballot: None, accepted_value: None } queue_len=112
[PROMISE-TRACE] from=13 received_ballot=97 current_ballot=101 match=false
[step=4951] DELIVER from=14 to=1 type=Promise { ballot: 97, accepted_ballot: None, accepted_value: None } queue_len=111
[PROMISE-TRACE] from=14 received_ballot=97 current_ballot=101 match=false
[step=4952] DELIVER from=15 to=1 type=Promise { ballot: 97, accepted_ballot: None, accepted_value: None } queue_len=110
[PROMISE-TRACE] from=15 received_ballot=97 current_ballot=101 match=false
[step=4953] DELIVER from=16 to=1 type=Promise { ballot: 97, accepted_ballot: None, accepted_value: None } queue_len=109
[PROMISE-TRACE] from=16 received_ballot=97 current_ballot=101 match=false
[step=4954] DELIVER from=17 to=1 type=Promise { ballot: 97, accepted_ballot: None, accepted_value: None } queue_len=108
[PROMISE-TRACE] from=17 received_ballot=97 current_ballot=101 match=false
[step=4955] DELIVER from=18 to=1 type=Promise { ballot: 97, accepted_ballot: None, accepted_value: None } queue_len=107
[PROMISE-TRACE] from=18 received_ballot=97 current_ballot=101 match=false
[step=4956] DELIVER from=19 to=1 type=Promise { ballot: 97, accepted_ballot: None, accepted_value: None } queue_len=106
[PROMISE-TRACE] from=19 received_ballot=97 current_ballot=101 match=false
[step=4957] DELIVER from=20 to=1 type=Promise { ballot: 97, accepted_ballot: None, accepted_value: None } queue_len=105
[PROMISE-TRACE] from=20 received_ballot=97 current_ballot=101 match=false
[step=4958] DELIVER from=21 to=1 type=Promise { ballot: 97, accepted_ballot: None, accepted_value: None } queue_len=104
[PROMISE-TRACE] from=21 received_ballot=97 current_ballot=101 match=false
[step=4959] DELIVER from=22 to=1 type=Promise { ballot: 97, accepted_ballot: None, accepted_value: None } queue_len=103
[PROMISE-TRACE] from=22 received_ballot=97 current_ballot=101 match=false
[step=4960] DELIVER from=23 to=1 type=Promise { ballot: 97, accepted_ballot: None, accepted_value: None } queue_len=102
[PROMISE-TRACE] from=23 received_ballot=97 current_ballot=101 match=false
[step=4961] DELIVER from=24 to=1 type=Promise { ballot: 97, accepted_ballot: None, accepted_value: None } queue_len=101
[PROMISE-TRACE] from=24 received_ballot=97 current_ballot=101 match=false
[step=4962] DELIVER from=25 to=1 type=Promise { ballot: 97, accepted_ballot: None, accepted_value: None } queue_len=100
[PROMISE-TRACE] from=25 received_ballot=97 current_ballot=101 match=false
[step=4963] DELIVER from=1 to=1 type=Promise { ballot: 98, accepted_ballot: None, accepted_value: None } queue_len=99
[PROMISE-TRACE] from=1 received_ballot=98 current_ballot=101 match=false
[step=4964] DELIVER from=2 to=1 type=Promise { ballot: 98, accepted_ballot: None, accepted_value: None } queue_len=98
[PROMISE-TRACE] from=2 received_ballot=98 current_ballot=101 match=false
[step=4965] DELIVER from=3 to=1 type=Promise { ballot: 98, accepted_ballot: None, accepted_value: None } queue_len=97
[PROMISE-TRACE] from=3 received_ballot=98 current_ballot=101 match=false
[step=4966] DELIVER from=4 to=1 type=Promise { ballot: 98, accepted_ballot: None, accepted_value: None } queue_len=96
[PROMISE-TRACE] from=4 received_ballot=98 current_ballot=101 match=false
[step=4967] DELIVER from=5 to=1 type=Promise { ballot: 98, accepted_ballot: None, accepted_value: None } queue_len=95
[PROMISE-TRACE] from=5 received_ballot=98 current_ballot=101 match=false
[step=4968] DELIVER from=6 to=1 type=Promise { ballot: 98, accepted_ballot: None, accepted_value: None } queue_len=94
[PROMISE-TRACE] from=6 received_ballot=98 current_ballot=101 match=false
[step=4969] DELIVER from=7 to=1 type=Promise { ballot: 98, accepted_ballot: None, accepted_value: None } queue_len=93
[PROMISE-TRACE] from=7 received_ballot=98 current_ballot=101 match=false
[step=4970] DELIVER from=8 to=1 type=Promise { ballot: 98, accepted_ballot: None, accepted_value: None } queue_len=92
[PROMISE-TRACE] from=8 received_ballot=98 current_ballot=101 match=false
[step=4971] DELIVER from=9 to=1 type=Promise { ballot: 98, accepted_ballot: None, accepted_value: None } queue_len=91
[PROMISE-TRACE] from=9 received_ballot=98 current_ballot=101 match=false
[step=4972] DELIVER from=10 to=1 type=Promise { ballot: 98, accepted_ballot: None, accepted_value: None } queue_len=90
[PROMISE-TRACE] from=10 received_ballot=98 current_ballot=101 match=false
[step=4973] DELIVER from=11 to=1 type=Promise { ballot: 98, accepted_ballot: None, accepted_value: None } queue_len=89
[PROMISE-TRACE] from=11 received_ballot=98 current_ballot=101 match=false
[step=4974] DELIVER from=12 to=1 type=Promise { ballot: 98, accepted_ballot: None, accepted_value: None } queue_len=88
[PROMISE-TRACE] from=12 received_ballot=98 current_ballot=101 match=false
[step=4975] DELIVER from=13 to=1 type=Promise { ballot: 98, accepted_ballot: None, accepted_value: None } queue_len=87
[PROMISE-TRACE] from=13 received_ballot=98 current_ballot=101 match=false
[step=4976] DELIVER from=14 to=1 type=Promise { ballot: 98, accepted_ballot: None, accepted_value: None } queue_len=86
[PROMISE-TRACE] from=14 received_ballot=98 current_ballot=101 match=false
[step=4977] DELIVER from=15 to=1 type=Promise { ballot: 98, accepted_ballot: None, accepted_value: None } queue_len=85
[PROMISE-TRACE] from=15 received_ballot=98 current_ballot=101 match=false
[step=4978] DELIVER from=16 to=1 type=Promise { ballot: 98, accepted_ballot: None, accepted_value: None } queue_len=84
[PROMISE-TRACE] from=16 received_ballot=98 current_ballot=101 match=false
[step=4979] DELIVER from=17 to=1 type=Promise { ballot: 98, accepted_ballot: None, accepted_value: None } queue_len=83
[PROMISE-TRACE] from=17 received_ballot=98 current_ballot=101 match=false
[step=4980] DELIVER from=18 to=1 type=Promise { ballot: 98, accepted_ballot: None, accepted_value: None } queue_len=82
[PROMISE-TRACE] from=18 received_ballot=98 current_ballot=101 match=false
[step=4981] DELIVER from=19 to=1 type=Promise { ballot: 98, accepted_ballot: None, accepted_value: None } queue_len=81
[PROMISE-TRACE] from=19 received_ballot=98 current_ballot=101 match=false
[step=4982] DELIVER from=20 to=1 type=Promise { ballot: 98, accepted_ballot: None, accepted_value: None } queue_len=80
[PROMISE-TRACE] from=20 received_ballot=98 current_ballot=101 match=false
[step=4983] DELIVER from=21 to=1 type=Promise { ballot: 98, accepted_ballot: None, accepted_value: None } queue_len=79
[PROMISE-TRACE] from=21 received_ballot=98 current_ballot=101 match=false
[step=4984] DELIVER from=22 to=1 type=Promise { ballot: 98, accepted_ballot: None, accepted_value: None } queue_len=78
[PROMISE-TRACE] from=22 received_ballot=98 current_ballot=101 match=false
[step=4985] DELIVER from=23 to=1 type=Promise { ballot: 98, accepted_ballot: None, accepted_value: None } queue_len=77
[PROMISE-TRACE] from=23 received_ballot=98 current_ballot=101 match=false
[step=4986] DELIVER from=24 to=1 type=Promise { ballot: 98, accepted_ballot: None, accepted_value: None } queue_len=76
[PROMISE-TRACE] from=24 received_ballot=98 current_ballot=101 match=false
[step=4987] DELIVER from=25 to=1 type=Promise { ballot: 98, accepted_ballot: None, accepted_value: None } queue_len=75
[PROMISE-TRACE] from=25 received_ballot=98 current_ballot=101 match=false
[step=4988] DELIVER from=1 to=1 type=Promise { ballot: 99, accepted_ballot: None, accepted_value: None } queue_len=74
[PROMISE-TRACE] from=1 received_ballot=99 current_ballot=101 match=false
[step=4989] DELIVER from=2 to=1 type=Promise { ballot: 99, accepted_ballot: None, accepted_value: None } queue_len=73
[PROMISE-TRACE] from=2 received_ballot=99 current_ballot=101 match=false
[step=4990] DELIVER from=3 to=1 type=Promise { ballot: 99, accepted_ballot: None, accepted_value: None } queue_len=72
[PROMISE-TRACE] from=3 received_ballot=99 current_ballot=101 match=false
[step=4991] DELIVER from=4 to=1 type=Promise { ballot: 99, accepted_ballot: None, accepted_value: None } queue_len=71
[PROMISE-TRACE] from=4 received_ballot=99 current_ballot=101 match=false
[step=4992] DELIVER from=5 to=1 type=Promise { ballot: 99, accepted_ballot: None, accepted_value: None } queue_len=70
[PROMISE-TRACE] from=5 received_ballot=99 current_ballot=101 match=false
[step=4993] DELIVER from=6 to=1 type=Promise { ballot: 99, accepted_ballot: None, accepted_value: None } queue_len=69
[PROMISE-TRACE] from=6 received_ballot=99 current_ballot=101 match=false
[step=4994] DELIVER from=7 to=1 type=Promise { ballot: 99, accepted_ballot: None, accepted_value: None } queue_len=68
[PROMISE-TRACE] from=7 received_ballot=99 current_ballot=101 match=false
[step=4995] DELIVER from=8 to=1 type=Promise { ballot: 99, accepted_ballot: None, accepted_value: None } queue_len=67
[PROMISE-TRACE] from=8 received_ballot=99 current_ballot=101 match=false
[step=4996] DELIVER from=9 to=1 type=Promise { ballot: 99, accepted_ballot: None, accepted_value: None } queue_len=66
[PROMISE-TRACE] from=9 received_ballot=99 current_ballot=101 match=false
[step=4997] DELIVER from=10 to=1 type=Promise { ballot: 99, accepted_ballot: None, accepted_value: None } queue_len=65
[PROMISE-TRACE] from=10 received_ballot=99 current_ballot=101 match=false
[step=4998] DELIVER from=11 to=1 type=Promise { ballot: 99, accepted_ballot: None, accepted_value: None } queue_len=64
[PROMISE-TRACE] from=11 received_ballot=99 current_ballot=101 match=false
[step=4999] DELIVER from=12 to=1 type=Promise { ballot: 99, accepted_ballot: None, accepted_value: None } queue_len=63
[PROMISE-TRACE] from=12 received_ballot=99 current_ballot=101 match=false
[SIM] Reached step cap: 5000. Treating as non-terminating within measurement bound.

=== Metrics ===
Messages Sent: 5050
Messages Delivered: 4987
Scheduler Steps: 5000
Stale Messages Ignored: 0
Messages Sent Until Decision: 0
Undelivered Messages At Decision: 0
Timeout triggered: 100
View changes: 0
Decisions: 0
Prepare Messages: 2525
Promise Messages: 2461
Accept Requests: 0
Accepted Messages: 0
Raft Leader Elected: false
Raft Leader Id: None
Raft Election Count: 0
AppendEntries Messages: 0
AppendResponse Messages: 0
Heartbeat Successes: 0
Heartbeat Rejections: 0
Raft Config Changes: 0
Raft Config Acks: 0
Raft Config Activated: false
Nack Messages: 1
Paxos Retries: 100
Max Ballot Seen: 101
Reached Step Cap: true
Max Steps: 5000
Membership Changes: 0
Membership Acks: 0
Chosen Values: {}
Safety Violation: false
Paxos Retry Exhausted: false
Critical Messages Delayed: 0
Delayed Messages Released: 0
