
=== Run 1 ===
Nodes: 15
Quorum: 8
Simulation starting
[PROB-INTERLEAVED-UNIFORM] spent=1 remaining=7 queue_len=15 delayed=Prepare { ballot: 1 }
[PAXOS-TICK] phase=WaitingForPromises elapsed=0 timeout=15 ballot=1 promises=0 accepted=0
[PROB-INTERLEAVED-UNIFORM] spent=2 remaining=6 queue_len=15 delayed=Prepare { ballot: 1 }
[PAXOS-TICK] phase=WaitingForPromises elapsed=1 timeout=15 ballot=1 promises=0 accepted=0
[step=2] DELIVER from=1 to=1 type=Prepare { ballot: 1 } queue_len=14
[PAXOS-TICK] phase=WaitingForPromises elapsed=2 timeout=15 ballot=1 promises=0 accepted=0
[step=3] DELIVER from=1 to=2 type=Prepare { ballot: 1 } queue_len=14
[PAXOS-TICK] phase=WaitingForPromises elapsed=3 timeout=15 ballot=1 promises=0 accepted=0
[PROB-INTERLEAVED-UNIFORM] spent=3 remaining=5 queue_len=15 delayed=Prepare { ballot: 1 }
[PAXOS-TICK] phase=WaitingForPromises elapsed=4 timeout=15 ballot=1 promises=0 accepted=0
[step=5] DELIVER from=1 to=3 type=Prepare { ballot: 1 } queue_len=14
[PAXOS-TICK] phase=WaitingForPromises elapsed=5 timeout=15 ballot=1 promises=0 accepted=0
[step=6] DELIVER from=1 to=4 type=Prepare { ballot: 1 } queue_len=14
[PAXOS-TICK] phase=WaitingForPromises elapsed=6 timeout=15 ballot=1 promises=0 accepted=0
[step=7] DELIVER from=1 to=5 type=Prepare { ballot: 1 } queue_len=14
[PAXOS-TICK] phase=WaitingForPromises elapsed=7 timeout=15 ballot=1 promises=0 accepted=0
[step=8] DELIVER from=1 to=6 type=Prepare { ballot: 1 } queue_len=14
[PAXOS-TICK] phase=WaitingForPromises elapsed=8 timeout=15 ballot=1 promises=0 accepted=0
[step=9] DELIVER from=1 to=7 type=Prepare { ballot: 1 } queue_len=14
[PAXOS-TICK] phase=WaitingForPromises elapsed=9 timeout=15 ballot=1 promises=0 accepted=0
[step=10] DELIVER from=1 to=8 type=Prepare { ballot: 1 } queue_len=14
[PAXOS-TICK] phase=WaitingForPromises elapsed=10 timeout=15 ballot=1 promises=0 accepted=0
[PROB-INTERLEAVED-UNIFORM] spent=4 remaining=4 queue_len=15 delayed=Promise { ballot: 1, accepted_ballot: None, accepted_value: None }
[PAXOS-TICK] phase=WaitingForPromises elapsed=11 timeout=15 ballot=1 promises=0 accepted=0
[step=12] DELIVER from=1 to=9 type=Prepare { ballot: 1 } queue_len=14
[PAXOS-TICK] phase=WaitingForPromises elapsed=12 timeout=15 ballot=1 promises=0 accepted=0
[step=13] DELIVER from=1 to=11 type=Prepare { ballot: 1 } queue_len=14
[PAXOS-TICK] phase=WaitingForPromises elapsed=13 timeout=15 ballot=1 promises=0 accepted=0
[PROB-INTERLEAVED-UNIFORM] spent=5 remaining=3 queue_len=15 delayed=Prepare { ballot: 1 }
[PAXOS-TICK] phase=WaitingForPromises elapsed=14 timeout=15 ballot=1 promises=0 accepted=0
[TIMEOUT-CAUSE] phase=WaitingForPromises ballot=1 promises=0 accepted=0 quorum=8
[step=15] DELIVER from=1 to=12 type=Prepare { ballot: 1 } queue_len=29
[PAXOS-TICK] phase=WaitingForPromises elapsed=0 timeout=15 ballot=2 promises=0 accepted=0
[step=16] DELIVER from=1 to=13 type=Prepare { ballot: 1 } queue_len=29
[PAXOS-TICK] phase=WaitingForPromises elapsed=1 timeout=15 ballot=2 promises=0 accepted=0
[step=17] DELIVER from=1 to=14 type=Prepare { ballot: 1 } queue_len=29
[PAXOS-TICK] phase=WaitingForPromises elapsed=2 timeout=15 ballot=2 promises=0 accepted=0
[PROB-INTERLEAVED-UNIFORM] spent=6 remaining=2 queue_len=30 delayed=Prepare { ballot: 2 }
[PAXOS-TICK] phase=WaitingForPromises elapsed=3 timeout=15 ballot=2 promises=0 accepted=0
[PROB-INTERLEAVED-UNIFORM] spent=7 remaining=1 queue_len=30 delayed=Prepare { ballot: 2 }
[PAXOS-TICK] phase=WaitingForPromises elapsed=4 timeout=15 ballot=2 promises=0 accepted=0
[PROB-INTERLEAVED-UNIFORM] spent=8 remaining=0 queue_len=30 delayed=Prepare { ballot: 2 }
[PAXOS-TICK] phase=WaitingForPromises elapsed=5 timeout=15 ballot=2 promises=0 accepted=0
[step=21] DELIVER from=1 to=1 type=Promise { ballot: 1, accepted_ballot: None, accepted_value: None } queue_len=29
[PROMISE-TRACE] from=1 received_ballot=1 current_ballot=2 match=false
[PAXOS-TICK] phase=WaitingForPromises elapsed=6 timeout=15 ballot=2 promises=0 accepted=0
[step=22] DELIVER from=2 to=1 type=Promise { ballot: 1, accepted_ballot: None, accepted_value: None } queue_len=28
[PROMISE-TRACE] from=2 received_ballot=1 current_ballot=2 match=false
[PAXOS-TICK] phase=WaitingForPromises elapsed=7 timeout=15 ballot=2 promises=0 accepted=0
[step=23] DELIVER from=1 to=10 type=Prepare { ballot: 1 } queue_len=27
[PAXOS-TICK] phase=WaitingForPromises elapsed=8 timeout=15 ballot=2 promises=0 accepted=0
[step=24] DELIVER from=4 to=1 type=Promise { ballot: 1, accepted_ballot: None, accepted_value: None } queue_len=27
[PROMISE-TRACE] from=4 received_ballot=1 current_ballot=2 match=false
[PAXOS-TICK] phase=WaitingForPromises elapsed=9 timeout=15 ballot=2 promises=0 accepted=0
[step=25] DELIVER from=5 to=1 type=Promise { ballot: 1, accepted_ballot: None, accepted_value: None } queue_len=26
[PROMISE-TRACE] from=5 received_ballot=1 current_ballot=2 match=false
[PAXOS-TICK] phase=WaitingForPromises elapsed=10 timeout=15 ballot=2 promises=0 accepted=0
[step=26] DELIVER from=6 to=1 type=Promise { ballot: 1, accepted_ballot: None, accepted_value: None } queue_len=25
[PROMISE-TRACE] from=6 received_ballot=1 current_ballot=2 match=false
[PAXOS-TICK] phase=WaitingForPromises elapsed=11 timeout=15 ballot=2 promises=0 accepted=0
[step=27] DELIVER from=7 to=1 type=Promise { ballot: 1, accepted_ballot: None, accepted_value: None } queue_len=24
[PROMISE-TRACE] from=7 received_ballot=1 current_ballot=2 match=false
[PAXOS-TICK] phase=WaitingForPromises elapsed=12 timeout=15 ballot=2 promises=0 accepted=0
[step=28] DELIVER from=8 to=1 type=Promise { ballot: 1, accepted_ballot: None, accepted_value: None } queue_len=23
[PROMISE-TRACE] from=8 received_ballot=1 current_ballot=2 match=false
[PAXOS-TICK] phase=WaitingForPromises elapsed=13 timeout=15 ballot=2 promises=0 accepted=0
[step=29] DELIVER from=3 to=1 type=Promise { ballot: 1, accepted_ballot: None, accepted_value: None } queue_len=22
[PROMISE-TRACE] from=3 received_ballot=1 current_ballot=2 match=false
[PAXOS-TICK] phase=WaitingForPromises elapsed=14 timeout=15 ballot=2 promises=0 accepted=0
[TIMEOUT-CAUSE] phase=WaitingForPromises ballot=2 promises=0 accepted=0 quorum=8
[step=30] DELIVER from=9 to=1 type=Promise { ballot: 1, accepted_ballot: None, accepted_value: None } queue_len=36
[PROMISE-TRACE] from=9 received_ballot=1 current_ballot=3 match=false
[PAXOS-TICK] phase=WaitingForPromises elapsed=0 timeout=15 ballot=3 promises=0 accepted=0
[step=31] DELIVER from=11 to=1 type=Promise { ballot: 1, accepted_ballot: None, accepted_value: None } queue_len=35
[PROMISE-TRACE] from=11 received_ballot=1 current_ballot=3 match=false
[PAXOS-TICK] phase=WaitingForPromises elapsed=1 timeout=15 ballot=3 promises=0 accepted=0
[step=32] DELIVER from=1 to=15 type=Prepare { ballot: 1 } queue_len=34
[PAXOS-TICK] phase=WaitingForPromises elapsed=2 timeout=15 ballot=3 promises=0 accepted=0
[step=33] DELIVER from=1 to=1 type=Prepare { ballot: 2 } queue_len=34
[PAXOS-TICK] phase=WaitingForPromises elapsed=3 timeout=15 ballot=3 promises=0 accepted=0
[step=34] DELIVER from=1 to=2 type=Prepare { ballot: 2 } queue_len=34
[PAXOS-TICK] phase=WaitingForPromises elapsed=4 timeout=15 ballot=3 promises=0 accepted=0
[step=35] DELIVER from=1 to=3 type=Prepare { ballot: 2 } queue_len=34
[PAXOS-TICK] phase=WaitingForPromises elapsed=5 timeout=15 ballot=3 promises=0 accepted=0
[step=36] DELIVER from=1 to=4 type=Prepare { ballot: 2 } queue_len=34
[PAXOS-TICK] phase=WaitingForPromises elapsed=6 timeout=15 ballot=3 promises=0 accepted=0
[step=37] DELIVER from=1 to=6 type=Prepare { ballot: 2 } queue_len=34
[PAXOS-TICK] phase=WaitingForPromises elapsed=7 timeout=15 ballot=3 promises=0 accepted=0
[step=38] DELIVER from=1 to=7 type=Prepare { ballot: 2 } queue_len=34
[PAXOS-TICK] phase=WaitingForPromises elapsed=8 timeout=15 ballot=3 promises=0 accepted=0
[step=39] DELIVER from=1 to=8 type=Prepare { ballot: 2 } queue_len=34
[PAXOS-TICK] phase=WaitingForPromises elapsed=9 timeout=15 ballot=3 promises=0 accepted=0
[step=40] DELIVER from=1 to=9 type=Prepare { ballot: 2 } queue_len=34
[PAXOS-TICK] phase=WaitingForPromises elapsed=10 timeout=15 ballot=3 promises=0 accepted=0
[step=41] DELIVER from=1 to=12 type=Prepare { ballot: 2 } queue_len=34
[PAXOS-TICK] phase=WaitingForPromises elapsed=11 timeout=15 ballot=3 promises=0 accepted=0
[step=42] DELIVER from=1 to=13 type=Prepare { ballot: 2 } queue_len=34
[PAXOS-TICK] phase=WaitingForPromises elapsed=12 timeout=15 ballot=3 promises=0 accepted=0
[step=43] DELIVER from=1 to=14 type=Prepare { ballot: 2 } queue_len=34
[PAXOS-TICK] phase=WaitingForPromises elapsed=13 timeout=15 ballot=3 promises=0 accepted=0
[step=44] DELIVER from=1 to=15 type=Prepare { ballot: 2 } queue_len=34
[PAXOS-TICK] phase=WaitingForPromises elapsed=14 timeout=15 ballot=3 promises=0 accepted=0
[TIMEOUT-CAUSE] phase=WaitingForPromises ballot=3 promises=0 accepted=0 quorum=8
[step=45] DELIVER from=12 to=1 type=Promise { ballot: 1, accepted_ballot: None, accepted_value: None } queue_len=49
[PROMISE-TRACE] from=12 received_ballot=1 current_ballot=4 match=false
[PAXOS-TICK] phase=WaitingForPromises elapsed=0 timeout=15 ballot=4 promises=0 accepted=0
[step=46] DELIVER from=13 to=1 type=Promise { ballot: 1, accepted_ballot: None, accepted_value: None } queue_len=48
[PROMISE-TRACE] from=13 received_ballot=1 current_ballot=4 match=false
[PAXOS-TICK] phase=WaitingForPromises elapsed=1 timeout=15 ballot=4 promises=0 accepted=0
[step=47] DELIVER from=14 to=1 type=Promise { ballot: 1, accepted_ballot: None, accepted_value: None } queue_len=47
[PROMISE-TRACE] from=14 received_ballot=1 current_ballot=4 match=false
[PAXOS-TICK] phase=WaitingForPromises elapsed=2 timeout=15 ballot=4 promises=0 accepted=0
[step=48] DELIVER from=1 to=5 type=Prepare { ballot: 2 } queue_len=46
[PAXOS-TICK] phase=WaitingForPromises elapsed=3 timeout=15 ballot=4 promises=0 accepted=0
[step=49] DELIVER from=1 to=11 type=Prepare { ballot: 2 } queue_len=46
[PAXOS-TICK] phase=WaitingForPromises elapsed=4 timeout=15 ballot=4 promises=0 accepted=0
[step=50] DELIVER from=1 to=10 type=Prepare { ballot: 2 } queue_len=46
[PAXOS-TICK] phase=WaitingForPromises elapsed=5 timeout=15 ballot=4 promises=0 accepted=0
[step=51] DELIVER from=10 to=1 type=Promise { ballot: 1, accepted_ballot: None, accepted_value: None } queue_len=46
[PROMISE-TRACE] from=10 received_ballot=1 current_ballot=4 match=false
[PAXOS-TICK] phase=WaitingForPromises elapsed=6 timeout=15 ballot=4 promises=0 accepted=0
[step=52] DELIVER from=1 to=1 type=Prepare { ballot: 3 } queue_len=45
[PAXOS-TICK] phase=WaitingForPromises elapsed=7 timeout=15 ballot=4 promises=0 accepted=0
[step=53] DELIVER from=1 to=2 type=Prepare { ballot: 3 } queue_len=45
[PAXOS-TICK] phase=WaitingForPromises elapsed=8 timeout=15 ballot=4 promises=0 accepted=0
[step=54] DELIVER from=1 to=3 type=Prepare { ballot: 3 } queue_len=45
[PAXOS-TICK] phase=WaitingForPromises elapsed=9 timeout=15 ballot=4 promises=0 accepted=0
[step=55] DELIVER from=1 to=4 type=Prepare { ballot: 3 } queue_len=45
[PAXOS-TICK] phase=WaitingForPromises elapsed=10 timeout=15 ballot=4 promises=0 accepted=0
[step=56] DELIVER from=1 to=5 type=Prepare { ballot: 3 } queue_len=45
[PAXOS-TICK] phase=WaitingForPromises elapsed=11 timeout=15 ballot=4 promises=0 accepted=0
[step=57] DELIVER from=1 to=6 type=Prepare { ballot: 3 } queue_len=45
[PAXOS-TICK] phase=WaitingForPromises elapsed=12 timeout=15 ballot=4 promises=0 accepted=0
[step=58] DELIVER from=1 to=7 type=Prepare { ballot: 3 } queue_len=45
[PAXOS-TICK] phase=WaitingForPromises elapsed=13 timeout=15 ballot=4 promises=0 accepted=0
[step=59] DELIVER from=1 to=8 type=Prepare { ballot: 3 } queue_len=45
[PAXOS-TICK] phase=WaitingForPromises elapsed=14 timeout=15 ballot=4 promises=0 accepted=0
[TIMEOUT-CAUSE] phase=WaitingForPromises ballot=4 promises=0 accepted=0 quorum=8
[step=60] DELIVER from=1 to=9 type=Prepare { ballot: 3 } queue_len=60
[PAXOS-TICK] phase=WaitingForPromises elapsed=0 timeout=15 ballot=5 promises=0 accepted=0
[step=61] DELIVER from=1 to=10 type=Prepare { ballot: 3 } queue_len=60
[PAXOS-TICK] phase=WaitingForPromises elapsed=1 timeout=15 ballot=5 promises=0 accepted=0
[step=62] DELIVER from=1 to=11 type=Prepare { ballot: 3 } queue_len=60
[PAXOS-TICK] phase=WaitingForPromises elapsed=2 timeout=15 ballot=5 promises=0 accepted=0
[step=63] DELIVER from=1 to=12 type=Prepare { ballot: 3 } queue_len=60
[PAXOS-TICK] phase=WaitingForPromises elapsed=3 timeout=15 ballot=5 promises=0 accepted=0
[step=64] DELIVER from=1 to=13 type=Prepare { ballot: 3 } queue_len=60
[PAXOS-TICK] phase=WaitingForPromises elapsed=4 timeout=15 ballot=5 promises=0 accepted=0
[step=65] DELIVER from=1 to=14 type=Prepare { ballot: 3 } queue_len=60
[PAXOS-TICK] phase=WaitingForPromises elapsed=5 timeout=15 ballot=5 promises=0 accepted=0
[step=66] DELIVER from=1 to=15 type=Prepare { ballot: 3 } queue_len=60
[PAXOS-TICK] phase=WaitingForPromises elapsed=6 timeout=15 ballot=5 promises=0 accepted=0
[step=67] DELIVER from=15 to=1 type=Promise { ballot: 1, accepted_ballot: None, accepted_value: None } queue_len=60
[PROMISE-TRACE] from=15 received_ballot=1 current_ballot=5 match=false
[PAXOS-TICK] phase=WaitingForPromises elapsed=7 timeout=15 ballot=5 promises=0 accepted=0
[step=68] DELIVER from=1 to=1 type=Promise { ballot: 2, accepted_ballot: None, accepted_value: None } queue_len=59
[PROMISE-TRACE] from=1 received_ballot=2 current_ballot=5 match=false
[PAXOS-TICK] phase=WaitingForPromises elapsed=8 timeout=15 ballot=5 promises=0 accepted=0
[step=69] DELIVER from=2 to=1 type=Promise { ballot: 2, accepted_ballot: None, accepted_value: None } queue_len=58
[PROMISE-TRACE] from=2 received_ballot=2 current_ballot=5 match=false
[PAXOS-TICK] phase=WaitingForPromises elapsed=9 timeout=15 ballot=5 promises=0 accepted=0
[step=70] DELIVER from=3 to=1 type=Promise { ballot: 2, accepted_ballot: None, accepted_value: None } queue_len=57
[PROMISE-TRACE] from=3 received_ballot=2 current_ballot=5 match=false
[PAXOS-TICK] phase=WaitingForPromises elapsed=10 timeout=15 ballot=5 promises=0 accepted=0
[step=71] DELIVER from=4 to=1 type=Promise { ballot: 2, accepted_ballot: None, accepted_value: None } queue_len=56
[PROMISE-TRACE] from=4 received_ballot=2 current_ballot=5 match=false
[PAXOS-TICK] phase=WaitingForPromises elapsed=11 timeout=15 ballot=5 promises=0 accepted=0
[step=72] DELIVER from=6 to=1 type=Promise { ballot: 2, accepted_ballot: None, accepted_value: None } queue_len=55
[PROMISE-TRACE] from=6 received_ballot=2 current_ballot=5 match=false
[PAXOS-TICK] phase=WaitingForPromises elapsed=12 timeout=15 ballot=5 promises=0 accepted=0
[step=73] DELIVER from=7 to=1 type=Promise { ballot: 2, accepted_ballot: None, accepted_value: None } queue_len=54
[PROMISE-TRACE] from=7 received_ballot=2 current_ballot=5 match=false
[PAXOS-TICK] phase=WaitingForPromises elapsed=13 timeout=15 ballot=5 promises=0 accepted=0
[step=74] DELIVER from=8 to=1 type=Promise { ballot: 2, accepted_ballot: None, accepted_value: None } queue_len=53
[PROMISE-TRACE] from=8 received_ballot=2 current_ballot=5 match=false
[PAXOS-TICK] phase=WaitingForPromises elapsed=14 timeout=15 ballot=5 promises=0 accepted=0
[TIMEOUT-CAUSE] phase=WaitingForPromises ballot=5 promises=0 accepted=0 quorum=8
[step=75] DELIVER from=9 to=1 type=Promise { ballot: 2, accepted_ballot: None, accepted_value: None } queue_len=67
[PROMISE-TRACE] from=9 received_ballot=2 current_ballot=6 match=false
[PAXOS-TICK] phase=WaitingForPromises elapsed=0 timeout=15 ballot=6 promises=0 accepted=0
[step=76] DELIVER from=12 to=1 type=Promise { ballot: 2, accepted_ballot: None, accepted_value: None } queue_len=66
[PROMISE-TRACE] from=12 received_ballot=2 current_ballot=6 match=false
[PAXOS-TICK] phase=WaitingForPromises elapsed=1 timeout=15 ballot=6 promises=0 accepted=0
[step=77] DELIVER from=13 to=1 type=Promise { ballot: 2, accepted_ballot: None, accepted_value: None } queue_len=65
[PROMISE-TRACE] from=13 received_ballot=2 current_ballot=6 match=false
[PAXOS-TICK] phase=WaitingForPromises elapsed=2 timeout=15 ballot=6 promises=0 accepted=0
[step=78] DELIVER from=14 to=1 type=Promise { ballot: 2, accepted_ballot: None, accepted_value: None } queue_len=64
[PROMISE-TRACE] from=14 received_ballot=2 current_ballot=6 match=false
[PAXOS-TICK] phase=WaitingForPromises elapsed=3 timeout=15 ballot=6 promises=0 accepted=0
[step=79] DELIVER from=15 to=1 type=Promise { ballot: 2, accepted_ballot: None, accepted_value: None } queue_len=63
[PROMISE-TRACE] from=15 received_ballot=2 current_ballot=6 match=false
[PAXOS-TICK] phase=WaitingForPromises elapsed=4 timeout=15 ballot=6 promises=0 accepted=0
[step=80] DELIVER from=1 to=1 type=Prepare { ballot: 4 } queue_len=62
[PAXOS-TICK] phase=WaitingForPromises elapsed=5 timeout=15 ballot=6 promises=0 accepted=0
[step=81] DELIVER from=1 to=2 type=Prepare { ballot: 4 } queue_len=62
[PAXOS-TICK] phase=WaitingForPromises elapsed=6 timeout=15 ballot=6 promises=0 accepted=0
[step=82] DELIVER from=1 to=3 type=Prepare { ballot: 4 } queue_len=62
[PAXOS-TICK] phase=WaitingForPromises elapsed=7 timeout=15 ballot=6 promises=0 accepted=0
[step=83] DELIVER from=1 to=4 type=Prepare { ballot: 4 } queue_len=62
[PAXOS-TICK] phase=WaitingForPromises elapsed=8 timeout=15 ballot=6 promises=0 accepted=0
[step=84] DELIVER from=1 to=5 type=Prepare { ballot: 4 } queue_len=62
[PAXOS-TICK] phase=WaitingForPromises elapsed=9 timeout=15 ballot=6 promises=0 accepted=0
[step=85] DELIVER from=1 to=6 type=Prepare { ballot: 4 } queue_len=62
[PAXOS-TICK] phase=WaitingForPromises elapsed=10 timeout=15 ballot=6 promises=0 accepted=0
[step=86] DELIVER from=1 to=7 type=Prepare { ballot: 4 } queue_len=62
[PAXOS-TICK] phase=WaitingForPromises elapsed=11 timeout=15 ballot=6 promises=0 accepted=0
[step=87] DELIVER from=1 to=8 type=Prepare { ballot: 4 } queue_len=62
[PAXOS-TICK] phase=WaitingForPromises elapsed=12 timeout=15 ballot=6 promises=0 accepted=0
[step=88] DELIVER from=1 to=9 type=Prepare { ballot: 4 } queue_len=62
[PAXOS-TICK] phase=WaitingForPromises elapsed=13 timeout=15 ballot=6 promises=0 accepted=0
[step=89] DELIVER from=1 to=10 type=Prepare { ballot: 4 } queue_len=62
[PAXOS-TICK] phase=WaitingForPromises elapsed=14 timeout=15 ballot=6 promises=0 accepted=0
[TIMEOUT-CAUSE] phase=WaitingForPromises ballot=6 promises=0 accepted=0 quorum=8
[step=90] DELIVER from=1 to=11 type=Prepare { ballot: 4 } queue_len=77
[PAXOS-TICK] phase=WaitingForPromises elapsed=0 timeout=15 ballot=7 promises=0 accepted=0
[step=91] DELIVER from=1 to=12 type=Prepare { ballot: 4 } queue_len=77
[PAXOS-TICK] phase=WaitingForPromises elapsed=1 timeout=15 ballot=7 promises=0 accepted=0
[step=92] DELIVER from=1 to=13 type=Prepare { ballot: 4 } queue_len=77
[PAXOS-TICK] phase=WaitingForPromises elapsed=2 timeout=15 ballot=7 promises=0 accepted=0
[step=93] DELIVER from=1 to=14 type=Prepare { ballot: 4 } queue_len=77
[PAXOS-TICK] phase=WaitingForPromises elapsed=3 timeout=15 ballot=7 promises=0 accepted=0
[step=94] DELIVER from=1 to=15 type=Prepare { ballot: 4 } queue_len=77
[PAXOS-TICK] phase=WaitingForPromises elapsed=4 timeout=15 ballot=7 promises=0 accepted=0
[step=95] DELIVER from=5 to=1 type=Promise { ballot: 2, accepted_ballot: None, accepted_value: None } queue_len=77
[PROMISE-TRACE] from=5 received_ballot=2 current_ballot=7 match=false
[PAXOS-TICK] phase=WaitingForPromises elapsed=5 timeout=15 ballot=7 promises=0 accepted=0
[step=96] DELIVER from=11 to=1 type=Promise { ballot: 2, accepted_ballot: None, accepted_value: None } queue_len=76
[PROMISE-TRACE] from=11 received_ballot=2 current_ballot=7 match=false
[PAXOS-TICK] phase=WaitingForPromises elapsed=6 timeout=15 ballot=7 promises=0 accepted=0
[step=97] DELIVER from=10 to=1 type=Promise { ballot: 2, accepted_ballot: None, accepted_value: None } queue_len=75
[PROMISE-TRACE] from=10 received_ballot=2 current_ballot=7 match=false
[PAXOS-TICK] phase=WaitingForPromises elapsed=7 timeout=15 ballot=7 promises=0 accepted=0
[step=98] DELIVER from=1 to=1 type=Promise { ballot: 3, accepted_ballot: None, accepted_value: None } queue_len=74
[PROMISE-TRACE] from=1 received_ballot=3 current_ballot=7 match=false
[PAXOS-TICK] phase=WaitingForPromises elapsed=8 timeout=15 ballot=7 promises=0 accepted=0
[step=99] DELIVER from=2 to=1 type=Promise { ballot: 3, accepted_ballot: None, accepted_value: None } queue_len=73
[PROMISE-TRACE] from=2 received_ballot=3 current_ballot=7 match=false
[PAXOS-TICK] phase=WaitingForPromises elapsed=9 timeout=15 ballot=7 promises=0 accepted=0
[step=100] DELIVER from=3 to=1 type=Promise { ballot: 3, accepted_ballot: None, accepted_value: None } queue_len=72
[PROMISE-TRACE] from=3 received_ballot=3 current_ballot=7 match=false
[PAXOS-TICK] phase=WaitingForPromises elapsed=10 timeout=15 ballot=7 promises=0 accepted=0
[step=101] DELIVER from=4 to=1 type=Promise { ballot: 3, accepted_ballot: None, accepted_value: None } queue_len=71
[PROMISE-TRACE] from=4 received_ballot=3 current_ballot=7 match=false
[PAXOS-TICK] phase=WaitingForPromises elapsed=11 timeout=15 ballot=7 promises=0 accepted=0
[step=102] DELIVER from=5 to=1 type=Promise { ballot: 3, accepted_ballot: None, accepted_value: None } queue_len=70
[PROMISE-TRACE] from=5 received_ballot=3 current_ballot=7 match=false
[PAXOS-TICK] phase=WaitingForPromises elapsed=12 timeout=15 ballot=7 promises=0 accepted=0
[step=103] DELIVER from=6 to=1 type=Promise { ballot: 3, accepted_ballot: None, accepted_value: None } queue_len=69
[PROMISE-TRACE] from=6 received_ballot=3 current_ballot=7 match=false
[PAXOS-TICK] phase=WaitingForPromises elapsed=13 timeout=15 ballot=7 promises=0 accepted=0
[step=104] DELIVER from=7 to=1 type=Promise { ballot: 3, accepted_ballot: None, accepted_value: None } queue_len=68
[PROMISE-TRACE] from=7 received_ballot=3 current_ballot=7 match=false
[PAXOS-TICK] phase=WaitingForPromises elapsed=14 timeout=15 ballot=7 promises=0 accepted=0
[TIMEOUT-CAUSE] phase=WaitingForPromises ballot=7 promises=0 accepted=0 quorum=8
[step=105] DELIVER from=8 to=1 type=Promise { ballot: 3, accepted_ballot: None, accepted_value: None } queue_len=82
[PROMISE-TRACE] from=8 received_ballot=3 current_ballot=8 match=false
[PAXOS-TICK] phase=WaitingForPromises elapsed=0 timeout=15 ballot=8 promises=0 accepted=0
[step=106] DELIVER from=1 to=1 type=Prepare { ballot: 5 } queue_len=81
[PAXOS-TICK] phase=WaitingForPromises elapsed=1 timeout=15 ballot=8 promises=0 accepted=0
[step=107] DELIVER from=1 to=2 type=Prepare { ballot: 5 } queue_len=81
[PAXOS-TICK] phase=WaitingForPromises elapsed=2 timeout=15 ballot=8 promises=0 accepted=0
[step=108] DELIVER from=1 to=3 type=Prepare { ballot: 5 } queue_len=81
[PAXOS-TICK] phase=WaitingForPromises elapsed=3 timeout=15 ballot=8 promises=0 accepted=0
[step=109] DELIVER from=1 to=4 type=Prepare { ballot: 5 } queue_len=81
[PAXOS-TICK] phase=WaitingForPromises elapsed=4 timeout=15 ballot=8 promises=0 accepted=0
[step=110] DELIVER from=1 to=5 type=Prepare { ballot: 5 } queue_len=81
[PAXOS-TICK] phase=WaitingForPromises elapsed=5 timeout=15 ballot=8 promises=0 accepted=0
[step=111] DELIVER from=1 to=6 type=Prepare { ballot: 5 } queue_len=81
[PAXOS-TICK] phase=WaitingForPromises elapsed=6 timeout=15 ballot=8 promises=0 accepted=0
[step=112] DELIVER from=1 to=7 type=Prepare { ballot: 5 } queue_len=81
[PAXOS-TICK] phase=WaitingForPromises elapsed=7 timeout=15 ballot=8 promises=0 accepted=0
[step=113] DELIVER from=1 to=8 type=Prepare { ballot: 5 } queue_len=81
[PAXOS-TICK] phase=WaitingForPromises elapsed=8 timeout=15 ballot=8 promises=0 accepted=0
[step=114] DELIVER from=1 to=9 type=Prepare { ballot: 5 } queue_len=81
[PAXOS-TICK] phase=WaitingForPromises elapsed=9 timeout=15 ballot=8 promises=0 accepted=0
[step=115] DELIVER from=1 to=10 type=Prepare { ballot: 5 } queue_len=81
[PAXOS-TICK] phase=WaitingForPromises elapsed=10 timeout=15 ballot=8 promises=0 accepted=0
[step=116] DELIVER from=1 to=11 type=Prepare { ballot: 5 } queue_len=81
[PAXOS-TICK] phase=WaitingForPromises elapsed=11 timeout=15 ballot=8 promises=0 accepted=0
[step=117] DELIVER from=1 to=12 type=Prepare { ballot: 5 } queue_len=81
[PAXOS-TICK] phase=WaitingForPromises elapsed=12 timeout=15 ballot=8 promises=0 accepted=0
[step=118] DELIVER from=1 to=13 type=Prepare { ballot: 5 } queue_len=81
[PAXOS-TICK] phase=WaitingForPromises elapsed=13 timeout=15 ballot=8 promises=0 accepted=0
[step=119] DELIVER from=1 to=14 type=Prepare { ballot: 5 } queue_len=81
[PAXOS-TICK] phase=WaitingForPromises elapsed=14 timeout=15 ballot=8 promises=0 accepted=0
[TIMEOUT-CAUSE] phase=WaitingForPromises ballot=8 promises=0 accepted=0 quorum=8
[step=120] DELIVER from=1 to=15 type=Prepare { ballot: 5 } queue_len=96
[PAXOS-TICK] phase=WaitingForPromises elapsed=0 timeout=15 ballot=9 promises=0 accepted=0
[step=121] DELIVER from=9 to=1 type=Promise { ballot: 3, accepted_ballot: None, accepted_value: None } queue_len=96
[PROMISE-TRACE] from=9 received_ballot=3 current_ballot=9 match=false
[PAXOS-TICK] phase=WaitingForPromises elapsed=1 timeout=15 ballot=9 promises=0 accepted=0
[step=122] DELIVER from=10 to=1 type=Promise { ballot: 3, accepted_ballot: None, accepted_value: None } queue_len=95
[PROMISE-TRACE] from=10 received_ballot=3 current_ballot=9 match=false
[PAXOS-TICK] phase=WaitingForPromises elapsed=2 timeout=15 ballot=9 promises=0 accepted=0
[step=123] DELIVER from=11 to=1 type=Promise { ballot: 3, accepted_ballot: None, accepted_value: None } queue_len=94
[PROMISE-TRACE] from=11 received_ballot=3 current_ballot=9 match=false
[PAXOS-TICK] phase=WaitingForPromises elapsed=3 timeout=15 ballot=9 promises=0 accepted=0
[step=124] DELIVER from=12 to=1 type=Promise { ballot: 3, accepted_ballot: None, accepted_value: None } queue_len=93
[PROMISE-TRACE] from=12 received_ballot=3 current_ballot=9 match=false
[PAXOS-TICK] phase=WaitingForPromises elapsed=4 timeout=15 ballot=9 promises=0 accepted=0
[step=125] DELIVER from=13 to=1 type=Promise { ballot: 3, accepted_ballot: None, accepted_value: None } queue_len=92
[PROMISE-TRACE] from=13 received_ballot=3 current_ballot=9 match=false
[PAXOS-TICK] phase=WaitingForPromises elapsed=5 timeout=15 ballot=9 promises=0 accepted=0
[step=126] DELIVER from=14 to=1 type=Promise { ballot: 3, accepted_ballot: None, accepted_value: None } queue_len=91
[PROMISE-TRACE] from=14 received_ballot=3 current_ballot=9 match=false
[PAXOS-TICK] phase=WaitingForPromises elapsed=6 timeout=15 ballot=9 promises=0 accepted=0
[step=127] DELIVER from=15 to=1 type=Promise { ballot: 3, accepted_ballot: None, accepted_value: None } queue_len=90
[PROMISE-TRACE] from=15 received_ballot=3 current_ballot=9 match=false
[PAXOS-TICK] phase=WaitingForPromises elapsed=7 timeout=15 ballot=9 promises=0 accepted=0
[step=128] DELIVER from=1 to=1 type=Prepare { ballot: 6 } queue_len=89
[PAXOS-TICK] phase=WaitingForPromises elapsed=8 timeout=15 ballot=9 promises=0 accepted=0
[step=129] DELIVER from=1 to=2 type=Prepare { ballot: 6 } queue_len=89
[PAXOS-TICK] phase=WaitingForPromises elapsed=9 timeout=15 ballot=9 promises=0 accepted=0
[step=130] DELIVER from=1 to=3 type=Prepare { ballot: 6 } queue_len=89
[PAXOS-TICK] phase=WaitingForPromises elapsed=10 timeout=15 ballot=9 promises=0 accepted=0
[step=131] DELIVER from=1 to=4 type=Prepare { ballot: 6 } queue_len=89
[PAXOS-TICK] phase=WaitingForPromises elapsed=11 timeout=15 ballot=9 promises=0 accepted=0
[step=132] DELIVER from=1 to=5 type=Prepare { ballot: 6 } queue_len=89
[PAXOS-TICK] phase=WaitingForPromises elapsed=12 timeout=15 ballot=9 promises=0 accepted=0
[step=133] DELIVER from=1 to=6 type=Prepare { ballot: 6 } queue_len=89
[PAXOS-TICK] phase=WaitingForPromises elapsed=13 timeout=15 ballot=9 promises=0 accepted=0
[step=134] DELIVER from=1 to=7 type=Prepare { ballot: 6 } queue_len=89
[PAXOS-TICK] phase=WaitingForPromises elapsed=14 timeout=15 ballot=9 promises=0 accepted=0
[TIMEOUT-CAUSE] phase=WaitingForPromises ballot=9 promises=0 accepted=0 quorum=8
[step=135] DELIVER from=1 to=8 type=Prepare { ballot: 6 } queue_len=104
[PAXOS-TICK] phase=WaitingForPromises elapsed=0 timeout=15 ballot=10 promises=0 accepted=0
[step=136] DELIVER from=1 to=9 type=Prepare { ballot: 6 } queue_len=104
[PAXOS-TICK] phase=WaitingForPromises elapsed=1 timeout=15 ballot=10 promises=0 accepted=0
[step=137] DELIVER from=1 to=10 type=Prepare { ballot: 6 } queue_len=104
[PAXOS-TICK] phase=WaitingForPromises elapsed=2 timeout=15 ballot=10 promises=0 accepted=0
[step=138] DELIVER from=1 to=11 type=Prepare { ballot: 6 } queue_len=104
[PAXOS-TICK] phase=WaitingForPromises elapsed=3 timeout=15 ballot=10 promises=0 accepted=0
[step=139] DELIVER from=1 to=12 type=Prepare { ballot: 6 } queue_len=104
[PAXOS-TICK] phase=WaitingForPromises elapsed=4 timeout=15 ballot=10 promises=0 accepted=0
[step=140] DELIVER from=1 to=13 type=Prepare { ballot: 6 } queue_len=104
[PAXOS-TICK] phase=WaitingForPromises elapsed=5 timeout=15 ballot=10 promises=0 accepted=0
[step=141] DELIVER from=1 to=14 type=Prepare { ballot: 6 } queue_len=104
[PAXOS-TICK] phase=WaitingForPromises elapsed=6 timeout=15 ballot=10 promises=0 accepted=0
[step=142] DELIVER from=1 to=15 type=Prepare { ballot: 6 } queue_len=104
[PAXOS-TICK] phase=WaitingForPromises elapsed=7 timeout=15 ballot=10 promises=0 accepted=0
[step=143] DELIVER from=1 to=1 type=Promise { ballot: 4, accepted_ballot: None, accepted_value: None } queue_len=104
[PROMISE-TRACE] from=1 received_ballot=4 current_ballot=10 match=false
[PAXOS-TICK] phase=WaitingForPromises elapsed=8 timeout=15 ballot=10 promises=0 accepted=0
[step=144] DELIVER from=2 to=1 type=Promise { ballot: 4, accepted_ballot: None, accepted_value: None } queue_len=103
[PROMISE-TRACE] from=2 received_ballot=4 current_ballot=10 match=false
[PAXOS-TICK] phase=WaitingForPromises elapsed=9 timeout=15 ballot=10 promises=0 accepted=0
[step=145] DELIVER from=3 to=1 type=Promise { ballot: 4, accepted_ballot: None, accepted_value: None } queue_len=102
[PROMISE-TRACE] from=3 received_ballot=4 current_ballot=10 match=false
[PAXOS-TICK] phase=WaitingForPromises elapsed=10 timeout=15 ballot=10 promises=0 accepted=0
[step=146] DELIVER from=4 to=1 type=Promise { ballot: 4, accepted_ballot: None, accepted_value: None } queue_len=101
[PROMISE-TRACE] from=4 received_ballot=4 current_ballot=10 match=false
[PAXOS-TICK] phase=WaitingForPromises elapsed=11 timeout=15 ballot=10 promises=0 accepted=0
[step=147] DELIVER from=5 to=1 type=Promise { ballot: 4, accepted_ballot: None, accepted_value: None } queue_len=100
[PROMISE-TRACE] from=5 received_ballot=4 current_ballot=10 match=false
[PAXOS-TICK] phase=WaitingForPromises elapsed=12 timeout=15 ballot=10 promises=0 accepted=0
[step=148] DELIVER from=6 to=1 type=Promise { ballot: 4, accepted_ballot: None, accepted_value: None } queue_len=99
[PROMISE-TRACE] from=6 received_ballot=4 current_ballot=10 match=false
[PAXOS-TICK] phase=WaitingForPromises elapsed=13 timeout=15 ballot=10 promises=0 accepted=0
[step=149] DELIVER from=7 to=1 type=Promise { ballot: 4, accepted_ballot: None, accepted_value: None } queue_len=98
[PROMISE-TRACE] from=7 received_ballot=4 current_ballot=10 match=false
[PAXOS-TICK] phase=WaitingForPromises elapsed=14 timeout=15 ballot=10 promises=0 accepted=0
[TIMEOUT-CAUSE] phase=WaitingForPromises ballot=10 promises=0 accepted=0 quorum=8
[step=150] DELIVER from=8 to=1 type=Promise { ballot: 4, accepted_ballot: None, accepted_value: None } queue_len=112
[PROMISE-TRACE] from=8 received_ballot=4 current_ballot=11 match=false
[PAXOS-TICK] phase=WaitingForPromises elapsed=0 timeout=15 ballot=11 promises=0 accepted=0
[step=151] DELIVER from=9 to=1 type=Promise { ballot: 4, accepted_ballot: None, accepted_value: None } queue_len=111
[PROMISE-TRACE] from=9 received_ballot=4 current_ballot=11 match=false
[PAXOS-TICK] phase=WaitingForPromises elapsed=1 timeout=15 ballot=11 promises=0 accepted=0
[step=152] DELIVER from=10 to=1 type=Promise { ballot: 4, accepted_ballot: None, accepted_value: None } queue_len=110
[PROMISE-TRACE] from=10 received_ballot=4 current_ballot=11 match=false
[PAXOS-TICK] phase=WaitingForPromises elapsed=2 timeout=15 ballot=11 promises=0 accepted=0
[step=153] DELIVER from=1 to=1 type=Prepare { ballot: 7 } queue_len=109
[PAXOS-TICK] phase=WaitingForPromises elapsed=3 timeout=15 ballot=11 promises=0 accepted=0
[step=154] DELIVER from=1 to=2 type=Prepare { ballot: 7 } queue_len=109
[PAXOS-TICK] phase=WaitingForPromises elapsed=4 timeout=15 ballot=11 promises=0 accepted=0
[step=155] DELIVER from=1 to=3 type=Prepare { ballot: 7 } queue_len=109
[PAXOS-TICK] phase=WaitingForPromises elapsed=5 timeout=15 ballot=11 promises=0 accepted=0
[step=156] DELIVER from=1 to=4 type=Prepare { ballot: 7 } queue_len=109
[PAXOS-TICK] phase=WaitingForPromises elapsed=6 timeout=15 ballot=11 promises=0 accepted=0
[step=157] DELIVER from=1 to=5 type=Prepare { ballot: 7 } queue_len=109
[PAXOS-TICK] phase=WaitingForPromises elapsed=7 timeout=15 ballot=11 promises=0 accepted=0
[step=158] DELIVER from=1 to=6 type=Prepare { ballot: 7 } queue_len=109
[PAXOS-TICK] phase=WaitingForPromises elapsed=8 timeout=15 ballot=11 promises=0 accepted=0
[step=159] DELIVER from=1 to=7 type=Prepare { ballot: 7 } queue_len=109
[PAXOS-TICK] phase=WaitingForPromises elapsed=9 timeout=15 ballot=11 promises=0 accepted=0
[step=160] DELIVER from=1 to=8 type=Prepare { ballot: 7 } queue_len=109
[PAXOS-TICK] phase=WaitingForPromises elapsed=10 timeout=15 ballot=11 promises=0 accepted=0
[step=161] DELIVER from=1 to=9 type=Prepare { ballot: 7 } queue_len=109
[PAXOS-TICK] phase=WaitingForPromises elapsed=11 timeout=15 ballot=11 promises=0 accepted=0
[step=162] DELIVER from=1 to=10 type=Prepare { ballot: 7 } queue_len=109
[PAXOS-TICK] phase=WaitingForPromises elapsed=12 timeout=15 ballot=11 promises=0 accepted=0
[step=163] DELIVER from=1 to=11 type=Prepare { ballot: 7 } queue_len=109
[PAXOS-TICK] phase=WaitingForPromises elapsed=13 timeout=15 ballot=11 promises=0 accepted=0
[step=164] DELIVER from=1 to=12 type=Prepare { ballot: 7 } queue_len=109
[PAXOS-TICK] phase=WaitingForPromises elapsed=14 timeout=15 ballot=11 promises=0 accepted=0
[TIMEOUT-CAUSE] phase=WaitingForPromises ballot=11 promises=0 accepted=0 quorum=8
[step=165] DELIVER from=1 to=13 type=Prepare { ballot: 7 } queue_len=124
[PAXOS-TICK] phase=WaitingForPromises elapsed=0 timeout=15 ballot=12 promises=0 accepted=0
[step=166] DELIVER from=1 to=14 type=Prepare { ballot: 7 } queue_len=124
[PAXOS-TICK] phase=WaitingForPromises elapsed=1 timeout=15 ballot=12 promises=0 accepted=0
[step=167] DELIVER from=1 to=15 type=Prepare { ballot: 7 } queue_len=124
[PAXOS-TICK] phase=WaitingForPromises elapsed=2 timeout=15 ballot=12 promises=0 accepted=0
[step=168] DELIVER from=11 to=1 type=Promise { ballot: 4, accepted_ballot: None, accepted_value: None } queue_len=124
[PROMISE-TRACE] from=11 received_ballot=4 current_ballot=12 match=false
[PAXOS-TICK] phase=WaitingForPromises elapsed=3 timeout=15 ballot=12 promises=0 accepted=0
[step=169] DELIVER from=12 to=1 type=Promise { ballot: 4, accepted_ballot: None, accepted_value: None } queue_len=123
[PROMISE-TRACE] from=12 received_ballot=4 current_ballot=12 match=false
[PAXOS-TICK] phase=WaitingForPromises elapsed=4 timeout=15 ballot=12 promises=0 accepted=0
[step=170] DELIVER from=13 to=1 type=Promise { ballot: 4, accepted_ballot: None, accepted_value: None } queue_len=122
[PROMISE-TRACE] from=13 received_ballot=4 current_ballot=12 match=false
[PAXOS-TICK] phase=WaitingForPromises elapsed=5 timeout=15 ballot=12 promises=0 accepted=0
[step=171] DELIVER from=14 to=1 type=Promise { ballot: 4, accepted_ballot: None, accepted_value: None } queue_len=121
[PROMISE-TRACE] from=14 received_ballot=4 current_ballot=12 match=false
[PAXOS-TICK] phase=WaitingForPromises elapsed=6 timeout=15 ballot=12 promises=0 accepted=0
[step=172] DELIVER from=15 to=1 type=Promise { ballot: 4, accepted_ballot: None, accepted_value: None } queue_len=120
[PROMISE-TRACE] from=15 received_ballot=4 current_ballot=12 match=false
[PAXOS-TICK] phase=WaitingForPromises elapsed=7 timeout=15 ballot=12 promises=0 accepted=0
[step=173] DELIVER from=1 to=1 type=Prepare { ballot: 8 } queue_len=119
[PAXOS-TICK] phase=WaitingForPromises elapsed=8 timeout=15 ballot=12 promises=0 accepted=0
[step=174] DELIVER from=1 to=2 type=Prepare { ballot: 8 } queue_len=119
[PAXOS-TICK] phase=WaitingForPromises elapsed=9 timeout=15 ballot=12 promises=0 accepted=0
[step=175] DELIVER from=1 to=3 type=Prepare { ballot: 8 } queue_len=119
[PAXOS-TICK] phase=WaitingForPromises elapsed=10 timeout=15 ballot=12 promises=0 accepted=0
[step=176] DELIVER from=1 to=4 type=Prepare { ballot: 8 } queue_len=119
[PAXOS-TICK] phase=WaitingForPromises elapsed=11 timeout=15 ballot=12 promises=0 accepted=0
[step=177] DELIVER from=1 to=5 type=Prepare { ballot: 8 } queue_len=119
[PAXOS-TICK] phase=WaitingForPromises elapsed=12 timeout=15 ballot=12 promises=0 accepted=0
[step=178] DELIVER from=1 to=6 type=Prepare { ballot: 8 } queue_len=119
[PAXOS-TICK] phase=WaitingForPromises elapsed=13 timeout=15 ballot=12 promises=0 accepted=0
[step=179] DELIVER from=1 to=7 type=Prepare { ballot: 8 } queue_len=119
[PAXOS-TICK] phase=WaitingForPromises elapsed=14 timeout=15 ballot=12 promises=0 accepted=0
[TIMEOUT-CAUSE] phase=WaitingForPromises ballot=12 promises=0 accepted=0 quorum=8
[step=180] DELIVER from=1 to=8 type=Prepare { ballot: 8 } queue_len=134
[PAXOS-TICK] phase=WaitingForPromises elapsed=0 timeout=15 ballot=13 promises=0 accepted=0
[step=181] DELIVER from=1 to=9 type=Prepare { ballot: 8 } queue_len=134
[PAXOS-TICK] phase=WaitingForPromises elapsed=1 timeout=15 ballot=13 promises=0 accepted=0
[step=182] DELIVER from=1 to=10 type=Prepare { ballot: 8 } queue_len=134
[PAXOS-TICK] phase=WaitingForPromises elapsed=2 timeout=15 ballot=13 promises=0 accepted=0
[step=183] DELIVER from=1 to=11 type=Prepare { ballot: 8 } queue_len=134
[PAXOS-TICK] phase=WaitingForPromises elapsed=3 timeout=15 ballot=13 promises=0 accepted=0
[step=184] DELIVER from=1 to=12 type=Prepare { ballot: 8 } queue_len=134
[PAXOS-TICK] phase=WaitingForPromises elapsed=4 timeout=15 ballot=13 promises=0 accepted=0
[step=185] DELIVER from=1 to=13 type=Prepare { ballot: 8 } queue_len=134
[PAXOS-TICK] phase=WaitingForPromises elapsed=5 timeout=15 ballot=13 promises=0 accepted=0
[step=186] DELIVER from=1 to=14 type=Prepare { ballot: 8 } queue_len=134
[PAXOS-TICK] phase=WaitingForPromises elapsed=6 timeout=15 ballot=13 promises=0 accepted=0
[step=187] DELIVER from=1 to=15 type=Prepare { ballot: 8 } queue_len=134
[PAXOS-TICK] phase=WaitingForPromises elapsed=7 timeout=15 ballot=13 promises=0 accepted=0
[step=188] DELIVER from=1 to=1 type=Promise { ballot: 5, accepted_ballot: None, accepted_value: None } queue_len=134
[PROMISE-TRACE] from=1 received_ballot=5 current_ballot=13 match=false
[PAXOS-TICK] phase=WaitingForPromises elapsed=8 timeout=15 ballot=13 promises=0 accepted=0
[step=189] DELIVER from=2 to=1 type=Promise { ballot: 5, accepted_ballot: None, accepted_value: None } queue_len=133
[PROMISE-TRACE] from=2 received_ballot=5 current_ballot=13 match=false
[PAXOS-TICK] phase=WaitingForPromises elapsed=9 timeout=15 ballot=13 promises=0 accepted=0
[step=190] DELIVER from=3 to=1 type=Promise { ballot: 5, accepted_ballot: None, accepted_value: None } queue_len=132
[PROMISE-TRACE] from=3 received_ballot=5 current_ballot=13 match=false
[PAXOS-TICK] phase=WaitingForPromises elapsed=10 timeout=15 ballot=13 promises=0 accepted=0
[step=191] DELIVER from=4 to=1 type=Promise { ballot: 5, accepted_ballot: None, accepted_value: None } queue_len=131
[PROMISE-TRACE] from=4 received_ballot=5 current_ballot=13 match=false
[PAXOS-TICK] phase=WaitingForPromises elapsed=11 timeout=15 ballot=13 promises=0 accepted=0
[step=192] DELIVER from=5 to=1 type=Promise { ballot: 5, accepted_ballot: None, accepted_value: None } queue_len=130
[PROMISE-TRACE] from=5 received_ballot=5 current_ballot=13 match=false
[PAXOS-TICK] phase=WaitingForPromises elapsed=12 timeout=15 ballot=13 promises=0 accepted=0
[step=193] DELIVER from=6 to=1 type=Promise { ballot: 5, accepted_ballot: None, accepted_value: None } queue_len=129
[PROMISE-TRACE] from=6 received_ballot=5 current_ballot=13 match=false
[PAXOS-TICK] phase=WaitingForPromises elapsed=13 timeout=15 ballot=13 promises=0 accepted=0
[step=194] DELIVER from=7 to=1 type=Promise { ballot: 5, accepted_ballot: None, accepted_value: None } queue_len=128
[PROMISE-TRACE] from=7 received_ballot=5 current_ballot=13 match=false
[PAXOS-TICK] phase=WaitingForPromises elapsed=14 timeout=15 ballot=13 promises=0 accepted=0
[TIMEOUT-CAUSE] phase=WaitingForPromises ballot=13 promises=0 accepted=0 quorum=8
[step=195] DELIVER from=8 to=1 type=Promise { ballot: 5, accepted_ballot: None, accepted_value: None } queue_len=142
[PROMISE-TRACE] from=8 received_ballot=5 current_ballot=14 match=false
[PAXOS-TICK] phase=WaitingForPromises elapsed=0 timeout=15 ballot=14 promises=0 accepted=0
[step=196] DELIVER from=9 to=1 type=Promise { ballot: 5, accepted_ballot: None, accepted_value: None } queue_len=141
[PROMISE-TRACE] from=9 received_ballot=5 current_ballot=14 match=false
[PAXOS-TICK] phase=WaitingForPromises elapsed=1 timeout=15 ballot=14 promises=0 accepted=0
[step=197] DELIVER from=10 to=1 type=Promise { ballot: 5, accepted_ballot: None, accepted_value: None } queue_len=140
[PROMISE-TRACE] from=10 received_ballot=5 current_ballot=14 match=false
[PAXOS-TICK] phase=WaitingForPromises elapsed=2 timeout=15 ballot=14 promises=0 accepted=0
[step=198] DELIVER from=11 to=1 type=Promise { ballot: 5, accepted_ballot: None, accepted_value: None } queue_len=139
[PROMISE-TRACE] from=11 received_ballot=5 current_ballot=14 match=false
[PAXOS-TICK] phase=WaitingForPromises elapsed=3 timeout=15 ballot=14 promises=0 accepted=0
[step=199] DELIVER from=12 to=1 type=Promise { ballot: 5, accepted_ballot: None, accepted_value: None } queue_len=138
[PROMISE-TRACE] from=12 received_ballot=5 current_ballot=14 match=false
[PAXOS-TICK] phase=WaitingForPromises elapsed=4 timeout=15 ballot=14 promises=0 accepted=0
[step=200] DELIVER from=13 to=1 type=Promise { ballot: 5, accepted_ballot: None, accepted_value: None } queue_len=137
[PROMISE-TRACE] from=13 received_ballot=5 current_ballot=14 match=false
[PAXOS-TICK] phase=WaitingForPromises elapsed=5 timeout=15 ballot=14 promises=0 accepted=0
[step=201] DELIVER from=14 to=1 type=Promise { ballot: 5, accepted_ballot: None, accepted_value: None } queue_len=136
[PROMISE-TRACE] from=14 received_ballot=5 current_ballot=14 match=false
[PAXOS-TICK] phase=WaitingForPromises elapsed=6 timeout=15 ballot=14 promises=0 accepted=0
[step=202] DELIVER from=1 to=1 type=Prepare { ballot: 9 } queue_len=135
[PAXOS-TICK] phase=WaitingForPromises elapsed=7 timeout=15 ballot=14 promises=0 accepted=0
[step=203] DELIVER from=1 to=2 type=Prepare { ballot: 9 } queue_len=135
[PAXOS-TICK] phase=WaitingForPromises elapsed=8 timeout=15 ballot=14 promises=0 accepted=0
[step=204] DELIVER from=1 to=3 type=Prepare { ballot: 9 } queue_len=135
[PAXOS-TICK] phase=WaitingForPromises elapsed=9 timeout=15 ballot=14 promises=0 accepted=0
[step=205] DELIVER from=1 to=4 type=Prepare { ballot: 9 } queue_len=135
[PAXOS-TICK] phase=WaitingForPromises elapsed=10 timeout=15 ballot=14 promises=0 accepted=0
[step=206] DELIVER from=1 to=5 type=Prepare { ballot: 9 } queue_len=135
[PAXOS-TICK] phase=WaitingForPromises elapsed=11 timeout=15 ballot=14 promises=0 accepted=0
[step=207] DELIVER from=1 to=6 type=Prepare { ballot: 9 } queue_len=135
[PAXOS-TICK] phase=WaitingForPromises elapsed=12 timeout=15 ballot=14 promises=0 accepted=0
[step=208] DELIVER from=1 to=7 type=Prepare { ballot: 9 } queue_len=135
[PAXOS-TICK] phase=WaitingForPromises elapsed=13 timeout=15 ballot=14 promises=0 accepted=0
[step=209] DELIVER from=1 to=8 type=Prepare { ballot: 9 } queue_len=135
[PAXOS-TICK] phase=WaitingForPromises elapsed=14 timeout=15 ballot=14 promises=0 accepted=0
[TIMEOUT-CAUSE] phase=WaitingForPromises ballot=14 promises=0 accepted=0 quorum=8
[step=210] DELIVER from=1 to=9 type=Prepare { ballot: 9 } queue_len=150
[PAXOS-TICK] phase=WaitingForPromises elapsed=0 timeout=15 ballot=15 promises=0 accepted=0
[step=211] DELIVER from=1 to=10 type=Prepare { ballot: 9 } queue_len=150
[PAXOS-TICK] phase=WaitingForPromises elapsed=1 timeout=15 ballot=15 promises=0 accepted=0
[step=212] DELIVER from=1 to=11 type=Prepare { ballot: 9 } queue_len=150
[PAXOS-TICK] phase=WaitingForPromises elapsed=2 timeout=15 ballot=15 promises=0 accepted=0
[step=213] DELIVER from=1 to=12 type=Prepare { ballot: 9 } queue_len=150
[PAXOS-TICK] phase=WaitingForPromises elapsed=3 timeout=15 ballot=15 promises=0 accepted=0
[step=214] DELIVER from=1 to=13 type=Prepare { ballot: 9 } queue_len=150
[PAXOS-TICK] phase=WaitingForPromises elapsed=4 timeout=15 ballot=15 promises=0 accepted=0
[step=215] DELIVER from=1 to=14 type=Prepare { ballot: 9 } queue_len=150
[PAXOS-TICK] phase=WaitingForPromises elapsed=5 timeout=15 ballot=15 promises=0 accepted=0
[step=216] DELIVER from=1 to=15 type=Prepare { ballot: 9 } queue_len=150
[PAXOS-TICK] phase=WaitingForPromises elapsed=6 timeout=15 ballot=15 promises=0 accepted=0
[step=217] DELIVER from=15 to=1 type=Promise { ballot: 5, accepted_ballot: None, accepted_value: None } queue_len=150
[PROMISE-TRACE] from=15 received_ballot=5 current_ballot=15 match=false
[PAXOS-TICK] phase=WaitingForPromises elapsed=7 timeout=15 ballot=15 promises=0 accepted=0
[step=218] DELIVER from=1 to=1 type=Promise { ballot: 6, accepted_ballot: None, accepted_value: None } queue_len=149
[PROMISE-TRACE] from=1 received_ballot=6 current_ballot=15 match=false
[PAXOS-TICK] phase=WaitingForPromises elapsed=8 timeout=15 ballot=15 promises=0 accepted=0
[step=219] DELIVER from=2 to=1 type=Promise { ballot: 6, accepted_ballot: None, accepted_value: None } queue_len=148
[PROMISE-TRACE] from=2 received_ballot=6 current_ballot=15 match=false
[PAXOS-TICK] phase=WaitingForPromises elapsed=9 timeout=15 ballot=15 promises=0 accepted=0
[step=220] DELIVER from=3 to=1 type=Promise { ballot: 6, accepted_ballot: None, accepted_value: None } queue_len=147
[PROMISE-TRACE] from=3 received_ballot=6 current_ballot=15 match=false
[PAXOS-TICK] phase=WaitingForPromises elapsed=10 timeout=15 ballot=15 promises=0 accepted=0
[step=221] DELIVER from=4 to=1 type=Promise { ballot: 6, accepted_ballot: None, accepted_value: None } queue_len=146
[PROMISE-TRACE] from=4 received_ballot=6 current_ballot=15 match=false
[PAXOS-TICK] phase=WaitingForPromises elapsed=11 timeout=15 ballot=15 promises=0 accepted=0
[step=222] DELIVER from=5 to=1 type=Promise { ballot: 6, accepted_ballot: None, accepted_value: None } queue_len=145
[PROMISE-TRACE] from=5 received_ballot=6 current_ballot=15 match=false
[PAXOS-TICK] phase=WaitingForPromises elapsed=12 timeout=15 ballot=15 promises=0 accepted=0
[step=223] DELIVER from=6 to=1 type=Promise { ballot: 6, accepted_ballot: None, accepted_value: None } queue_len=144
[PROMISE-TRACE] from=6 received_ballot=6 current_ballot=15 match=false
[PAXOS-TICK] phase=WaitingForPromises elapsed=13 timeout=15 ballot=15 promises=0 accepted=0
[step=224] DELIVER from=7 to=1 type=Promise { ballot: 6, accepted_ballot: None, accepted_value: None } queue_len=143
[PROMISE-TRACE] from=7 received_ballot=6 current_ballot=15 match=false
[PAXOS-TICK] phase=WaitingForPromises elapsed=14 timeout=15 ballot=15 promises=0 accepted=0
[TIMEOUT-CAUSE] phase=WaitingForPromises ballot=15 promises=0 accepted=0 quorum=8
[step=225] DELIVER from=1 to=1 type=Prepare { ballot: 10 } queue_len=157
[PAXOS-TICK] phase=WaitingForPromises elapsed=0 timeout=15 ballot=16 promises=0 accepted=0
[step=226] DELIVER from=1 to=2 type=Prepare { ballot: 10 } queue_len=157
[PAXOS-TICK] phase=WaitingForPromises elapsed=1 timeout=15 ballot=16 promises=0 accepted=0
[step=227] DELIVER from=1 to=3 type=Prepare { ballot: 10 } queue_len=157
[PAXOS-TICK] phase=WaitingForPromises elapsed=2 timeout=15 ballot=16 promises=0 accepted=0
[step=228] DELIVER from=1 to=4 type=Prepare { ballot: 10 } queue_len=157
[PAXOS-TICK] phase=WaitingForPromises elapsed=3 timeout=15 ballot=16 promises=0 accepted=0
[step=229] DELIVER from=1 to=5 type=Prepare { ballot: 10 } queue_len=157
[PAXOS-TICK] phase=WaitingForPromises elapsed=4 timeout=15 ballot=16 promises=0 accepted=0
[step=230] DELIVER from=1 to=6 type=Prepare { ballot: 10 } queue_len=157
[PAXOS-TICK] phase=WaitingForPromises elapsed=5 timeout=15 ballot=16 promises=0 accepted=0
[step=231] DELIVER from=1 to=7 type=Prepare { ballot: 10 } queue_len=157
[PAXOS-TICK] phase=WaitingForPromises elapsed=6 timeout=15 ballot=16 promises=0 accepted=0
[step=232] DELIVER from=1 to=8 type=Prepare { ballot: 10 } queue_len=157
[PAXOS-TICK] phase=WaitingForPromises elapsed=7 timeout=15 ballot=16 promises=0 accepted=0
[step=233] DELIVER from=1 to=9 type=Prepare { ballot: 10 } queue_len=157
[PAXOS-TICK] phase=WaitingForPromises elapsed=8 timeout=15 ballot=16 promises=0 accepted=0
[step=234] DELIVER from=1 to=10 type=Prepare { ballot: 10 } queue_len=157
[PAXOS-TICK] phase=WaitingForPromises elapsed=9 timeout=15 ballot=16 promises=0 accepted=0
[step=235] DELIVER from=1 to=11 type=Prepare { ballot: 10 } queue_len=157
[PAXOS-TICK] phase=WaitingForPromises elapsed=10 timeout=15 ballot=16 promises=0 accepted=0
[step=236] DELIVER from=1 to=12 type=Prepare { ballot: 10 } queue_len=157
[PAXOS-TICK] phase=WaitingForPromises elapsed=11 timeout=15 ballot=16 promises=0 accepted=0
[step=237] DELIVER from=1 to=13 type=Prepare { ballot: 10 } queue_len=157
[PAXOS-TICK] phase=WaitingForPromises elapsed=12 timeout=15 ballot=16 promises=0 accepted=0
[step=238] DELIVER from=1 to=14 type=Prepare { ballot: 10 } queue_len=157
[PAXOS-TICK] phase=WaitingForPromises elapsed=13 timeout=15 ballot=16 promises=0 accepted=0
[step=239] DELIVER from=1 to=15 type=Prepare { ballot: 10 } queue_len=157
[PAXOS-TICK] phase=WaitingForPromises elapsed=14 timeout=15 ballot=16 promises=0 accepted=0
[TIMEOUT-CAUSE] phase=WaitingForPromises ballot=16 promises=0 accepted=0 quorum=8
[step=240] DELIVER from=8 to=1 type=Promise { ballot: 6, accepted_ballot: None, accepted_value: None } queue_len=172
[PROMISE-TRACE] from=8 received_ballot=6 current_ballot=17 match=false
[PAXOS-TICK] phase=WaitingForPromises elapsed=0 timeout=15 ballot=17 promises=0 accepted=0
[step=241] DELIVER from=9 to=1 type=Promise { ballot: 6, accepted_ballot: None, accepted_value: None } queue_len=171
[PROMISE-TRACE] from=9 received_ballot=6 current_ballot=17 match=false
[PAXOS-TICK] phase=WaitingForPromises elapsed=1 timeout=15 ballot=17 promises=0 accepted=0
[step=242] DELIVER from=10 to=1 type=Promise { ballot: 6, accepted_ballot: None, accepted_value: None } queue_len=170
[PROMISE-TRACE] from=10 received_ballot=6 current_ballot=17 match=false
[PAXOS-TICK] phase=WaitingForPromises elapsed=2 timeout=15 ballot=17 promises=0 accepted=0
[step=243] DELIVER from=11 to=1 type=Promise { ballot: 6, accepted_ballot: None, accepted_value: None } queue_len=169
[PROMISE-TRACE] from=11 received_ballot=6 current_ballot=17 match=false
[PAXOS-TICK] phase=WaitingForPromises elapsed=3 timeout=15 ballot=17 promises=0 accepted=0
[step=244] DELIVER from=12 to=1 type=Promise { ballot: 6, accepted_ballot: None, accepted_value: None } queue_len=168
[PROMISE-TRACE] from=12 received_ballot=6 current_ballot=17 match=false
[PAXOS-TICK] phase=WaitingForPromises elapsed=4 timeout=15 ballot=17 promises=0 accepted=0
[step=245] DELIVER from=13 to=1 type=Promise { ballot: 6, accepted_ballot: None, accepted_value: None } queue_len=167
[PROMISE-TRACE] from=13 received_ballot=6 current_ballot=17 match=false
[PAXOS-TICK] phase=WaitingForPromises elapsed=5 timeout=15 ballot=17 promises=0 accepted=0
[step=246] DELIVER from=14 to=1 type=Promise { ballot: 6, accepted_ballot: None, accepted_value: None } queue_len=166
[PROMISE-TRACE] from=14 received_ballot=6 current_ballot=17 match=false
[PAXOS-TICK] phase=WaitingForPromises elapsed=6 timeout=15 ballot=17 promises=0 accepted=0
[step=247] DELIVER from=15 to=1 type=Promise { ballot: 6, accepted_ballot: None, accepted_value: None } queue_len=165
[PROMISE-TRACE] from=15 received_ballot=6 current_ballot=17 match=false
[PAXOS-TICK] phase=WaitingForPromises elapsed=7 timeout=15 ballot=17 promises=0 accepted=0
[step=248] DELIVER from=1 to=1 type=Prepare { ballot: 11 } queue_len=164
[PAXOS-TICK] phase=WaitingForPromises elapsed=8 timeout=15 ballot=17 promises=0 accepted=0
[step=249] DELIVER from=1 to=2 type=Prepare { ballot: 11 } queue_len=164
[PAXOS-TICK] phase=WaitingForPromises elapsed=9 timeout=15 ballot=17 promises=0 accepted=0
[step=250] DELIVER from=1 to=3 type=Prepare { ballot: 11 } queue_len=164
[PAXOS-TICK] phase=WaitingForPromises elapsed=10 timeout=15 ballot=17 promises=0 accepted=0
[step=251] DELIVER from=1 to=4 type=Prepare { ballot: 11 } queue_len=164
[PAXOS-TICK] phase=WaitingForPromises elapsed=11 timeout=15 ballot=17 promises=0 accepted=0
[step=252] DELIVER from=1 to=5 type=Prepare { ballot: 11 } queue_len=164
[PAXOS-TICK] phase=WaitingForPromises elapsed=12 timeout=15 ballot=17 promises=0 accepted=0
[step=253] DELIVER from=1 to=6 type=Prepare { ballot: 11 } queue_len=164
[PAXOS-TICK] phase=WaitingForPromises elapsed=13 timeout=15 ballot=17 promises=0 accepted=0
[step=254] DELIVER from=1 to=7 type=Prepare { ballot: 11 } queue_len=164
[PAXOS-TICK] phase=WaitingForPromises elapsed=14 timeout=15 ballot=17 promises=0 accepted=0
[TIMEOUT-CAUSE] phase=WaitingForPromises ballot=17 promises=0 accepted=0 quorum=8
[step=255] DELIVER from=1 to=8 type=Prepare { ballot: 11 } queue_len=179
[PAXOS-TICK] phase=WaitingForPromises elapsed=0 timeout=15 ballot=18 promises=0 accepted=0
[step=256] DELIVER from=1 to=9 type=Prepare { ballot: 11 } queue_len=179
[PAXOS-TICK] phase=WaitingForPromises elapsed=1 timeout=15 ballot=18 promises=0 accepted=0
[step=257] DELIVER from=1 to=10 type=Prepare { ballot: 11 } queue_len=179
[PAXOS-TICK] phase=WaitingForPromises elapsed=2 timeout=15 ballot=18 promises=0 accepted=0
[step=258] DELIVER from=1 to=11 type=Prepare { ballot: 11 } queue_len=179
[PAXOS-TICK] phase=WaitingForPromises elapsed=3 timeout=15 ballot=18 promises=0 accepted=0
[step=259] DELIVER from=1 to=12 type=Prepare { ballot: 11 } queue_len=179
[PAXOS-TICK] phase=WaitingForPromises elapsed=4 timeout=15 ballot=18 promises=0 accepted=0
[step=260] DELIVER from=1 to=13 type=Prepare { ballot: 11 } queue_len=179
[PAXOS-TICK] phase=WaitingForPromises elapsed=5 timeout=15 ballot=18 promises=0 accepted=0
[step=261] DELIVER from=1 to=14 type=Prepare { ballot: 11 } queue_len=179
[PAXOS-TICK] phase=WaitingForPromises elapsed=6 timeout=15 ballot=18 promises=0 accepted=0
[step=262] DELIVER from=1 to=15 type=Prepare { ballot: 11 } queue_len=179
[PAXOS-TICK] phase=WaitingForPromises elapsed=7 timeout=15 ballot=18 promises=0 accepted=0
[step=263] DELIVER from=1 to=1 type=Promise { ballot: 7, accepted_ballot: None, accepted_value: None } queue_len=179
[PROMISE-TRACE] from=1 received_ballot=7 current_ballot=18 match=false
[PAXOS-TICK] phase=WaitingForPromises elapsed=8 timeout=15 ballot=18 promises=0 accepted=0
[step=264] DELIVER from=2 to=1 type=Promise { ballot: 7, accepted_ballot: None, accepted_value: None } queue_len=178
[PROMISE-TRACE] from=2 received_ballot=7 current_ballot=18 match=false
[PAXOS-TICK] phase=WaitingForPromises elapsed=9 timeout=15 ballot=18 promises=0 accepted=0
[step=265] DELIVER from=3 to=1 type=Promise { ballot: 7, accepted_ballot: None, accepted_value: None } queue_len=177
[PROMISE-TRACE] from=3 received_ballot=7 current_ballot=18 match=false
[PAXOS-TICK] phase=WaitingForPromises elapsed=10 timeout=15 ballot=18 promises=0 accepted=0
[step=266] DELIVER from=4 to=1 type=Promise { ballot: 7, accepted_ballot: None, accepted_value: None } queue_len=176
[PROMISE-TRACE] from=4 received_ballot=7 current_ballot=18 match=false
[PAXOS-TICK] phase=WaitingForPromises elapsed=11 timeout=15 ballot=18 promises=0 accepted=0
[step=267] DELIVER from=5 to=1 type=Promise { ballot: 7, accepted_ballot: None, accepted_value: None } queue_len=175
[PROMISE-TRACE] from=5 received_ballot=7 current_ballot=18 match=false
[PAXOS-TICK] phase=WaitingForPromises elapsed=12 timeout=15 ballot=18 promises=0 accepted=0
[step=268] DELIVER from=6 to=1 type=Promise { ballot: 7, accepted_ballot: None, accepted_value: None } queue_len=174
[PROMISE-TRACE] from=6 received_ballot=7 current_ballot=18 match=false
[PAXOS-TICK] phase=WaitingForPromises elapsed=13 timeout=15 ballot=18 promises=0 accepted=0
[step=269] DELIVER from=7 to=1 type=Promise { ballot: 7, accepted_ballot: None, accepted_value: None } queue_len=173
[PROMISE-TRACE] from=7 received_ballot=7 current_ballot=18 match=false
[PAXOS-TICK] phase=WaitingForPromises elapsed=14 timeout=15 ballot=18 promises=0 accepted=0
[TIMEOUT-CAUSE] phase=WaitingForPromises ballot=18 promises=0 accepted=0 quorum=8
[step=270] DELIVER from=8 to=1 type=Promise { ballot: 7, accepted_ballot: None, accepted_value: None } queue_len=187
[PROMISE-TRACE] from=8 received_ballot=7 current_ballot=19 match=false
[PAXOS-TICK] phase=WaitingForPromises elapsed=0 timeout=15 ballot=19 promises=0 accepted=0
[step=271] DELIVER from=9 to=1 type=Promise { ballot: 7, accepted_ballot: None, accepted_value: None } queue_len=186
[PROMISE-TRACE] from=9 received_ballot=7 current_ballot=19 match=false
[PAXOS-TICK] phase=WaitingForPromises elapsed=1 timeout=15 ballot=19 promises=0 accepted=0
[step=272] DELIVER from=10 to=1 type=Promise { ballot: 7, accepted_ballot: None, accepted_value: None } queue_len=185
[PROMISE-TRACE] from=10 received_ballot=7 current_ballot=19 match=false
[PAXOS-TICK] phase=WaitingForPromises elapsed=2 timeout=15 ballot=19 promises=0 accepted=0
[step=273] DELIVER from=11 to=1 type=Promise { ballot: 7, accepted_ballot: None, accepted_value: None } queue_len=184
[PROMISE-TRACE] from=11 received_ballot=7 current_ballot=19 match=false
[PAXOS-TICK] phase=WaitingForPromises elapsed=3 timeout=15 ballot=19 promises=0 accepted=0
[step=274] DELIVER from=12 to=1 type=Promise { ballot: 7, accepted_ballot: None, accepted_value: None } queue_len=183
[PROMISE-TRACE] from=12 received_ballot=7 current_ballot=19 match=false
[PAXOS-TICK] phase=WaitingForPromises elapsed=4 timeout=15 ballot=19 promises=0 accepted=0
[step=275] DELIVER from=1 to=1 type=Prepare { ballot: 12 } queue_len=182
[PAXOS-TICK] phase=WaitingForPromises elapsed=5 timeout=15 ballot=19 promises=0 accepted=0
[step=276] DELIVER from=1 to=2 type=Prepare { ballot: 12 } queue_len=182
[PAXOS-TICK] phase=WaitingForPromises elapsed=6 timeout=15 ballot=19 promises=0 accepted=0
[step=277] DELIVER from=1 to=3 type=Prepare { ballot: 12 } queue_len=182
[PAXOS-TICK] phase=WaitingForPromises elapsed=7 timeout=15 ballot=19 promises=0 accepted=0
[step=278] DELIVER from=1 to=4 type=Prepare { ballot: 12 } queue_len=182
[PAXOS-TICK] phase=WaitingForPromises elapsed=8 timeout=15 ballot=19 promises=0 accepted=0
[step=279] DELIVER from=1 to=5 type=Prepare { ballot: 12 } queue_len=182
[PAXOS-TICK] phase=WaitingForPromises elapsed=9 timeout=15 ballot=19 promises=0 accepted=0
[step=280] DELIVER from=1 to=6 type=Prepare { ballot: 12 } queue_len=182
[PAXOS-TICK] phase=WaitingForPromises elapsed=10 timeout=15 ballot=19 promises=0 accepted=0
[step=281] DELIVER from=1 to=7 type=Prepare { ballot: 12 } queue_len=182
[PAXOS-TICK] phase=WaitingForPromises elapsed=11 timeout=15 ballot=19 promises=0 accepted=0
[step=282] DELIVER from=1 to=8 type=Prepare { ballot: 12 } queue_len=182
[PAXOS-TICK] phase=WaitingForPromises elapsed=12 timeout=15 ballot=19 promises=0 accepted=0
[step=283] DELIVER from=1 to=9 type=Prepare { ballot: 12 } queue_len=182
[PAXOS-TICK] phase=WaitingForPromises elapsed=13 timeout=15 ballot=19 promises=0 accepted=0
[step=284] DELIVER from=1 to=10 type=Prepare { ballot: 12 } queue_len=182
[PAXOS-TICK] phase=WaitingForPromises elapsed=14 timeout=15 ballot=19 promises=0 accepted=0
[TIMEOUT-CAUSE] phase=WaitingForPromises ballot=19 promises=0 accepted=0 quorum=8
[step=285] DELIVER from=1 to=11 type=Prepare { ballot: 12 } queue_len=197
[PAXOS-TICK] phase=WaitingForPromises elapsed=0 timeout=15 ballot=20 promises=0 accepted=0
[step=286] DELIVER from=1 to=12 type=Prepare { ballot: 12 } queue_len=197
[PAXOS-TICK] phase=WaitingForPromises elapsed=1 timeout=15 ballot=20 promises=0 accepted=0
[step=287] DELIVER from=1 to=13 type=Prepare { ballot: 12 } queue_len=197
[PAXOS-TICK] phase=WaitingForPromises elapsed=2 timeout=15 ballot=20 promises=0 accepted=0
[step=288] DELIVER from=1 to=14 type=Prepare { ballot: 12 } queue_len=197
[PAXOS-TICK] phase=WaitingForPromises elapsed=3 timeout=15 ballot=20 promises=0 accepted=0
[step=289] DELIVER from=1 to=15 type=Prepare { ballot: 12 } queue_len=197
[PAXOS-TICK] phase=WaitingForPromises elapsed=4 timeout=15 ballot=20 promises=0 accepted=0
[step=290] DELIVER from=13 to=1 type=Promise { ballot: 7, accepted_ballot: None, accepted_value: None } queue_len=197
[PROMISE-TRACE] from=13 received_ballot=7 current_ballot=20 match=false
[PAXOS-TICK] phase=WaitingForPromises elapsed=5 timeout=15 ballot=20 promises=0 accepted=0
[step=291] DELIVER from=14 to=1 type=Promise { ballot: 7, accepted_ballot: None, accepted_value: None } queue_len=196
[PROMISE-TRACE] from=14 received_ballot=7 current_ballot=20 match=false
[PAXOS-TICK] phase=WaitingForPromises elapsed=6 timeout=15 ballot=20 promises=0 accepted=0
[step=292] DELIVER from=15 to=1 type=Promise { ballot: 7, accepted_ballot: None, accepted_value: None } queue_len=195
[PROMISE-TRACE] from=15 received_ballot=7 current_ballot=20 match=false
[PAXOS-TICK] phase=WaitingForPromises elapsed=7 timeout=15 ballot=20 promises=0 accepted=0
[step=293] DELIVER from=1 to=1 type=Promise { ballot: 8, accepted_ballot: None, accepted_value: None } queue_len=194
[PROMISE-TRACE] from=1 received_ballot=8 current_ballot=20 match=false
[PAXOS-TICK] phase=WaitingForPromises elapsed=8 timeout=15 ballot=20 promises=0 accepted=0
[step=294] DELIVER from=2 to=1 type=Promise { ballot: 8, accepted_ballot: None, accepted_value: None } queue_len=193
[PROMISE-TRACE] from=2 received_ballot=8 current_ballot=20 match=false
[PAXOS-TICK] phase=WaitingForPromises elapsed=9 timeout=15 ballot=20 promises=0 accepted=0
[step=295] DELIVER from=3 to=1 type=Promise { ballot: 8, accepted_ballot: None, accepted_value: None } queue_len=192
[PROMISE-TRACE] from=3 received_ballot=8 current_ballot=20 match=false
[PAXOS-TICK] phase=WaitingForPromises elapsed=10 timeout=15 ballot=20 promises=0 accepted=0
[step=296] DELIVER from=4 to=1 type=Promise { ballot: 8, accepted_ballot: None, accepted_value: None } queue_len=191
[PROMISE-TRACE] from=4 received_ballot=8 current_ballot=20 match=false
[PAXOS-TICK] phase=WaitingForPromises elapsed=11 timeout=15 ballot=20 promises=0 accepted=0
[step=297] DELIVER from=5 to=1 type=Promise { ballot: 8, accepted_ballot: None, accepted_value: None } queue_len=190
[PROMISE-TRACE] from=5 received_ballot=8 current_ballot=20 match=false
[PAXOS-TICK] phase=WaitingForPromises elapsed=12 timeout=15 ballot=20 promises=0 accepted=0
[step=298] DELIVER from=6 to=1 type=Promise { ballot: 8, accepted_ballot: None, accepted_value: None } queue_len=189
[PROMISE-TRACE] from=6 received_ballot=8 current_ballot=20 match=false
[PAXOS-TICK] phase=WaitingForPromises elapsed=13 timeout=15 ballot=20 promises=0 accepted=0
[step=299] DELIVER from=7 to=1 type=Promise { ballot: 8, accepted_ballot: None, accepted_value: None } queue_len=188
[PROMISE-TRACE] from=7 received_ballot=8 current_ballot=20 match=false
[PAXOS-TICK] phase=WaitingForPromises elapsed=14 timeout=15 ballot=20 promises=0 accepted=0
[TIMEOUT-CAUSE] phase=WaitingForPromises ballot=20 promises=0 accepted=0 quorum=8
[step=300] DELIVER from=1 to=1 type=Prepare { ballot: 13 } queue_len=202
[PAXOS-TICK] phase=WaitingForPromises elapsed=0 timeout=15 ballot=21 promises=0 accepted=0
[step=301] DELIVER from=1 to=2 type=Prepare { ballot: 13 } queue_len=202
[PAXOS-TICK] phase=WaitingForPromises elapsed=1 timeout=15 ballot=21 promises=0 accepted=0
[step=302] DELIVER from=1 to=3 type=Prepare { ballot: 13 } queue_len=202
[PAXOS-TICK] phase=WaitingForPromises elapsed=2 timeout=15 ballot=21 promises=0 accepted=0
[step=303] DELIVER from=1 to=4 type=Prepare { ballot: 13 } queue_len=202
[PAXOS-TICK] phase=WaitingForPromises elapsed=3 timeout=15 ballot=21 promises=0 accepted=0
[step=304] DELIVER from=1 to=5 type=Prepare { ballot: 13 } queue_len=202
[PAXOS-TICK] phase=WaitingForPromises elapsed=4 timeout=15 ballot=21 promises=0 accepted=0
[step=305] DELIVER from=1 to=6 type=Prepare { ballot: 13 } queue_len=202
[PAXOS-TICK] phase=WaitingForPromises elapsed=5 timeout=15 ballot=21 promises=0 accepted=0
[step=306] DELIVER from=1 to=7 type=Prepare { ballot: 13 } queue_len=202
[PAXOS-TICK] phase=WaitingForPromises elapsed=6 timeout=15 ballot=21 promises=0 accepted=0
[step=307] DELIVER from=1 to=8 type=Prepare { ballot: 13 } queue_len=202
[PAXOS-TICK] phase=WaitingForPromises elapsed=7 timeout=15 ballot=21 promises=0 accepted=0
[step=308] DELIVER from=1 to=9 type=Prepare { ballot: 13 } queue_len=202
[PAXOS-TICK] phase=WaitingForPromises elapsed=8 timeout=15 ballot=21 promises=0 accepted=0
[step=309] DELIVER from=1 to=10 type=Prepare { ballot: 13 } queue_len=202
[PAXOS-TICK] phase=WaitingForPromises elapsed=9 timeout=15 ballot=21 promises=0 accepted=0
[step=310] DELIVER from=1 to=11 type=Prepare { ballot: 13 } queue_len=202
[PAXOS-TICK] phase=WaitingForPromises elapsed=10 timeout=15 ballot=21 promises=0 accepted=0
[step=311] DELIVER from=1 to=12 type=Prepare { ballot: 13 } queue_len=202
[PAXOS-TICK] phase=WaitingForPromises elapsed=11 timeout=15 ballot=21 promises=0 accepted=0
[step=312] DELIVER from=1 to=13 type=Prepare { ballot: 13 } queue_len=202
[PAXOS-TICK] phase=WaitingForPromises elapsed=12 timeout=15 ballot=21 promises=0 accepted=0
[step=313] DELIVER from=1 to=14 type=Prepare { ballot: 13 } queue_len=202
[PAXOS-TICK] phase=WaitingForPromises elapsed=13 timeout=15 ballot=21 promises=0 accepted=0
[step=314] DELIVER from=1 to=15 type=Prepare { ballot: 13 } queue_len=202
[PAXOS-TICK] phase=WaitingForPromises elapsed=14 timeout=15 ballot=21 promises=0 accepted=0
[TIMEOUT-CAUSE] phase=WaitingForPromises ballot=21 promises=0 accepted=0 quorum=8
[step=315] DELIVER from=8 to=1 type=Promise { ballot: 8, accepted_ballot: None, accepted_value: None } queue_len=217
[PROMISE-TRACE] from=8 received_ballot=8 current_ballot=22 match=false
[PAXOS-TICK] phase=WaitingForPromises elapsed=0 timeout=15 ballot=22 promises=0 accepted=0
[step=316] DELIVER from=9 to=1 type=Promise { ballot: 8, accepted_ballot: None, accepted_value: None } queue_len=216
[PROMISE-TRACE] from=9 received_ballot=8 current_ballot=22 match=false
[PAXOS-TICK] phase=WaitingForPromises elapsed=1 timeout=15 ballot=22 promises=0 accepted=0
[step=317] DELIVER from=10 to=1 type=Promise { ballot: 8, accepted_ballot: None, accepted_value: None } queue_len=215
[PROMISE-TRACE] from=10 received_ballot=8 current_ballot=22 match=false
[PAXOS-TICK] phase=WaitingForPromises elapsed=2 timeout=15 ballot=22 promises=0 accepted=0
[step=318] DELIVER from=11 to=1 type=Promise { ballot: 8, accepted_ballot: None, accepted_value: None } queue_len=214
[PROMISE-TRACE] from=11 received_ballot=8 current_ballot=22 match=false
[PAXOS-TICK] phase=WaitingForPromises elapsed=3 timeout=15 ballot=22 promises=0 accepted=0
[step=319] DELIVER from=12 to=1 type=Promise { ballot: 8, accepted_ballot: None, accepted_value: None } queue_len=213
[PROMISE-TRACE] from=12 received_ballot=8 current_ballot=22 match=false
[PAXOS-TICK] phase=WaitingForPromises elapsed=4 timeout=15 ballot=22 promises=0 accepted=0
[step=320] DELIVER from=13 to=1 type=Promise { ballot: 8, accepted_ballot: None, accepted_value: None } queue_len=212
[PROMISE-TRACE] from=13 received_ballot=8 current_ballot=22 match=false
[PAXOS-TICK] phase=WaitingForPromises elapsed=5 timeout=15 ballot=22 promises=0 accepted=0
[step=321] DELIVER from=14 to=1 type=Promise { ballot: 8, accepted_ballot: None, accepted_value: None } queue_len=211
[PROMISE-TRACE] from=14 received_ballot=8 current_ballot=22 match=false
[PAXOS-TICK] phase=WaitingForPromises elapsed=6 timeout=15 ballot=22 promises=0 accepted=0
[step=322] DELIVER from=15 to=1 type=Promise { ballot: 8, accepted_ballot: None, accepted_value: None } queue_len=210
[PROMISE-TRACE] from=15 received_ballot=8 current_ballot=22 match=false
[PAXOS-TICK] phase=WaitingForPromises elapsed=7 timeout=15 ballot=22 promises=0 accepted=0
[step=323] DELIVER from=1 to=1 type=Prepare { ballot: 14 } queue_len=209
[PAXOS-TICK] phase=WaitingForPromises elapsed=8 timeout=15 ballot=22 promises=0 accepted=0
[step=324] DELIVER from=1 to=2 type=Prepare { ballot: 14 } queue_len=209
[PAXOS-TICK] phase=WaitingForPromises elapsed=9 timeout=15 ballot=22 promises=0 accepted=0
[step=325] DELIVER from=1 to=3 type=Prepare { ballot: 14 } queue_len=209
[PAXOS-TICK] phase=WaitingForPromises elapsed=10 timeout=15 ballot=22 promises=0 accepted=0
[step=326] DELIVER from=1 to=4 type=Prepare { ballot: 14 } queue_len=209
[PAXOS-TICK] phase=WaitingForPromises elapsed=11 timeout=15 ballot=22 promises=0 accepted=0
[step=327] DELIVER from=1 to=5 type=Prepare { ballot: 14 } queue_len=209
[PAXOS-TICK] phase=WaitingForPromises elapsed=12 timeout=15 ballot=22 promises=0 accepted=0
[step=328] DELIVER from=1 to=6 type=Prepare { ballot: 14 } queue_len=209
[PAXOS-TICK] phase=WaitingForPromises elapsed=13 timeout=15 ballot=22 promises=0 accepted=0
[step=329] DELIVER from=1 to=7 type=Prepare { ballot: 14 } queue_len=209
[PAXOS-TICK] phase=WaitingForPromises elapsed=14 timeout=15 ballot=22 promises=0 accepted=0
[TIMEOUT-CAUSE] phase=WaitingForPromises ballot=22 promises=0 accepted=0 quorum=8
[step=330] DELIVER from=1 to=8 type=Prepare { ballot: 14 } queue_len=224
[PAXOS-TICK] phase=WaitingForPromises elapsed=0 timeout=15 ballot=23 promises=0 accepted=0
[step=331] DELIVER from=1 to=9 type=Prepare { ballot: 14 } queue_len=224
[PAXOS-TICK] phase=WaitingForPromises elapsed=1 timeout=15 ballot=23 promises=0 accepted=0
[step=332] DELIVER from=1 to=10 type=Prepare { ballot: 14 } queue_len=224
[PAXOS-TICK] phase=WaitingForPromises elapsed=2 timeout=15 ballot=23 promises=0 accepted=0
[step=333] DELIVER from=1 to=11 type=Prepare { ballot: 14 } queue_len=224
[PAXOS-TICK] phase=WaitingForPromises elapsed=3 timeout=15 ballot=23 promises=0 accepted=0
[step=334] DELIVER from=1 to=12 type=Prepare { ballot: 14 } queue_len=224
[PAXOS-TICK] phase=WaitingForPromises elapsed=4 timeout=15 ballot=23 promises=0 accepted=0
[step=335] DELIVER from=1 to=13 type=Prepare { ballot: 14 } queue_len=224
[PAXOS-TICK] phase=WaitingForPromises elapsed=5 timeout=15 ballot=23 promises=0 accepted=0
[step=336] DELIVER from=1 to=14 type=Prepare { ballot: 14 } queue_len=224
[PAXOS-TICK] phase=WaitingForPromises elapsed=6 timeout=15 ballot=23 promises=0 accepted=0
[step=337] DELIVER from=1 to=15 type=Prepare { ballot: 14 } queue_len=224
[PAXOS-TICK] phase=WaitingForPromises elapsed=7 timeout=15 ballot=23 promises=0 accepted=0
[step=338] DELIVER from=1 to=1 type=Promise { ballot: 9, accepted_ballot: None, accepted_value: None } queue_len=224
[PROMISE-TRACE] from=1 received_ballot=9 current_ballot=23 match=false
[PAXOS-TICK] phase=WaitingForPromises elapsed=8 timeout=15 ballot=23 promises=0 accepted=0
[step=339] DELIVER from=2 to=1 type=Promise { ballot: 9, accepted_ballot: None, accepted_value: None } queue_len=223
[PROMISE-TRACE] from=2 received_ballot=9 current_ballot=23 match=false
[PAXOS-TICK] phase=WaitingForPromises elapsed=9 timeout=15 ballot=23 promises=0 accepted=0
[step=340] DELIVER from=3 to=1 type=Promise { ballot: 9, accepted_ballot: None, accepted_value: None } queue_len=222
[PROMISE-TRACE] from=3 received_ballot=9 current_ballot=23 match=false
[PAXOS-TICK] phase=WaitingForPromises elapsed=10 timeout=15 ballot=23 promises=0 accepted=0
[step=341] DELIVER from=4 to=1 type=Promise { ballot: 9, accepted_ballot: None, accepted_value: None } queue_len=221
[PROMISE-TRACE] from=4 received_ballot=9 current_ballot=23 match=false
[PAXOS-TICK] phase=WaitingForPromises elapsed=11 timeout=15 ballot=23 promises=0 accepted=0
[step=342] DELIVER from=5 to=1 type=Promise { ballot: 9, accepted_ballot: None, accepted_value: None } queue_len=220
[PROMISE-TRACE] from=5 received_ballot=9 current_ballot=23 match=false
[PAXOS-TICK] phase=WaitingForPromises elapsed=12 timeout=15 ballot=23 promises=0 accepted=0
[step=343] DELIVER from=6 to=1 type=Promise { ballot: 9, accepted_ballot: None, accepted_value: None } queue_len=219
[PROMISE-TRACE] from=6 received_ballot=9 current_ballot=23 match=false
[PAXOS-TICK] phase=WaitingForPromises elapsed=13 timeout=15 ballot=23 promises=0 accepted=0
[step=344] DELIVER from=7 to=1 type=Promise { ballot: 9, accepted_ballot: None, accepted_value: None } queue_len=218
[PROMISE-TRACE] from=7 received_ballot=9 current_ballot=23 match=false
[PAXOS-TICK] phase=WaitingForPromises elapsed=14 timeout=15 ballot=23 promises=0 accepted=0
[TIMEOUT-CAUSE] phase=WaitingForPromises ballot=23 promises=0 accepted=0 quorum=8
[step=345] DELIVER from=8 to=1 type=Promise { ballot: 9, accepted_ballot: None, accepted_value: None } queue_len=232
[PROMISE-TRACE] from=8 received_ballot=9 current_ballot=24 match=false
[PAXOS-TICK] phase=WaitingForPromises elapsed=0 timeout=15 ballot=24 promises=0 accepted=0
[step=346] DELIVER from=1 to=1 type=Prepare { ballot: 15 } queue_len=231
[PAXOS-TICK] phase=WaitingForPromises elapsed=1 timeout=15 ballot=24 promises=0 accepted=0
[step=347] DELIVER from=1 to=2 type=Prepare { ballot: 15 } queue_len=231
[PAXOS-TICK] phase=WaitingForPromises elapsed=2 timeout=15 ballot=24 promises=0 accepted=0
[step=348] DELIVER from=1 to=3 type=Prepare { ballot: 15 } queue_len=231
[PAXOS-TICK] phase=WaitingForPromises elapsed=3 timeout=15 ballot=24 promises=0 accepted=0
[step=349] DELIVER from=1 to=4 type=Prepare { ballot: 15 } queue_len=231
[PAXOS-TICK] phase=WaitingForPromises elapsed=4 timeout=15 ballot=24 promises=0 accepted=0
[step=350] DELIVER from=1 to=5 type=Prepare { ballot: 15 } queue_len=231
[PAXOS-TICK] phase=WaitingForPromises elapsed=5 timeout=15 ballot=24 promises=0 accepted=0
[step=351] DELIVER from=1 to=6 type=Prepare { ballot: 15 } queue_len=231
[PAXOS-TICK] phase=WaitingForPromises elapsed=6 timeout=15 ballot=24 promises=0 accepted=0
[step=352] DELIVER from=1 to=7 type=Prepare { ballot: 15 } queue_len=231
[PAXOS-TICK] phase=WaitingForPromises elapsed=7 timeout=15 ballot=24 promises=0 accepted=0
[step=353] DELIVER from=1 to=8 type=Prepare { ballot: 15 } queue_len=231
[PAXOS-TICK] phase=WaitingForPromises elapsed=8 timeout=15 ballot=24 promises=0 accepted=0
[step=354] DELIVER from=1 to=9 type=Prepare { ballot: 15 } queue_len=231
[PAXOS-TICK] phase=WaitingForPromises elapsed=9 timeout=15 ballot=24 promises=0 accepted=0
[step=355] DELIVER from=1 to=10 type=Prepare { ballot: 15 } queue_len=231
[PAXOS-TICK] phase=WaitingForPromises elapsed=10 timeout=15 ballot=24 promises=0 accepted=0
[step=356] DELIVER from=1 to=11 type=Prepare { ballot: 15 } queue_len=231
[PAXOS-TICK] phase=WaitingForPromises elapsed=11 timeout=15 ballot=24 promises=0 accepted=0
[step=357] DELIVER from=1 to=12 type=Prepare { ballot: 15 } queue_len=231
[PAXOS-TICK] phase=WaitingForPromises elapsed=12 timeout=15 ballot=24 promises=0 accepted=0
[step=358] DELIVER from=1 to=13 type=Prepare { ballot: 15 } queue_len=231
[PAXOS-TICK] phase=WaitingForPromises elapsed=13 timeout=15 ballot=24 promises=0 accepted=0
[step=359] DELIVER from=1 to=14 type=Prepare { ballot: 15 } queue_len=231
[PAXOS-TICK] phase=WaitingForPromises elapsed=14 timeout=15 ballot=24 promises=0 accepted=0
[TIMEOUT-CAUSE] phase=WaitingForPromises ballot=24 promises=0 accepted=0 quorum=8
[step=360] DELIVER from=1 to=15 type=Prepare { ballot: 15 } queue_len=246
[PAXOS-TICK] phase=WaitingForPromises elapsed=0 timeout=15 ballot=25 promises=0 accepted=0
[step=361] DELIVER from=9 to=1 type=Promise { ballot: 9, accepted_ballot: None, accepted_value: None } queue_len=246
[PROMISE-TRACE] from=9 received_ballot=9 current_ballot=25 match=false
[PAXOS-TICK] phase=WaitingForPromises elapsed=1 timeout=15 ballot=25 promises=0 accepted=0
[step=362] DELIVER from=10 to=1 type=Promise { ballot: 9, accepted_ballot: None, accepted_value: None } queue_len=245
[PROMISE-TRACE] from=10 received_ballot=9 current_ballot=25 match=false
[PAXOS-TICK] phase=WaitingForPromises elapsed=2 timeout=15 ballot=25 promises=0 accepted=0
[step=363] DELIVER from=11 to=1 type=Promise { ballot: 9, accepted_ballot: None, accepted_value: None } queue_len=244
[PROMISE-TRACE] from=11 received_ballot=9 current_ballot=25 match=false
[PAXOS-TICK] phase=WaitingForPromises elapsed=3 timeout=15 ballot=25 promises=0 accepted=0
[step=364] DELIVER from=12 to=1 type=Promise { ballot: 9, accepted_ballot: None, accepted_value: None } queue_len=243
[PROMISE-TRACE] from=12 received_ballot=9 current_ballot=25 match=false
[PAXOS-TICK] phase=WaitingForPromises elapsed=4 timeout=15 ballot=25 promises=0 accepted=0
[step=365] DELIVER from=13 to=1 type=Promise { ballot: 9, accepted_ballot: None, accepted_value: None } queue_len=242
[PROMISE-TRACE] from=13 received_ballot=9 current_ballot=25 match=false
[PAXOS-TICK] phase=WaitingForPromises elapsed=5 timeout=15 ballot=25 promises=0 accepted=0
[step=366] DELIVER from=14 to=1 type=Promise { ballot: 9, accepted_ballot: None, accepted_value: None } queue_len=241
[PROMISE-TRACE] from=14 received_ballot=9 current_ballot=25 match=false
[PAXOS-TICK] phase=WaitingForPromises elapsed=6 timeout=15 ballot=25 promises=0 accepted=0
[step=367] DELIVER from=15 to=1 type=Promise { ballot: 9, accepted_ballot: None, accepted_value: None } queue_len=240
[PROMISE-TRACE] from=15 received_ballot=9 current_ballot=25 match=false
[PAXOS-TICK] phase=WaitingForPromises elapsed=7 timeout=15 ballot=25 promises=0 accepted=0
[step=368] DELIVER from=1 to=1 type=Prepare { ballot: 16 } queue_len=239
[PAXOS-TICK] phase=WaitingForPromises elapsed=8 timeout=15 ballot=25 promises=0 accepted=0
[step=369] DELIVER from=1 to=2 type=Prepare { ballot: 16 } queue_len=239
[PAXOS-TICK] phase=WaitingForPromises elapsed=9 timeout=15 ballot=25 promises=0 accepted=0
[step=370] DELIVER from=1 to=3 type=Prepare { ballot: 16 } queue_len=239
[PAXOS-TICK] phase=WaitingForPromises elapsed=10 timeout=15 ballot=25 promises=0 accepted=0
[step=371] DELIVER from=1 to=4 type=Prepare { ballot: 16 } queue_len=239
[PAXOS-TICK] phase=WaitingForPromises elapsed=11 timeout=15 ballot=25 promises=0 accepted=0
[step=372] DELIVER from=1 to=5 type=Prepare { ballot: 16 } queue_len=239
[PAXOS-TICK] phase=WaitingForPromises elapsed=12 timeout=15 ballot=25 promises=0 accepted=0
[step=373] DELIVER from=1 to=6 type=Prepare { ballot: 16 } queue_len=239
[PAXOS-TICK] phase=WaitingForPromises elapsed=13 timeout=15 ballot=25 promises=0 accepted=0
[step=374] DELIVER from=1 to=7 type=Prepare { ballot: 16 } queue_len=239
[PAXOS-TICK] phase=WaitingForPromises elapsed=14 timeout=15 ballot=25 promises=0 accepted=0
[TIMEOUT-CAUSE] phase=WaitingForPromises ballot=25 promises=0 accepted=0 quorum=8
[step=375] DELIVER from=1 to=8 type=Prepare { ballot: 16 } queue_len=254
[PAXOS-TICK] phase=WaitingForPromises elapsed=0 timeout=15 ballot=26 promises=0 accepted=0
[step=376] DELIVER from=1 to=9 type=Prepare { ballot: 16 } queue_len=254
[PAXOS-TICK] phase=WaitingForPromises elapsed=1 timeout=15 ballot=26 promises=0 accepted=0
[step=377] DELIVER from=1 to=10 type=Prepare { ballot: 16 } queue_len=254
[PAXOS-TICK] phase=WaitingForPromises elapsed=2 timeout=15 ballot=26 promises=0 accepted=0
[step=378] DELIVER from=1 to=11 type=Prepare { ballot: 16 } queue_len=254
[PAXOS-TICK] phase=WaitingForPromises elapsed=3 timeout=15 ballot=26 promises=0 accepted=0
[step=379] DELIVER from=1 to=12 type=Prepare { ballot: 16 } queue_len=254
[PAXOS-TICK] phase=WaitingForPromises elapsed=4 timeout=15 ballot=26 promises=0 accepted=0
[step=380] DELIVER from=1 to=13 type=Prepare { ballot: 16 } queue_len=254
[PAXOS-TICK] phase=WaitingForPromises elapsed=5 timeout=15 ballot=26 promises=0 accepted=0
[step=381] DELIVER from=1 to=14 type=Prepare { ballot: 16 } queue_len=254
[PAXOS-TICK] phase=WaitingForPromises elapsed=6 timeout=15 ballot=26 promises=0 accepted=0
[step=382] DELIVER from=1 to=15 type=Prepare { ballot: 16 } queue_len=254
[PAXOS-TICK] phase=WaitingForPromises elapsed=7 timeout=15 ballot=26 promises=0 accepted=0
[step=383] DELIVER from=1 to=1 type=Promise { ballot: 10, accepted_ballot: None, accepted_value: None } queue_len=254
[PROMISE-TRACE] from=1 received_ballot=10 current_ballot=26 match=false
[PAXOS-TICK] phase=WaitingForPromises elapsed=8 timeout=15 ballot=26 promises=0 accepted=0
[step=384] DELIVER from=2 to=1 type=Promise { ballot: 10, accepted_ballot: None, accepted_value: None } queue_len=253
[PROMISE-TRACE] from=2 received_ballot=10 current_ballot=26 match=false
[PAXOS-TICK] phase=WaitingForPromises elapsed=9 timeout=15 ballot=26 promises=0 accepted=0
[step=385] DELIVER from=3 to=1 type=Promise { ballot: 10, accepted_ballot: None, accepted_value: None } queue_len=252
[PROMISE-TRACE] from=3 received_ballot=10 current_ballot=26 match=false
[PAXOS-TICK] phase=WaitingForPromises elapsed=10 timeout=15 ballot=26 promises=0 accepted=0
[step=386] DELIVER from=4 to=1 type=Promise { ballot: 10, accepted_ballot: None, accepted_value: None } queue_len=251
[PROMISE-TRACE] from=4 received_ballot=10 current_ballot=26 match=false
[PAXOS-TICK] phase=WaitingForPromises elapsed=11 timeout=15 ballot=26 promises=0 accepted=0
[step=387] DELIVER from=5 to=1 type=Promise { ballot: 10, accepted_ballot: None, accepted_value: None } queue_len=250
[PROMISE-TRACE] from=5 received_ballot=10 current_ballot=26 match=false
[PAXOS-TICK] phase=WaitingForPromises elapsed=12 timeout=15 ballot=26 promises=0 accepted=0
[step=388] DELIVER from=6 to=1 type=Promise { ballot: 10, accepted_ballot: None, accepted_value: None } queue_len=249
[PROMISE-TRACE] from=6 received_ballot=10 current_ballot=26 match=false
[PAXOS-TICK] phase=WaitingForPromises elapsed=13 timeout=15 ballot=26 promises=0 accepted=0
[step=389] DELIVER from=7 to=1 type=Promise { ballot: 10, accepted_ballot: None, accepted_value: None } queue_len=248
[PROMISE-TRACE] from=7 received_ballot=10 current_ballot=26 match=false
[PAXOS-TICK] phase=WaitingForPromises elapsed=14 timeout=15 ballot=26 promises=0 accepted=0
[TIMEOUT-CAUSE] phase=WaitingForPromises ballot=26 promises=0 accepted=0 quorum=8
[step=390] DELIVER from=8 to=1 type=Promise { ballot: 10, accepted_ballot: None, accepted_value: None } queue_len=262
[PROMISE-TRACE] from=8 received_ballot=10 current_ballot=27 match=false
[PAXOS-TICK] phase=WaitingForPromises elapsed=0 timeout=15 ballot=27 promises=0 accepted=0
[step=391] DELIVER from=9 to=1 type=Promise { ballot: 10, accepted_ballot: None, accepted_value: None } queue_len=261
[PROMISE-TRACE] from=9 received_ballot=10 current_ballot=27 match=false
[PAXOS-TICK] phase=WaitingForPromises elapsed=1 timeout=15 ballot=27 promises=0 accepted=0
[step=392] DELIVER from=10 to=1 type=Promise { ballot: 10, accepted_ballot: None, accepted_value: None } queue_len=260
[PROMISE-TRACE] from=10 received_ballot=10 current_ballot=27 match=false
[PAXOS-TICK] phase=WaitingForPromises elapsed=2 timeout=15 ballot=27 promises=0 accepted=0
[step=393] DELIVER from=11 to=1 type=Promise { ballot: 10, accepted_ballot: None, accepted_value: None } queue_len=259
[PROMISE-TRACE] from=11 received_ballot=10 current_ballot=27 match=false
[PAXOS-TICK] phase=WaitingForPromises elapsed=3 timeout=15 ballot=27 promises=0 accepted=0
[step=394] DELIVER from=12 to=1 type=Promise { ballot: 10, accepted_ballot: None, accepted_value: None } queue_len=258
[PROMISE-TRACE] from=12 received_ballot=10 current_ballot=27 match=false
[PAXOS-TICK] phase=WaitingForPromises elapsed=4 timeout=15 ballot=27 promises=0 accepted=0
[step=395] DELIVER from=13 to=1 type=Promise { ballot: 10, accepted_ballot: None, accepted_value: None } queue_len=257
[PROMISE-TRACE] from=13 received_ballot=10 current_ballot=27 match=false
[PAXOS-TICK] phase=WaitingForPromises elapsed=5 timeout=15 ballot=27 promises=0 accepted=0
[step=396] DELIVER from=14 to=1 type=Promise { ballot: 10, accepted_ballot: None, accepted_value: None } queue_len=256
[PROMISE-TRACE] from=14 received_ballot=10 current_ballot=27 match=false
[PAXOS-TICK] phase=WaitingForPromises elapsed=6 timeout=15 ballot=27 promises=0 accepted=0
[step=397] DELIVER from=15 to=1 type=Promise { ballot: 10, accepted_ballot: None, accepted_value: None } queue_len=255
[PROMISE-TRACE] from=15 received_ballot=10 current_ballot=27 match=false
[PAXOS-TICK] phase=WaitingForPromises elapsed=7 timeout=15 ballot=27 promises=0 accepted=0
[step=398] DELIVER from=1 to=1 type=Prepare { ballot: 17 } queue_len=254
[PAXOS-TICK] phase=WaitingForPromises elapsed=8 timeout=15 ballot=27 promises=0 accepted=0
[step=399] DELIVER from=1 to=2 type=Prepare { ballot: 17 } queue_len=254
[PAXOS-TICK] phase=WaitingForPromises elapsed=9 timeout=15 ballot=27 promises=0 accepted=0
[step=400] DELIVER from=1 to=3 type=Prepare { ballot: 17 } queue_len=254
[PAXOS-TICK] phase=WaitingForPromises elapsed=10 timeout=15 ballot=27 promises=0 accepted=0
[step=401] DELIVER from=1 to=4 type=Prepare { ballot: 17 } queue_len=254
[PAXOS-TICK] phase=WaitingForPromises elapsed=11 timeout=15 ballot=27 promises=0 accepted=0
[step=402] DELIVER from=1 to=5 type=Prepare { ballot: 17 } queue_len=254
[PAXOS-TICK] phase=WaitingForPromises elapsed=12 timeout=15 ballot=27 promises=0 accepted=0
[step=403] DELIVER from=1 to=6 type=Prepare { ballot: 17 } queue_len=254
[PAXOS-TICK] phase=WaitingForPromises elapsed=13 timeout=15 ballot=27 promises=0 accepted=0
[step=404] DELIVER from=1 to=7 type=Prepare { ballot: 17 } queue_len=254
[PAXOS-TICK] phase=WaitingForPromises elapsed=14 timeout=15 ballot=27 promises=0 accepted=0
[TIMEOUT-CAUSE] phase=WaitingForPromises ballot=27 promises=0 accepted=0 quorum=8
[step=405] DELIVER from=1 to=8 type=Prepare { ballot: 17 } queue_len=269
[PAXOS-TICK] phase=WaitingForPromises elapsed=0 timeout=15 ballot=28 promises=0 accepted=0
[step=406] DELIVER from=1 to=9 type=Prepare { ballot: 17 } queue_len=269
[PAXOS-TICK] phase=WaitingForPromises elapsed=1 timeout=15 ballot=28 promises=0 accepted=0
[step=407] DELIVER from=1 to=10 type=Prepare { ballot: 17 } queue_len=269
[PAXOS-TICK] phase=WaitingForPromises elapsed=2 timeout=15 ballot=28 promises=0 accepted=0
[step=408] DELIVER from=1 to=11 type=Prepare { ballot: 17 } queue_len=269
[PAXOS-TICK] phase=WaitingForPromises elapsed=3 timeout=15 ballot=28 promises=0 accepted=0
[step=409] DELIVER from=1 to=12 type=Prepare { ballot: 17 } queue_len=269
[PAXOS-TICK] phase=WaitingForPromises elapsed=4 timeout=15 ballot=28 promises=0 accepted=0
[step=410] DELIVER from=1 to=13 type=Prepare { ballot: 17 } queue_len=269
[PAXOS-TICK] phase=WaitingForPromises elapsed=5 timeout=15 ballot=28 promises=0 accepted=0
[step=411] DELIVER from=1 to=14 type=Prepare { ballot: 17 } queue_len=269
[PAXOS-TICK] phase=WaitingForPromises elapsed=6 timeout=15 ballot=28 promises=0 accepted=0
[step=412] DELIVER from=1 to=15 type=Prepare { ballot: 17 } queue_len=269
[PAXOS-TICK] phase=WaitingForPromises elapsed=7 timeout=15 ballot=28 promises=0 accepted=0
[step=413] DELIVER from=1 to=1 type=Promise { ballot: 11, accepted_ballot: None, accepted_value: None } queue_len=269
[PROMISE-TRACE] from=1 received_ballot=11 current_ballot=28 match=false
[PAXOS-TICK] phase=WaitingForPromises elapsed=8 timeout=15 ballot=28 promises=0 accepted=0
[step=414] DELIVER from=2 to=1 type=Promise { ballot: 11, accepted_ballot: None, accepted_value: None } queue_len=268
[PROMISE-TRACE] from=2 received_ballot=11 current_ballot=28 match=false
[PAXOS-TICK] phase=WaitingForPromises elapsed=9 timeout=15 ballot=28 promises=0 accepted=0
[step=415] DELIVER from=3 to=1 type=Promise { ballot: 11, accepted_ballot: None, accepted_value: None } queue_len=267
[PROMISE-TRACE] from=3 received_ballot=11 current_ballot=28 match=false
[PAXOS-TICK] phase=WaitingForPromises elapsed=10 timeout=15 ballot=28 promises=0 accepted=0
[step=416] DELIVER from=4 to=1 type=Promise { ballot: 11, accepted_ballot: None, accepted_value: None } queue_len=266
[PROMISE-TRACE] from=4 received_ballot=11 current_ballot=28 match=false
[PAXOS-TICK] phase=WaitingForPromises elapsed=11 timeout=15 ballot=28 promises=0 accepted=0
[step=417] DELIVER from=5 to=1 type=Promise { ballot: 11, accepted_ballot: None, accepted_value: None } queue_len=265
[PROMISE-TRACE] from=5 received_ballot=11 current_ballot=28 match=false
[PAXOS-TICK] phase=WaitingForPromises elapsed=12 timeout=15 ballot=28 promises=0 accepted=0
[step=418] DELIVER from=6 to=1 type=Promise { ballot: 11, accepted_ballot: None, accepted_value: None } queue_len=264
[PROMISE-TRACE] from=6 received_ballot=11 current_ballot=28 match=false
[PAXOS-TICK] phase=WaitingForPromises elapsed=13 timeout=15 ballot=28 promises=0 accepted=0
[step=419] DELIVER from=7 to=1 type=Promise { ballot: 11, accepted_ballot: None, accepted_value: None } queue_len=263
[PROMISE-TRACE] from=7 received_ballot=11 current_ballot=28 match=false
[PAXOS-TICK] phase=WaitingForPromises elapsed=14 timeout=15 ballot=28 promises=0 accepted=0
[TIMEOUT-CAUSE] phase=WaitingForPromises ballot=28 promises=0 accepted=0 quorum=8
[step=420] DELIVER from=1 to=1 type=Prepare { ballot: 18 } queue_len=277
[PAXOS-TICK] phase=WaitingForPromises elapsed=0 timeout=15 ballot=29 promises=0 accepted=0
[step=421] DELIVER from=1 to=2 type=Prepare { ballot: 18 } queue_len=277
[PAXOS-TICK] phase=WaitingForPromises elapsed=1 timeout=15 ballot=29 promises=0 accepted=0
[step=422] DELIVER from=1 to=3 type=Prepare { ballot: 18 } queue_len=277
[PAXOS-TICK] phase=WaitingForPromises elapsed=2 timeout=15 ballot=29 promises=0 accepted=0
[step=423] DELIVER from=1 to=4 type=Prepare { ballot: 18 } queue_len=277
[PAXOS-TICK] phase=WaitingForPromises elapsed=3 timeout=15 ballot=29 promises=0 accepted=0
[step=424] DELIVER from=1 to=5 type=Prepare { ballot: 18 } queue_len=277
[PAXOS-TICK] phase=WaitingForPromises elapsed=4 timeout=15 ballot=29 promises=0 accepted=0
[step=425] DELIVER from=1 to=6 type=Prepare { ballot: 18 } queue_len=277
[PAXOS-TICK] phase=WaitingForPromises elapsed=5 timeout=15 ballot=29 promises=0 accepted=0
[step=426] DELIVER from=1 to=7 type=Prepare { ballot: 18 } queue_len=277
[PAXOS-TICK] phase=WaitingForPromises elapsed=6 timeout=15 ballot=29 promises=0 accepted=0
[step=427] DELIVER from=1 to=8 type=Prepare { ballot: 18 } queue_len=277
[PAXOS-TICK] phase=WaitingForPromises elapsed=7 timeout=15 ballot=29 promises=0 accepted=0
[step=428] DELIVER from=1 to=9 type=Prepare { ballot: 18 } queue_len=277
[PAXOS-TICK] phase=WaitingForPromises elapsed=8 timeout=15 ballot=29 promises=0 accepted=0
[step=429] DELIVER from=1 to=10 type=Prepare { ballot: 18 } queue_len=277
[PAXOS-TICK] phase=WaitingForPromises elapsed=9 timeout=15 ballot=29 promises=0 accepted=0
[step=430] DELIVER from=1 to=11 type=Prepare { ballot: 18 } queue_len=277
[PAXOS-TICK] phase=WaitingForPromises elapsed=10 timeout=15 ballot=29 promises=0 accepted=0
[step=431] DELIVER from=1 to=12 type=Prepare { ballot: 18 } queue_len=277
[PAXOS-TICK] phase=WaitingForPromises elapsed=11 timeout=15 ballot=29 promises=0 accepted=0
[step=432] DELIVER from=1 to=13 type=Prepare { ballot: 18 } queue_len=277
[PAXOS-TICK] phase=WaitingForPromises elapsed=12 timeout=15 ballot=29 promises=0 accepted=0
[step=433] DELIVER from=1 to=14 type=Prepare { ballot: 18 } queue_len=277
[PAXOS-TICK] phase=WaitingForPromises elapsed=13 timeout=15 ballot=29 promises=0 accepted=0
[step=434] DELIVER from=1 to=15 type=Prepare { ballot: 18 } queue_len=277
[PAXOS-TICK] phase=WaitingForPromises elapsed=14 timeout=15 ballot=29 promises=0 accepted=0
[TIMEOUT-CAUSE] phase=WaitingForPromises ballot=29 promises=0 accepted=0 quorum=8
[step=435] DELIVER from=8 to=1 type=Promise { ballot: 11, accepted_ballot: None, accepted_value: None } queue_len=292
[PROMISE-TRACE] from=8 received_ballot=11 current_ballot=30 match=false
[PAXOS-TICK] phase=WaitingForPromises elapsed=0 timeout=15 ballot=30 promises=0 accepted=0
[step=436] DELIVER from=9 to=1 type=Promise { ballot: 11, accepted_ballot: None, accepted_value: None } queue_len=291
[PROMISE-TRACE] from=9 received_ballot=11 current_ballot=30 match=false
[PAXOS-TICK] phase=WaitingForPromises elapsed=1 timeout=15 ballot=30 promises=0 accepted=0
[step=437] DELIVER from=10 to=1 type=Promise { ballot: 11, accepted_ballot: None, accepted_value: None } queue_len=290
[PROMISE-TRACE] from=10 received_ballot=11 current_ballot=30 match=false
[PAXOS-TICK] phase=WaitingForPromises elapsed=2 timeout=15 ballot=30 promises=0 accepted=0
[step=438] DELIVER from=11 to=1 type=Promise { ballot: 11, accepted_ballot: None, accepted_value: None } queue_len=289
[PROMISE-TRACE] from=11 received_ballot=11 current_ballot=30 match=false
[PAXOS-TICK] phase=WaitingForPromises elapsed=3 timeout=15 ballot=30 promises=0 accepted=0
[step=439] DELIVER from=12 to=1 type=Promise { ballot: 11, accepted_ballot: None, accepted_value: None } queue_len=288
[PROMISE-TRACE] from=12 received_ballot=11 current_ballot=30 match=false
[PAXOS-TICK] phase=WaitingForPromises elapsed=4 timeout=15 ballot=30 promises=0 accepted=0
[step=440] DELIVER from=13 to=1 type=Promise { ballot: 11, accepted_ballot: None, accepted_value: None } queue_len=287
[PROMISE-TRACE] from=13 received_ballot=11 current_ballot=30 match=false
[PAXOS-TICK] phase=WaitingForPromises elapsed=5 timeout=15 ballot=30 promises=0 accepted=0
[step=441] DELIVER from=14 to=1 type=Promise { ballot: 11, accepted_ballot: None, accepted_value: None } queue_len=286
[PROMISE-TRACE] from=14 received_ballot=11 current_ballot=30 match=false
[PAXOS-TICK] phase=WaitingForPromises elapsed=6 timeout=15 ballot=30 promises=0 accepted=0
[step=442] DELIVER from=15 to=1 type=Promise { ballot: 11, accepted_ballot: None, accepted_value: None } queue_len=285
[PROMISE-TRACE] from=15 received_ballot=11 current_ballot=30 match=false
[PAXOS-TICK] phase=WaitingForPromises elapsed=7 timeout=15 ballot=30 promises=0 accepted=0
[step=443] DELIVER from=1 to=1 type=Prepare { ballot: 19 } queue_len=284
[PAXOS-TICK] phase=WaitingForPromises elapsed=8 timeout=15 ballot=30 promises=0 accepted=0
[step=444] DELIVER from=1 to=2 type=Prepare { ballot: 19 } queue_len=284
[PAXOS-TICK] phase=WaitingForPromises elapsed=9 timeout=15 ballot=30 promises=0 accepted=0
[step=445] DELIVER from=1 to=3 type=Prepare { ballot: 19 } queue_len=284
[PAXOS-TICK] phase=WaitingForPromises elapsed=10 timeout=15 ballot=30 promises=0 accepted=0
[step=446] DELIVER from=1 to=4 type=Prepare { ballot: 19 } queue_len=284
[PAXOS-TICK] phase=WaitingForPromises elapsed=11 timeout=15 ballot=30 promises=0 accepted=0
[step=447] DELIVER from=1 to=5 type=Prepare { ballot: 19 } queue_len=284
[PAXOS-TICK] phase=WaitingForPromises elapsed=12 timeout=15 ballot=30 promises=0 accepted=0
[step=448] DELIVER from=1 to=6 type=Prepare { ballot: 19 } queue_len=284
[PAXOS-TICK] phase=WaitingForPromises elapsed=13 timeout=15 ballot=30 promises=0 accepted=0
[step=449] DELIVER from=1 to=7 type=Prepare { ballot: 19 } queue_len=284
[PAXOS-TICK] phase=WaitingForPromises elapsed=14 timeout=15 ballot=30 promises=0 accepted=0
[TIMEOUT-CAUSE] phase=WaitingForPromises ballot=30 promises=0 accepted=0 quorum=8
[step=450] DELIVER from=1 to=8 type=Prepare { ballot: 19 } queue_len=299
[PAXOS-TICK] phase=WaitingForPromises elapsed=0 timeout=15 ballot=31 promises=0 accepted=0
[step=451] DELIVER from=1 to=9 type=Prepare { ballot: 19 } queue_len=299
[PAXOS-TICK] phase=WaitingForPromises elapsed=1 timeout=15 ballot=31 promises=0 accepted=0
[step=452] DELIVER from=1 to=10 type=Prepare { ballot: 19 } queue_len=299
[PAXOS-TICK] phase=WaitingForPromises elapsed=2 timeout=15 ballot=31 promises=0 accepted=0
[step=453] DELIVER from=1 to=11 type=Prepare { ballot: 19 } queue_len=299
[PAXOS-TICK] phase=WaitingForPromises elapsed=3 timeout=15 ballot=31 promises=0 accepted=0
[step=454] DELIVER from=1 to=12 type=Prepare { ballot: 19 } queue_len=299
[PAXOS-TICK] phase=WaitingForPromises elapsed=4 timeout=15 ballot=31 promises=0 accepted=0
[step=455] DELIVER from=1 to=13 type=Prepare { ballot: 19 } queue_len=299
[PAXOS-TICK] phase=WaitingForPromises elapsed=5 timeout=15 ballot=31 promises=0 accepted=0
[step=456] DELIVER from=1 to=14 type=Prepare { ballot: 19 } queue_len=299
[PAXOS-TICK] phase=WaitingForPromises elapsed=6 timeout=15 ballot=31 promises=0 accepted=0
[step=457] DELIVER from=1 to=15 type=Prepare { ballot: 19 } queue_len=299
[PAXOS-TICK] phase=WaitingForPromises elapsed=7 timeout=15 ballot=31 promises=0 accepted=0
[step=458] DELIVER from=1 to=1 type=Promise { ballot: 12, accepted_ballot: None, accepted_value: None } queue_len=299
[PROMISE-TRACE] from=1 received_ballot=12 current_ballot=31 match=false
[PAXOS-TICK] phase=WaitingForPromises elapsed=8 timeout=15 ballot=31 promises=0 accepted=0
[step=459] DELIVER from=2 to=1 type=Promise { ballot: 12, accepted_ballot: None, accepted_value: None } queue_len=298
[PROMISE-TRACE] from=2 received_ballot=12 current_ballot=31 match=false
[PAXOS-TICK] phase=WaitingForPromises elapsed=9 timeout=15 ballot=31 promises=0 accepted=0
[step=460] DELIVER from=3 to=1 type=Promise { ballot: 12, accepted_ballot: None, accepted_value: None } queue_len=297
[PROMISE-TRACE] from=3 received_ballot=12 current_ballot=31 match=false
[PAXOS-TICK] phase=WaitingForPromises elapsed=10 timeout=15 ballot=31 promises=0 accepted=0
[step=461] DELIVER from=4 to=1 type=Promise { ballot: 12, accepted_ballot: None, accepted_value: None } queue_len=296
[PROMISE-TRACE] from=4 received_ballot=12 current_ballot=31 match=false
[PAXOS-TICK] phase=WaitingForPromises elapsed=11 timeout=15 ballot=31 promises=0 accepted=0
[step=462] DELIVER from=5 to=1 type=Promise { ballot: 12, accepted_ballot: None, accepted_value: None } queue_len=295
[PROMISE-TRACE] from=5 received_ballot=12 current_ballot=31 match=false
[PAXOS-TICK] phase=WaitingForPromises elapsed=12 timeout=15 ballot=31 promises=0 accepted=0
[step=463] DELIVER from=6 to=1 type=Promise { ballot: 12, accepted_ballot: None, accepted_value: None } queue_len=294
[PROMISE-TRACE] from=6 received_ballot=12 current_ballot=31 match=false
[PAXOS-TICK] phase=WaitingForPromises elapsed=13 timeout=15 ballot=31 promises=0 accepted=0
[step=464] DELIVER from=7 to=1 type=Promise { ballot: 12, accepted_ballot: None, accepted_value: None } queue_len=293
[PROMISE-TRACE] from=7 received_ballot=12 current_ballot=31 match=false
[PAXOS-TICK] phase=WaitingForPromises elapsed=14 timeout=15 ballot=31 promises=0 accepted=0
[TIMEOUT-CAUSE] phase=WaitingForPromises ballot=31 promises=0 accepted=0 quorum=8
[step=465] DELIVER from=8 to=1 type=Promise { ballot: 12, accepted_ballot: None, accepted_value: None } queue_len=307
[PROMISE-TRACE] from=8 received_ballot=12 current_ballot=32 match=false
[PAXOS-TICK] phase=WaitingForPromises elapsed=0 timeout=15 ballot=32 promises=0 accepted=0
[step=466] DELIVER from=9 to=1 type=Promise { ballot: 12, accepted_ballot: None, accepted_value: None } queue_len=306
[PROMISE-TRACE] from=9 received_ballot=12 current_ballot=32 match=false
[PAXOS-TICK] phase=WaitingForPromises elapsed=1 timeout=15 ballot=32 promises=0 accepted=0
[step=467] DELIVER from=10 to=1 type=Promise { ballot: 12, accepted_ballot: None, accepted_value: None } queue_len=305
[PROMISE-TRACE] from=10 received_ballot=12 current_ballot=32 match=false
[PAXOS-TICK] phase=WaitingForPromises elapsed=2 timeout=15 ballot=32 promises=0 accepted=0
[step=468] DELIVER from=1 to=1 type=Prepare { ballot: 20 } queue_len=304
[PAXOS-TICK] phase=WaitingForPromises elapsed=3 timeout=15 ballot=32 promises=0 accepted=0
[step=469] DELIVER from=1 to=2 type=Prepare { ballot: 20 } queue_len=304
[PAXOS-TICK] phase=WaitingForPromises elapsed=4 timeout=15 ballot=32 promises=0 accepted=0
[step=470] DELIVER from=1 to=3 type=Prepare { ballot: 20 } queue_len=304
[PAXOS-TICK] phase=WaitingForPromises elapsed=5 timeout=15 ballot=32 promises=0 accepted=0
[step=471] DELIVER from=1 to=4 type=Prepare { ballot: 20 } queue_len=304
[PAXOS-TICK] phase=WaitingForPromises elapsed=6 timeout=15 ballot=32 promises=0 accepted=0
[step=472] DELIVER from=1 to=5 type=Prepare { ballot: 20 } queue_len=304
[PAXOS-TICK] phase=WaitingForPromises elapsed=7 timeout=15 ballot=32 promises=0 accepted=0
[step=473] DELIVER from=1 to=6 type=Prepare { ballot: 20 } queue_len=304
[PAXOS-TICK] phase=WaitingForPromises elapsed=8 timeout=15 ballot=32 promises=0 accepted=0
[step=474] DELIVER from=1 to=7 type=Prepare { ballot: 20 } queue_len=304
[PAXOS-TICK] phase=WaitingForPromises elapsed=9 timeout=15 ballot=32 promises=0 accepted=0
[step=475] DELIVER from=1 to=8 type=Prepare { ballot: 20 } queue_len=304
[PAXOS-TICK] phase=WaitingForPromises elapsed=10 timeout=15 ballot=32 promises=0 accepted=0
[step=476] DELIVER from=1 to=9 type=Prepare { ballot: 20 } queue_len=304
[PAXOS-TICK] phase=WaitingForPromises elapsed=11 timeout=15 ballot=32 promises=0 accepted=0
[step=477] DELIVER from=1 to=10 type=Prepare { ballot: 20 } queue_len=304
[PAXOS-TICK] phase=WaitingForPromises elapsed=12 timeout=15 ballot=32 promises=0 accepted=0
[step=478] DELIVER from=1 to=11 type=Prepare { ballot: 20 } queue_len=304
[PAXOS-TICK] phase=WaitingForPromises elapsed=13 timeout=15 ballot=32 promises=0 accepted=0
[step=479] DELIVER from=1 to=12 type=Prepare { ballot: 20 } queue_len=304
[PAXOS-TICK] phase=WaitingForPromises elapsed=14 timeout=15 ballot=32 promises=0 accepted=0
[TIMEOUT-CAUSE] phase=WaitingForPromises ballot=32 promises=0 accepted=0 quorum=8
[step=480] DELIVER from=1 to=13 type=Prepare { ballot: 20 } queue_len=319
[PAXOS-TICK] phase=WaitingForPromises elapsed=0 timeout=15 ballot=33 promises=0 accepted=0
[step=481] DELIVER from=1 to=14 type=Prepare { ballot: 20 } queue_len=319
[PAXOS-TICK] phase=WaitingForPromises elapsed=1 timeout=15 ballot=33 promises=0 accepted=0
[step=482] DELIVER from=1 to=15 type=Prepare { ballot: 20 } queue_len=319
[PAXOS-TICK] phase=WaitingForPromises elapsed=2 timeout=15 ballot=33 promises=0 accepted=0
[step=483] DELIVER from=11 to=1 type=Promise { ballot: 12, accepted_ballot: None, accepted_value: None } queue_len=319
[PROMISE-TRACE] from=11 received_ballot=12 current_ballot=33 match=false
[PAXOS-TICK] phase=WaitingForPromises elapsed=3 timeout=15 ballot=33 promises=0 accepted=0
[step=484] DELIVER from=12 to=1 type=Promise { ballot: 12, accepted_ballot: None, accepted_value: None } queue_len=318
[PROMISE-TRACE] from=12 received_ballot=12 current_ballot=33 match=false
[PAXOS-TICK] phase=WaitingForPromises elapsed=4 timeout=15 ballot=33 promises=0 accepted=0
[step=485] DELIVER from=13 to=1 type=Promise { ballot: 12, accepted_ballot: None, accepted_value: None } queue_len=317
[PROMISE-TRACE] from=13 received_ballot=12 current_ballot=33 match=false
[PAXOS-TICK] phase=WaitingForPromises elapsed=5 timeout=15 ballot=33 promises=0 accepted=0
[step=486] DELIVER from=14 to=1 type=Promise { ballot: 12, accepted_ballot: None, accepted_value: None } queue_len=316
[PROMISE-TRACE] from=14 received_ballot=12 current_ballot=33 match=false
[PAXOS-TICK] phase=WaitingForPromises elapsed=6 timeout=15 ballot=33 promises=0 accepted=0
[step=487] DELIVER from=15 to=1 type=Promise { ballot: 12, accepted_ballot: None, accepted_value: None } queue_len=315
[PROMISE-TRACE] from=15 received_ballot=12 current_ballot=33 match=false
[PAXOS-TICK] phase=WaitingForPromises elapsed=7 timeout=15 ballot=33 promises=0 accepted=0
[step=488] DELIVER from=1 to=1 type=Prepare { ballot: 21 } queue_len=314
[PAXOS-TICK] phase=WaitingForPromises elapsed=8 timeout=15 ballot=33 promises=0 accepted=0
[step=489] DELIVER from=1 to=2 type=Prepare { ballot: 21 } queue_len=314
[PAXOS-TICK] phase=WaitingForPromises elapsed=9 timeout=15 ballot=33 promises=0 accepted=0
[step=490] DELIVER from=1 to=3 type=Prepare { ballot: 21 } queue_len=314
[PAXOS-TICK] phase=WaitingForPromises elapsed=10 timeout=15 ballot=33 promises=0 accepted=0
[step=491] DELIVER from=1 to=4 type=Prepare { ballot: 21 } queue_len=314
[PAXOS-TICK] phase=WaitingForPromises elapsed=11 timeout=15 ballot=33 promises=0 accepted=0
[step=492] DELIVER from=1 to=5 type=Prepare { ballot: 21 } queue_len=314
[PAXOS-TICK] phase=WaitingForPromises elapsed=12 timeout=15 ballot=33 promises=0 accepted=0
[step=493] DELIVER from=1 to=6 type=Prepare { ballot: 21 } queue_len=314
[PAXOS-TICK] phase=WaitingForPromises elapsed=13 timeout=15 ballot=33 promises=0 accepted=0
[step=494] DELIVER from=1 to=7 type=Prepare { ballot: 21 } queue_len=314
[PAXOS-TICK] phase=WaitingForPromises elapsed=14 timeout=15 ballot=33 promises=0 accepted=0
[TIMEOUT-CAUSE] phase=WaitingForPromises ballot=33 promises=0 accepted=0 quorum=8
[step=495] DELIVER from=1 to=8 type=Prepare { ballot: 21 } queue_len=329
[PAXOS-TICK] phase=WaitingForPromises elapsed=0 timeout=15 ballot=34 promises=0 accepted=0
[step=496] DELIVER from=1 to=9 type=Prepare { ballot: 21 } queue_len=329
[PAXOS-TICK] phase=WaitingForPromises elapsed=1 timeout=15 ballot=34 promises=0 accepted=0
[step=497] DELIVER from=1 to=10 type=Prepare { ballot: 21 } queue_len=329
[PAXOS-TICK] phase=WaitingForPromises elapsed=2 timeout=15 ballot=34 promises=0 accepted=0
[step=498] DELIVER from=1 to=11 type=Prepare { ballot: 21 } queue_len=329
[PAXOS-TICK] phase=WaitingForPromises elapsed=3 timeout=15 ballot=34 promises=0 accepted=0
[step=499] DELIVER from=1 to=12 type=Prepare { ballot: 21 } queue_len=329
[PAXOS-TICK] phase=WaitingForPromises elapsed=4 timeout=15 ballot=34 promises=0 accepted=0
[step=500] DELIVER from=1 to=13 type=Prepare { ballot: 21 } queue_len=329
[PAXOS-TICK] phase=WaitingForPromises elapsed=5 timeout=15 ballot=34 promises=0 accepted=0
[step=501] DELIVER from=1 to=14 type=Prepare { ballot: 21 } queue_len=329
[PAXOS-TICK] phase=WaitingForPromises elapsed=6 timeout=15 ballot=34 promises=0 accepted=0
[step=502] DELIVER from=1 to=15 type=Prepare { ballot: 21 } queue_len=329
[PAXOS-TICK] phase=WaitingForPromises elapsed=7 timeout=15 ballot=34 promises=0 accepted=0
[step=503] DELIVER from=1 to=1 type=Promise { ballot: 13, accepted_ballot: None, accepted_value: None } queue_len=329
[PROMISE-TRACE] from=1 received_ballot=13 current_ballot=34 match=false
[PAXOS-TICK] phase=WaitingForPromises elapsed=8 timeout=15 ballot=34 promises=0 accepted=0
[step=504] DELIVER from=2 to=1 type=Promise { ballot: 13, accepted_ballot: None, accepted_value: None } queue_len=328
[PROMISE-TRACE] from=2 received_ballot=13 current_ballot=34 match=false
[PAXOS-TICK] phase=WaitingForPromises elapsed=9 timeout=15 ballot=34 promises=0 accepted=0
[step=505] DELIVER from=3 to=1 type=Promise { ballot: 13, accepted_ballot: None, accepted_value: None } queue_len=327
[PROMISE-TRACE] from=3 received_ballot=13 current_ballot=34 match=false
[PAXOS-TICK] phase=WaitingForPromises elapsed=10 timeout=15 ballot=34 promises=0 accepted=0
[step=506] DELIVER from=4 to=1 type=Promise { ballot: 13, accepted_ballot: None, accepted_value: None } queue_len=326
[PROMISE-TRACE] from=4 received_ballot=13 current_ballot=34 match=false
[PAXOS-TICK] phase=WaitingForPromises elapsed=11 timeout=15 ballot=34 promises=0 accepted=0
[step=507] DELIVER from=5 to=1 type=Promise { ballot: 13, accepted_ballot: None, accepted_value: None } queue_len=325
[PROMISE-TRACE] from=5 received_ballot=13 current_ballot=34 match=false
[PAXOS-TICK] phase=WaitingForPromises elapsed=12 timeout=15 ballot=34 promises=0 accepted=0
[step=508] DELIVER from=6 to=1 type=Promise { ballot: 13, accepted_ballot: None, accepted_value: None } queue_len=324
[PROMISE-TRACE] from=6 received_ballot=13 current_ballot=34 match=false
[PAXOS-TICK] phase=WaitingForPromises elapsed=13 timeout=15 ballot=34 promises=0 accepted=0
[step=509] DELIVER from=7 to=1 type=Promise { ballot: 13, accepted_ballot: None, accepted_value: None } queue_len=323
[PROMISE-TRACE] from=7 received_ballot=13 current_ballot=34 match=false
[PAXOS-TICK] phase=WaitingForPromises elapsed=14 timeout=15 ballot=34 promises=0 accepted=0
[TIMEOUT-CAUSE] phase=WaitingForPromises ballot=34 promises=0 accepted=0 quorum=8
[step=510] DELIVER from=8 to=1 type=Promise { ballot: 13, accepted_ballot: None, accepted_value: None } queue_len=337
[PROMISE-TRACE] from=8 received_ballot=13 current_ballot=35 match=false
[PAXOS-TICK] phase=WaitingForPromises elapsed=0 timeout=15 ballot=35 promises=0 accepted=0
[step=511] DELIVER from=9 to=1 type=Promise { ballot: 13, accepted_ballot: None, accepted_value: None } queue_len=336
[PROMISE-TRACE] from=9 received_ballot=13 current_ballot=35 match=false
[PAXOS-TICK] phase=WaitingForPromises elapsed=1 timeout=15 ballot=35 promises=0 accepted=0
[step=512] DELIVER from=10 to=1 type=Promise { ballot: 13, accepted_ballot: None, accepted_value: None } queue_len=335
[PROMISE-TRACE] from=10 received_ballot=13 current_ballot=35 match=false
[PAXOS-TICK] phase=WaitingForPromises elapsed=2 timeout=15 ballot=35 promises=0 accepted=0
[step=513] DELIVER from=11 to=1 type=Promise { ballot: 13, accepted_ballot: None, accepted_value: None } queue_len=334
[PROMISE-TRACE] from=11 received_ballot=13 current_ballot=35 match=false
[PAXOS-TICK] phase=WaitingForPromises elapsed=3 timeout=15 ballot=35 promises=0 accepted=0
[step=514] DELIVER from=12 to=1 type=Promise { ballot: 13, accepted_ballot: None, accepted_value: None } queue_len=333
[PROMISE-TRACE] from=12 received_ballot=13 current_ballot=35 match=false
[PAXOS-TICK] phase=WaitingForPromises elapsed=4 timeout=15 ballot=35 promises=0 accepted=0
[step=515] DELIVER from=13 to=1 type=Promise { ballot: 13, accepted_ballot: None, accepted_value: None } queue_len=332
[PROMISE-TRACE] from=13 received_ballot=13 current_ballot=35 match=false
[PAXOS-TICK] phase=WaitingForPromises elapsed=5 timeout=15 ballot=35 promises=0 accepted=0
[step=516] DELIVER from=14 to=1 type=Promise { ballot: 13, accepted_ballot: None, accepted_value: None } queue_len=331
[PROMISE-TRACE] from=14 received_ballot=13 current_ballot=35 match=false
[PAXOS-TICK] phase=WaitingForPromises elapsed=6 timeout=15 ballot=35 promises=0 accepted=0
[step=517] DELIVER from=15 to=1 type=Promise { ballot: 13, accepted_ballot: None, accepted_value: None } queue_len=330
[PROMISE-TRACE] from=15 received_ballot=13 current_ballot=35 match=false
[PAXOS-TICK] phase=WaitingForPromises elapsed=7 timeout=15 ballot=35 promises=0 accepted=0
[step=518] DELIVER from=1 to=1 type=Prepare { ballot: 22 } queue_len=329
[PAXOS-TICK] phase=WaitingForPromises elapsed=8 timeout=15 ballot=35 promises=0 accepted=0
[step=519] DELIVER from=1 to=2 type=Prepare { ballot: 22 } queue_len=329
[PAXOS-TICK] phase=WaitingForPromises elapsed=9 timeout=15 ballot=35 promises=0 accepted=0
[step=520] DELIVER from=1 to=3 type=Prepare { ballot: 22 } queue_len=329
[PAXOS-TICK] phase=WaitingForPromises elapsed=10 timeout=15 ballot=35 promises=0 accepted=0
[step=521] DELIVER from=1 to=4 type=Prepare { ballot: 22 } queue_len=329
[PAXOS-TICK] phase=WaitingForPromises elapsed=11 timeout=15 ballot=35 promises=0 accepted=0
[step=522] DELIVER from=1 to=5 type=Prepare { ballot: 22 } queue_len=329
[PAXOS-TICK] phase=WaitingForPromises elapsed=12 timeout=15 ballot=35 promises=0 accepted=0
[step=523] DELIVER from=1 to=6 type=Prepare { ballot: 22 } queue_len=329
[PAXOS-TICK] phase=WaitingForPromises elapsed=13 timeout=15 ballot=35 promises=0 accepted=0
[step=524] DELIVER from=1 to=7 type=Prepare { ballot: 22 } queue_len=329
[PAXOS-TICK] phase=WaitingForPromises elapsed=14 timeout=15 ballot=35 promises=0 accepted=0
[TIMEOUT-CAUSE] phase=WaitingForPromises ballot=35 promises=0 accepted=0 quorum=8
[step=525] DELIVER from=1 to=8 type=Prepare { ballot: 22 } queue_len=344
[PAXOS-TICK] phase=WaitingForPromises elapsed=0 timeout=15 ballot=36 promises=0 accepted=0
[step=526] DELIVER from=1 to=9 type=Prepare { ballot: 22 } queue_len=344
[PAXOS-TICK] phase=WaitingForPromises elapsed=1 timeout=15 ballot=36 promises=0 accepted=0
[step=527] DELIVER from=1 to=10 type=Prepare { ballot: 22 } queue_len=344
[PAXOS-TICK] phase=WaitingForPromises elapsed=2 timeout=15 ballot=36 promises=0 accepted=0
[step=528] DELIVER from=1 to=11 type=Prepare { ballot: 22 } queue_len=344
[PAXOS-TICK] phase=WaitingForPromises elapsed=3 timeout=15 ballot=36 promises=0 accepted=0
[step=529] DELIVER from=1 to=12 type=Prepare { ballot: 22 } queue_len=344
[PAXOS-TICK] phase=WaitingForPromises elapsed=4 timeout=15 ballot=36 promises=0 accepted=0
[step=530] DELIVER from=1 to=13 type=Prepare { ballot: 22 } queue_len=344
[PAXOS-TICK] phase=WaitingForPromises elapsed=5 timeout=15 ballot=36 promises=0 accepted=0
[step=531] DELIVER from=1 to=14 type=Prepare { ballot: 22 } queue_len=344
[PAXOS-TICK] phase=WaitingForPromises elapsed=6 timeout=15 ballot=36 promises=0 accepted=0
[step=532] DELIVER from=1 to=15 type=Prepare { ballot: 22 } queue_len=344
[PAXOS-TICK] phase=WaitingForPromises elapsed=7 timeout=15 ballot=36 promises=0 accepted=0
[step=533] DELIVER from=1 to=1 type=Promise { ballot: 14, accepted_ballot: None, accepted_value: None } queue_len=344
[PROMISE-TRACE] from=1 received_ballot=14 current_ballot=36 match=false
[PAXOS-TICK] phase=WaitingForPromises elapsed=8 timeout=15 ballot=36 promises=0 accepted=0
[step=534] DELIVER from=2 to=1 type=Promise { ballot: 14, accepted_ballot: None, accepted_value: None } queue_len=343
[PROMISE-TRACE] from=2 received_ballot=14 current_ballot=36 match=false
[PAXOS-TICK] phase=WaitingForPromises elapsed=9 timeout=15 ballot=36 promises=0 accepted=0
[step=535] DELIVER from=3 to=1 type=Promise { ballot: 14, accepted_ballot: None, accepted_value: None } queue_len=342
[PROMISE-TRACE] from=3 received_ballot=14 current_ballot=36 match=false
[PAXOS-TICK] phase=WaitingForPromises elapsed=10 timeout=15 ballot=36 promises=0 accepted=0
[step=536] DELIVER from=4 to=1 type=Promise { ballot: 14, accepted_ballot: None, accepted_value: None } queue_len=341
[PROMISE-TRACE] from=4 received_ballot=14 current_ballot=36 match=false
[PAXOS-TICK] phase=WaitingForPromises elapsed=11 timeout=15 ballot=36 promises=0 accepted=0
[step=537] DELIVER from=5 to=1 type=Promise { ballot: 14, accepted_ballot: None, accepted_value: None } queue_len=340
[PROMISE-TRACE] from=5 received_ballot=14 current_ballot=36 match=false
[PAXOS-TICK] phase=WaitingForPromises elapsed=12 timeout=15 ballot=36 promises=0 accepted=0
[step=538] DELIVER from=6 to=1 type=Promise { ballot: 14, accepted_ballot: None, accepted_value: None } queue_len=339
[PROMISE-TRACE] from=6 received_ballot=14 current_ballot=36 match=false
[PAXOS-TICK] phase=WaitingForPromises elapsed=13 timeout=15 ballot=36 promises=0 accepted=0
[step=539] DELIVER from=7 to=1 type=Promise { ballot: 14, accepted_ballot: None, accepted_value: None } queue_len=338
[PROMISE-TRACE] from=7 received_ballot=14 current_ballot=36 match=false
[PAXOS-TICK] phase=WaitingForPromises elapsed=14 timeout=15 ballot=36 promises=0 accepted=0
[TIMEOUT-CAUSE] phase=WaitingForPromises ballot=36 promises=0 accepted=0 quorum=8
[step=540] DELIVER from=1 to=1 type=Prepare { ballot: 23 } queue_len=352
[PAXOS-TICK] phase=WaitingForPromises elapsed=0 timeout=15 ballot=37 promises=0 accepted=0
[step=541] DELIVER from=1 to=2 type=Prepare { ballot: 23 } queue_len=352
[PAXOS-TICK] phase=WaitingForPromises elapsed=1 timeout=15 ballot=37 promises=0 accepted=0
[step=542] DELIVER from=1 to=3 type=Prepare { ballot: 23 } queue_len=352
[PAXOS-TICK] phase=WaitingForPromises elapsed=2 timeout=15 ballot=37 promises=0 accepted=0
[step=543] DELIVER from=1 to=4 type=Prepare { ballot: 23 } queue_len=352
[PAXOS-TICK] phase=WaitingForPromises elapsed=3 timeout=15 ballot=37 promises=0 accepted=0
[step=544] DELIVER from=1 to=5 type=Prepare { ballot: 23 } queue_len=352
[PAXOS-TICK] phase=WaitingForPromises elapsed=4 timeout=15 ballot=37 promises=0 accepted=0
[step=545] DELIVER from=1 to=6 type=Prepare { ballot: 23 } queue_len=352
[PAXOS-TICK] phase=WaitingForPromises elapsed=5 timeout=15 ballot=37 promises=0 accepted=0
[step=546] DELIVER from=1 to=7 type=Prepare { ballot: 23 } queue_len=352
[PAXOS-TICK] phase=WaitingForPromises elapsed=6 timeout=15 ballot=37 promises=0 accepted=0
[step=547] DELIVER from=1 to=8 type=Prepare { ballot: 23 } queue_len=352
[PAXOS-TICK] phase=WaitingForPromises elapsed=7 timeout=15 ballot=37 promises=0 accepted=0
[step=548] DELIVER from=1 to=9 type=Prepare { ballot: 23 } queue_len=352
[PAXOS-TICK] phase=WaitingForPromises elapsed=8 timeout=15 ballot=37 promises=0 accepted=0
[step=549] DELIVER from=1 to=10 type=Prepare { ballot: 23 } queue_len=352
[PAXOS-TICK] phase=WaitingForPromises elapsed=9 timeout=15 ballot=37 promises=0 accepted=0
[step=550] DELIVER from=1 to=11 type=Prepare { ballot: 23 } queue_len=352
[PAXOS-TICK] phase=WaitingForPromises elapsed=10 timeout=15 ballot=37 promises=0 accepted=0
[step=551] DELIVER from=1 to=12 type=Prepare { ballot: 23 } queue_len=352
[PAXOS-TICK] phase=WaitingForPromises elapsed=11 timeout=15 ballot=37 promises=0 accepted=0
[step=552] DELIVER from=1 to=13 type=Prepare { ballot: 23 } queue_len=352
[PAXOS-TICK] phase=WaitingForPromises elapsed=12 timeout=15 ballot=37 promises=0 accepted=0
[step=553] DELIVER from=1 to=14 type=Prepare { ballot: 23 } queue_len=352
[PAXOS-TICK] phase=WaitingForPromises elapsed=13 timeout=15 ballot=37 promises=0 accepted=0
[step=554] DELIVER from=1 to=15 type=Prepare { ballot: 23 } queue_len=352
[PAXOS-TICK] phase=WaitingForPromises elapsed=14 timeout=15 ballot=37 promises=0 accepted=0
[TIMEOUT-CAUSE] phase=WaitingForPromises ballot=37 promises=0 accepted=0 quorum=8
[step=555] DELIVER from=8 to=1 type=Promise { ballot: 14, accepted_ballot: None, accepted_value: None } queue_len=367
[PROMISE-TRACE] from=8 received_ballot=14 current_ballot=38 match=false
[PAXOS-TICK] phase=WaitingForPromises elapsed=0 timeout=15 ballot=38 promises=0 accepted=0
[step=556] DELIVER from=9 to=1 type=Promise { ballot: 14, accepted_ballot: None, accepted_value: None } queue_len=366
[PROMISE-TRACE] from=9 received_ballot=14 current_ballot=38 match=false
[PAXOS-TICK] phase=WaitingForPromises elapsed=1 timeout=15 ballot=38 promises=0 accepted=0
[step=557] DELIVER from=10 to=1 type=Promise { ballot: 14, accepted_ballot: None, accepted_value: None } queue_len=365
[PROMISE-TRACE] from=10 received_ballot=14 current_ballot=38 match=false
[PAXOS-TICK] phase=WaitingForPromises elapsed=2 timeout=15 ballot=38 promises=0 accepted=0
[step=558] DELIVER from=11 to=1 type=Promise { ballot: 14, accepted_ballot: None, accepted_value: None } queue_len=364
[PROMISE-TRACE] from=11 received_ballot=14 current_ballot=38 match=false
[PAXOS-TICK] phase=WaitingForPromises elapsed=3 timeout=15 ballot=38 promises=0 accepted=0
[step=559] DELIVER from=12 to=1 type=Promise { ballot: 14, accepted_ballot: None, accepted_value: None } queue_len=363
[PROMISE-TRACE] from=12 received_ballot=14 current_ballot=38 match=false
[PAXOS-TICK] phase=WaitingForPromises elapsed=4 timeout=15 ballot=38 promises=0 accepted=0
[step=560] DELIVER from=13 to=1 type=Promise { ballot: 14, accepted_ballot: None, accepted_value: None } queue_len=362
[PROMISE-TRACE] from=13 received_ballot=14 current_ballot=38 match=false
[PAXOS-TICK] phase=WaitingForPromises elapsed=5 timeout=15 ballot=38 promises=0 accepted=0
[step=561] DELIVER from=14 to=1 type=Promise { ballot: 14, accepted_ballot: None, accepted_value: None } queue_len=361
[PROMISE-TRACE] from=14 received_ballot=14 current_ballot=38 match=false
[PAXOS-TICK] phase=WaitingForPromises elapsed=6 timeout=15 ballot=38 promises=0 accepted=0
[step=562] DELIVER from=15 to=1 type=Promise { ballot: 14, accepted_ballot: None, accepted_value: None } queue_len=360
[PROMISE-TRACE] from=15 received_ballot=14 current_ballot=38 match=false
[PAXOS-TICK] phase=WaitingForPromises elapsed=7 timeout=15 ballot=38 promises=0 accepted=0
[step=563] DELIVER from=1 to=1 type=Prepare { ballot: 24 } queue_len=359
[PAXOS-TICK] phase=WaitingForPromises elapsed=8 timeout=15 ballot=38 promises=0 accepted=0
[step=564] DELIVER from=1 to=2 type=Prepare { ballot: 24 } queue_len=359
[PAXOS-TICK] phase=WaitingForPromises elapsed=9 timeout=15 ballot=38 promises=0 accepted=0
[step=565] DELIVER from=1 to=3 type=Prepare { ballot: 24 } queue_len=359
[PAXOS-TICK] phase=WaitingForPromises elapsed=10 timeout=15 ballot=38 promises=0 accepted=0
[step=566] DELIVER from=1 to=4 type=Prepare { ballot: 24 } queue_len=359
[PAXOS-TICK] phase=WaitingForPromises elapsed=11 timeout=15 ballot=38 promises=0 accepted=0
[step=567] DELIVER from=1 to=5 type=Prepare { ballot: 24 } queue_len=359
[PAXOS-TICK] phase=WaitingForPromises elapsed=12 timeout=15 ballot=38 promises=0 accepted=0
[step=568] DELIVER from=1 to=6 type=Prepare { ballot: 24 } queue_len=359
[PAXOS-TICK] phase=WaitingForPromises elapsed=13 timeout=15 ballot=38 promises=0 accepted=0
[step=569] DELIVER from=1 to=7 type=Prepare { ballot: 24 } queue_len=359
[PAXOS-TICK] phase=WaitingForPromises elapsed=14 timeout=15 ballot=38 promises=0 accepted=0
[TIMEOUT-CAUSE] phase=WaitingForPromises ballot=38 promises=0 accepted=0 quorum=8
[step=570] DELIVER from=1 to=8 type=Prepare { ballot: 24 } queue_len=374
[PAXOS-TICK] phase=WaitingForPromises elapsed=0 timeout=15 ballot=39 promises=0 accepted=0
[step=571] DELIVER from=1 to=9 type=Prepare { ballot: 24 } queue_len=374
[PAXOS-TICK] phase=WaitingForPromises elapsed=1 timeout=15 ballot=39 promises=0 accepted=0
[step=572] DELIVER from=1 to=10 type=Prepare { ballot: 24 } queue_len=374
[PAXOS-TICK] phase=WaitingForPromises elapsed=2 timeout=15 ballot=39 promises=0 accepted=0
[step=573] DELIVER from=1 to=11 type=Prepare { ballot: 24 } queue_len=374
[PAXOS-TICK] phase=WaitingForPromises elapsed=3 timeout=15 ballot=39 promises=0 accepted=0
[step=574] DELIVER from=1 to=12 type=Prepare { ballot: 24 } queue_len=374
[PAXOS-TICK] phase=WaitingForPromises elapsed=4 timeout=15 ballot=39 promises=0 accepted=0
[step=575] DELIVER from=1 to=13 type=Prepare { ballot: 24 } queue_len=374
[PAXOS-TICK] phase=WaitingForPromises elapsed=5 timeout=15 ballot=39 promises=0 accepted=0
[step=576] DELIVER from=1 to=14 type=Prepare { ballot: 24 } queue_len=374
[PAXOS-TICK] phase=WaitingForPromises elapsed=6 timeout=15 ballot=39 promises=0 accepted=0
[step=577] DELIVER from=1 to=15 type=Prepare { ballot: 24 } queue_len=374
[PAXOS-TICK] phase=WaitingForPromises elapsed=7 timeout=15 ballot=39 promises=0 accepted=0
[step=578] DELIVER from=1 to=1 type=Promise { ballot: 15, accepted_ballot: None, accepted_value: None } queue_len=374
[PROMISE-TRACE] from=1 received_ballot=15 current_ballot=39 match=false
[PAXOS-TICK] phase=WaitingForPromises elapsed=8 timeout=15 ballot=39 promises=0 accepted=0
[step=579] DELIVER from=2 to=1 type=Promise { ballot: 15, accepted_ballot: None, accepted_value: None } queue_len=373
[PROMISE-TRACE] from=2 received_ballot=15 current_ballot=39 match=false
[PAXOS-TICK] phase=WaitingForPromises elapsed=9 timeout=15 ballot=39 promises=0 accepted=0
[step=580] DELIVER from=3 to=1 type=Promise { ballot: 15, accepted_ballot: None, accepted_value: None } queue_len=372
[PROMISE-TRACE] from=3 received_ballot=15 current_ballot=39 match=false
[PAXOS-TICK] phase=WaitingForPromises elapsed=10 timeout=15 ballot=39 promises=0 accepted=0
[step=581] DELIVER from=4 to=1 type=Promise { ballot: 15, accepted_ballot: None, accepted_value: None } queue_len=371
[PROMISE-TRACE] from=4 received_ballot=15 current_ballot=39 match=false
[PAXOS-TICK] phase=WaitingForPromises elapsed=11 timeout=15 ballot=39 promises=0 accepted=0
[step=582] DELIVER from=5 to=1 type=Promise { ballot: 15, accepted_ballot: None, accepted_value: None } queue_len=370
[PROMISE-TRACE] from=5 received_ballot=15 current_ballot=39 match=false
[PAXOS-TICK] phase=WaitingForPromises elapsed=12 timeout=15 ballot=39 promises=0 accepted=0
[step=583] DELIVER from=6 to=1 type=Promise { ballot: 15, accepted_ballot: None, accepted_value: None } queue_len=369
[PROMISE-TRACE] from=6 received_ballot=15 current_ballot=39 match=false
[PAXOS-TICK] phase=WaitingForPromises elapsed=13 timeout=15 ballot=39 promises=0 accepted=0
[step=584] DELIVER from=7 to=1 type=Promise { ballot: 15, accepted_ballot: None, accepted_value: None } queue_len=368
[PROMISE-TRACE] from=7 received_ballot=15 current_ballot=39 match=false
[PAXOS-TICK] phase=WaitingForPromises elapsed=14 timeout=15 ballot=39 promises=0 accepted=0
[TIMEOUT-CAUSE] phase=WaitingForPromises ballot=39 promises=0 accepted=0 quorum=8
[step=585] DELIVER from=8 to=1 type=Promise { ballot: 15, accepted_ballot: None, accepted_value: None } queue_len=382
[PROMISE-TRACE] from=8 received_ballot=15 current_ballot=40 match=false
[PAXOS-TICK] phase=WaitingForPromises elapsed=0 timeout=15 ballot=40 promises=0 accepted=0
[step=586] DELIVER from=9 to=1 type=Promise { ballot: 15, accepted_ballot: None, accepted_value: None } queue_len=381
[PROMISE-TRACE] from=9 received_ballot=15 current_ballot=40 match=false
[PAXOS-TICK] phase=WaitingForPromises elapsed=1 timeout=15 ballot=40 promises=0 accepted=0
[step=587] DELIVER from=10 to=1 type=Promise { ballot: 15, accepted_ballot: None, accepted_value: None } queue_len=380
[PROMISE-TRACE] from=10 received_ballot=15 current_ballot=40 match=false
[PAXOS-TICK] phase=WaitingForPromises elapsed=2 timeout=15 ballot=40 promises=0 accepted=0
[step=588] DELIVER from=11 to=1 type=Promise { ballot: 15, accepted_ballot: None, accepted_value: None } queue_len=379
[PROMISE-TRACE] from=11 received_ballot=15 current_ballot=40 match=false
[PAXOS-TICK] phase=WaitingForPromises elapsed=3 timeout=15 ballot=40 promises=0 accepted=0
[step=589] DELIVER from=12 to=1 type=Promise { ballot: 15, accepted_ballot: None, accepted_value: None } queue_len=378
[PROMISE-TRACE] from=12 received_ballot=15 current_ballot=40 match=false
[PAXOS-TICK] phase=WaitingForPromises elapsed=4 timeout=15 ballot=40 promises=0 accepted=0
[step=590] DELIVER from=13 to=1 type=Promise { ballot: 15, accepted_ballot: None, accepted_value: None } queue_len=377
[PROMISE-TRACE] from=13 received_ballot=15 current_ballot=40 match=false
[PAXOS-TICK] phase=WaitingForPromises elapsed=5 timeout=15 ballot=40 promises=0 accepted=0
[step=591] DELIVER from=14 to=1 type=Promise { ballot: 15, accepted_ballot: None, accepted_value: None } queue_len=376
[PROMISE-TRACE] from=14 received_ballot=15 current_ballot=40 match=false
[PAXOS-TICK] phase=WaitingForPromises elapsed=6 timeout=15 ballot=40 promises=0 accepted=0
[step=592] DELIVER from=1 to=1 type=Prepare { ballot: 25 } queue_len=375
[PAXOS-TICK] phase=WaitingForPromises elapsed=7 timeout=15 ballot=40 promises=0 accepted=0
[step=593] DELIVER from=1 to=2 type=Prepare { ballot: 25 } queue_len=375
[PAXOS-TICK] phase=WaitingForPromises elapsed=8 timeout=15 ballot=40 promises=0 accepted=0
[step=594] DELIVER from=1 to=3 type=Prepare { ballot: 25 } queue_len=375
[PAXOS-TICK] phase=WaitingForPromises elapsed=9 timeout=15 ballot=40 promises=0 accepted=0
[step=595] DELIVER from=1 to=4 type=Prepare { ballot: 25 } queue_len=375
[PAXOS-TICK] phase=WaitingForPromises elapsed=10 timeout=15 ballot=40 promises=0 accepted=0
[step=596] DELIVER from=1 to=5 type=Prepare { ballot: 25 } queue_len=375
[PAXOS-TICK] phase=WaitingForPromises elapsed=11 timeout=15 ballot=40 promises=0 accepted=0
[step=597] DELIVER from=1 to=6 type=Prepare { ballot: 25 } queue_len=375
[PAXOS-TICK] phase=WaitingForPromises elapsed=12 timeout=15 ballot=40 promises=0 accepted=0
[step=598] DELIVER from=1 to=7 type=Prepare { ballot: 25 } queue_len=375
[PAXOS-TICK] phase=WaitingForPromises elapsed=13 timeout=15 ballot=40 promises=0 accepted=0
[step=599] DELIVER from=1 to=8 type=Prepare { ballot: 25 } queue_len=375
[PAXOS-TICK] phase=WaitingForPromises elapsed=14 timeout=15 ballot=40 promises=0 accepted=0
[TIMEOUT-CAUSE] phase=WaitingForPromises ballot=40 promises=0 accepted=0 quorum=8
[step=600] DELIVER from=1 to=9 type=Prepare { ballot: 25 } queue_len=390
[PAXOS-TICK] phase=WaitingForPromises elapsed=0 timeout=15 ballot=41 promises=0 accepted=0
[step=601] DELIVER from=1 to=10 type=Prepare { ballot: 25 } queue_len=390
[PAXOS-TICK] phase=WaitingForPromises elapsed=1 timeout=15 ballot=41 promises=0 accepted=0
[step=602] DELIVER from=1 to=11 type=Prepare { ballot: 25 } queue_len=390
[PAXOS-TICK] phase=WaitingForPromises elapsed=2 timeout=15 ballot=41 promises=0 accepted=0
[step=603] DELIVER from=1 to=12 type=Prepare { ballot: 25 } queue_len=390
[PAXOS-TICK] phase=WaitingForPromises elapsed=3 timeout=15 ballot=41 promises=0 accepted=0
[step=604] DELIVER from=1 to=13 type=Prepare { ballot: 25 } queue_len=390
[PAXOS-TICK] phase=WaitingForPromises elapsed=4 timeout=15 ballot=41 promises=0 accepted=0
[step=605] DELIVER from=1 to=14 type=Prepare { ballot: 25 } queue_len=390
[PAXOS-TICK] phase=WaitingForPromises elapsed=5 timeout=15 ballot=41 promises=0 accepted=0
[step=606] DELIVER from=1 to=15 type=Prepare { ballot: 25 } queue_len=390
[PAXOS-TICK] phase=WaitingForPromises elapsed=6 timeout=15 ballot=41 promises=0 accepted=0
[step=607] DELIVER from=15 to=1 type=Promise { ballot: 15, accepted_ballot: None, accepted_value: None } queue_len=390
[PROMISE-TRACE] from=15 received_ballot=15 current_ballot=41 match=false
[PAXOS-TICK] phase=WaitingForPromises elapsed=7 timeout=15 ballot=41 promises=0 accepted=0
[step=608] DELIVER from=1 to=1 type=Promise { ballot: 16, accepted_ballot: None, accepted_value: None } queue_len=389
[PROMISE-TRACE] from=1 received_ballot=16 current_ballot=41 match=false
[PAXOS-TICK] phase=WaitingForPromises elapsed=8 timeout=15 ballot=41 promises=0 accepted=0
[step=609] DELIVER from=2 to=1 type=Promise { ballot: 16, accepted_ballot: None, accepted_value: None } queue_len=388
[PROMISE-TRACE] from=2 received_ballot=16 current_ballot=41 match=false
[PAXOS-TICK] phase=WaitingForPromises elapsed=9 timeout=15 ballot=41 promises=0 accepted=0
[step=610] DELIVER from=3 to=1 type=Promise { ballot: 16, accepted_ballot: None, accepted_value: None } queue_len=387
[PROMISE-TRACE] from=3 received_ballot=16 current_ballot=41 match=false
[PAXOS-TICK] phase=WaitingForPromises elapsed=10 timeout=15 ballot=41 promises=0 accepted=0
[step=611] DELIVER from=4 to=1 type=Promise { ballot: 16, accepted_ballot: None, accepted_value: None } queue_len=386
[PROMISE-TRACE] from=4 received_ballot=16 current_ballot=41 match=false
[PAXOS-TICK] phase=WaitingForPromises elapsed=11 timeout=15 ballot=41 promises=0 accepted=0
[step=612] DELIVER from=5 to=1 type=Promise { ballot: 16, accepted_ballot: None, accepted_value: None } queue_len=385
[PROMISE-TRACE] from=5 received_ballot=16 current_ballot=41 match=false
[PAXOS-TICK] phase=WaitingForPromises elapsed=12 timeout=15 ballot=41 promises=0 accepted=0
[step=613] DELIVER from=6 to=1 type=Promise { ballot: 16, accepted_ballot: None, accepted_value: None } queue_len=384
[PROMISE-TRACE] from=6 received_ballot=16 current_ballot=41 match=false
[PAXOS-TICK] phase=WaitingForPromises elapsed=13 timeout=15 ballot=41 promises=0 accepted=0
[step=614] DELIVER from=7 to=1 type=Promise { ballot: 16, accepted_ballot: None, accepted_value: None } queue_len=383
[PROMISE-TRACE] from=7 received_ballot=16 current_ballot=41 match=false
[PAXOS-TICK] phase=WaitingForPromises elapsed=14 timeout=15 ballot=41 promises=0 accepted=0
[TIMEOUT-CAUSE] phase=WaitingForPromises ballot=41 promises=0 accepted=0 quorum=8
[step=615] DELIVER from=1 to=1 type=Prepare { ballot: 26 } queue_len=397
[PAXOS-TICK] phase=WaitingForPromises elapsed=0 timeout=15 ballot=42 promises=0 accepted=0
[step=616] DELIVER from=1 to=2 type=Prepare { ballot: 26 } queue_len=397
[PAXOS-TICK] phase=WaitingForPromises elapsed=1 timeout=15 ballot=42 promises=0 accepted=0
[step=617] DELIVER from=1 to=3 type=Prepare { ballot: 26 } queue_len=397
[PAXOS-TICK] phase=WaitingForPromises elapsed=2 timeout=15 ballot=42 promises=0 accepted=0
[step=618] DELIVER from=1 to=4 type=Prepare { ballot: 26 } queue_len=397
[PAXOS-TICK] phase=WaitingForPromises elapsed=3 timeout=15 ballot=42 promises=0 accepted=0
[step=619] DELIVER from=1 to=5 type=Prepare { ballot: 26 } queue_len=397
[PAXOS-TICK] phase=WaitingForPromises elapsed=4 timeout=15 ballot=42 promises=0 accepted=0
[step=620] DELIVER from=1 to=6 type=Prepare { ballot: 26 } queue_len=397
[PAXOS-TICK] phase=WaitingForPromises elapsed=5 timeout=15 ballot=42 promises=0 accepted=0
[step=621] DELIVER from=1 to=7 type=Prepare { ballot: 26 } queue_len=397
[PAXOS-TICK] phase=WaitingForPromises elapsed=6 timeout=15 ballot=42 promises=0 accepted=0
[step=622] DELIVER from=1 to=8 type=Prepare { ballot: 26 } queue_len=397
[PAXOS-TICK] phase=WaitingForPromises elapsed=7 timeout=15 ballot=42 promises=0 accepted=0
[step=623] DELIVER from=1 to=9 type=Prepare { ballot: 26 } queue_len=397
[PAXOS-TICK] phase=WaitingForPromises elapsed=8 timeout=15 ballot=42 promises=0 accepted=0
[step=624] DELIVER from=1 to=10 type=Prepare { ballot: 26 } queue_len=397
[PAXOS-TICK] phase=WaitingForPromises elapsed=9 timeout=15 ballot=42 promises=0 accepted=0
[step=625] DELIVER from=1 to=11 type=Prepare { ballot: 26 } queue_len=397
[PAXOS-TICK] phase=WaitingForPromises elapsed=10 timeout=15 ballot=42 promises=0 accepted=0
[step=626] DELIVER from=1 to=12 type=Prepare { ballot: 26 } queue_len=397
[PAXOS-TICK] phase=WaitingForPromises elapsed=11 timeout=15 ballot=42 promises=0 accepted=0
[step=627] DELIVER from=1 to=13 type=Prepare { ballot: 26 } queue_len=397
[PAXOS-TICK] phase=WaitingForPromises elapsed=12 timeout=15 ballot=42 promises=0 accepted=0
[step=628] DELIVER from=1 to=14 type=Prepare { ballot: 26 } queue_len=397
[PAXOS-TICK] phase=WaitingForPromises elapsed=13 timeout=15 ballot=42 promises=0 accepted=0
[step=629] DELIVER from=1 to=15 type=Prepare { ballot: 26 } queue_len=397
[PAXOS-TICK] phase=WaitingForPromises elapsed=14 timeout=15 ballot=42 promises=0 accepted=0
[TIMEOUT-CAUSE] phase=WaitingForPromises ballot=42 promises=0 accepted=0 quorum=8
[step=630] DELIVER from=8 to=1 type=Promise { ballot: 16, accepted_ballot: None, accepted_value: None } queue_len=412
[PROMISE-TRACE] from=8 received_ballot=16 current_ballot=43 match=false
[PAXOS-TICK] phase=WaitingForPromises elapsed=0 timeout=15 ballot=43 promises=0 accepted=0
[step=631] DELIVER from=9 to=1 type=Promise { ballot: 16, accepted_ballot: None, accepted_value: None } queue_len=411
[PROMISE-TRACE] from=9 received_ballot=16 current_ballot=43 match=false
[PAXOS-TICK] phase=WaitingForPromises elapsed=1 timeout=15 ballot=43 promises=0 accepted=0
[step=632] DELIVER from=10 to=1 type=Promise { ballot: 16, accepted_ballot: None, accepted_value: None } queue_len=410
[PROMISE-TRACE] from=10 received_ballot=16 current_ballot=43 match=false
[PAXOS-TICK] phase=WaitingForPromises elapsed=2 timeout=15 ballot=43 promises=0 accepted=0
[step=633] DELIVER from=11 to=1 type=Promise { ballot: 16, accepted_ballot: None, accepted_value: None } queue_len=409
[PROMISE-TRACE] from=11 received_ballot=16 current_ballot=43 match=false
[PAXOS-TICK] phase=WaitingForPromises elapsed=3 timeout=15 ballot=43 promises=0 accepted=0
[step=634] DELIVER from=12 to=1 type=Promise { ballot: 16, accepted_ballot: None, accepted_value: None } queue_len=408
[PROMISE-TRACE] from=12 received_ballot=16 current_ballot=43 match=false
[PAXOS-TICK] phase=WaitingForPromises elapsed=4 timeout=15 ballot=43 promises=0 accepted=0
[step=635] DELIVER from=13 to=1 type=Promise { ballot: 16, accepted_ballot: None, accepted_value: None } queue_len=407
[PROMISE-TRACE] from=13 received_ballot=16 current_ballot=43 match=false
[PAXOS-TICK] phase=WaitingForPromises elapsed=5 timeout=15 ballot=43 promises=0 accepted=0
[step=636] DELIVER from=14 to=1 type=Promise { ballot: 16, accepted_ballot: None, accepted_value: None } queue_len=406
[PROMISE-TRACE] from=14 received_ballot=16 current_ballot=43 match=false
[PAXOS-TICK] phase=WaitingForPromises elapsed=6 timeout=15 ballot=43 promises=0 accepted=0
[step=637] DELIVER from=15 to=1 type=Promise { ballot: 16, accepted_ballot: None, accepted_value: None } queue_len=405
[PROMISE-TRACE] from=15 received_ballot=16 current_ballot=43 match=false
[PAXOS-TICK] phase=WaitingForPromises elapsed=7 timeout=15 ballot=43 promises=0 accepted=0
[step=638] DELIVER from=1 to=1 type=Prepare { ballot: 27 } queue_len=404
[PAXOS-TICK] phase=WaitingForPromises elapsed=8 timeout=15 ballot=43 promises=0 accepted=0
[step=639] DELIVER from=1 to=2 type=Prepare { ballot: 27 } queue_len=404
[PAXOS-TICK] phase=WaitingForPromises elapsed=9 timeout=15 ballot=43 promises=0 accepted=0
[step=640] DELIVER from=1 to=3 type=Prepare { ballot: 27 } queue_len=404
[PAXOS-TICK] phase=WaitingForPromises elapsed=10 timeout=15 ballot=43 promises=0 accepted=0
[step=641] DELIVER from=1 to=4 type=Prepare { ballot: 27 } queue_len=404
[PAXOS-TICK] phase=WaitingForPromises elapsed=11 timeout=15 ballot=43 promises=0 accepted=0
[step=642] DELIVER from=1 to=5 type=Prepare { ballot: 27 } queue_len=404
[PAXOS-TICK] phase=WaitingForPromises elapsed=12 timeout=15 ballot=43 promises=0 accepted=0
[step=643] DELIVER from=1 to=6 type=Prepare { ballot: 27 } queue_len=404
[PAXOS-TICK] phase=WaitingForPromises elapsed=13 timeout=15 ballot=43 promises=0 accepted=0
[step=644] DELIVER from=1 to=7 type=Prepare { ballot: 27 } queue_len=404
[PAXOS-TICK] phase=WaitingForPromises elapsed=14 timeout=15 ballot=43 promises=0 accepted=0
[TIMEOUT-CAUSE] phase=WaitingForPromises ballot=43 promises=0 accepted=0 quorum=8
[step=645] DELIVER from=1 to=8 type=Prepare { ballot: 27 } queue_len=419
[PAXOS-TICK] phase=WaitingForPromises elapsed=0 timeout=15 ballot=44 promises=0 accepted=0
[step=646] DELIVER from=1 to=9 type=Prepare { ballot: 27 } queue_len=419
[PAXOS-TICK] phase=WaitingForPromises elapsed=1 timeout=15 ballot=44 promises=0 accepted=0
[step=647] DELIVER from=1 to=10 type=Prepare { ballot: 27 } queue_len=419
[PAXOS-TICK] phase=WaitingForPromises elapsed=2 timeout=15 ballot=44 promises=0 accepted=0
[step=648] DELIVER from=1 to=11 type=Prepare { ballot: 27 } queue_len=419
[PAXOS-TICK] phase=WaitingForPromises elapsed=3 timeout=15 ballot=44 promises=0 accepted=0
[step=649] DELIVER from=1 to=12 type=Prepare { ballot: 27 } queue_len=419
[PAXOS-TICK] phase=WaitingForPromises elapsed=4 timeout=15 ballot=44 promises=0 accepted=0
[step=650] DELIVER from=1 to=13 type=Prepare { ballot: 27 } queue_len=419
[PAXOS-TICK] phase=WaitingForPromises elapsed=5 timeout=15 ballot=44 promises=0 accepted=0
[step=651] DELIVER from=1 to=14 type=Prepare { ballot: 27 } queue_len=419
[PAXOS-TICK] phase=WaitingForPromises elapsed=6 timeout=15 ballot=44 promises=0 accepted=0
[step=652] DELIVER from=1 to=15 type=Prepare { ballot: 27 } queue_len=419
[PAXOS-TICK] phase=WaitingForPromises elapsed=7 timeout=15 ballot=44 promises=0 accepted=0
[step=653] DELIVER from=1 to=1 type=Promise { ballot: 17, accepted_ballot: None, accepted_value: None } queue_len=419
[PROMISE-TRACE] from=1 received_ballot=17 current_ballot=44 match=false
[PAXOS-TICK] phase=WaitingForPromises elapsed=8 timeout=15 ballot=44 promises=0 accepted=0
[step=654] DELIVER from=2 to=1 type=Promise { ballot: 17, accepted_ballot: None, accepted_value: None } queue_len=418
[PROMISE-TRACE] from=2 received_ballot=17 current_ballot=44 match=false
[PAXOS-TICK] phase=WaitingForPromises elapsed=9 timeout=15 ballot=44 promises=0 accepted=0
[step=655] DELIVER from=3 to=1 type=Promise { ballot: 17, accepted_ballot: None, accepted_value: None } queue_len=417
[PROMISE-TRACE] from=3 received_ballot=17 current_ballot=44 match=false
[PAXOS-TICK] phase=WaitingForPromises elapsed=10 timeout=15 ballot=44 promises=0 accepted=0
[step=656] DELIVER from=4 to=1 type=Promise { ballot: 17, accepted_ballot: None, accepted_value: None } queue_len=416
[PROMISE-TRACE] from=4 received_ballot=17 current_ballot=44 match=false
[PAXOS-TICK] phase=WaitingForPromises elapsed=11 timeout=15 ballot=44 promises=0 accepted=0
[step=657] DELIVER from=5 to=1 type=Promise { ballot: 17, accepted_ballot: None, accepted_value: None } queue_len=415
[PROMISE-TRACE] from=5 received_ballot=17 current_ballot=44 match=false
[PAXOS-TICK] phase=WaitingForPromises elapsed=12 timeout=15 ballot=44 promises=0 accepted=0
[step=658] DELIVER from=6 to=1 type=Promise { ballot: 17, accepted_ballot: None, accepted_value: None } queue_len=414
[PROMISE-TRACE] from=6 received_ballot=17 current_ballot=44 match=false
[PAXOS-TICK] phase=WaitingForPromises elapsed=13 timeout=15 ballot=44 promises=0 accepted=0
[step=659] DELIVER from=7 to=1 type=Promise { ballot: 17, accepted_ballot: None, accepted_value: None } queue_len=413
[PROMISE-TRACE] from=7 received_ballot=17 current_ballot=44 match=false
[PAXOS-TICK] phase=WaitingForPromises elapsed=14 timeout=15 ballot=44 promises=0 accepted=0
[TIMEOUT-CAUSE] phase=WaitingForPromises ballot=44 promises=0 accepted=0 quorum=8
[step=660] DELIVER from=1 to=1 type=Prepare { ballot: 28 } queue_len=427
[PAXOS-TICK] phase=WaitingForPromises elapsed=0 timeout=15 ballot=45 promises=0 accepted=0
[step=661] DELIVER from=1 to=2 type=Prepare { ballot: 28 } queue_len=427
[PAXOS-TICK] phase=WaitingForPromises elapsed=1 timeout=15 ballot=45 promises=0 accepted=0
[step=662] DELIVER from=1 to=3 type=Prepare { ballot: 28 } queue_len=427
[PAXOS-TICK] phase=WaitingForPromises elapsed=2 timeout=15 ballot=45 promises=0 accepted=0
[step=663] DELIVER from=1 to=4 type=Prepare { ballot: 28 } queue_len=427
[PAXOS-TICK] phase=WaitingForPromises elapsed=3 timeout=15 ballot=45 promises=0 accepted=0
[step=664] DELIVER from=1 to=5 type=Prepare { ballot: 28 } queue_len=427
[PAXOS-TICK] phase=WaitingForPromises elapsed=4 timeout=15 ballot=45 promises=0 accepted=0
[step=665] DELIVER from=1 to=6 type=Prepare { ballot: 28 } queue_len=427
[PAXOS-TICK] phase=WaitingForPromises elapsed=5 timeout=15 ballot=45 promises=0 accepted=0
[step=666] DELIVER from=1 to=7 type=Prepare { ballot: 28 } queue_len=427
[PAXOS-TICK] phase=WaitingForPromises elapsed=6 timeout=15 ballot=45 promises=0 accepted=0
[step=667] DELIVER from=1 to=8 type=Prepare { ballot: 28 } queue_len=427
[PAXOS-TICK] phase=WaitingForPromises elapsed=7 timeout=15 ballot=45 promises=0 accepted=0
[step=668] DELIVER from=1 to=9 type=Prepare { ballot: 28 } queue_len=427
[PAXOS-TICK] phase=WaitingForPromises elapsed=8 timeout=15 ballot=45 promises=0 accepted=0
[step=669] DELIVER from=1 to=10 type=Prepare { ballot: 28 } queue_len=427
[PAXOS-TICK] phase=WaitingForPromises elapsed=9 timeout=15 ballot=45 promises=0 accepted=0
[step=670] DELIVER from=1 to=11 type=Prepare { ballot: 28 } queue_len=427
[PAXOS-TICK] phase=WaitingForPromises elapsed=10 timeout=15 ballot=45 promises=0 accepted=0
[step=671] DELIVER from=1 to=12 type=Prepare { ballot: 28 } queue_len=427
[PAXOS-TICK] phase=WaitingForPromises elapsed=11 timeout=15 ballot=45 promises=0 accepted=0
[step=672] DELIVER from=1 to=13 type=Prepare { ballot: 28 } queue_len=427
[PAXOS-TICK] phase=WaitingForPromises elapsed=12 timeout=15 ballot=45 promises=0 accepted=0
[step=673] DELIVER from=1 to=14 type=Prepare { ballot: 28 } queue_len=427
[PAXOS-TICK] phase=WaitingForPromises elapsed=13 timeout=15 ballot=45 promises=0 accepted=0
[step=674] DELIVER from=1 to=15 type=Prepare { ballot: 28 } queue_len=427
[PAXOS-TICK] phase=WaitingForPromises elapsed=14 timeout=15 ballot=45 promises=0 accepted=0
[TIMEOUT-CAUSE] phase=WaitingForPromises ballot=45 promises=0 accepted=0 quorum=8
[step=675] DELIVER from=8 to=1 type=Promise { ballot: 17, accepted_ballot: None, accepted_value: None } queue_len=442
[PROMISE-TRACE] from=8 received_ballot=17 current_ballot=46 match=false
[PAXOS-TICK] phase=WaitingForPromises elapsed=0 timeout=15 ballot=46 promises=0 accepted=0
[step=676] DELIVER from=9 to=1 type=Promise { ballot: 17, accepted_ballot: None, accepted_value: None } queue_len=441
[PROMISE-TRACE] from=9 received_ballot=17 current_ballot=46 match=false
[PAXOS-TICK] phase=WaitingForPromises elapsed=1 timeout=15 ballot=46 promises=0 accepted=0
[step=677] DELIVER from=10 to=1 type=Promise { ballot: 17, accepted_ballot: None, accepted_value: None } queue_len=440
[PROMISE-TRACE] from=10 received_ballot=17 current_ballot=46 match=false
[PAXOS-TICK] phase=WaitingForPromises elapsed=2 timeout=15 ballot=46 promises=0 accepted=0
[step=678] DELIVER from=11 to=1 type=Promise { ballot: 17, accepted_ballot: None, accepted_value: None } queue_len=439
[PROMISE-TRACE] from=11 received_ballot=17 current_ballot=46 match=false
[PAXOS-TICK] phase=WaitingForPromises elapsed=3 timeout=15 ballot=46 promises=0 accepted=0
[step=679] DELIVER from=12 to=1 type=Promise { ballot: 17, accepted_ballot: None, accepted_value: None } queue_len=438
[PROMISE-TRACE] from=12 received_ballot=17 current_ballot=46 match=false
[PAXOS-TICK] phase=WaitingForPromises elapsed=4 timeout=15 ballot=46 promises=0 accepted=0
[step=680] DELIVER from=13 to=1 type=Promise { ballot: 17, accepted_ballot: None, accepted_value: None } queue_len=437
[PROMISE-TRACE] from=13 received_ballot=17 current_ballot=46 match=false
[PAXOS-TICK] phase=WaitingForPromises elapsed=5 timeout=15 ballot=46 promises=0 accepted=0
[step=681] DELIVER from=14 to=1 type=Promise { ballot: 17, accepted_ballot: None, accepted_value: None } queue_len=436
[PROMISE-TRACE] from=14 received_ballot=17 current_ballot=46 match=false
[PAXOS-TICK] phase=WaitingForPromises elapsed=6 timeout=15 ballot=46 promises=0 accepted=0
[step=682] DELIVER from=15 to=1 type=Promise { ballot: 17, accepted_ballot: None, accepted_value: None } queue_len=435
[PROMISE-TRACE] from=15 received_ballot=17 current_ballot=46 match=false
[PAXOS-TICK] phase=WaitingForPromises elapsed=7 timeout=15 ballot=46 promises=0 accepted=0
[step=683] DELIVER from=1 to=1 type=Prepare { ballot: 29 } queue_len=434
[PAXOS-TICK] phase=WaitingForPromises elapsed=8 timeout=15 ballot=46 promises=0 accepted=0
[step=684] DELIVER from=1 to=2 type=Prepare { ballot: 29 } queue_len=434
[PAXOS-TICK] phase=WaitingForPromises elapsed=9 timeout=15 ballot=46 promises=0 accepted=0
[step=685] DELIVER from=1 to=3 type=Prepare { ballot: 29 } queue_len=434
[PAXOS-TICK] phase=WaitingForPromises elapsed=10 timeout=15 ballot=46 promises=0 accepted=0
[step=686] DELIVER from=1 to=4 type=Prepare { ballot: 29 } queue_len=434
[PAXOS-TICK] phase=WaitingForPromises elapsed=11 timeout=15 ballot=46 promises=0 accepted=0
[step=687] DELIVER from=1 to=5 type=Prepare { ballot: 29 } queue_len=434
[PAXOS-TICK] phase=WaitingForPromises elapsed=12 timeout=15 ballot=46 promises=0 accepted=0
[step=688] DELIVER from=1 to=6 type=Prepare { ballot: 29 } queue_len=434
[PAXOS-TICK] phase=WaitingForPromises elapsed=13 timeout=15 ballot=46 promises=0 accepted=0
[step=689] DELIVER from=1 to=7 type=Prepare { ballot: 29 } queue_len=434
[PAXOS-TICK] phase=WaitingForPromises elapsed=14 timeout=15 ballot=46 promises=0 accepted=0
[TIMEOUT-CAUSE] phase=WaitingForPromises ballot=46 promises=0 accepted=0 quorum=8
[step=690] DELIVER from=1 to=8 type=Prepare { ballot: 29 } queue_len=449
[PAXOS-TICK] phase=WaitingForPromises elapsed=0 timeout=15 ballot=47 promises=0 accepted=0
[step=691] DELIVER from=1 to=9 type=Prepare { ballot: 29 } queue_len=449
[PAXOS-TICK] phase=WaitingForPromises elapsed=1 timeout=15 ballot=47 promises=0 accepted=0
[step=692] DELIVER from=1 to=10 type=Prepare { ballot: 29 } queue_len=449
[PAXOS-TICK] phase=WaitingForPromises elapsed=2 timeout=15 ballot=47 promises=0 accepted=0
[step=693] DELIVER from=1 to=11 type=Prepare { ballot: 29 } queue_len=449
[PAXOS-TICK] phase=WaitingForPromises elapsed=3 timeout=15 ballot=47 promises=0 accepted=0
[step=694] DELIVER from=1 to=12 type=Prepare { ballot: 29 } queue_len=449
[PAXOS-TICK] phase=WaitingForPromises elapsed=4 timeout=15 ballot=47 promises=0 accepted=0
[step=695] DELIVER from=1 to=13 type=Prepare { ballot: 29 } queue_len=449
[PAXOS-TICK] phase=WaitingForPromises elapsed=5 timeout=15 ballot=47 promises=0 accepted=0
[step=696] DELIVER from=1 to=14 type=Prepare { ballot: 29 } queue_len=449
[PAXOS-TICK] phase=WaitingForPromises elapsed=6 timeout=15 ballot=47 promises=0 accepted=0
[step=697] DELIVER from=1 to=15 type=Prepare { ballot: 29 } queue_len=449
[PAXOS-TICK] phase=WaitingForPromises elapsed=7 timeout=15 ballot=47 promises=0 accepted=0
[step=698] DELIVER from=1 to=1 type=Promise { ballot: 18, accepted_ballot: None, accepted_value: None } queue_len=449
[PROMISE-TRACE] from=1 received_ballot=18 current_ballot=47 match=false
[PAXOS-TICK] phase=WaitingForPromises elapsed=8 timeout=15 ballot=47 promises=0 accepted=0
[step=699] DELIVER from=2 to=1 type=Promise { ballot: 18, accepted_ballot: None, accepted_value: None } queue_len=448
[PROMISE-TRACE] from=2 received_ballot=18 current_ballot=47 match=false
[PAXOS-TICK] phase=WaitingForPromises elapsed=9 timeout=15 ballot=47 promises=0 accepted=0
[step=700] DELIVER from=3 to=1 type=Promise { ballot: 18, accepted_ballot: None, accepted_value: None } queue_len=447
[PROMISE-TRACE] from=3 received_ballot=18 current_ballot=47 match=false
[PAXOS-TICK] phase=WaitingForPromises elapsed=10 timeout=15 ballot=47 promises=0 accepted=0
[step=701] DELIVER from=4 to=1 type=Promise { ballot: 18, accepted_ballot: None, accepted_value: None } queue_len=446
[PROMISE-TRACE] from=4 received_ballot=18 current_ballot=47 match=false
[PAXOS-TICK] phase=WaitingForPromises elapsed=11 timeout=15 ballot=47 promises=0 accepted=0
[step=702] DELIVER from=5 to=1 type=Promise { ballot: 18, accepted_ballot: None, accepted_value: None } queue_len=445
[PROMISE-TRACE] from=5 received_ballot=18 current_ballot=47 match=false
[PAXOS-TICK] phase=WaitingForPromises elapsed=12 timeout=15 ballot=47 promises=0 accepted=0
[step=703] DELIVER from=6 to=1 type=Promise { ballot: 18, accepted_ballot: None, accepted_value: None } queue_len=444
[PROMISE-TRACE] from=6 received_ballot=18 current_ballot=47 match=false
[PAXOS-TICK] phase=WaitingForPromises elapsed=13 timeout=15 ballot=47 promises=0 accepted=0
[step=704] DELIVER from=7 to=1 type=Promise { ballot: 18, accepted_ballot: None, accepted_value: None } queue_len=443
[PROMISE-TRACE] from=7 received_ballot=18 current_ballot=47 match=false
[PAXOS-TICK] phase=WaitingForPromises elapsed=14 timeout=15 ballot=47 promises=0 accepted=0
[TIMEOUT-CAUSE] phase=WaitingForPromises ballot=47 promises=0 accepted=0 quorum=8
[step=705] DELIVER from=8 to=1 type=Promise { ballot: 18, accepted_ballot: None, accepted_value: None } queue_len=457
[PROMISE-TRACE] from=8 received_ballot=18 current_ballot=48 match=false
[PAXOS-TICK] phase=WaitingForPromises elapsed=0 timeout=15 ballot=48 promises=0 accepted=0
[step=706] DELIVER from=9 to=1 type=Promise { ballot: 18, accepted_ballot: None, accepted_value: None } queue_len=456
[PROMISE-TRACE] from=9 received_ballot=18 current_ballot=48 match=false
[PAXOS-TICK] phase=WaitingForPromises elapsed=1 timeout=15 ballot=48 promises=0 accepted=0
[step=707] DELIVER from=10 to=1 type=Promise { ballot: 18, accepted_ballot: None, accepted_value: None } queue_len=455
[PROMISE-TRACE] from=10 received_ballot=18 current_ballot=48 match=false
[PAXOS-TICK] phase=WaitingForPromises elapsed=2 timeout=15 ballot=48 promises=0 accepted=0
[step=708] DELIVER from=11 to=1 type=Promise { ballot: 18, accepted_ballot: None, accepted_value: None } queue_len=454
[PROMISE-TRACE] from=11 received_ballot=18 current_ballot=48 match=false
[PAXOS-TICK] phase=WaitingForPromises elapsed=3 timeout=15 ballot=48 promises=0 accepted=0
[step=709] DELIVER from=12 to=1 type=Promise { ballot: 18, accepted_ballot: None, accepted_value: None } queue_len=453
[PROMISE-TRACE] from=12 received_ballot=18 current_ballot=48 match=false
[PAXOS-TICK] phase=WaitingForPromises elapsed=4 timeout=15 ballot=48 promises=0 accepted=0
[step=710] DELIVER from=13 to=1 type=Promise { ballot: 18, accepted_ballot: None, accepted_value: None } queue_len=452
[PROMISE-TRACE] from=13 received_ballot=18 current_ballot=48 match=false
[PAXOS-TICK] phase=WaitingForPromises elapsed=5 timeout=15 ballot=48 promises=0 accepted=0
[step=711] DELIVER from=14 to=1 type=Promise { ballot: 18, accepted_ballot: None, accepted_value: None } queue_len=451
[PROMISE-TRACE] from=14 received_ballot=18 current_ballot=48 match=false
[PAXOS-TICK] phase=WaitingForPromises elapsed=6 timeout=15 ballot=48 promises=0 accepted=0
[step=712] DELIVER from=15 to=1 type=Promise { ballot: 18, accepted_ballot: None, accepted_value: None } queue_len=450
[PROMISE-TRACE] from=15 received_ballot=18 current_ballot=48 match=false
[PAXOS-TICK] phase=WaitingForPromises elapsed=7 timeout=15 ballot=48 promises=0 accepted=0
[step=713] DELIVER from=1 to=1 type=Prepare { ballot: 30 } queue_len=449
[PAXOS-TICK] phase=WaitingForPromises elapsed=8 timeout=15 ballot=48 promises=0 accepted=0
[step=714] DELIVER from=1 to=2 type=Prepare { ballot: 30 } queue_len=449
[PAXOS-TICK] phase=WaitingForPromises elapsed=9 timeout=15 ballot=48 promises=0 accepted=0
[step=715] DELIVER from=1 to=3 type=Prepare { ballot: 30 } queue_len=449
[PAXOS-TICK] phase=WaitingForPromises elapsed=10 timeout=15 ballot=48 promises=0 accepted=0
[step=716] DELIVER from=1 to=4 type=Prepare { ballot: 30 } queue_len=449
[PAXOS-TICK] phase=WaitingForPromises elapsed=11 timeout=15 ballot=48 promises=0 accepted=0
[step=717] DELIVER from=1 to=5 type=Prepare { ballot: 30 } queue_len=449
[PAXOS-TICK] phase=WaitingForPromises elapsed=12 timeout=15 ballot=48 promises=0 accepted=0
[step=718] DELIVER from=1 to=6 type=Prepare { ballot: 30 } queue_len=449
[PAXOS-TICK] phase=WaitingForPromises elapsed=13 timeout=15 ballot=48 promises=0 accepted=0
[step=719] DELIVER from=1 to=7 type=Prepare { ballot: 30 } queue_len=449
[PAXOS-TICK] phase=WaitingForPromises elapsed=14 timeout=15 ballot=48 promises=0 accepted=0
[TIMEOUT-CAUSE] phase=WaitingForPromises ballot=48 promises=0 accepted=0 quorum=8
[step=720] DELIVER from=1 to=8 type=Prepare { ballot: 30 } queue_len=464
[PAXOS-TICK] phase=WaitingForPromises elapsed=0 timeout=15 ballot=49 promises=0 accepted=0
[step=721] DELIVER from=1 to=9 type=Prepare { ballot: 30 } queue_len=464
[PAXOS-TICK] phase=WaitingForPromises elapsed=1 timeout=15 ballot=49 promises=0 accepted=0
[step=722] DELIVER from=1 to=10 type=Prepare { ballot: 30 } queue_len=464
[PAXOS-TICK] phase=WaitingForPromises elapsed=2 timeout=15 ballot=49 promises=0 accepted=0
[step=723] DELIVER from=1 to=11 type=Prepare { ballot: 30 } queue_len=464
[PAXOS-TICK] phase=WaitingForPromises elapsed=3 timeout=15 ballot=49 promises=0 accepted=0
[step=724] DELIVER from=1 to=12 type=Prepare { ballot: 30 } queue_len=464
[PAXOS-TICK] phase=WaitingForPromises elapsed=4 timeout=15 ballot=49 promises=0 accepted=0
[step=725] DELIVER from=1 to=13 type=Prepare { ballot: 30 } queue_len=464
[PAXOS-TICK] phase=WaitingForPromises elapsed=5 timeout=15 ballot=49 promises=0 accepted=0
[step=726] DELIVER from=1 to=14 type=Prepare { ballot: 30 } queue_len=464
[PAXOS-TICK] phase=WaitingForPromises elapsed=6 timeout=15 ballot=49 promises=0 accepted=0
[step=727] DELIVER from=1 to=15 type=Prepare { ballot: 30 } queue_len=464
[PAXOS-TICK] phase=WaitingForPromises elapsed=7 timeout=15 ballot=49 promises=0 accepted=0
[step=728] DELIVER from=1 to=1 type=Promise { ballot: 19, accepted_ballot: None, accepted_value: None } queue_len=464
[PROMISE-TRACE] from=1 received_ballot=19 current_ballot=49 match=false
[PAXOS-TICK] phase=WaitingForPromises elapsed=8 timeout=15 ballot=49 promises=0 accepted=0
[step=729] DELIVER from=2 to=1 type=Promise { ballot: 19, accepted_ballot: None, accepted_value: None } queue_len=463
[PROMISE-TRACE] from=2 received_ballot=19 current_ballot=49 match=false
[PAXOS-TICK] phase=WaitingForPromises elapsed=9 timeout=15 ballot=49 promises=0 accepted=0
[step=730] DELIVER from=3 to=1 type=Promise { ballot: 19, accepted_ballot: None, accepted_value: None } queue_len=462
[PROMISE-TRACE] from=3 received_ballot=19 current_ballot=49 match=false
[PAXOS-TICK] phase=WaitingForPromises elapsed=10 timeout=15 ballot=49 promises=0 accepted=0
[step=731] DELIVER from=4 to=1 type=Promise { ballot: 19, accepted_ballot: None, accepted_value: None } queue_len=461
[PROMISE-TRACE] from=4 received_ballot=19 current_ballot=49 match=false
[PAXOS-TICK] phase=WaitingForPromises elapsed=11 timeout=15 ballot=49 promises=0 accepted=0
[step=732] DELIVER from=5 to=1 type=Promise { ballot: 19, accepted_ballot: None, accepted_value: None } queue_len=460
[PROMISE-TRACE] from=5 received_ballot=19 current_ballot=49 match=false
[PAXOS-TICK] phase=WaitingForPromises elapsed=12 timeout=15 ballot=49 promises=0 accepted=0
[step=733] DELIVER from=6 to=1 type=Promise { ballot: 19, accepted_ballot: None, accepted_value: None } queue_len=459
[PROMISE-TRACE] from=6 received_ballot=19 current_ballot=49 match=false
[PAXOS-TICK] phase=WaitingForPromises elapsed=13 timeout=15 ballot=49 promises=0 accepted=0
[step=734] DELIVER from=7 to=1 type=Promise { ballot: 19, accepted_ballot: None, accepted_value: None } queue_len=458
[PROMISE-TRACE] from=7 received_ballot=19 current_ballot=49 match=false
[PAXOS-TICK] phase=WaitingForPromises elapsed=14 timeout=15 ballot=49 promises=0 accepted=0
[TIMEOUT-CAUSE] phase=WaitingForPromises ballot=49 promises=0 accepted=0 quorum=8
[step=735] DELIVER from=1 to=1 type=Prepare { ballot: 31 } queue_len=472
[PAXOS-TICK] phase=WaitingForPromises elapsed=0 timeout=15 ballot=50 promises=0 accepted=0
[step=736] DELIVER from=1 to=2 type=Prepare { ballot: 31 } queue_len=472
[PAXOS-TICK] phase=WaitingForPromises elapsed=1 timeout=15 ballot=50 promises=0 accepted=0
[step=737] DELIVER from=1 to=3 type=Prepare { ballot: 31 } queue_len=472
[PAXOS-TICK] phase=WaitingForPromises elapsed=2 timeout=15 ballot=50 promises=0 accepted=0
[step=738] DELIVER from=1 to=4 type=Prepare { ballot: 31 } queue_len=472
[PAXOS-TICK] phase=WaitingForPromises elapsed=3 timeout=15 ballot=50 promises=0 accepted=0
[step=739] DELIVER from=1 to=5 type=Prepare { ballot: 31 } queue_len=472
[PAXOS-TICK] phase=WaitingForPromises elapsed=4 timeout=15 ballot=50 promises=0 accepted=0
[step=740] DELIVER from=1 to=6 type=Prepare { ballot: 31 } queue_len=472
[PAXOS-TICK] phase=WaitingForPromises elapsed=5 timeout=15 ballot=50 promises=0 accepted=0
[step=741] DELIVER from=1 to=7 type=Prepare { ballot: 31 } queue_len=472
[PAXOS-TICK] phase=WaitingForPromises elapsed=6 timeout=15 ballot=50 promises=0 accepted=0
[step=742] DELIVER from=1 to=8 type=Prepare { ballot: 31 } queue_len=472
[PAXOS-TICK] phase=WaitingForPromises elapsed=7 timeout=15 ballot=50 promises=0 accepted=0
[step=743] DELIVER from=1 to=9 type=Prepare { ballot: 31 } queue_len=472
[PAXOS-TICK] phase=WaitingForPromises elapsed=8 timeout=15 ballot=50 promises=0 accepted=0
[step=744] DELIVER from=1 to=10 type=Prepare { ballot: 31 } queue_len=472
[PAXOS-TICK] phase=WaitingForPromises elapsed=9 timeout=15 ballot=50 promises=0 accepted=0
[step=745] DELIVER from=1 to=11 type=Prepare { ballot: 31 } queue_len=472
[PAXOS-TICK] phase=WaitingForPromises elapsed=10 timeout=15 ballot=50 promises=0 accepted=0
[step=746] DELIVER from=1 to=12 type=Prepare { ballot: 31 } queue_len=472
[PAXOS-TICK] phase=WaitingForPromises elapsed=11 timeout=15 ballot=50 promises=0 accepted=0
[step=747] DELIVER from=1 to=13 type=Prepare { ballot: 31 } queue_len=472
[PAXOS-TICK] phase=WaitingForPromises elapsed=12 timeout=15 ballot=50 promises=0 accepted=0
[step=748] DELIVER from=1 to=14 type=Prepare { ballot: 31 } queue_len=472
[PAXOS-TICK] phase=WaitingForPromises elapsed=13 timeout=15 ballot=50 promises=0 accepted=0
[step=749] DELIVER from=1 to=15 type=Prepare { ballot: 31 } queue_len=472
[PAXOS-TICK] phase=WaitingForPromises elapsed=14 timeout=15 ballot=50 promises=0 accepted=0
[TIMEOUT-CAUSE] phase=WaitingForPromises ballot=50 promises=0 accepted=0 quorum=8
[step=750] DELIVER from=8 to=1 type=Promise { ballot: 19, accepted_ballot: None, accepted_value: None } queue_len=487
[PROMISE-TRACE] from=8 received_ballot=19 current_ballot=51 match=false
[PAXOS-TICK] phase=WaitingForPromises elapsed=0 timeout=15 ballot=51 promises=0 accepted=0
[step=751] DELIVER from=9 to=1 type=Promise { ballot: 19, accepted_ballot: None, accepted_value: None } queue_len=486
[PROMISE-TRACE] from=9 received_ballot=19 current_ballot=51 match=false
[PAXOS-TICK] phase=WaitingForPromises elapsed=1 timeout=15 ballot=51 promises=0 accepted=0
[step=752] DELIVER from=10 to=1 type=Promise { ballot: 19, accepted_ballot: None, accepted_value: None } queue_len=485
[PROMISE-TRACE] from=10 received_ballot=19 current_ballot=51 match=false
[PAXOS-TICK] phase=WaitingForPromises elapsed=2 timeout=15 ballot=51 promises=0 accepted=0
[step=753] DELIVER from=11 to=1 type=Promise { ballot: 19, accepted_ballot: None, accepted_value: None } queue_len=484
[PROMISE-TRACE] from=11 received_ballot=19 current_ballot=51 match=false
[PAXOS-TICK] phase=WaitingForPromises elapsed=3 timeout=15 ballot=51 promises=0 accepted=0
[step=754] DELIVER from=12 to=1 type=Promise { ballot: 19, accepted_ballot: None, accepted_value: None } queue_len=483
[PROMISE-TRACE] from=12 received_ballot=19 current_ballot=51 match=false
[PAXOS-TICK] phase=WaitingForPromises elapsed=4 timeout=15 ballot=51 promises=0 accepted=0
[step=755] DELIVER from=13 to=1 type=Promise { ballot: 19, accepted_ballot: None, accepted_value: None } queue_len=482
[PROMISE-TRACE] from=13 received_ballot=19 current_ballot=51 match=false
[PAXOS-TICK] phase=WaitingForPromises elapsed=5 timeout=15 ballot=51 promises=0 accepted=0
[step=756] DELIVER from=14 to=1 type=Promise { ballot: 19, accepted_ballot: None, accepted_value: None } queue_len=481
[PROMISE-TRACE] from=14 received_ballot=19 current_ballot=51 match=false
[PAXOS-TICK] phase=WaitingForPromises elapsed=6 timeout=15 ballot=51 promises=0 accepted=0
[step=757] DELIVER from=15 to=1 type=Promise { ballot: 19, accepted_ballot: None, accepted_value: None } queue_len=480
[PROMISE-TRACE] from=15 received_ballot=19 current_ballot=51 match=false
[PAXOS-TICK] phase=WaitingForPromises elapsed=7 timeout=15 ballot=51 promises=0 accepted=0
[step=758] DELIVER from=1 to=1 type=Prepare { ballot: 32 } queue_len=479
[PAXOS-TICK] phase=WaitingForPromises elapsed=8 timeout=15 ballot=51 promises=0 accepted=0
[step=759] DELIVER from=1 to=2 type=Prepare { ballot: 32 } queue_len=479
[PAXOS-TICK] phase=WaitingForPromises elapsed=9 timeout=15 ballot=51 promises=0 accepted=0
[step=760] DELIVER from=1 to=3 type=Prepare { ballot: 32 } queue_len=479
[PAXOS-TICK] phase=WaitingForPromises elapsed=10 timeout=15 ballot=51 promises=0 accepted=0
[step=761] DELIVER from=1 to=4 type=Prepare { ballot: 32 } queue_len=479
[PAXOS-TICK] phase=WaitingForPromises elapsed=11 timeout=15 ballot=51 promises=0 accepted=0
[step=762] DELIVER from=1 to=5 type=Prepare { ballot: 32 } queue_len=479
[PAXOS-TICK] phase=WaitingForPromises elapsed=12 timeout=15 ballot=51 promises=0 accepted=0
[step=763] DELIVER from=1 to=6 type=Prepare { ballot: 32 } queue_len=479
[PAXOS-TICK] phase=WaitingForPromises elapsed=13 timeout=15 ballot=51 promises=0 accepted=0
[step=764] DELIVER from=1 to=7 type=Prepare { ballot: 32 } queue_len=479
[PAXOS-TICK] phase=WaitingForPromises elapsed=14 timeout=15 ballot=51 promises=0 accepted=0
[TIMEOUT-CAUSE] phase=WaitingForPromises ballot=51 promises=0 accepted=0 quorum=8
[step=765] DELIVER from=1 to=8 type=Prepare { ballot: 32 } queue_len=494
[PAXOS-TICK] phase=WaitingForPromises elapsed=0 timeout=15 ballot=52 promises=0 accepted=0
[step=766] DELIVER from=1 to=9 type=Prepare { ballot: 32 } queue_len=494
[PAXOS-TICK] phase=WaitingForPromises elapsed=1 timeout=15 ballot=52 promises=0 accepted=0
[step=767] DELIVER from=1 to=10 type=Prepare { ballot: 32 } queue_len=494
[PAXOS-TICK] phase=WaitingForPromises elapsed=2 timeout=15 ballot=52 promises=0 accepted=0
[step=768] DELIVER from=1 to=11 type=Prepare { ballot: 32 } queue_len=494
[PAXOS-TICK] phase=WaitingForPromises elapsed=3 timeout=15 ballot=52 promises=0 accepted=0
[step=769] DELIVER from=1 to=12 type=Prepare { ballot: 32 } queue_len=494
[PAXOS-TICK] phase=WaitingForPromises elapsed=4 timeout=15 ballot=52 promises=0 accepted=0
[step=770] DELIVER from=1 to=13 type=Prepare { ballot: 32 } queue_len=494
[PAXOS-TICK] phase=WaitingForPromises elapsed=5 timeout=15 ballot=52 promises=0 accepted=0
[step=771] DELIVER from=1 to=14 type=Prepare { ballot: 32 } queue_len=494
[PAXOS-TICK] phase=WaitingForPromises elapsed=6 timeout=15 ballot=52 promises=0 accepted=0
[step=772] DELIVER from=1 to=15 type=Prepare { ballot: 32 } queue_len=494
[PAXOS-TICK] phase=WaitingForPromises elapsed=7 timeout=15 ballot=52 promises=0 accepted=0
[step=773] DELIVER from=1 to=1 type=Promise { ballot: 20, accepted_ballot: None, accepted_value: None } queue_len=494
[PROMISE-TRACE] from=1 received_ballot=20 current_ballot=52 match=false
[PAXOS-TICK] phase=WaitingForPromises elapsed=8 timeout=15 ballot=52 promises=0 accepted=0
[step=774] DELIVER from=2 to=1 type=Promise { ballot: 20, accepted_ballot: None, accepted_value: None } queue_len=493
[PROMISE-TRACE] from=2 received_ballot=20 current_ballot=52 match=false
[PAXOS-TICK] phase=WaitingForPromises elapsed=9 timeout=15 ballot=52 promises=0 accepted=0
[step=775] DELIVER from=3 to=1 type=Promise { ballot: 20, accepted_ballot: None, accepted_value: None } queue_len=492
[PROMISE-TRACE] from=3 received_ballot=20 current_ballot=52 match=false
[PAXOS-TICK] phase=WaitingForPromises elapsed=10 timeout=15 ballot=52 promises=0 accepted=0
[step=776] DELIVER from=4 to=1 type=Promise { ballot: 20, accepted_ballot: None, accepted_value: None } queue_len=491
[PROMISE-TRACE] from=4 received_ballot=20 current_ballot=52 match=false
[PAXOS-TICK] phase=WaitingForPromises elapsed=11 timeout=15 ballot=52 promises=0 accepted=0
[step=777] DELIVER from=5 to=1 type=Promise { ballot: 20, accepted_ballot: None, accepted_value: None } queue_len=490
[PROMISE-TRACE] from=5 received_ballot=20 current_ballot=52 match=false
[PAXOS-TICK] phase=WaitingForPromises elapsed=12 timeout=15 ballot=52 promises=0 accepted=0
[step=778] DELIVER from=6 to=1 type=Promise { ballot: 20, accepted_ballot: None, accepted_value: None } queue_len=489
[PROMISE-TRACE] from=6 received_ballot=20 current_ballot=52 match=false
[PAXOS-TICK] phase=WaitingForPromises elapsed=13 timeout=15 ballot=52 promises=0 accepted=0
[step=779] DELIVER from=7 to=1 type=Promise { ballot: 20, accepted_ballot: None, accepted_value: None } queue_len=488
[PROMISE-TRACE] from=7 received_ballot=20 current_ballot=52 match=false
[PAXOS-TICK] phase=WaitingForPromises elapsed=14 timeout=15 ballot=52 promises=0 accepted=0
[TIMEOUT-CAUSE] phase=WaitingForPromises ballot=52 promises=0 accepted=0 quorum=8
[step=780] DELIVER from=8 to=1 type=Promise { ballot: 20, accepted_ballot: None, accepted_value: None } queue_len=502
[PROMISE-TRACE] from=8 received_ballot=20 current_ballot=53 match=false
[PAXOS-TICK] phase=WaitingForPromises elapsed=0 timeout=15 ballot=53 promises=0 accepted=0
[step=781] DELIVER from=9 to=1 type=Promise { ballot: 20, accepted_ballot: None, accepted_value: None } queue_len=501
[PROMISE-TRACE] from=9 received_ballot=20 current_ballot=53 match=false
[PAXOS-TICK] phase=WaitingForPromises elapsed=1 timeout=15 ballot=53 promises=0 accepted=0
[step=782] DELIVER from=10 to=1 type=Promise { ballot: 20, accepted_ballot: None, accepted_value: None } queue_len=500
[PROMISE-TRACE] from=10 received_ballot=20 current_ballot=53 match=false
[PAXOS-TICK] phase=WaitingForPromises elapsed=2 timeout=15 ballot=53 promises=0 accepted=0
[step=783] DELIVER from=11 to=1 type=Promise { ballot: 20, accepted_ballot: None, accepted_value: None } queue_len=499
[PROMISE-TRACE] from=11 received_ballot=20 current_ballot=53 match=false
[PAXOS-TICK] phase=WaitingForPromises elapsed=3 timeout=15 ballot=53 promises=0 accepted=0
[step=784] DELIVER from=12 to=1 type=Promise { ballot: 20, accepted_ballot: None, accepted_value: None } queue_len=498
[PROMISE-TRACE] from=12 received_ballot=20 current_ballot=53 match=false
[PAXOS-TICK] phase=WaitingForPromises elapsed=4 timeout=15 ballot=53 promises=0 accepted=0
[step=785] DELIVER from=1 to=1 type=Prepare { ballot: 33 } queue_len=497
[PAXOS-TICK] phase=WaitingForPromises elapsed=5 timeout=15 ballot=53 promises=0 accepted=0
[step=786] DELIVER from=1 to=2 type=Prepare { ballot: 33 } queue_len=497
[PAXOS-TICK] phase=WaitingForPromises elapsed=6 timeout=15 ballot=53 promises=0 accepted=0
[step=787] DELIVER from=1 to=3 type=Prepare { ballot: 33 } queue_len=497
[PAXOS-TICK] phase=WaitingForPromises elapsed=7 timeout=15 ballot=53 promises=0 accepted=0
[step=788] DELIVER from=1 to=4 type=Prepare { ballot: 33 } queue_len=497
[PAXOS-TICK] phase=WaitingForPromises elapsed=8 timeout=15 ballot=53 promises=0 accepted=0
[step=789] DELIVER from=1 to=5 type=Prepare { ballot: 33 } queue_len=497
[PAXOS-TICK] phase=WaitingForPromises elapsed=9 timeout=15 ballot=53 promises=0 accepted=0
[step=790] DELIVER from=1 to=6 type=Prepare { ballot: 33 } queue_len=497
[PAXOS-TICK] phase=WaitingForPromises elapsed=10 timeout=15 ballot=53 promises=0 accepted=0
[step=791] DELIVER from=1 to=7 type=Prepare { ballot: 33 } queue_len=497
[PAXOS-TICK] phase=WaitingForPromises elapsed=11 timeout=15 ballot=53 promises=0 accepted=0
[step=792] DELIVER from=1 to=8 type=Prepare { ballot: 33 } queue_len=497
[PAXOS-TICK] phase=WaitingForPromises elapsed=12 timeout=15 ballot=53 promises=0 accepted=0
[step=793] DELIVER from=1 to=9 type=Prepare { ballot: 33 } queue_len=497
[PAXOS-TICK] phase=WaitingForPromises elapsed=13 timeout=15 ballot=53 promises=0 accepted=0
[step=794] DELIVER from=1 to=10 type=Prepare { ballot: 33 } queue_len=497
[PAXOS-TICK] phase=WaitingForPromises elapsed=14 timeout=15 ballot=53 promises=0 accepted=0
[TIMEOUT-CAUSE] phase=WaitingForPromises ballot=53 promises=0 accepted=0 quorum=8
[step=795] DELIVER from=1 to=11 type=Prepare { ballot: 33 } queue_len=512
[PAXOS-TICK] phase=WaitingForPromises elapsed=0 timeout=15 ballot=54 promises=0 accepted=0
[step=796] DELIVER from=1 to=12 type=Prepare { ballot: 33 } queue_len=512
[PAXOS-TICK] phase=WaitingForPromises elapsed=1 timeout=15 ballot=54 promises=0 accepted=0
[step=797] DELIVER from=1 to=13 type=Prepare { ballot: 33 } queue_len=512
[PAXOS-TICK] phase=WaitingForPromises elapsed=2 timeout=15 ballot=54 promises=0 accepted=0
[step=798] DELIVER from=1 to=14 type=Prepare { ballot: 33 } queue_len=512
[PAXOS-TICK] phase=WaitingForPromises elapsed=3 timeout=15 ballot=54 promises=0 accepted=0
[step=799] DELIVER from=1 to=15 type=Prepare { ballot: 33 } queue_len=512
[PAXOS-TICK] phase=WaitingForPromises elapsed=4 timeout=15 ballot=54 promises=0 accepted=0
[step=800] DELIVER from=13 to=1 type=Promise { ballot: 20, accepted_ballot: None, accepted_value: None } queue_len=512
[PROMISE-TRACE] from=13 received_ballot=20 current_ballot=54 match=false
[PAXOS-TICK] phase=WaitingForPromises elapsed=5 timeout=15 ballot=54 promises=0 accepted=0
[step=801] DELIVER from=14 to=1 type=Promise { ballot: 20, accepted_ballot: None, accepted_value: None } queue_len=511
[PROMISE-TRACE] from=14 received_ballot=20 current_ballot=54 match=false
[PAXOS-TICK] phase=WaitingForPromises elapsed=6 timeout=15 ballot=54 promises=0 accepted=0
[step=802] DELIVER from=15 to=1 type=Promise { ballot: 20, accepted_ballot: None, accepted_value: None } queue_len=510
[PROMISE-TRACE] from=15 received_ballot=20 current_ballot=54 match=false
[PAXOS-TICK] phase=WaitingForPromises elapsed=7 timeout=15 ballot=54 promises=0 accepted=0
[step=803] DELIVER from=1 to=1 type=Promise { ballot: 21, accepted_ballot: None, accepted_value: None } queue_len=509
[PROMISE-TRACE] from=1 received_ballot=21 current_ballot=54 match=false
[PAXOS-TICK] phase=WaitingForPromises elapsed=8 timeout=15 ballot=54 promises=0 accepted=0
[step=804] DELIVER from=2 to=1 type=Promise { ballot: 21, accepted_ballot: None, accepted_value: None } queue_len=508
[PROMISE-TRACE] from=2 received_ballot=21 current_ballot=54 match=false
[PAXOS-TICK] phase=WaitingForPromises elapsed=9 timeout=15 ballot=54 promises=0 accepted=0
[step=805] DELIVER from=3 to=1 type=Promise { ballot: 21, accepted_ballot: None, accepted_value: None } queue_len=507
[PROMISE-TRACE] from=3 received_ballot=21 current_ballot=54 match=false
[PAXOS-TICK] phase=WaitingForPromises elapsed=10 timeout=15 ballot=54 promises=0 accepted=0
[step=806] DELIVER from=4 to=1 type=Promise { ballot: 21, accepted_ballot: None, accepted_value: None } queue_len=506
[PROMISE-TRACE] from=4 received_ballot=21 current_ballot=54 match=false
[PAXOS-TICK] phase=WaitingForPromises elapsed=11 timeout=15 ballot=54 promises=0 accepted=0
[step=807] DELIVER from=5 to=1 type=Promise { ballot: 21, accepted_ballot: None, accepted_value: None } queue_len=505
[PROMISE-TRACE] from=5 received_ballot=21 current_ballot=54 match=false
[PAXOS-TICK] phase=WaitingForPromises elapsed=12 timeout=15 ballot=54 promises=0 accepted=0
[step=808] DELIVER from=6 to=1 type=Promise { ballot: 21, accepted_ballot: None, accepted_value: None } queue_len=504
[PROMISE-TRACE] from=6 received_ballot=21 current_ballot=54 match=false
[PAXOS-TICK] phase=WaitingForPromises elapsed=13 timeout=15 ballot=54 promises=0 accepted=0
[step=809] DELIVER from=7 to=1 type=Promise { ballot: 21, accepted_ballot: None, accepted_value: None } queue_len=503
[PROMISE-TRACE] from=7 received_ballot=21 current_ballot=54 match=false
[PAXOS-TICK] phase=WaitingForPromises elapsed=14 timeout=15 ballot=54 promises=0 accepted=0
[TIMEOUT-CAUSE] phase=WaitingForPromises ballot=54 promises=0 accepted=0 quorum=8
[step=810] DELIVER from=1 to=1 type=Prepare { ballot: 34 } queue_len=517
[PAXOS-TICK] phase=WaitingForPromises elapsed=0 timeout=15 ballot=55 promises=0 accepted=0
[step=811] DELIVER from=1 to=2 type=Prepare { ballot: 34 } queue_len=517
[PAXOS-TICK] phase=WaitingForPromises elapsed=1 timeout=15 ballot=55 promises=0 accepted=0
[step=812] DELIVER from=1 to=3 type=Prepare { ballot: 34 } queue_len=517
[PAXOS-TICK] phase=WaitingForPromises elapsed=2 timeout=15 ballot=55 promises=0 accepted=0
[step=813] DELIVER from=1 to=4 type=Prepare { ballot: 34 } queue_len=517
[PAXOS-TICK] phase=WaitingForPromises elapsed=3 timeout=15 ballot=55 promises=0 accepted=0
[step=814] DELIVER from=1 to=5 type=Prepare { ballot: 34 } queue_len=517
[PAXOS-TICK] phase=WaitingForPromises elapsed=4 timeout=15 ballot=55 promises=0 accepted=0
[step=815] DELIVER from=1 to=6 type=Prepare { ballot: 34 } queue_len=517
[PAXOS-TICK] phase=WaitingForPromises elapsed=5 timeout=15 ballot=55 promises=0 accepted=0
[step=816] DELIVER from=1 to=7 type=Prepare { ballot: 34 } queue_len=517
[PAXOS-TICK] phase=WaitingForPromises elapsed=6 timeout=15 ballot=55 promises=0 accepted=0
[step=817] DELIVER from=1 to=8 type=Prepare { ballot: 34 } queue_len=517
[PAXOS-TICK] phase=WaitingForPromises elapsed=7 timeout=15 ballot=55 promises=0 accepted=0
[step=818] DELIVER from=1 to=9 type=Prepare { ballot: 34 } queue_len=517
[PAXOS-TICK] phase=WaitingForPromises elapsed=8 timeout=15 ballot=55 promises=0 accepted=0
[step=819] DELIVER from=1 to=10 type=Prepare { ballot: 34 } queue_len=517
[PAXOS-TICK] phase=WaitingForPromises elapsed=9 timeout=15 ballot=55 promises=0 accepted=0
[step=820] DELIVER from=1 to=11 type=Prepare { ballot: 34 } queue_len=517
[PAXOS-TICK] phase=WaitingForPromises elapsed=10 timeout=15 ballot=55 promises=0 accepted=0
[step=821] DELIVER from=1 to=12 type=Prepare { ballot: 34 } queue_len=517
[PAXOS-TICK] phase=WaitingForPromises elapsed=11 timeout=15 ballot=55 promises=0 accepted=0
[step=822] DELIVER from=1 to=13 type=Prepare { ballot: 34 } queue_len=517
[PAXOS-TICK] phase=WaitingForPromises elapsed=12 timeout=15 ballot=55 promises=0 accepted=0
[step=823] DELIVER from=1 to=14 type=Prepare { ballot: 34 } queue_len=517
[PAXOS-TICK] phase=WaitingForPromises elapsed=13 timeout=15 ballot=55 promises=0 accepted=0
[step=824] DELIVER from=1 to=15 type=Prepare { ballot: 34 } queue_len=517
[PAXOS-TICK] phase=WaitingForPromises elapsed=14 timeout=15 ballot=55 promises=0 accepted=0
[TIMEOUT-CAUSE] phase=WaitingForPromises ballot=55 promises=0 accepted=0 quorum=8
[step=825] DELIVER from=8 to=1 type=Promise { ballot: 21, accepted_ballot: None, accepted_value: None } queue_len=532
[PROMISE-TRACE] from=8 received_ballot=21 current_ballot=56 match=false
[PAXOS-TICK] phase=WaitingForPromises elapsed=0 timeout=15 ballot=56 promises=0 accepted=0
[step=826] DELIVER from=9 to=1 type=Promise { ballot: 21, accepted_ballot: None, accepted_value: None } queue_len=531
[PROMISE-TRACE] from=9 received_ballot=21 current_ballot=56 match=false
[PAXOS-TICK] phase=WaitingForPromises elapsed=1 timeout=15 ballot=56 promises=0 accepted=0
[step=827] DELIVER from=10 to=1 type=Promise { ballot: 21, accepted_ballot: None, accepted_value: None } queue_len=530
[PROMISE-TRACE] from=10 received_ballot=21 current_ballot=56 match=false
[PAXOS-TICK] phase=WaitingForPromises elapsed=2 timeout=15 ballot=56 promises=0 accepted=0
[step=828] DELIVER from=11 to=1 type=Promise { ballot: 21, accepted_ballot: None, accepted_value: None } queue_len=529
[PROMISE-TRACE] from=11 received_ballot=21 current_ballot=56 match=false
[PAXOS-TICK] phase=WaitingForPromises elapsed=3 timeout=15 ballot=56 promises=0 accepted=0
[step=829] DELIVER from=12 to=1 type=Promise { ballot: 21, accepted_ballot: None, accepted_value: None } queue_len=528
[PROMISE-TRACE] from=12 received_ballot=21 current_ballot=56 match=false
[PAXOS-TICK] phase=WaitingForPromises elapsed=4 timeout=15 ballot=56 promises=0 accepted=0
[step=830] DELIVER from=13 to=1 type=Promise { ballot: 21, accepted_ballot: None, accepted_value: None } queue_len=527
[PROMISE-TRACE] from=13 received_ballot=21 current_ballot=56 match=false
[PAXOS-TICK] phase=WaitingForPromises elapsed=5 timeout=15 ballot=56 promises=0 accepted=0
[step=831] DELIVER from=14 to=1 type=Promise { ballot: 21, accepted_ballot: None, accepted_value: None } queue_len=526
[PROMISE-TRACE] from=14 received_ballot=21 current_ballot=56 match=false
[PAXOS-TICK] phase=WaitingForPromises elapsed=6 timeout=15 ballot=56 promises=0 accepted=0
[step=832] DELIVER from=15 to=1 type=Promise { ballot: 21, accepted_ballot: None, accepted_value: None } queue_len=525
[PROMISE-TRACE] from=15 received_ballot=21 current_ballot=56 match=false
[PAXOS-TICK] phase=WaitingForPromises elapsed=7 timeout=15 ballot=56 promises=0 accepted=0
[step=833] DELIVER from=1 to=1 type=Prepare { ballot: 35 } queue_len=524
[PAXOS-TICK] phase=WaitingForPromises elapsed=8 timeout=15 ballot=56 promises=0 accepted=0
[step=834] DELIVER from=1 to=2 type=Prepare { ballot: 35 } queue_len=524
[PAXOS-TICK] phase=WaitingForPromises elapsed=9 timeout=15 ballot=56 promises=0 accepted=0
[step=835] DELIVER from=1 to=3 type=Prepare { ballot: 35 } queue_len=524
[PAXOS-TICK] phase=WaitingForPromises elapsed=10 timeout=15 ballot=56 promises=0 accepted=0
[step=836] DELIVER from=1 to=4 type=Prepare { ballot: 35 } queue_len=524
[PAXOS-TICK] phase=WaitingForPromises elapsed=11 timeout=15 ballot=56 promises=0 accepted=0
[step=837] DELIVER from=1 to=5 type=Prepare { ballot: 35 } queue_len=524
[PAXOS-TICK] phase=WaitingForPromises elapsed=12 timeout=15 ballot=56 promises=0 accepted=0
[step=838] DELIVER from=1 to=6 type=Prepare { ballot: 35 } queue_len=524
[PAXOS-TICK] phase=WaitingForPromises elapsed=13 timeout=15 ballot=56 promises=0 accepted=0
[step=839] DELIVER from=1 to=7 type=Prepare { ballot: 35 } queue_len=524
[PAXOS-TICK] phase=WaitingForPromises elapsed=14 timeout=15 ballot=56 promises=0 accepted=0
[TIMEOUT-CAUSE] phase=WaitingForPromises ballot=56 promises=0 accepted=0 quorum=8
[step=840] DELIVER from=1 to=8 type=Prepare { ballot: 35 } queue_len=539
[PAXOS-TICK] phase=WaitingForPromises elapsed=0 timeout=15 ballot=57 promises=0 accepted=0
[step=841] DELIVER from=1 to=9 type=Prepare { ballot: 35 } queue_len=539
[PAXOS-TICK] phase=WaitingForPromises elapsed=1 timeout=15 ballot=57 promises=0 accepted=0
[step=842] DELIVER from=1 to=10 type=Prepare { ballot: 35 } queue_len=539
[PAXOS-TICK] phase=WaitingForPromises elapsed=2 timeout=15 ballot=57 promises=0 accepted=0
[step=843] DELIVER from=1 to=11 type=Prepare { ballot: 35 } queue_len=539
[PAXOS-TICK] phase=WaitingForPromises elapsed=3 timeout=15 ballot=57 promises=0 accepted=0
[step=844] DELIVER from=1 to=12 type=Prepare { ballot: 35 } queue_len=539
[PAXOS-TICK] phase=WaitingForPromises elapsed=4 timeout=15 ballot=57 promises=0 accepted=0
[step=845] DELIVER from=1 to=13 type=Prepare { ballot: 35 } queue_len=539
[PAXOS-TICK] phase=WaitingForPromises elapsed=5 timeout=15 ballot=57 promises=0 accepted=0
[step=846] DELIVER from=1 to=14 type=Prepare { ballot: 35 } queue_len=539
[PAXOS-TICK] phase=WaitingForPromises elapsed=6 timeout=15 ballot=57 promises=0 accepted=0
[step=847] DELIVER from=1 to=15 type=Prepare { ballot: 35 } queue_len=539
[PAXOS-TICK] phase=WaitingForPromises elapsed=7 timeout=15 ballot=57 promises=0 accepted=0
[step=848] DELIVER from=1 to=1 type=Promise { ballot: 22, accepted_ballot: None, accepted_value: None } queue_len=539
[PROMISE-TRACE] from=1 received_ballot=22 current_ballot=57 match=false
[PAXOS-TICK] phase=WaitingForPromises elapsed=8 timeout=15 ballot=57 promises=0 accepted=0
[step=849] DELIVER from=2 to=1 type=Promise { ballot: 22, accepted_ballot: None, accepted_value: None } queue_len=538
[PROMISE-TRACE] from=2 received_ballot=22 current_ballot=57 match=false
[PAXOS-TICK] phase=WaitingForPromises elapsed=9 timeout=15 ballot=57 promises=0 accepted=0
[step=850] DELIVER from=3 to=1 type=Promise { ballot: 22, accepted_ballot: None, accepted_value: None } queue_len=537
[PROMISE-TRACE] from=3 received_ballot=22 current_ballot=57 match=false
[PAXOS-TICK] phase=WaitingForPromises elapsed=10 timeout=15 ballot=57 promises=0 accepted=0
[step=851] DELIVER from=4 to=1 type=Promise { ballot: 22, accepted_ballot: None, accepted_value: None } queue_len=536
[PROMISE-TRACE] from=4 received_ballot=22 current_ballot=57 match=false
[PAXOS-TICK] phase=WaitingForPromises elapsed=11 timeout=15 ballot=57 promises=0 accepted=0
[step=852] DELIVER from=5 to=1 type=Promise { ballot: 22, accepted_ballot: None, accepted_value: None } queue_len=535
[PROMISE-TRACE] from=5 received_ballot=22 current_ballot=57 match=false
[PAXOS-TICK] phase=WaitingForPromises elapsed=12 timeout=15 ballot=57 promises=0 accepted=0
[step=853] DELIVER from=6 to=1 type=Promise { ballot: 22, accepted_ballot: None, accepted_value: None } queue_len=534
[PROMISE-TRACE] from=6 received_ballot=22 current_ballot=57 match=false
[PAXOS-TICK] phase=WaitingForPromises elapsed=13 timeout=15 ballot=57 promises=0 accepted=0
[step=854] DELIVER from=7 to=1 type=Promise { ballot: 22, accepted_ballot: None, accepted_value: None } queue_len=533
[PROMISE-TRACE] from=7 received_ballot=22 current_ballot=57 match=false
[PAXOS-TICK] phase=WaitingForPromises elapsed=14 timeout=15 ballot=57 promises=0 accepted=0
[TIMEOUT-CAUSE] phase=WaitingForPromises ballot=57 promises=0 accepted=0 quorum=8
[step=855] DELIVER from=1 to=1 type=Prepare { ballot: 36 } queue_len=547
[PAXOS-TICK] phase=WaitingForPromises elapsed=0 timeout=15 ballot=58 promises=0 accepted=0
[step=856] DELIVER from=1 to=2 type=Prepare { ballot: 36 } queue_len=547
[PAXOS-TICK] phase=WaitingForPromises elapsed=1 timeout=15 ballot=58 promises=0 accepted=0
[step=857] DELIVER from=1 to=3 type=Prepare { ballot: 36 } queue_len=547
[PAXOS-TICK] phase=WaitingForPromises elapsed=2 timeout=15 ballot=58 promises=0 accepted=0
[step=858] DELIVER from=1 to=4 type=Prepare { ballot: 36 } queue_len=547
[PAXOS-TICK] phase=WaitingForPromises elapsed=3 timeout=15 ballot=58 promises=0 accepted=0
[step=859] DELIVER from=1 to=5 type=Prepare { ballot: 36 } queue_len=547
[PAXOS-TICK] phase=WaitingForPromises elapsed=4 timeout=15 ballot=58 promises=0 accepted=0
[step=860] DELIVER from=1 to=6 type=Prepare { ballot: 36 } queue_len=547
[PAXOS-TICK] phase=WaitingForPromises elapsed=5 timeout=15 ballot=58 promises=0 accepted=0
[step=861] DELIVER from=1 to=7 type=Prepare { ballot: 36 } queue_len=547
[PAXOS-TICK] phase=WaitingForPromises elapsed=6 timeout=15 ballot=58 promises=0 accepted=0
[step=862] DELIVER from=1 to=8 type=Prepare { ballot: 36 } queue_len=547
[PAXOS-TICK] phase=WaitingForPromises elapsed=7 timeout=15 ballot=58 promises=0 accepted=0
[step=863] DELIVER from=1 to=9 type=Prepare { ballot: 36 } queue_len=547
[PAXOS-TICK] phase=WaitingForPromises elapsed=8 timeout=15 ballot=58 promises=0 accepted=0
[step=864] DELIVER from=1 to=10 type=Prepare { ballot: 36 } queue_len=547
[PAXOS-TICK] phase=WaitingForPromises elapsed=9 timeout=15 ballot=58 promises=0 accepted=0
[step=865] DELIVER from=1 to=11 type=Prepare { ballot: 36 } queue_len=547
[PAXOS-TICK] phase=WaitingForPromises elapsed=10 timeout=15 ballot=58 promises=0 accepted=0
[step=866] DELIVER from=1 to=12 type=Prepare { ballot: 36 } queue_len=547
[PAXOS-TICK] phase=WaitingForPromises elapsed=11 timeout=15 ballot=58 promises=0 accepted=0
[step=867] DELIVER from=1 to=13 type=Prepare { ballot: 36 } queue_len=547
[PAXOS-TICK] phase=WaitingForPromises elapsed=12 timeout=15 ballot=58 promises=0 accepted=0
[step=868] DELIVER from=1 to=14 type=Prepare { ballot: 36 } queue_len=547
[PAXOS-TICK] phase=WaitingForPromises elapsed=13 timeout=15 ballot=58 promises=0 accepted=0
[step=869] DELIVER from=1 to=15 type=Prepare { ballot: 36 } queue_len=547
[PAXOS-TICK] phase=WaitingForPromises elapsed=14 timeout=15 ballot=58 promises=0 accepted=0
[TIMEOUT-CAUSE] phase=WaitingForPromises ballot=58 promises=0 accepted=0 quorum=8
[step=870] DELIVER from=8 to=1 type=Promise { ballot: 22, accepted_ballot: None, accepted_value: None } queue_len=562
[PROMISE-TRACE] from=8 received_ballot=22 current_ballot=59 match=false
[PAXOS-TICK] phase=WaitingForPromises elapsed=0 timeout=15 ballot=59 promises=0 accepted=0
[step=871] DELIVER from=9 to=1 type=Promise { ballot: 22, accepted_ballot: None, accepted_value: None } queue_len=561
[PROMISE-TRACE] from=9 received_ballot=22 current_ballot=59 match=false
[PAXOS-TICK] phase=WaitingForPromises elapsed=1 timeout=15 ballot=59 promises=0 accepted=0
[step=872] DELIVER from=10 to=1 type=Promise { ballot: 22, accepted_ballot: None, accepted_value: None } queue_len=560
[PROMISE-TRACE] from=10 received_ballot=22 current_ballot=59 match=false
[PAXOS-TICK] phase=WaitingForPromises elapsed=2 timeout=15 ballot=59 promises=0 accepted=0
[step=873] DELIVER from=11 to=1 type=Promise { ballot: 22, accepted_ballot: None, accepted_value: None } queue_len=559
[PROMISE-TRACE] from=11 received_ballot=22 current_ballot=59 match=false
[PAXOS-TICK] phase=WaitingForPromises elapsed=3 timeout=15 ballot=59 promises=0 accepted=0
[step=874] DELIVER from=12 to=1 type=Promise { ballot: 22, accepted_ballot: None, accepted_value: None } queue_len=558
[PROMISE-TRACE] from=12 received_ballot=22 current_ballot=59 match=false
[PAXOS-TICK] phase=WaitingForPromises elapsed=4 timeout=15 ballot=59 promises=0 accepted=0
[step=875] DELIVER from=13 to=1 type=Promise { ballot: 22, accepted_ballot: None, accepted_value: None } queue_len=557
[PROMISE-TRACE] from=13 received_ballot=22 current_ballot=59 match=false
[PAXOS-TICK] phase=WaitingForPromises elapsed=5 timeout=15 ballot=59 promises=0 accepted=0
[step=876] DELIVER from=14 to=1 type=Promise { ballot: 22, accepted_ballot: None, accepted_value: None } queue_len=556
[PROMISE-TRACE] from=14 received_ballot=22 current_ballot=59 match=false
[PAXOS-TICK] phase=WaitingForPromises elapsed=6 timeout=15 ballot=59 promises=0 accepted=0
[step=877] DELIVER from=15 to=1 type=Promise { ballot: 22, accepted_ballot: None, accepted_value: None } queue_len=555
[PROMISE-TRACE] from=15 received_ballot=22 current_ballot=59 match=false
[PAXOS-TICK] phase=WaitingForPromises elapsed=7 timeout=15 ballot=59 promises=0 accepted=0
[step=878] DELIVER from=1 to=1 type=Prepare { ballot: 37 } queue_len=554
[PAXOS-TICK] phase=WaitingForPromises elapsed=8 timeout=15 ballot=59 promises=0 accepted=0
[step=879] DELIVER from=1 to=2 type=Prepare { ballot: 37 } queue_len=554
[PAXOS-TICK] phase=WaitingForPromises elapsed=9 timeout=15 ballot=59 promises=0 accepted=0
[step=880] DELIVER from=1 to=3 type=Prepare { ballot: 37 } queue_len=554
[PAXOS-TICK] phase=WaitingForPromises elapsed=10 timeout=15 ballot=59 promises=0 accepted=0
[step=881] DELIVER from=1 to=4 type=Prepare { ballot: 37 } queue_len=554
[PAXOS-TICK] phase=WaitingForPromises elapsed=11 timeout=15 ballot=59 promises=0 accepted=0
[step=882] DELIVER from=1 to=5 type=Prepare { ballot: 37 } queue_len=554
[PAXOS-TICK] phase=WaitingForPromises elapsed=12 timeout=15 ballot=59 promises=0 accepted=0
[step=883] DELIVER from=1 to=6 type=Prepare { ballot: 37 } queue_len=554
[PAXOS-TICK] phase=WaitingForPromises elapsed=13 timeout=15 ballot=59 promises=0 accepted=0
[step=884] DELIVER from=1 to=7 type=Prepare { ballot: 37 } queue_len=554
[PAXOS-TICK] phase=WaitingForPromises elapsed=14 timeout=15 ballot=59 promises=0 accepted=0
[TIMEOUT-CAUSE] phase=WaitingForPromises ballot=59 promises=0 accepted=0 quorum=8
[step=885] DELIVER from=1 to=8 type=Prepare { ballot: 37 } queue_len=569
[PAXOS-TICK] phase=WaitingForPromises elapsed=0 timeout=15 ballot=60 promises=0 accepted=0
[step=886] DELIVER from=1 to=9 type=Prepare { ballot: 37 } queue_len=569
[PAXOS-TICK] phase=WaitingForPromises elapsed=1 timeout=15 ballot=60 promises=0 accepted=0
[step=887] DELIVER from=1 to=10 type=Prepare { ballot: 37 } queue_len=569
[PAXOS-TICK] phase=WaitingForPromises elapsed=2 timeout=15 ballot=60 promises=0 accepted=0
[step=888] DELIVER from=1 to=11 type=Prepare { ballot: 37 } queue_len=569
[PAXOS-TICK] phase=WaitingForPromises elapsed=3 timeout=15 ballot=60 promises=0 accepted=0
[step=889] DELIVER from=1 to=12 type=Prepare { ballot: 37 } queue_len=569
[PAXOS-TICK] phase=WaitingForPromises elapsed=4 timeout=15 ballot=60 promises=0 accepted=0
[step=890] DELIVER from=1 to=13 type=Prepare { ballot: 37 } queue_len=569
[PAXOS-TICK] phase=WaitingForPromises elapsed=5 timeout=15 ballot=60 promises=0 accepted=0
[step=891] DELIVER from=1 to=14 type=Prepare { ballot: 37 } queue_len=569
[PAXOS-TICK] phase=WaitingForPromises elapsed=6 timeout=15 ballot=60 promises=0 accepted=0
[step=892] DELIVER from=1 to=15 type=Prepare { ballot: 37 } queue_len=569
[PAXOS-TICK] phase=WaitingForPromises elapsed=7 timeout=15 ballot=60 promises=0 accepted=0
[step=893] DELIVER from=1 to=1 type=Promise { ballot: 23, accepted_ballot: None, accepted_value: None } queue_len=569
[PROMISE-TRACE] from=1 received_ballot=23 current_ballot=60 match=false
[PAXOS-TICK] phase=WaitingForPromises elapsed=8 timeout=15 ballot=60 promises=0 accepted=0
[step=894] DELIVER from=2 to=1 type=Promise { ballot: 23, accepted_ballot: None, accepted_value: None } queue_len=568
[PROMISE-TRACE] from=2 received_ballot=23 current_ballot=60 match=false
[PAXOS-TICK] phase=WaitingForPromises elapsed=9 timeout=15 ballot=60 promises=0 accepted=0
[step=895] DELIVER from=3 to=1 type=Promise { ballot: 23, accepted_ballot: None, accepted_value: None } queue_len=567
[PROMISE-TRACE] from=3 received_ballot=23 current_ballot=60 match=false
[PAXOS-TICK] phase=WaitingForPromises elapsed=10 timeout=15 ballot=60 promises=0 accepted=0
[step=896] DELIVER from=4 to=1 type=Promise { ballot: 23, accepted_ballot: None, accepted_value: None } queue_len=566
[PROMISE-TRACE] from=4 received_ballot=23 current_ballot=60 match=false
[PAXOS-TICK] phase=WaitingForPromises elapsed=11 timeout=15 ballot=60 promises=0 accepted=0
[step=897] DELIVER from=5 to=1 type=Promise { ballot: 23, accepted_ballot: None, accepted_value: None } queue_len=565
[PROMISE-TRACE] from=5 received_ballot=23 current_ballot=60 match=false
[PAXOS-TICK] phase=WaitingForPromises elapsed=12 timeout=15 ballot=60 promises=0 accepted=0
[step=898] DELIVER from=6 to=1 type=Promise { ballot: 23, accepted_ballot: None, accepted_value: None } queue_len=564
[PROMISE-TRACE] from=6 received_ballot=23 current_ballot=60 match=false
[PAXOS-TICK] phase=WaitingForPromises elapsed=13 timeout=15 ballot=60 promises=0 accepted=0
[step=899] DELIVER from=7 to=1 type=Promise { ballot: 23, accepted_ballot: None, accepted_value: None } queue_len=563
[PROMISE-TRACE] from=7 received_ballot=23 current_ballot=60 match=false
[PAXOS-TICK] phase=WaitingForPromises elapsed=14 timeout=15 ballot=60 promises=0 accepted=0
[TIMEOUT-CAUSE] phase=WaitingForPromises ballot=60 promises=0 accepted=0 quorum=8
[step=900] DELIVER from=8 to=1 type=Promise { ballot: 23, accepted_ballot: None, accepted_value: None } queue_len=577
[PROMISE-TRACE] from=8 received_ballot=23 current_ballot=61 match=false
[PAXOS-TICK] phase=WaitingForPromises elapsed=0 timeout=15 ballot=61 promises=0 accepted=0
[step=901] DELIVER from=9 to=1 type=Promise { ballot: 23, accepted_ballot: None, accepted_value: None } queue_len=576
[PROMISE-TRACE] from=9 received_ballot=23 current_ballot=61 match=false
[PAXOS-TICK] phase=WaitingForPromises elapsed=1 timeout=15 ballot=61 promises=0 accepted=0
[step=902] DELIVER from=10 to=1 type=Promise { ballot: 23, accepted_ballot: None, accepted_value: None } queue_len=575
[PROMISE-TRACE] from=10 received_ballot=23 current_ballot=61 match=false
[PAXOS-TICK] phase=WaitingForPromises elapsed=2 timeout=15 ballot=61 promises=0 accepted=0
[step=903] DELIVER from=11 to=1 type=Promise { ballot: 23, accepted_ballot: None, accepted_value: None } queue_len=574
[PROMISE-TRACE] from=11 received_ballot=23 current_ballot=61 match=false
[PAXOS-TICK] phase=WaitingForPromises elapsed=3 timeout=15 ballot=61 promises=0 accepted=0
[step=904] DELIVER from=12 to=1 type=Promise { ballot: 23, accepted_ballot: None, accepted_value: None } queue_len=573
[PROMISE-TRACE] from=12 received_ballot=23 current_ballot=61 match=false
[PAXOS-TICK] phase=WaitingForPromises elapsed=4 timeout=15 ballot=61 promises=0 accepted=0
[step=905] DELIVER from=13 to=1 type=Promise { ballot: 23, accepted_ballot: None, accepted_value: None } queue_len=572
[PROMISE-TRACE] from=13 received_ballot=23 current_ballot=61 match=false
[PAXOS-TICK] phase=WaitingForPromises elapsed=5 timeout=15 ballot=61 promises=0 accepted=0
[step=906] DELIVER from=14 to=1 type=Promise { ballot: 23, accepted_ballot: None, accepted_value: None } queue_len=571
[PROMISE-TRACE] from=14 received_ballot=23 current_ballot=61 match=false
[PAXOS-TICK] phase=WaitingForPromises elapsed=6 timeout=15 ballot=61 promises=0 accepted=0
[step=907] DELIVER from=15 to=1 type=Promise { ballot: 23, accepted_ballot: None, accepted_value: None } queue_len=570
[PROMISE-TRACE] from=15 received_ballot=23 current_ballot=61 match=false
[PAXOS-TICK] phase=WaitingForPromises elapsed=7 timeout=15 ballot=61 promises=0 accepted=0
[step=908] DELIVER from=1 to=1 type=Prepare { ballot: 38 } queue_len=569
[PAXOS-TICK] phase=WaitingForPromises elapsed=8 timeout=15 ballot=61 promises=0 accepted=0
[step=909] DELIVER from=1 to=2 type=Prepare { ballot: 38 } queue_len=569
[PAXOS-TICK] phase=WaitingForPromises elapsed=9 timeout=15 ballot=61 promises=0 accepted=0
[step=910] DELIVER from=1 to=3 type=Prepare { ballot: 38 } queue_len=569
[PAXOS-TICK] phase=WaitingForPromises elapsed=10 timeout=15 ballot=61 promises=0 accepted=0
[step=911] DELIVER from=1 to=4 type=Prepare { ballot: 38 } queue_len=569
[PAXOS-TICK] phase=WaitingForPromises elapsed=11 timeout=15 ballot=61 promises=0 accepted=0
[step=912] DELIVER from=1 to=5 type=Prepare { ballot: 38 } queue_len=569
[PAXOS-TICK] phase=WaitingForPromises elapsed=12 timeout=15 ballot=61 promises=0 accepted=0
[step=913] DELIVER from=1 to=6 type=Prepare { ballot: 38 } queue_len=569
[PAXOS-TICK] phase=WaitingForPromises elapsed=13 timeout=15 ballot=61 promises=0 accepted=0
[step=914] DELIVER from=1 to=7 type=Prepare { ballot: 38 } queue_len=569
[PAXOS-TICK] phase=WaitingForPromises elapsed=14 timeout=15 ballot=61 promises=0 accepted=0
[TIMEOUT-CAUSE] phase=WaitingForPromises ballot=61 promises=0 accepted=0 quorum=8
[step=915] DELIVER from=1 to=8 type=Prepare { ballot: 38 } queue_len=584
[PAXOS-TICK] phase=WaitingForPromises elapsed=0 timeout=15 ballot=62 promises=0 accepted=0
[step=916] DELIVER from=1 to=9 type=Prepare { ballot: 38 } queue_len=584
[PAXOS-TICK] phase=WaitingForPromises elapsed=1 timeout=15 ballot=62 promises=0 accepted=0
[step=917] DELIVER from=1 to=10 type=Prepare { ballot: 38 } queue_len=584
[PAXOS-TICK] phase=WaitingForPromises elapsed=2 timeout=15 ballot=62 promises=0 accepted=0
[step=918] DELIVER from=1 to=11 type=Prepare { ballot: 38 } queue_len=584
[PAXOS-TICK] phase=WaitingForPromises elapsed=3 timeout=15 ballot=62 promises=0 accepted=0
[step=919] DELIVER from=1 to=12 type=Prepare { ballot: 38 } queue_len=584
[PAXOS-TICK] phase=WaitingForPromises elapsed=4 timeout=15 ballot=62 promises=0 accepted=0
[step=920] DELIVER from=1 to=13 type=Prepare { ballot: 38 } queue_len=584
[PAXOS-TICK] phase=WaitingForPromises elapsed=5 timeout=15 ballot=62 promises=0 accepted=0
[step=921] DELIVER from=1 to=14 type=Prepare { ballot: 38 } queue_len=584
[PAXOS-TICK] phase=WaitingForPromises elapsed=6 timeout=15 ballot=62 promises=0 accepted=0
[step=922] DELIVER from=1 to=15 type=Prepare { ballot: 38 } queue_len=584
[PAXOS-TICK] phase=WaitingForPromises elapsed=7 timeout=15 ballot=62 promises=0 accepted=0
[step=923] DELIVER from=1 to=1 type=Promise { ballot: 24, accepted_ballot: None, accepted_value: None } queue_len=584
[PROMISE-TRACE] from=1 received_ballot=24 current_ballot=62 match=false
[PAXOS-TICK] phase=WaitingForPromises elapsed=8 timeout=15 ballot=62 promises=0 accepted=0
[step=924] DELIVER from=2 to=1 type=Promise { ballot: 24, accepted_ballot: None, accepted_value: None } queue_len=583
[PROMISE-TRACE] from=2 received_ballot=24 current_ballot=62 match=false
[PAXOS-TICK] phase=WaitingForPromises elapsed=9 timeout=15 ballot=62 promises=0 accepted=0
[step=925] DELIVER from=3 to=1 type=Promise { ballot: 24, accepted_ballot: None, accepted_value: None } queue_len=582
[PROMISE-TRACE] from=3 received_ballot=24 current_ballot=62 match=false
[PAXOS-TICK] phase=WaitingForPromises elapsed=10 timeout=15 ballot=62 promises=0 accepted=0
[step=926] DELIVER from=4 to=1 type=Promise { ballot: 24, accepted_ballot: None, accepted_value: None } queue_len=581
[PROMISE-TRACE] from=4 received_ballot=24 current_ballot=62 match=false
[PAXOS-TICK] phase=WaitingForPromises elapsed=11 timeout=15 ballot=62 promises=0 accepted=0
[step=927] DELIVER from=5 to=1 type=Promise { ballot: 24, accepted_ballot: None, accepted_value: None } queue_len=580
[PROMISE-TRACE] from=5 received_ballot=24 current_ballot=62 match=false
[PAXOS-TICK] phase=WaitingForPromises elapsed=12 timeout=15 ballot=62 promises=0 accepted=0
[step=928] DELIVER from=6 to=1 type=Promise { ballot: 24, accepted_ballot: None, accepted_value: None } queue_len=579
[PROMISE-TRACE] from=6 received_ballot=24 current_ballot=62 match=false
[PAXOS-TICK] phase=WaitingForPromises elapsed=13 timeout=15 ballot=62 promises=0 accepted=0
[step=929] DELIVER from=7 to=1 type=Promise { ballot: 24, accepted_ballot: None, accepted_value: None } queue_len=578
[PROMISE-TRACE] from=7 received_ballot=24 current_ballot=62 match=false
[PAXOS-TICK] phase=WaitingForPromises elapsed=14 timeout=15 ballot=62 promises=0 accepted=0
[TIMEOUT-CAUSE] phase=WaitingForPromises ballot=62 promises=0 accepted=0 quorum=8
[step=930] DELIVER from=1 to=1 type=Prepare { ballot: 39 } queue_len=592
[PAXOS-TICK] phase=WaitingForPromises elapsed=0 timeout=15 ballot=63 promises=0 accepted=0
[step=931] DELIVER from=1 to=2 type=Prepare { ballot: 39 } queue_len=592
[PAXOS-TICK] phase=WaitingForPromises elapsed=1 timeout=15 ballot=63 promises=0 accepted=0
[step=932] DELIVER from=1 to=3 type=Prepare { ballot: 39 } queue_len=592
[PAXOS-TICK] phase=WaitingForPromises elapsed=2 timeout=15 ballot=63 promises=0 accepted=0
[step=933] DELIVER from=1 to=4 type=Prepare { ballot: 39 } queue_len=592
[PAXOS-TICK] phase=WaitingForPromises elapsed=3 timeout=15 ballot=63 promises=0 accepted=0
[step=934] DELIVER from=1 to=5 type=Prepare { ballot: 39 } queue_len=592
[PAXOS-TICK] phase=WaitingForPromises elapsed=4 timeout=15 ballot=63 promises=0 accepted=0
[step=935] DELIVER from=1 to=6 type=Prepare { ballot: 39 } queue_len=592
[PAXOS-TICK] phase=WaitingForPromises elapsed=5 timeout=15 ballot=63 promises=0 accepted=0
[step=936] DELIVER from=1 to=7 type=Prepare { ballot: 39 } queue_len=592
[PAXOS-TICK] phase=WaitingForPromises elapsed=6 timeout=15 ballot=63 promises=0 accepted=0
[step=937] DELIVER from=1 to=8 type=Prepare { ballot: 39 } queue_len=592
[PAXOS-TICK] phase=WaitingForPromises elapsed=7 timeout=15 ballot=63 promises=0 accepted=0
[step=938] DELIVER from=1 to=9 type=Prepare { ballot: 39 } queue_len=592
[PAXOS-TICK] phase=WaitingForPromises elapsed=8 timeout=15 ballot=63 promises=0 accepted=0
[step=939] DELIVER from=1 to=10 type=Prepare { ballot: 39 } queue_len=592
[PAXOS-TICK] phase=WaitingForPromises elapsed=9 timeout=15 ballot=63 promises=0 accepted=0
[step=940] DELIVER from=1 to=11 type=Prepare { ballot: 39 } queue_len=592
[PAXOS-TICK] phase=WaitingForPromises elapsed=10 timeout=15 ballot=63 promises=0 accepted=0
[step=941] DELIVER from=1 to=12 type=Prepare { ballot: 39 } queue_len=592
[PAXOS-TICK] phase=WaitingForPromises elapsed=11 timeout=15 ballot=63 promises=0 accepted=0
[step=942] DELIVER from=1 to=13 type=Prepare { ballot: 39 } queue_len=592
[PAXOS-TICK] phase=WaitingForPromises elapsed=12 timeout=15 ballot=63 promises=0 accepted=0
[step=943] DELIVER from=1 to=14 type=Prepare { ballot: 39 } queue_len=592
[PAXOS-TICK] phase=WaitingForPromises elapsed=13 timeout=15 ballot=63 promises=0 accepted=0
[step=944] DELIVER from=1 to=15 type=Prepare { ballot: 39 } queue_len=592
[PAXOS-TICK] phase=WaitingForPromises elapsed=14 timeout=15 ballot=63 promises=0 accepted=0
[TIMEOUT-CAUSE] phase=WaitingForPromises ballot=63 promises=0 accepted=0 quorum=8
[step=945] DELIVER from=8 to=1 type=Promise { ballot: 24, accepted_ballot: None, accepted_value: None } queue_len=607
[PROMISE-TRACE] from=8 received_ballot=24 current_ballot=64 match=false
[PAXOS-TICK] phase=WaitingForPromises elapsed=0 timeout=15 ballot=64 promises=0 accepted=0
[step=946] DELIVER from=9 to=1 type=Promise { ballot: 24, accepted_ballot: None, accepted_value: None } queue_len=606
[PROMISE-TRACE] from=9 received_ballot=24 current_ballot=64 match=false
[PAXOS-TICK] phase=WaitingForPromises elapsed=1 timeout=15 ballot=64 promises=0 accepted=0
[step=947] DELIVER from=10 to=1 type=Promise { ballot: 24, accepted_ballot: None, accepted_value: None } queue_len=605
[PROMISE-TRACE] from=10 received_ballot=24 current_ballot=64 match=false
[PAXOS-TICK] phase=WaitingForPromises elapsed=2 timeout=15 ballot=64 promises=0 accepted=0
[step=948] DELIVER from=11 to=1 type=Promise { ballot: 24, accepted_ballot: None, accepted_value: None } queue_len=604
[PROMISE-TRACE] from=11 received_ballot=24 current_ballot=64 match=false
[PAXOS-TICK] phase=WaitingForPromises elapsed=3 timeout=15 ballot=64 promises=0 accepted=0
[step=949] DELIVER from=12 to=1 type=Promise { ballot: 24, accepted_ballot: None, accepted_value: None } queue_len=603
[PROMISE-TRACE] from=12 received_ballot=24 current_ballot=64 match=false
[PAXOS-TICK] phase=WaitingForPromises elapsed=4 timeout=15 ballot=64 promises=0 accepted=0
[step=950] DELIVER from=13 to=1 type=Promise { ballot: 24, accepted_ballot: None, accepted_value: None } queue_len=602
[PROMISE-TRACE] from=13 received_ballot=24 current_ballot=64 match=false
[PAXOS-TICK] phase=WaitingForPromises elapsed=5 timeout=15 ballot=64 promises=0 accepted=0
[step=951] DELIVER from=14 to=1 type=Promise { ballot: 24, accepted_ballot: None, accepted_value: None } queue_len=601
[PROMISE-TRACE] from=14 received_ballot=24 current_ballot=64 match=false
[PAXOS-TICK] phase=WaitingForPromises elapsed=6 timeout=15 ballot=64 promises=0 accepted=0
[step=952] DELIVER from=15 to=1 type=Promise { ballot: 24, accepted_ballot: None, accepted_value: None } queue_len=600
[PROMISE-TRACE] from=15 received_ballot=24 current_ballot=64 match=false
[PAXOS-TICK] phase=WaitingForPromises elapsed=7 timeout=15 ballot=64 promises=0 accepted=0
[step=953] DELIVER from=1 to=1 type=Prepare { ballot: 40 } queue_len=599
[PAXOS-TICK] phase=WaitingForPromises elapsed=8 timeout=15 ballot=64 promises=0 accepted=0
[step=954] DELIVER from=1 to=2 type=Prepare { ballot: 40 } queue_len=599
[PAXOS-TICK] phase=WaitingForPromises elapsed=9 timeout=15 ballot=64 promises=0 accepted=0
[step=955] DELIVER from=1 to=3 type=Prepare { ballot: 40 } queue_len=599
[PAXOS-TICK] phase=WaitingForPromises elapsed=10 timeout=15 ballot=64 promises=0 accepted=0
[step=956] DELIVER from=1 to=4 type=Prepare { ballot: 40 } queue_len=599
[PAXOS-TICK] phase=WaitingForPromises elapsed=11 timeout=15 ballot=64 promises=0 accepted=0
[step=957] DELIVER from=1 to=5 type=Prepare { ballot: 40 } queue_len=599
[PAXOS-TICK] phase=WaitingForPromises elapsed=12 timeout=15 ballot=64 promises=0 accepted=0
[step=958] DELIVER from=1 to=6 type=Prepare { ballot: 40 } queue_len=599
[PAXOS-TICK] phase=WaitingForPromises elapsed=13 timeout=15 ballot=64 promises=0 accepted=0
[step=959] DELIVER from=1 to=7 type=Prepare { ballot: 40 } queue_len=599
[PAXOS-TICK] phase=WaitingForPromises elapsed=14 timeout=15 ballot=64 promises=0 accepted=0
[TIMEOUT-CAUSE] phase=WaitingForPromises ballot=64 promises=0 accepted=0 quorum=8
[step=960] DELIVER from=1 to=8 type=Prepare { ballot: 40 } queue_len=614
[PAXOS-TICK] phase=WaitingForPromises elapsed=0 timeout=15 ballot=65 promises=0 accepted=0
[step=961] DELIVER from=1 to=9 type=Prepare { ballot: 40 } queue_len=614
[PAXOS-TICK] phase=WaitingForPromises elapsed=1 timeout=15 ballot=65 promises=0 accepted=0
[step=962] DELIVER from=1 to=10 type=Prepare { ballot: 40 } queue_len=614
[PAXOS-TICK] phase=WaitingForPromises elapsed=2 timeout=15 ballot=65 promises=0 accepted=0
[step=963] DELIVER from=1 to=11 type=Prepare { ballot: 40 } queue_len=614
[PAXOS-TICK] phase=WaitingForPromises elapsed=3 timeout=15 ballot=65 promises=0 accepted=0
[step=964] DELIVER from=1 to=12 type=Prepare { ballot: 40 } queue_len=614
[PAXOS-TICK] phase=WaitingForPromises elapsed=4 timeout=15 ballot=65 promises=0 accepted=0
[step=965] DELIVER from=1 to=13 type=Prepare { ballot: 40 } queue_len=614
[PAXOS-TICK] phase=WaitingForPromises elapsed=5 timeout=15 ballot=65 promises=0 accepted=0
[step=966] DELIVER from=1 to=14 type=Prepare { ballot: 40 } queue_len=614
[PAXOS-TICK] phase=WaitingForPromises elapsed=6 timeout=15 ballot=65 promises=0 accepted=0
[step=967] DELIVER from=1 to=15 type=Prepare { ballot: 40 } queue_len=614
[PAXOS-TICK] phase=WaitingForPromises elapsed=7 timeout=15 ballot=65 promises=0 accepted=0
[step=968] DELIVER from=1 to=1 type=Promise { ballot: 25, accepted_ballot: None, accepted_value: None } queue_len=614
[PROMISE-TRACE] from=1 received_ballot=25 current_ballot=65 match=false
[PAXOS-TICK] phase=WaitingForPromises elapsed=8 timeout=15 ballot=65 promises=0 accepted=0
[step=969] DELIVER from=2 to=1 type=Promise { ballot: 25, accepted_ballot: None, accepted_value: None } queue_len=613
[PROMISE-TRACE] from=2 received_ballot=25 current_ballot=65 match=false
[PAXOS-TICK] phase=WaitingForPromises elapsed=9 timeout=15 ballot=65 promises=0 accepted=0
[step=970] DELIVER from=3 to=1 type=Promise { ballot: 25, accepted_ballot: None, accepted_value: None } queue_len=612
[PROMISE-TRACE] from=3 received_ballot=25 current_ballot=65 match=false
[PAXOS-TICK] phase=WaitingForPromises elapsed=10 timeout=15 ballot=65 promises=0 accepted=0
[step=971] DELIVER from=4 to=1 type=Promise { ballot: 25, accepted_ballot: None, accepted_value: None } queue_len=611
[PROMISE-TRACE] from=4 received_ballot=25 current_ballot=65 match=false
[PAXOS-TICK] phase=WaitingForPromises elapsed=11 timeout=15 ballot=65 promises=0 accepted=0
[step=972] DELIVER from=5 to=1 type=Promise { ballot: 25, accepted_ballot: None, accepted_value: None } queue_len=610
[PROMISE-TRACE] from=5 received_ballot=25 current_ballot=65 match=false
[PAXOS-TICK] phase=WaitingForPromises elapsed=12 timeout=15 ballot=65 promises=0 accepted=0
[step=973] DELIVER from=6 to=1 type=Promise { ballot: 25, accepted_ballot: None, accepted_value: None } queue_len=609
[PROMISE-TRACE] from=6 received_ballot=25 current_ballot=65 match=false
[PAXOS-TICK] phase=WaitingForPromises elapsed=13 timeout=15 ballot=65 promises=0 accepted=0
[step=974] DELIVER from=7 to=1 type=Promise { ballot: 25, accepted_ballot: None, accepted_value: None } queue_len=608
[PROMISE-TRACE] from=7 received_ballot=25 current_ballot=65 match=false
[PAXOS-TICK] phase=WaitingForPromises elapsed=14 timeout=15 ballot=65 promises=0 accepted=0
[TIMEOUT-CAUSE] phase=WaitingForPromises ballot=65 promises=0 accepted=0 quorum=8
[step=975] DELIVER from=8 to=1 type=Promise { ballot: 25, accepted_ballot: None, accepted_value: None } queue_len=622
[PROMISE-TRACE] from=8 received_ballot=25 current_ballot=66 match=false
[PAXOS-TICK] phase=WaitingForPromises elapsed=0 timeout=15 ballot=66 promises=0 accepted=0
[step=976] DELIVER from=1 to=1 type=Prepare { ballot: 41 } queue_len=621
[PAXOS-TICK] phase=WaitingForPromises elapsed=1 timeout=15 ballot=66 promises=0 accepted=0
[step=977] DELIVER from=1 to=2 type=Prepare { ballot: 41 } queue_len=621
[PAXOS-TICK] phase=WaitingForPromises elapsed=2 timeout=15 ballot=66 promises=0 accepted=0
[step=978] DELIVER from=1 to=3 type=Prepare { ballot: 41 } queue_len=621
[PAXOS-TICK] phase=WaitingForPromises elapsed=3 timeout=15 ballot=66 promises=0 accepted=0
[step=979] DELIVER from=1 to=4 type=Prepare { ballot: 41 } queue_len=621
[PAXOS-TICK] phase=WaitingForPromises elapsed=4 timeout=15 ballot=66 promises=0 accepted=0
[step=980] DELIVER from=1 to=5 type=Prepare { ballot: 41 } queue_len=621
[PAXOS-TICK] phase=WaitingForPromises elapsed=5 timeout=15 ballot=66 promises=0 accepted=0
[step=981] DELIVER from=1 to=6 type=Prepare { ballot: 41 } queue_len=621
[PAXOS-TICK] phase=WaitingForPromises elapsed=6 timeout=15 ballot=66 promises=0 accepted=0
[step=982] DELIVER from=1 to=7 type=Prepare { ballot: 41 } queue_len=621
[PAXOS-TICK] phase=WaitingForPromises elapsed=7 timeout=15 ballot=66 promises=0 accepted=0
[step=983] DELIVER from=1 to=8 type=Prepare { ballot: 41 } queue_len=621
[PAXOS-TICK] phase=WaitingForPromises elapsed=8 timeout=15 ballot=66 promises=0 accepted=0
[step=984] DELIVER from=1 to=9 type=Prepare { ballot: 41 } queue_len=621
[PAXOS-TICK] phase=WaitingForPromises elapsed=9 timeout=15 ballot=66 promises=0 accepted=0
[step=985] DELIVER from=1 to=10 type=Prepare { ballot: 41 } queue_len=621
[PAXOS-TICK] phase=WaitingForPromises elapsed=10 timeout=15 ballot=66 promises=0 accepted=0
[step=986] DELIVER from=1 to=11 type=Prepare { ballot: 41 } queue_len=621
[PAXOS-TICK] phase=WaitingForPromises elapsed=11 timeout=15 ballot=66 promises=0 accepted=0
[step=987] DELIVER from=1 to=12 type=Prepare { ballot: 41 } queue_len=621
[PAXOS-TICK] phase=WaitingForPromises elapsed=12 timeout=15 ballot=66 promises=0 accepted=0
[step=988] DELIVER from=1 to=13 type=Prepare { ballot: 41 } queue_len=621
[PAXOS-TICK] phase=WaitingForPromises elapsed=13 timeout=15 ballot=66 promises=0 accepted=0
[step=989] DELIVER from=1 to=14 type=Prepare { ballot: 41 } queue_len=621
[PAXOS-TICK] phase=WaitingForPromises elapsed=14 timeout=15 ballot=66 promises=0 accepted=0
[TIMEOUT-CAUSE] phase=WaitingForPromises ballot=66 promises=0 accepted=0 quorum=8
[step=990] DELIVER from=1 to=15 type=Prepare { ballot: 41 } queue_len=636
[PAXOS-TICK] phase=WaitingForPromises elapsed=0 timeout=15 ballot=67 promises=0 accepted=0
[step=991] DELIVER from=9 to=1 type=Promise { ballot: 25, accepted_ballot: None, accepted_value: None } queue_len=636
[PROMISE-TRACE] from=9 received_ballot=25 current_ballot=67 match=false
[PAXOS-TICK] phase=WaitingForPromises elapsed=1 timeout=15 ballot=67 promises=0 accepted=0
[step=992] DELIVER from=10 to=1 type=Promise { ballot: 25, accepted_ballot: None, accepted_value: None } queue_len=635
[PROMISE-TRACE] from=10 received_ballot=25 current_ballot=67 match=false
[PAXOS-TICK] phase=WaitingForPromises elapsed=2 timeout=15 ballot=67 promises=0 accepted=0
[step=993] DELIVER from=11 to=1 type=Promise { ballot: 25, accepted_ballot: None, accepted_value: None } queue_len=634
[PROMISE-TRACE] from=11 received_ballot=25 current_ballot=67 match=false
[PAXOS-TICK] phase=WaitingForPromises elapsed=3 timeout=15 ballot=67 promises=0 accepted=0
[step=994] DELIVER from=12 to=1 type=Promise { ballot: 25, accepted_ballot: None, accepted_value: None } queue_len=633
[PROMISE-TRACE] from=12 received_ballot=25 current_ballot=67 match=false
[PAXOS-TICK] phase=WaitingForPromises elapsed=4 timeout=15 ballot=67 promises=0 accepted=0
[step=995] DELIVER from=13 to=1 type=Promise { ballot: 25, accepted_ballot: None, accepted_value: None } queue_len=632
[PROMISE-TRACE] from=13 received_ballot=25 current_ballot=67 match=false
[PAXOS-TICK] phase=WaitingForPromises elapsed=5 timeout=15 ballot=67 promises=0 accepted=0
[step=996] DELIVER from=14 to=1 type=Promise { ballot: 25, accepted_ballot: None, accepted_value: None } queue_len=631
[PROMISE-TRACE] from=14 received_ballot=25 current_ballot=67 match=false
[PAXOS-TICK] phase=WaitingForPromises elapsed=6 timeout=15 ballot=67 promises=0 accepted=0
[step=997] DELIVER from=15 to=1 type=Promise { ballot: 25, accepted_ballot: None, accepted_value: None } queue_len=630
[PROMISE-TRACE] from=15 received_ballot=25 current_ballot=67 match=false
[PAXOS-TICK] phase=WaitingForPromises elapsed=7 timeout=15 ballot=67 promises=0 accepted=0
[step=998] DELIVER from=1 to=1 type=Prepare { ballot: 42 } queue_len=629
[PAXOS-TICK] phase=WaitingForPromises elapsed=8 timeout=15 ballot=67 promises=0 accepted=0
[step=999] DELIVER from=1 to=2 type=Prepare { ballot: 42 } queue_len=629
[PAXOS-TICK] phase=WaitingForPromises elapsed=9 timeout=15 ballot=67 promises=0 accepted=0
[step=1000] DELIVER from=1 to=3 type=Prepare { ballot: 42 } queue_len=629
[PAXOS-TICK] phase=WaitingForPromises elapsed=10 timeout=15 ballot=67 promises=0 accepted=0
[step=1001] DELIVER from=1 to=4 type=Prepare { ballot: 42 } queue_len=629
[PAXOS-TICK] phase=WaitingForPromises elapsed=11 timeout=15 ballot=67 promises=0 accepted=0
[step=1002] DELIVER from=1 to=5 type=Prepare { ballot: 42 } queue_len=629
[PAXOS-TICK] phase=WaitingForPromises elapsed=12 timeout=15 ballot=67 promises=0 accepted=0
[step=1003] DELIVER from=1 to=6 type=Prepare { ballot: 42 } queue_len=629
[PAXOS-TICK] phase=WaitingForPromises elapsed=13 timeout=15 ballot=67 promises=0 accepted=0
[step=1004] DELIVER from=1 to=7 type=Prepare { ballot: 42 } queue_len=629
[PAXOS-TICK] phase=WaitingForPromises elapsed=14 timeout=15 ballot=67 promises=0 accepted=0
[TIMEOUT-CAUSE] phase=WaitingForPromises ballot=67 promises=0 accepted=0 quorum=8
[step=1005] DELIVER from=1 to=8 type=Prepare { ballot: 42 } queue_len=644
[PAXOS-TICK] phase=WaitingForPromises elapsed=0 timeout=15 ballot=68 promises=0 accepted=0
[step=1006] DELIVER from=1 to=9 type=Prepare { ballot: 42 } queue_len=644
[PAXOS-TICK] phase=WaitingForPromises elapsed=1 timeout=15 ballot=68 promises=0 accepted=0
[step=1007] DELIVER from=1 to=10 type=Prepare { ballot: 42 } queue_len=644
[PAXOS-TICK] phase=WaitingForPromises elapsed=2 timeout=15 ballot=68 promises=0 accepted=0
[step=1008] DELIVER from=1 to=11 type=Prepare { ballot: 42 } queue_len=644
[PAXOS-TICK] phase=WaitingForPromises elapsed=3 timeout=15 ballot=68 promises=0 accepted=0
[step=1009] DELIVER from=1 to=12 type=Prepare { ballot: 42 } queue_len=644
[PAXOS-TICK] phase=WaitingForPromises elapsed=4 timeout=15 ballot=68 promises=0 accepted=0
[step=1010] DELIVER from=1 to=13 type=Prepare { ballot: 42 } queue_len=644
[PAXOS-TICK] phase=WaitingForPromises elapsed=5 timeout=15 ballot=68 promises=0 accepted=0
[step=1011] DELIVER from=1 to=14 type=Prepare { ballot: 42 } queue_len=644
[PAXOS-TICK] phase=WaitingForPromises elapsed=6 timeout=15 ballot=68 promises=0 accepted=0
[step=1012] DELIVER from=1 to=15 type=Prepare { ballot: 42 } queue_len=644
[PAXOS-TICK] phase=WaitingForPromises elapsed=7 timeout=15 ballot=68 promises=0 accepted=0
[step=1013] DELIVER from=1 to=1 type=Promise { ballot: 26, accepted_ballot: None, accepted_value: None } queue_len=644
[PROMISE-TRACE] from=1 received_ballot=26 current_ballot=68 match=false
[PAXOS-TICK] phase=WaitingForPromises elapsed=8 timeout=15 ballot=68 promises=0 accepted=0
[step=1014] DELIVER from=2 to=1 type=Promise { ballot: 26, accepted_ballot: None, accepted_value: None } queue_len=643
[PROMISE-TRACE] from=2 received_ballot=26 current_ballot=68 match=false
[PAXOS-TICK] phase=WaitingForPromises elapsed=9 timeout=15 ballot=68 promises=0 accepted=0
[step=1015] DELIVER from=3 to=1 type=Promise { ballot: 26, accepted_ballot: None, accepted_value: None } queue_len=642
[PROMISE-TRACE] from=3 received_ballot=26 current_ballot=68 match=false
[PAXOS-TICK] phase=WaitingForPromises elapsed=10 timeout=15 ballot=68 promises=0 accepted=0
[step=1016] DELIVER from=4 to=1 type=Promise { ballot: 26, accepted_ballot: None, accepted_value: None } queue_len=641
[PROMISE-TRACE] from=4 received_ballot=26 current_ballot=68 match=false
[PAXOS-TICK] phase=WaitingForPromises elapsed=11 timeout=15 ballot=68 promises=0 accepted=0
[step=1017] DELIVER from=5 to=1 type=Promise { ballot: 26, accepted_ballot: None, accepted_value: None } queue_len=640
[PROMISE-TRACE] from=5 received_ballot=26 current_ballot=68 match=false
[PAXOS-TICK] phase=WaitingForPromises elapsed=12 timeout=15 ballot=68 promises=0 accepted=0
[step=1018] DELIVER from=6 to=1 type=Promise { ballot: 26, accepted_ballot: None, accepted_value: None } queue_len=639
[PROMISE-TRACE] from=6 received_ballot=26 current_ballot=68 match=false
[PAXOS-TICK] phase=WaitingForPromises elapsed=13 timeout=15 ballot=68 promises=0 accepted=0
[step=1019] DELIVER from=7 to=1 type=Promise { ballot: 26, accepted_ballot: None, accepted_value: None } queue_len=638
[PROMISE-TRACE] from=7 received_ballot=26 current_ballot=68 match=false
[PAXOS-TICK] phase=WaitingForPromises elapsed=14 timeout=15 ballot=68 promises=0 accepted=0
[TIMEOUT-CAUSE] phase=WaitingForPromises ballot=68 promises=0 accepted=0 quorum=8
[step=1020] DELIVER from=8 to=1 type=Promise { ballot: 26, accepted_ballot: None, accepted_value: None } queue_len=652
[PROMISE-TRACE] from=8 received_ballot=26 current_ballot=69 match=false
[PAXOS-TICK] phase=WaitingForPromises elapsed=0 timeout=15 ballot=69 promises=0 accepted=0
[step=1021] DELIVER from=9 to=1 type=Promise { ballot: 26, accepted_ballot: None, accepted_value: None } queue_len=651
[PROMISE-TRACE] from=9 received_ballot=26 current_ballot=69 match=false
[PAXOS-TICK] phase=WaitingForPromises elapsed=1 timeout=15 ballot=69 promises=0 accepted=0
[step=1022] DELIVER from=10 to=1 type=Promise { ballot: 26, accepted_ballot: None, accepted_value: None } queue_len=650
[PROMISE-TRACE] from=10 received_ballot=26 current_ballot=69 match=false
[PAXOS-TICK] phase=WaitingForPromises elapsed=2 timeout=15 ballot=69 promises=0 accepted=0
[step=1023] DELIVER from=11 to=1 type=Promise { ballot: 26, accepted_ballot: None, accepted_value: None } queue_len=649
[PROMISE-TRACE] from=11 received_ballot=26 current_ballot=69 match=false
[PAXOS-TICK] phase=WaitingForPromises elapsed=3 timeout=15 ballot=69 promises=0 accepted=0
[step=1024] DELIVER from=12 to=1 type=Promise { ballot: 26, accepted_ballot: None, accepted_value: None } queue_len=648
[PROMISE-TRACE] from=12 received_ballot=26 current_ballot=69 match=false
[PAXOS-TICK] phase=WaitingForPromises elapsed=4 timeout=15 ballot=69 promises=0 accepted=0
[step=1025] DELIVER from=13 to=1 type=Promise { ballot: 26, accepted_ballot: None, accepted_value: None } queue_len=647
[PROMISE-TRACE] from=13 received_ballot=26 current_ballot=69 match=false
[PAXOS-TICK] phase=WaitingForPromises elapsed=5 timeout=15 ballot=69 promises=0 accepted=0
[step=1026] DELIVER from=14 to=1 type=Promise { ballot: 26, accepted_ballot: None, accepted_value: None } queue_len=646
[PROMISE-TRACE] from=14 received_ballot=26 current_ballot=69 match=false
[PAXOS-TICK] phase=WaitingForPromises elapsed=6 timeout=15 ballot=69 promises=0 accepted=0
[step=1027] DELIVER from=15 to=1 type=Promise { ballot: 26, accepted_ballot: None, accepted_value: None } queue_len=645
[PROMISE-TRACE] from=15 received_ballot=26 current_ballot=69 match=false
[PAXOS-TICK] phase=WaitingForPromises elapsed=7 timeout=15 ballot=69 promises=0 accepted=0
[step=1028] DELIVER from=1 to=1 type=Prepare { ballot: 43 } queue_len=644
[PAXOS-TICK] phase=WaitingForPromises elapsed=8 timeout=15 ballot=69 promises=0 accepted=0
[step=1029] DELIVER from=1 to=2 type=Prepare { ballot: 43 } queue_len=644
[PAXOS-TICK] phase=WaitingForPromises elapsed=9 timeout=15 ballot=69 promises=0 accepted=0
[step=1030] DELIVER from=1 to=3 type=Prepare { ballot: 43 } queue_len=644
[PAXOS-TICK] phase=WaitingForPromises elapsed=10 timeout=15 ballot=69 promises=0 accepted=0
[step=1031] DELIVER from=1 to=4 type=Prepare { ballot: 43 } queue_len=644
[PAXOS-TICK] phase=WaitingForPromises elapsed=11 timeout=15 ballot=69 promises=0 accepted=0
[step=1032] DELIVER from=1 to=5 type=Prepare { ballot: 43 } queue_len=644
[PAXOS-TICK] phase=WaitingForPromises elapsed=12 timeout=15 ballot=69 promises=0 accepted=0
[step=1033] DELIVER from=1 to=6 type=Prepare { ballot: 43 } queue_len=644
[PAXOS-TICK] phase=WaitingForPromises elapsed=13 timeout=15 ballot=69 promises=0 accepted=0
[step=1034] DELIVER from=1 to=7 type=Prepare { ballot: 43 } queue_len=644
[PAXOS-TICK] phase=WaitingForPromises elapsed=14 timeout=15 ballot=69 promises=0 accepted=0
[TIMEOUT-CAUSE] phase=WaitingForPromises ballot=69 promises=0 accepted=0 quorum=8
[step=1035] DELIVER from=1 to=8 type=Prepare { ballot: 43 } queue_len=659
[PAXOS-TICK] phase=WaitingForPromises elapsed=0 timeout=15 ballot=70 promises=0 accepted=0
[step=1036] DELIVER from=1 to=9 type=Prepare { ballot: 43 } queue_len=659
[PAXOS-TICK] phase=WaitingForPromises elapsed=1 timeout=15 ballot=70 promises=0 accepted=0
[step=1037] DELIVER from=1 to=10 type=Prepare { ballot: 43 } queue_len=659
[PAXOS-TICK] phase=WaitingForPromises elapsed=2 timeout=15 ballot=70 promises=0 accepted=0
[step=1038] DELIVER from=1 to=11 type=Prepare { ballot: 43 } queue_len=659
[PAXOS-TICK] phase=WaitingForPromises elapsed=3 timeout=15 ballot=70 promises=0 accepted=0
[step=1039] DELIVER from=1 to=12 type=Prepare { ballot: 43 } queue_len=659
[PAXOS-TICK] phase=WaitingForPromises elapsed=4 timeout=15 ballot=70 promises=0 accepted=0
[step=1040] DELIVER from=1 to=13 type=Prepare { ballot: 43 } queue_len=659
[PAXOS-TICK] phase=WaitingForPromises elapsed=5 timeout=15 ballot=70 promises=0 accepted=0
[step=1041] DELIVER from=1 to=14 type=Prepare { ballot: 43 } queue_len=659
[PAXOS-TICK] phase=WaitingForPromises elapsed=6 timeout=15 ballot=70 promises=0 accepted=0
[step=1042] DELIVER from=1 to=15 type=Prepare { ballot: 43 } queue_len=659
[PAXOS-TICK] phase=WaitingForPromises elapsed=7 timeout=15 ballot=70 promises=0 accepted=0
[step=1043] DELIVER from=1 to=1 type=Promise { ballot: 27, accepted_ballot: None, accepted_value: None } queue_len=659
[PROMISE-TRACE] from=1 received_ballot=27 current_ballot=70 match=false
[PAXOS-TICK] phase=WaitingForPromises elapsed=8 timeout=15 ballot=70 promises=0 accepted=0
[step=1044] DELIVER from=2 to=1 type=Promise { ballot: 27, accepted_ballot: None, accepted_value: None } queue_len=658
[PROMISE-TRACE] from=2 received_ballot=27 current_ballot=70 match=false
[PAXOS-TICK] phase=WaitingForPromises elapsed=9 timeout=15 ballot=70 promises=0 accepted=0
[step=1045] DELIVER from=3 to=1 type=Promise { ballot: 27, accepted_ballot: None, accepted_value: None } queue_len=657
[PROMISE-TRACE] from=3 received_ballot=27 current_ballot=70 match=false
[PAXOS-TICK] phase=WaitingForPromises elapsed=10 timeout=15 ballot=70 promises=0 accepted=0
[step=1046] DELIVER from=4 to=1 type=Promise { ballot: 27, accepted_ballot: None, accepted_value: None } queue_len=656
[PROMISE-TRACE] from=4 received_ballot=27 current_ballot=70 match=false
[PAXOS-TICK] phase=WaitingForPromises elapsed=11 timeout=15 ballot=70 promises=0 accepted=0
[step=1047] DELIVER from=5 to=1 type=Promise { ballot: 27, accepted_ballot: None, accepted_value: None } queue_len=655
[PROMISE-TRACE] from=5 received_ballot=27 current_ballot=70 match=false
[PAXOS-TICK] phase=WaitingForPromises elapsed=12 timeout=15 ballot=70 promises=0 accepted=0
[step=1048] DELIVER from=6 to=1 type=Promise { ballot: 27, accepted_ballot: None, accepted_value: None } queue_len=654
[PROMISE-TRACE] from=6 received_ballot=27 current_ballot=70 match=false
[PAXOS-TICK] phase=WaitingForPromises elapsed=13 timeout=15 ballot=70 promises=0 accepted=0
[step=1049] DELIVER from=7 to=1 type=Promise { ballot: 27, accepted_ballot: None, accepted_value: None } queue_len=653
[PROMISE-TRACE] from=7 received_ballot=27 current_ballot=70 match=false
[PAXOS-TICK] phase=WaitingForPromises elapsed=14 timeout=15 ballot=70 promises=0 accepted=0
[TIMEOUT-CAUSE] phase=WaitingForPromises ballot=70 promises=0 accepted=0 quorum=8
[step=1050] DELIVER from=1 to=1 type=Prepare { ballot: 44 } queue_len=667
[PAXOS-TICK] phase=WaitingForPromises elapsed=0 timeout=15 ballot=71 promises=0 accepted=0
[step=1051] DELIVER from=1 to=2 type=Prepare { ballot: 44 } queue_len=667
[PAXOS-TICK] phase=WaitingForPromises elapsed=1 timeout=15 ballot=71 promises=0 accepted=0
[step=1052] DELIVER from=1 to=3 type=Prepare { ballot: 44 } queue_len=667
[PAXOS-TICK] phase=WaitingForPromises elapsed=2 timeout=15 ballot=71 promises=0 accepted=0
[step=1053] DELIVER from=1 to=4 type=Prepare { ballot: 44 } queue_len=667
[PAXOS-TICK] phase=WaitingForPromises elapsed=3 timeout=15 ballot=71 promises=0 accepted=0
[step=1054] DELIVER from=1 to=5 type=Prepare { ballot: 44 } queue_len=667
[PAXOS-TICK] phase=WaitingForPromises elapsed=4 timeout=15 ballot=71 promises=0 accepted=0
[step=1055] DELIVER from=1 to=6 type=Prepare { ballot: 44 } queue_len=667
[PAXOS-TICK] phase=WaitingForPromises elapsed=5 timeout=15 ballot=71 promises=0 accepted=0
[step=1056] DELIVER from=1 to=7 type=Prepare { ballot: 44 } queue_len=667
[PAXOS-TICK] phase=WaitingForPromises elapsed=6 timeout=15 ballot=71 promises=0 accepted=0
[step=1057] DELIVER from=1 to=8 type=Prepare { ballot: 44 } queue_len=667
[PAXOS-TICK] phase=WaitingForPromises elapsed=7 timeout=15 ballot=71 promises=0 accepted=0
[step=1058] DELIVER from=1 to=9 type=Prepare { ballot: 44 } queue_len=667
[PAXOS-TICK] phase=WaitingForPromises elapsed=8 timeout=15 ballot=71 promises=0 accepted=0
[step=1059] DELIVER from=1 to=10 type=Prepare { ballot: 44 } queue_len=667
[PAXOS-TICK] phase=WaitingForPromises elapsed=9 timeout=15 ballot=71 promises=0 accepted=0
[step=1060] DELIVER from=1 to=11 type=Prepare { ballot: 44 } queue_len=667
[PAXOS-TICK] phase=WaitingForPromises elapsed=10 timeout=15 ballot=71 promises=0 accepted=0
[step=1061] DELIVER from=1 to=12 type=Prepare { ballot: 44 } queue_len=667
[PAXOS-TICK] phase=WaitingForPromises elapsed=11 timeout=15 ballot=71 promises=0 accepted=0
[step=1062] DELIVER from=1 to=13 type=Prepare { ballot: 44 } queue_len=667
[PAXOS-TICK] phase=WaitingForPromises elapsed=12 timeout=15 ballot=71 promises=0 accepted=0
[step=1063] DELIVER from=1 to=14 type=Prepare { ballot: 44 } queue_len=667
[PAXOS-TICK] phase=WaitingForPromises elapsed=13 timeout=15 ballot=71 promises=0 accepted=0
[step=1064] DELIVER from=1 to=15 type=Prepare { ballot: 44 } queue_len=667
[PAXOS-TICK] phase=WaitingForPromises elapsed=14 timeout=15 ballot=71 promises=0 accepted=0
[TIMEOUT-CAUSE] phase=WaitingForPromises ballot=71 promises=0 accepted=0 quorum=8
[step=1065] DELIVER from=8 to=1 type=Promise { ballot: 27, accepted_ballot: None, accepted_value: None } queue_len=682
[PROMISE-TRACE] from=8 received_ballot=27 current_ballot=72 match=false
[PAXOS-TICK] phase=WaitingForPromises elapsed=0 timeout=15 ballot=72 promises=0 accepted=0
[step=1066] DELIVER from=9 to=1 type=Promise { ballot: 27, accepted_ballot: None, accepted_value: None } queue_len=681
[PROMISE-TRACE] from=9 received_ballot=27 current_ballot=72 match=false
[PAXOS-TICK] phase=WaitingForPromises elapsed=1 timeout=15 ballot=72 promises=0 accepted=0
[step=1067] DELIVER from=10 to=1 type=Promise { ballot: 27, accepted_ballot: None, accepted_value: None } queue_len=680
[PROMISE-TRACE] from=10 received_ballot=27 current_ballot=72 match=false
[PAXOS-TICK] phase=WaitingForPromises elapsed=2 timeout=15 ballot=72 promises=0 accepted=0
[step=1068] DELIVER from=11 to=1 type=Promise { ballot: 27, accepted_ballot: None, accepted_value: None } queue_len=679
[PROMISE-TRACE] from=11 received_ballot=27 current_ballot=72 match=false
[PAXOS-TICK] phase=WaitingForPromises elapsed=3 timeout=15 ballot=72 promises=0 accepted=0
[step=1069] DELIVER from=12 to=1 type=Promise { ballot: 27, accepted_ballot: None, accepted_value: None } queue_len=678
[PROMISE-TRACE] from=12 received_ballot=27 current_ballot=72 match=false
[PAXOS-TICK] phase=WaitingForPromises elapsed=4 timeout=15 ballot=72 promises=0 accepted=0
[step=1070] DELIVER from=13 to=1 type=Promise { ballot: 27, accepted_ballot: None, accepted_value: None } queue_len=677
[PROMISE-TRACE] from=13 received_ballot=27 current_ballot=72 match=false
[PAXOS-TICK] phase=WaitingForPromises elapsed=5 timeout=15 ballot=72 promises=0 accepted=0
[step=1071] DELIVER from=14 to=1 type=Promise { ballot: 27, accepted_ballot: None, accepted_value: None } queue_len=676
[PROMISE-TRACE] from=14 received_ballot=27 current_ballot=72 match=false
[PAXOS-TICK] phase=WaitingForPromises elapsed=6 timeout=15 ballot=72 promises=0 accepted=0
[step=1072] DELIVER from=15 to=1 type=Promise { ballot: 27, accepted_ballot: None, accepted_value: None } queue_len=675
[PROMISE-TRACE] from=15 received_ballot=27 current_ballot=72 match=false
[PAXOS-TICK] phase=WaitingForPromises elapsed=7 timeout=15 ballot=72 promises=0 accepted=0
[step=1073] DELIVER from=1 to=1 type=Prepare { ballot: 45 } queue_len=674
[PAXOS-TICK] phase=WaitingForPromises elapsed=8 timeout=15 ballot=72 promises=0 accepted=0
[step=1074] DELIVER from=1 to=2 type=Prepare { ballot: 45 } queue_len=674
[PAXOS-TICK] phase=WaitingForPromises elapsed=9 timeout=15 ballot=72 promises=0 accepted=0
[step=1075] DELIVER from=1 to=3 type=Prepare { ballot: 45 } queue_len=674
[PAXOS-TICK] phase=WaitingForPromises elapsed=10 timeout=15 ballot=72 promises=0 accepted=0
[step=1076] DELIVER from=1 to=4 type=Prepare { ballot: 45 } queue_len=674
[PAXOS-TICK] phase=WaitingForPromises elapsed=11 timeout=15 ballot=72 promises=0 accepted=0
[step=1077] DELIVER from=1 to=5 type=Prepare { ballot: 45 } queue_len=674
[PAXOS-TICK] phase=WaitingForPromises elapsed=12 timeout=15 ballot=72 promises=0 accepted=0
[step=1078] DELIVER from=1 to=6 type=Prepare { ballot: 45 } queue_len=674
[PAXOS-TICK] phase=WaitingForPromises elapsed=13 timeout=15 ballot=72 promises=0 accepted=0
[step=1079] DELIVER from=1 to=7 type=Prepare { ballot: 45 } queue_len=674
[PAXOS-TICK] phase=WaitingForPromises elapsed=14 timeout=15 ballot=72 promises=0 accepted=0
[TIMEOUT-CAUSE] phase=WaitingForPromises ballot=72 promises=0 accepted=0 quorum=8
[step=1080] DELIVER from=1 to=8 type=Prepare { ballot: 45 } queue_len=689
[PAXOS-TICK] phase=WaitingForPromises elapsed=0 timeout=15 ballot=73 promises=0 accepted=0
[step=1081] DELIVER from=1 to=9 type=Prepare { ballot: 45 } queue_len=689
[PAXOS-TICK] phase=WaitingForPromises elapsed=1 timeout=15 ballot=73 promises=0 accepted=0
[step=1082] DELIVER from=1 to=10 type=Prepare { ballot: 45 } queue_len=689
[PAXOS-TICK] phase=WaitingForPromises elapsed=2 timeout=15 ballot=73 promises=0 accepted=0
[step=1083] DELIVER from=1 to=11 type=Prepare { ballot: 45 } queue_len=689
[PAXOS-TICK] phase=WaitingForPromises elapsed=3 timeout=15 ballot=73 promises=0 accepted=0
[step=1084] DELIVER from=1 to=12 type=Prepare { ballot: 45 } queue_len=689
[PAXOS-TICK] phase=WaitingForPromises elapsed=4 timeout=15 ballot=73 promises=0 accepted=0
[step=1085] DELIVER from=1 to=13 type=Prepare { ballot: 45 } queue_len=689
[PAXOS-TICK] phase=WaitingForPromises elapsed=5 timeout=15 ballot=73 promises=0 accepted=0
[step=1086] DELIVER from=1 to=14 type=Prepare { ballot: 45 } queue_len=689
[PAXOS-TICK] phase=WaitingForPromises elapsed=6 timeout=15 ballot=73 promises=0 accepted=0
[step=1087] DELIVER from=1 to=15 type=Prepare { ballot: 45 } queue_len=689
[PAXOS-TICK] phase=WaitingForPromises elapsed=7 timeout=15 ballot=73 promises=0 accepted=0
[step=1088] DELIVER from=1 to=1 type=Promise { ballot: 28, accepted_ballot: None, accepted_value: None } queue_len=689
[PROMISE-TRACE] from=1 received_ballot=28 current_ballot=73 match=false
[PAXOS-TICK] phase=WaitingForPromises elapsed=8 timeout=15 ballot=73 promises=0 accepted=0
[step=1089] DELIVER from=2 to=1 type=Promise { ballot: 28, accepted_ballot: None, accepted_value: None } queue_len=688
[PROMISE-TRACE] from=2 received_ballot=28 current_ballot=73 match=false
[PAXOS-TICK] phase=WaitingForPromises elapsed=9 timeout=15 ballot=73 promises=0 accepted=0
[step=1090] DELIVER from=3 to=1 type=Promise { ballot: 28, accepted_ballot: None, accepted_value: None } queue_len=687
[PROMISE-TRACE] from=3 received_ballot=28 current_ballot=73 match=false
[PAXOS-TICK] phase=WaitingForPromises elapsed=10 timeout=15 ballot=73 promises=0 accepted=0
[step=1091] DELIVER from=4 to=1 type=Promise { ballot: 28, accepted_ballot: None, accepted_value: None } queue_len=686
[PROMISE-TRACE] from=4 received_ballot=28 current_ballot=73 match=false
[PAXOS-TICK] phase=WaitingForPromises elapsed=11 timeout=15 ballot=73 promises=0 accepted=0
[step=1092] DELIVER from=5 to=1 type=Promise { ballot: 28, accepted_ballot: None, accepted_value: None } queue_len=685
[PROMISE-TRACE] from=5 received_ballot=28 current_ballot=73 match=false
[PAXOS-TICK] phase=WaitingForPromises elapsed=12 timeout=15 ballot=73 promises=0 accepted=0
[step=1093] DELIVER from=6 to=1 type=Promise { ballot: 28, accepted_ballot: None, accepted_value: None } queue_len=684
[PROMISE-TRACE] from=6 received_ballot=28 current_ballot=73 match=false
[PAXOS-TICK] phase=WaitingForPromises elapsed=13 timeout=15 ballot=73 promises=0 accepted=0
[step=1094] DELIVER from=7 to=1 type=Promise { ballot: 28, accepted_ballot: None, accepted_value: None } queue_len=683
[PROMISE-TRACE] from=7 received_ballot=28 current_ballot=73 match=false
[PAXOS-TICK] phase=WaitingForPromises elapsed=14 timeout=15 ballot=73 promises=0 accepted=0
[TIMEOUT-CAUSE] phase=WaitingForPromises ballot=73 promises=0 accepted=0 quorum=8
[step=1095] DELIVER from=8 to=1 type=Promise { ballot: 28, accepted_ballot: None, accepted_value: None } queue_len=697
[PROMISE-TRACE] from=8 received_ballot=28 current_ballot=74 match=false
[PAXOS-TICK] phase=WaitingForPromises elapsed=0 timeout=15 ballot=74 promises=0 accepted=0
[step=1096] DELIVER from=9 to=1 type=Promise { ballot: 28, accepted_ballot: None, accepted_value: None } queue_len=696
[PROMISE-TRACE] from=9 received_ballot=28 current_ballot=74 match=false
[PAXOS-TICK] phase=WaitingForPromises elapsed=1 timeout=15 ballot=74 promises=0 accepted=0
[step=1097] DELIVER from=10 to=1 type=Promise { ballot: 28, accepted_ballot: None, accepted_value: None } queue_len=695
[PROMISE-TRACE] from=10 received_ballot=28 current_ballot=74 match=false
[PAXOS-TICK] phase=WaitingForPromises elapsed=2 timeout=15 ballot=74 promises=0 accepted=0
[step=1098] DELIVER from=11 to=1 type=Promise { ballot: 28, accepted_ballot: None, accepted_value: None } queue_len=694
[PROMISE-TRACE] from=11 received_ballot=28 current_ballot=74 match=false
[PAXOS-TICK] phase=WaitingForPromises elapsed=3 timeout=15 ballot=74 promises=0 accepted=0
[step=1099] DELIVER from=12 to=1 type=Promise { ballot: 28, accepted_ballot: None, accepted_value: None } queue_len=693
[PROMISE-TRACE] from=12 received_ballot=28 current_ballot=74 match=false
[PAXOS-TICK] phase=WaitingForPromises elapsed=4 timeout=15 ballot=74 promises=0 accepted=0
[step=1100] DELIVER from=13 to=1 type=Promise { ballot: 28, accepted_ballot: None, accepted_value: None } queue_len=692
[PROMISE-TRACE] from=13 received_ballot=28 current_ballot=74 match=false
[PAXOS-TICK] phase=WaitingForPromises elapsed=5 timeout=15 ballot=74 promises=0 accepted=0
[step=1101] DELIVER from=14 to=1 type=Promise { ballot: 28, accepted_ballot: None, accepted_value: None } queue_len=691
[PROMISE-TRACE] from=14 received_ballot=28 current_ballot=74 match=false
[PAXOS-TICK] phase=WaitingForPromises elapsed=6 timeout=15 ballot=74 promises=0 accepted=0
[step=1102] DELIVER from=15 to=1 type=Promise { ballot: 28, accepted_ballot: None, accepted_value: None } queue_len=690
[PROMISE-TRACE] from=15 received_ballot=28 current_ballot=74 match=false
[PAXOS-TICK] phase=WaitingForPromises elapsed=7 timeout=15 ballot=74 promises=0 accepted=0
[step=1103] DELIVER from=1 to=1 type=Prepare { ballot: 46 } queue_len=689
[PAXOS-TICK] phase=WaitingForPromises elapsed=8 timeout=15 ballot=74 promises=0 accepted=0
[step=1104] DELIVER from=1 to=2 type=Prepare { ballot: 46 } queue_len=689
[PAXOS-TICK] phase=WaitingForPromises elapsed=9 timeout=15 ballot=74 promises=0 accepted=0
[step=1105] DELIVER from=1 to=3 type=Prepare { ballot: 46 } queue_len=689
[PAXOS-TICK] phase=WaitingForPromises elapsed=10 timeout=15 ballot=74 promises=0 accepted=0
[step=1106] DELIVER from=1 to=4 type=Prepare { ballot: 46 } queue_len=689
[PAXOS-TICK] phase=WaitingForPromises elapsed=11 timeout=15 ballot=74 promises=0 accepted=0
[step=1107] DELIVER from=1 to=5 type=Prepare { ballot: 46 } queue_len=689
[PAXOS-TICK] phase=WaitingForPromises elapsed=12 timeout=15 ballot=74 promises=0 accepted=0
[step=1108] DELIVER from=1 to=6 type=Prepare { ballot: 46 } queue_len=689
[PAXOS-TICK] phase=WaitingForPromises elapsed=13 timeout=15 ballot=74 promises=0 accepted=0
[step=1109] DELIVER from=1 to=7 type=Prepare { ballot: 46 } queue_len=689
[PAXOS-TICK] phase=WaitingForPromises elapsed=14 timeout=15 ballot=74 promises=0 accepted=0
[TIMEOUT-CAUSE] phase=WaitingForPromises ballot=74 promises=0 accepted=0 quorum=8
[step=1110] DELIVER from=1 to=8 type=Prepare { ballot: 46 } queue_len=704
[PAXOS-TICK] phase=WaitingForPromises elapsed=0 timeout=15 ballot=75 promises=0 accepted=0
[step=1111] DELIVER from=1 to=9 type=Prepare { ballot: 46 } queue_len=704
[PAXOS-TICK] phase=WaitingForPromises elapsed=1 timeout=15 ballot=75 promises=0 accepted=0
[step=1112] DELIVER from=1 to=10 type=Prepare { ballot: 46 } queue_len=704
[PAXOS-TICK] phase=WaitingForPromises elapsed=2 timeout=15 ballot=75 promises=0 accepted=0
[step=1113] DELIVER from=1 to=11 type=Prepare { ballot: 46 } queue_len=704
[PAXOS-TICK] phase=WaitingForPromises elapsed=3 timeout=15 ballot=75 promises=0 accepted=0
[step=1114] DELIVER from=1 to=12 type=Prepare { ballot: 46 } queue_len=704
[PAXOS-TICK] phase=WaitingForPromises elapsed=4 timeout=15 ballot=75 promises=0 accepted=0
[step=1115] DELIVER from=1 to=13 type=Prepare { ballot: 46 } queue_len=704
[PAXOS-TICK] phase=WaitingForPromises elapsed=5 timeout=15 ballot=75 promises=0 accepted=0
[step=1116] DELIVER from=1 to=14 type=Prepare { ballot: 46 } queue_len=704
[PAXOS-TICK] phase=WaitingForPromises elapsed=6 timeout=15 ballot=75 promises=0 accepted=0
[step=1117] DELIVER from=1 to=15 type=Prepare { ballot: 46 } queue_len=704
[PAXOS-TICK] phase=WaitingForPromises elapsed=7 timeout=15 ballot=75 promises=0 accepted=0
[step=1118] DELIVER from=1 to=1 type=Promise { ballot: 29, accepted_ballot: None, accepted_value: None } queue_len=704
[PROMISE-TRACE] from=1 received_ballot=29 current_ballot=75 match=false
[PAXOS-TICK] phase=WaitingForPromises elapsed=8 timeout=15 ballot=75 promises=0 accepted=0
[step=1119] DELIVER from=2 to=1 type=Promise { ballot: 29, accepted_ballot: None, accepted_value: None } queue_len=703
[PROMISE-TRACE] from=2 received_ballot=29 current_ballot=75 match=false
[PAXOS-TICK] phase=WaitingForPromises elapsed=9 timeout=15 ballot=75 promises=0 accepted=0
[step=1120] DELIVER from=3 to=1 type=Promise { ballot: 29, accepted_ballot: None, accepted_value: None } queue_len=702
[PROMISE-TRACE] from=3 received_ballot=29 current_ballot=75 match=false
[PAXOS-TICK] phase=WaitingForPromises elapsed=10 timeout=15 ballot=75 promises=0 accepted=0
[step=1121] DELIVER from=4 to=1 type=Promise { ballot: 29, accepted_ballot: None, accepted_value: None } queue_len=701
[PROMISE-TRACE] from=4 received_ballot=29 current_ballot=75 match=false
[PAXOS-TICK] phase=WaitingForPromises elapsed=11 timeout=15 ballot=75 promises=0 accepted=0
[step=1122] DELIVER from=5 to=1 type=Promise { ballot: 29, accepted_ballot: None, accepted_value: None } queue_len=700
[PROMISE-TRACE] from=5 received_ballot=29 current_ballot=75 match=false
[PAXOS-TICK] phase=WaitingForPromises elapsed=12 timeout=15 ballot=75 promises=0 accepted=0
[step=1123] DELIVER from=6 to=1 type=Promise { ballot: 29, accepted_ballot: None, accepted_value: None } queue_len=699
[PROMISE-TRACE] from=6 received_ballot=29 current_ballot=75 match=false
[PAXOS-TICK] phase=WaitingForPromises elapsed=13 timeout=15 ballot=75 promises=0 accepted=0
[step=1124] DELIVER from=7 to=1 type=Promise { ballot: 29, accepted_ballot: None, accepted_value: None } queue_len=698
[PROMISE-TRACE] from=7 received_ballot=29 current_ballot=75 match=false
[PAXOS-TICK] phase=WaitingForPromises elapsed=14 timeout=15 ballot=75 promises=0 accepted=0
[TIMEOUT-CAUSE] phase=WaitingForPromises ballot=75 promises=0 accepted=0 quorum=8
[step=1125] DELIVER from=1 to=1 type=Prepare { ballot: 47 } queue_len=712
[PAXOS-TICK] phase=WaitingForPromises elapsed=0 timeout=15 ballot=76 promises=0 accepted=0
[step=1126] DELIVER from=1 to=2 type=Prepare { ballot: 47 } queue_len=712
[PAXOS-TICK] phase=WaitingForPromises elapsed=1 timeout=15 ballot=76 promises=0 accepted=0
[step=1127] DELIVER from=1 to=3 type=Prepare { ballot: 47 } queue_len=712
[PAXOS-TICK] phase=WaitingForPromises elapsed=2 timeout=15 ballot=76 promises=0 accepted=0
[step=1128] DELIVER from=1 to=4 type=Prepare { ballot: 47 } queue_len=712
[PAXOS-TICK] phase=WaitingForPromises elapsed=3 timeout=15 ballot=76 promises=0 accepted=0
[step=1129] DELIVER from=1 to=5 type=Prepare { ballot: 47 } queue_len=712
[PAXOS-TICK] phase=WaitingForPromises elapsed=4 timeout=15 ballot=76 promises=0 accepted=0
[step=1130] DELIVER from=1 to=6 type=Prepare { ballot: 47 } queue_len=712
[PAXOS-TICK] phase=WaitingForPromises elapsed=5 timeout=15 ballot=76 promises=0 accepted=0
[step=1131] DELIVER from=1 to=7 type=Prepare { ballot: 47 } queue_len=712
[PAXOS-TICK] phase=WaitingForPromises elapsed=6 timeout=15 ballot=76 promises=0 accepted=0
[step=1132] DELIVER from=1 to=8 type=Prepare { ballot: 47 } queue_len=712
[PAXOS-TICK] phase=WaitingForPromises elapsed=7 timeout=15 ballot=76 promises=0 accepted=0
[step=1133] DELIVER from=1 to=9 type=Prepare { ballot: 47 } queue_len=712
[PAXOS-TICK] phase=WaitingForPromises elapsed=8 timeout=15 ballot=76 promises=0 accepted=0
[step=1134] DELIVER from=1 to=10 type=Prepare { ballot: 47 } queue_len=712
[PAXOS-TICK] phase=WaitingForPromises elapsed=9 timeout=15 ballot=76 promises=0 accepted=0
[step=1135] DELIVER from=1 to=11 type=Prepare { ballot: 47 } queue_len=712
[PAXOS-TICK] phase=WaitingForPromises elapsed=10 timeout=15 ballot=76 promises=0 accepted=0
[step=1136] DELIVER from=1 to=12 type=Prepare { ballot: 47 } queue_len=712
[PAXOS-TICK] phase=WaitingForPromises elapsed=11 timeout=15 ballot=76 promises=0 accepted=0
[step=1137] DELIVER from=1 to=13 type=Prepare { ballot: 47 } queue_len=712
[PAXOS-TICK] phase=WaitingForPromises elapsed=12 timeout=15 ballot=76 promises=0 accepted=0
[step=1138] DELIVER from=1 to=14 type=Prepare { ballot: 47 } queue_len=712
[PAXOS-TICK] phase=WaitingForPromises elapsed=13 timeout=15 ballot=76 promises=0 accepted=0
[step=1139] DELIVER from=1 to=15 type=Prepare { ballot: 47 } queue_len=712
[PAXOS-TICK] phase=WaitingForPromises elapsed=14 timeout=15 ballot=76 promises=0 accepted=0
[TIMEOUT-CAUSE] phase=WaitingForPromises ballot=76 promises=0 accepted=0 quorum=8
[step=1140] DELIVER from=8 to=1 type=Promise { ballot: 29, accepted_ballot: None, accepted_value: None } queue_len=727
[PROMISE-TRACE] from=8 received_ballot=29 current_ballot=77 match=false
[PAXOS-TICK] phase=WaitingForPromises elapsed=0 timeout=15 ballot=77 promises=0 accepted=0
[step=1141] DELIVER from=9 to=1 type=Promise { ballot: 29, accepted_ballot: None, accepted_value: None } queue_len=726
[PROMISE-TRACE] from=9 received_ballot=29 current_ballot=77 match=false
[PAXOS-TICK] phase=WaitingForPromises elapsed=1 timeout=15 ballot=77 promises=0 accepted=0
[step=1142] DELIVER from=10 to=1 type=Promise { ballot: 29, accepted_ballot: None, accepted_value: None } queue_len=725
[PROMISE-TRACE] from=10 received_ballot=29 current_ballot=77 match=false
[PAXOS-TICK] phase=WaitingForPromises elapsed=2 timeout=15 ballot=77 promises=0 accepted=0
[step=1143] DELIVER from=11 to=1 type=Promise { ballot: 29, accepted_ballot: None, accepted_value: None } queue_len=724
[PROMISE-TRACE] from=11 received_ballot=29 current_ballot=77 match=false
[PAXOS-TICK] phase=WaitingForPromises elapsed=3 timeout=15 ballot=77 promises=0 accepted=0
[step=1144] DELIVER from=12 to=1 type=Promise { ballot: 29, accepted_ballot: None, accepted_value: None } queue_len=723
[PROMISE-TRACE] from=12 received_ballot=29 current_ballot=77 match=false
[PAXOS-TICK] phase=WaitingForPromises elapsed=4 timeout=15 ballot=77 promises=0 accepted=0
[step=1145] DELIVER from=13 to=1 type=Promise { ballot: 29, accepted_ballot: None, accepted_value: None } queue_len=722
[PROMISE-TRACE] from=13 received_ballot=29 current_ballot=77 match=false
[PAXOS-TICK] phase=WaitingForPromises elapsed=5 timeout=15 ballot=77 promises=0 accepted=0
[step=1146] DELIVER from=14 to=1 type=Promise { ballot: 29, accepted_ballot: None, accepted_value: None } queue_len=721
[PROMISE-TRACE] from=14 received_ballot=29 current_ballot=77 match=false
[PAXOS-TICK] phase=WaitingForPromises elapsed=6 timeout=15 ballot=77 promises=0 accepted=0
[step=1147] DELIVER from=15 to=1 type=Promise { ballot: 29, accepted_ballot: None, accepted_value: None } queue_len=720
[PROMISE-TRACE] from=15 received_ballot=29 current_ballot=77 match=false
[PAXOS-TICK] phase=WaitingForPromises elapsed=7 timeout=15 ballot=77 promises=0 accepted=0
[step=1148] DELIVER from=1 to=1 type=Prepare { ballot: 48 } queue_len=719
[PAXOS-TICK] phase=WaitingForPromises elapsed=8 timeout=15 ballot=77 promises=0 accepted=0
[step=1149] DELIVER from=1 to=2 type=Prepare { ballot: 48 } queue_len=719
[PAXOS-TICK] phase=WaitingForPromises elapsed=9 timeout=15 ballot=77 promises=0 accepted=0
[step=1150] DELIVER from=1 to=3 type=Prepare { ballot: 48 } queue_len=719
[PAXOS-TICK] phase=WaitingForPromises elapsed=10 timeout=15 ballot=77 promises=0 accepted=0
[step=1151] DELIVER from=1 to=4 type=Prepare { ballot: 48 } queue_len=719
[PAXOS-TICK] phase=WaitingForPromises elapsed=11 timeout=15 ballot=77 promises=0 accepted=0
[step=1152] DELIVER from=1 to=5 type=Prepare { ballot: 48 } queue_len=719
[PAXOS-TICK] phase=WaitingForPromises elapsed=12 timeout=15 ballot=77 promises=0 accepted=0
[step=1153] DELIVER from=1 to=6 type=Prepare { ballot: 48 } queue_len=719
[PAXOS-TICK] phase=WaitingForPromises elapsed=13 timeout=15 ballot=77 promises=0 accepted=0
[step=1154] DELIVER from=1 to=7 type=Prepare { ballot: 48 } queue_len=719
[PAXOS-TICK] phase=WaitingForPromises elapsed=14 timeout=15 ballot=77 promises=0 accepted=0
[TIMEOUT-CAUSE] phase=WaitingForPromises ballot=77 promises=0 accepted=0 quorum=8
[step=1155] DELIVER from=1 to=8 type=Prepare { ballot: 48 } queue_len=734
[PAXOS-TICK] phase=WaitingForPromises elapsed=0 timeout=15 ballot=78 promises=0 accepted=0
[step=1156] DELIVER from=1 to=9 type=Prepare { ballot: 48 } queue_len=734
[PAXOS-TICK] phase=WaitingForPromises elapsed=1 timeout=15 ballot=78 promises=0 accepted=0
[step=1157] DELIVER from=1 to=10 type=Prepare { ballot: 48 } queue_len=734
[PAXOS-TICK] phase=WaitingForPromises elapsed=2 timeout=15 ballot=78 promises=0 accepted=0
[step=1158] DELIVER from=1 to=11 type=Prepare { ballot: 48 } queue_len=734
[PAXOS-TICK] phase=WaitingForPromises elapsed=3 timeout=15 ballot=78 promises=0 accepted=0
[step=1159] DELIVER from=1 to=12 type=Prepare { ballot: 48 } queue_len=734
[PAXOS-TICK] phase=WaitingForPromises elapsed=4 timeout=15 ballot=78 promises=0 accepted=0
[step=1160] DELIVER from=1 to=13 type=Prepare { ballot: 48 } queue_len=734
[PAXOS-TICK] phase=WaitingForPromises elapsed=5 timeout=15 ballot=78 promises=0 accepted=0
[step=1161] DELIVER from=1 to=14 type=Prepare { ballot: 48 } queue_len=734
[PAXOS-TICK] phase=WaitingForPromises elapsed=6 timeout=15 ballot=78 promises=0 accepted=0
[step=1162] DELIVER from=1 to=15 type=Prepare { ballot: 48 } queue_len=734
[PAXOS-TICK] phase=WaitingForPromises elapsed=7 timeout=15 ballot=78 promises=0 accepted=0
[step=1163] DELIVER from=1 to=1 type=Promise { ballot: 30, accepted_ballot: None, accepted_value: None } queue_len=734
[PROMISE-TRACE] from=1 received_ballot=30 current_ballot=78 match=false
[PAXOS-TICK] phase=WaitingForPromises elapsed=8 timeout=15 ballot=78 promises=0 accepted=0
[step=1164] DELIVER from=2 to=1 type=Promise { ballot: 30, accepted_ballot: None, accepted_value: None } queue_len=733
[PROMISE-TRACE] from=2 received_ballot=30 current_ballot=78 match=false
[PAXOS-TICK] phase=WaitingForPromises elapsed=9 timeout=15 ballot=78 promises=0 accepted=0
[step=1165] DELIVER from=3 to=1 type=Promise { ballot: 30, accepted_ballot: None, accepted_value: None } queue_len=732
[PROMISE-TRACE] from=3 received_ballot=30 current_ballot=78 match=false
[PAXOS-TICK] phase=WaitingForPromises elapsed=10 timeout=15 ballot=78 promises=0 accepted=0
[step=1166] DELIVER from=4 to=1 type=Promise { ballot: 30, accepted_ballot: None, accepted_value: None } queue_len=731
[PROMISE-TRACE] from=4 received_ballot=30 current_ballot=78 match=false
[PAXOS-TICK] phase=WaitingForPromises elapsed=11 timeout=15 ballot=78 promises=0 accepted=0
[step=1167] DELIVER from=5 to=1 type=Promise { ballot: 30, accepted_ballot: None, accepted_value: None } queue_len=730
[PROMISE-TRACE] from=5 received_ballot=30 current_ballot=78 match=false
[PAXOS-TICK] phase=WaitingForPromises elapsed=12 timeout=15 ballot=78 promises=0 accepted=0
[step=1168] DELIVER from=6 to=1 type=Promise { ballot: 30, accepted_ballot: None, accepted_value: None } queue_len=729
[PROMISE-TRACE] from=6 received_ballot=30 current_ballot=78 match=false
[PAXOS-TICK] phase=WaitingForPromises elapsed=13 timeout=15 ballot=78 promises=0 accepted=0
[step=1169] DELIVER from=7 to=1 type=Promise { ballot: 30, accepted_ballot: None, accepted_value: None } queue_len=728
[PROMISE-TRACE] from=7 received_ballot=30 current_ballot=78 match=false
[PAXOS-TICK] phase=WaitingForPromises elapsed=14 timeout=15 ballot=78 promises=0 accepted=0
[TIMEOUT-CAUSE] phase=WaitingForPromises ballot=78 promises=0 accepted=0 quorum=8
[step=1170] DELIVER from=1 to=1 type=Prepare { ballot: 49 } queue_len=742
[PAXOS-TICK] phase=WaitingForPromises elapsed=0 timeout=15 ballot=79 promises=0 accepted=0
[step=1171] DELIVER from=1 to=2 type=Prepare { ballot: 49 } queue_len=742
[PAXOS-TICK] phase=WaitingForPromises elapsed=1 timeout=15 ballot=79 promises=0 accepted=0
[step=1172] DELIVER from=1 to=3 type=Prepare { ballot: 49 } queue_len=742
[PAXOS-TICK] phase=WaitingForPromises elapsed=2 timeout=15 ballot=79 promises=0 accepted=0
[step=1173] DELIVER from=1 to=4 type=Prepare { ballot: 49 } queue_len=742
[PAXOS-TICK] phase=WaitingForPromises elapsed=3 timeout=15 ballot=79 promises=0 accepted=0
[step=1174] DELIVER from=1 to=5 type=Prepare { ballot: 49 } queue_len=742
[PAXOS-TICK] phase=WaitingForPromises elapsed=4 timeout=15 ballot=79 promises=0 accepted=0
[step=1175] DELIVER from=1 to=6 type=Prepare { ballot: 49 } queue_len=742
[PAXOS-TICK] phase=WaitingForPromises elapsed=5 timeout=15 ballot=79 promises=0 accepted=0
[step=1176] DELIVER from=1 to=7 type=Prepare { ballot: 49 } queue_len=742
[PAXOS-TICK] phase=WaitingForPromises elapsed=6 timeout=15 ballot=79 promises=0 accepted=0
[step=1177] DELIVER from=1 to=8 type=Prepare { ballot: 49 } queue_len=742
[PAXOS-TICK] phase=WaitingForPromises elapsed=7 timeout=15 ballot=79 promises=0 accepted=0
[step=1178] DELIVER from=1 to=9 type=Prepare { ballot: 49 } queue_len=742
[PAXOS-TICK] phase=WaitingForPromises elapsed=8 timeout=15 ballot=79 promises=0 accepted=0
[step=1179] DELIVER from=1 to=10 type=Prepare { ballot: 49 } queue_len=742
[PAXOS-TICK] phase=WaitingForPromises elapsed=9 timeout=15 ballot=79 promises=0 accepted=0
[step=1180] DELIVER from=1 to=11 type=Prepare { ballot: 49 } queue_len=742
[PAXOS-TICK] phase=WaitingForPromises elapsed=10 timeout=15 ballot=79 promises=0 accepted=0
[step=1181] DELIVER from=1 to=12 type=Prepare { ballot: 49 } queue_len=742
[PAXOS-TICK] phase=WaitingForPromises elapsed=11 timeout=15 ballot=79 promises=0 accepted=0
[step=1182] DELIVER from=1 to=13 type=Prepare { ballot: 49 } queue_len=742
[PAXOS-TICK] phase=WaitingForPromises elapsed=12 timeout=15 ballot=79 promises=0 accepted=0
[step=1183] DELIVER from=1 to=14 type=Prepare { ballot: 49 } queue_len=742
[PAXOS-TICK] phase=WaitingForPromises elapsed=13 timeout=15 ballot=79 promises=0 accepted=0
[step=1184] DELIVER from=1 to=15 type=Prepare { ballot: 49 } queue_len=742
[PAXOS-TICK] phase=WaitingForPromises elapsed=14 timeout=15 ballot=79 promises=0 accepted=0
[TIMEOUT-CAUSE] phase=WaitingForPromises ballot=79 promises=0 accepted=0 quorum=8
[step=1185] DELIVER from=8 to=1 type=Promise { ballot: 30, accepted_ballot: None, accepted_value: None } queue_len=757
[PROMISE-TRACE] from=8 received_ballot=30 current_ballot=80 match=false
[PAXOS-TICK] phase=WaitingForPromises elapsed=0 timeout=15 ballot=80 promises=0 accepted=0
[step=1186] DELIVER from=9 to=1 type=Promise { ballot: 30, accepted_ballot: None, accepted_value: None } queue_len=756
[PROMISE-TRACE] from=9 received_ballot=30 current_ballot=80 match=false
[PAXOS-TICK] phase=WaitingForPromises elapsed=1 timeout=15 ballot=80 promises=0 accepted=0
[step=1187] DELIVER from=10 to=1 type=Promise { ballot: 30, accepted_ballot: None, accepted_value: None } queue_len=755
[PROMISE-TRACE] from=10 received_ballot=30 current_ballot=80 match=false
[PAXOS-TICK] phase=WaitingForPromises elapsed=2 timeout=15 ballot=80 promises=0 accepted=0
[step=1188] DELIVER from=11 to=1 type=Promise { ballot: 30, accepted_ballot: None, accepted_value: None } queue_len=754
[PROMISE-TRACE] from=11 received_ballot=30 current_ballot=80 match=false
[PAXOS-TICK] phase=WaitingForPromises elapsed=3 timeout=15 ballot=80 promises=0 accepted=0
[step=1189] DELIVER from=12 to=1 type=Promise { ballot: 30, accepted_ballot: None, accepted_value: None } queue_len=753
[PROMISE-TRACE] from=12 received_ballot=30 current_ballot=80 match=false
[PAXOS-TICK] phase=WaitingForPromises elapsed=4 timeout=15 ballot=80 promises=0 accepted=0
[step=1190] DELIVER from=13 to=1 type=Promise { ballot: 30, accepted_ballot: None, accepted_value: None } queue_len=752
[PROMISE-TRACE] from=13 received_ballot=30 current_ballot=80 match=false
[PAXOS-TICK] phase=WaitingForPromises elapsed=5 timeout=15 ballot=80 promises=0 accepted=0
[step=1191] DELIVER from=14 to=1 type=Promise { ballot: 30, accepted_ballot: None, accepted_value: None } queue_len=751
[PROMISE-TRACE] from=14 received_ballot=30 current_ballot=80 match=false
[PAXOS-TICK] phase=WaitingForPromises elapsed=6 timeout=15 ballot=80 promises=0 accepted=0
[step=1192] DELIVER from=15 to=1 type=Promise { ballot: 30, accepted_ballot: None, accepted_value: None } queue_len=750
[PROMISE-TRACE] from=15 received_ballot=30 current_ballot=80 match=false
[PAXOS-TICK] phase=WaitingForPromises elapsed=7 timeout=15 ballot=80 promises=0 accepted=0
[step=1193] DELIVER from=1 to=1 type=Prepare { ballot: 50 } queue_len=749
[PAXOS-TICK] phase=WaitingForPromises elapsed=8 timeout=15 ballot=80 promises=0 accepted=0
[step=1194] DELIVER from=1 to=2 type=Prepare { ballot: 50 } queue_len=749
[PAXOS-TICK] phase=WaitingForPromises elapsed=9 timeout=15 ballot=80 promises=0 accepted=0
[step=1195] DELIVER from=1 to=3 type=Prepare { ballot: 50 } queue_len=749
[PAXOS-TICK] phase=WaitingForPromises elapsed=10 timeout=15 ballot=80 promises=0 accepted=0
[step=1196] DELIVER from=1 to=4 type=Prepare { ballot: 50 } queue_len=749
[PAXOS-TICK] phase=WaitingForPromises elapsed=11 timeout=15 ballot=80 promises=0 accepted=0
[step=1197] DELIVER from=1 to=5 type=Prepare { ballot: 50 } queue_len=749
[PAXOS-TICK] phase=WaitingForPromises elapsed=12 timeout=15 ballot=80 promises=0 accepted=0
[step=1198] DELIVER from=1 to=6 type=Prepare { ballot: 50 } queue_len=749
[PAXOS-TICK] phase=WaitingForPromises elapsed=13 timeout=15 ballot=80 promises=0 accepted=0
[step=1199] DELIVER from=1 to=7 type=Prepare { ballot: 50 } queue_len=749
[PAXOS-TICK] phase=WaitingForPromises elapsed=14 timeout=15 ballot=80 promises=0 accepted=0
[TIMEOUT-CAUSE] phase=WaitingForPromises ballot=80 promises=0 accepted=0 quorum=8
[step=1200] DELIVER from=1 to=8 type=Prepare { ballot: 50 } queue_len=764
[PAXOS-TICK] phase=WaitingForPromises elapsed=0 timeout=15 ballot=81 promises=0 accepted=0
[step=1201] DELIVER from=1 to=9 type=Prepare { ballot: 50 } queue_len=764
[PAXOS-TICK] phase=WaitingForPromises elapsed=1 timeout=15 ballot=81 promises=0 accepted=0
[step=1202] DELIVER from=1 to=10 type=Prepare { ballot: 50 } queue_len=764
[PAXOS-TICK] phase=WaitingForPromises elapsed=2 timeout=15 ballot=81 promises=0 accepted=0
[step=1203] DELIVER from=1 to=11 type=Prepare { ballot: 50 } queue_len=764
[PAXOS-TICK] phase=WaitingForPromises elapsed=3 timeout=15 ballot=81 promises=0 accepted=0
[step=1204] DELIVER from=1 to=12 type=Prepare { ballot: 50 } queue_len=764
[PAXOS-TICK] phase=WaitingForPromises elapsed=4 timeout=15 ballot=81 promises=0 accepted=0
[step=1205] DELIVER from=1 to=13 type=Prepare { ballot: 50 } queue_len=764
[PAXOS-TICK] phase=WaitingForPromises elapsed=5 timeout=15 ballot=81 promises=0 accepted=0
[step=1206] DELIVER from=1 to=14 type=Prepare { ballot: 50 } queue_len=764
[PAXOS-TICK] phase=WaitingForPromises elapsed=6 timeout=15 ballot=81 promises=0 accepted=0
[step=1207] DELIVER from=1 to=15 type=Prepare { ballot: 50 } queue_len=764
[PAXOS-TICK] phase=WaitingForPromises elapsed=7 timeout=15 ballot=81 promises=0 accepted=0
[step=1208] DELIVER from=1 to=1 type=Promise { ballot: 31, accepted_ballot: None, accepted_value: None } queue_len=764
[PROMISE-TRACE] from=1 received_ballot=31 current_ballot=81 match=false
[PAXOS-TICK] phase=WaitingForPromises elapsed=8 timeout=15 ballot=81 promises=0 accepted=0
[step=1209] DELIVER from=2 to=1 type=Promise { ballot: 31, accepted_ballot: None, accepted_value: None } queue_len=763
[PROMISE-TRACE] from=2 received_ballot=31 current_ballot=81 match=false
[PAXOS-TICK] phase=WaitingForPromises elapsed=9 timeout=15 ballot=81 promises=0 accepted=0
[step=1210] DELIVER from=3 to=1 type=Promise { ballot: 31, accepted_ballot: None, accepted_value: None } queue_len=762
[PROMISE-TRACE] from=3 received_ballot=31 current_ballot=81 match=false
[PAXOS-TICK] phase=WaitingForPromises elapsed=10 timeout=15 ballot=81 promises=0 accepted=0
[step=1211] DELIVER from=4 to=1 type=Promise { ballot: 31, accepted_ballot: None, accepted_value: None } queue_len=761
[PROMISE-TRACE] from=4 received_ballot=31 current_ballot=81 match=false
[PAXOS-TICK] phase=WaitingForPromises elapsed=11 timeout=15 ballot=81 promises=0 accepted=0
[step=1212] DELIVER from=5 to=1 type=Promise { ballot: 31, accepted_ballot: None, accepted_value: None } queue_len=760
[PROMISE-TRACE] from=5 received_ballot=31 current_ballot=81 match=false
[PAXOS-TICK] phase=WaitingForPromises elapsed=12 timeout=15 ballot=81 promises=0 accepted=0
[step=1213] DELIVER from=6 to=1 type=Promise { ballot: 31, accepted_ballot: None, accepted_value: None } queue_len=759
[PROMISE-TRACE] from=6 received_ballot=31 current_ballot=81 match=false
[PAXOS-TICK] phase=WaitingForPromises elapsed=13 timeout=15 ballot=81 promises=0 accepted=0
[step=1214] DELIVER from=7 to=1 type=Promise { ballot: 31, accepted_ballot: None, accepted_value: None } queue_len=758
[PROMISE-TRACE] from=7 received_ballot=31 current_ballot=81 match=false
[PAXOS-TICK] phase=WaitingForPromises elapsed=14 timeout=15 ballot=81 promises=0 accepted=0
[TIMEOUT-CAUSE] phase=WaitingForPromises ballot=81 promises=0 accepted=0 quorum=8
[step=1215] DELIVER from=8 to=1 type=Promise { ballot: 31, accepted_ballot: None, accepted_value: None } queue_len=772
[PROMISE-TRACE] from=8 received_ballot=31 current_ballot=82 match=false
[PAXOS-TICK] phase=WaitingForPromises elapsed=0 timeout=15 ballot=82 promises=0 accepted=0
[step=1216] DELIVER from=9 to=1 type=Promise { ballot: 31, accepted_ballot: None, accepted_value: None } queue_len=771
[PROMISE-TRACE] from=9 received_ballot=31 current_ballot=82 match=false
[PAXOS-TICK] phase=WaitingForPromises elapsed=1 timeout=15 ballot=82 promises=0 accepted=0
[step=1217] DELIVER from=10 to=1 type=Promise { ballot: 31, accepted_ballot: None, accepted_value: None } queue_len=770
[PROMISE-TRACE] from=10 received_ballot=31 current_ballot=82 match=false
[PAXOS-TICK] phase=WaitingForPromises elapsed=2 timeout=15 ballot=82 promises=0 accepted=0
[step=1218] DELIVER from=11 to=1 type=Promise { ballot: 31, accepted_ballot: None, accepted_value: None } queue_len=769
[PROMISE-TRACE] from=11 received_ballot=31 current_ballot=82 match=false
[PAXOS-TICK] phase=WaitingForPromises elapsed=3 timeout=15 ballot=82 promises=0 accepted=0
[step=1219] DELIVER from=12 to=1 type=Promise { ballot: 31, accepted_ballot: None, accepted_value: None } queue_len=768
[PROMISE-TRACE] from=12 received_ballot=31 current_ballot=82 match=false
[PAXOS-TICK] phase=WaitingForPromises elapsed=4 timeout=15 ballot=82 promises=0 accepted=0
[step=1220] DELIVER from=13 to=1 type=Promise { ballot: 31, accepted_ballot: None, accepted_value: None } queue_len=767
[PROMISE-TRACE] from=13 received_ballot=31 current_ballot=82 match=false
[PAXOS-TICK] phase=WaitingForPromises elapsed=5 timeout=15 ballot=82 promises=0 accepted=0
[step=1221] DELIVER from=14 to=1 type=Promise { ballot: 31, accepted_ballot: None, accepted_value: None } queue_len=766
[PROMISE-TRACE] from=14 received_ballot=31 current_ballot=82 match=false
[PAXOS-TICK] phase=WaitingForPromises elapsed=6 timeout=15 ballot=82 promises=0 accepted=0
[step=1222] DELIVER from=15 to=1 type=Promise { ballot: 31, accepted_ballot: None, accepted_value: None } queue_len=765
[PROMISE-TRACE] from=15 received_ballot=31 current_ballot=82 match=false
[PAXOS-TICK] phase=WaitingForPromises elapsed=7 timeout=15 ballot=82 promises=0 accepted=0
[step=1223] DELIVER from=1 to=1 type=Prepare { ballot: 51 } queue_len=764
[PAXOS-TICK] phase=WaitingForPromises elapsed=8 timeout=15 ballot=82 promises=0 accepted=0
[step=1224] DELIVER from=1 to=2 type=Prepare { ballot: 51 } queue_len=764
[PAXOS-TICK] phase=WaitingForPromises elapsed=9 timeout=15 ballot=82 promises=0 accepted=0
[step=1225] DELIVER from=1 to=3 type=Prepare { ballot: 51 } queue_len=764
[PAXOS-TICK] phase=WaitingForPromises elapsed=10 timeout=15 ballot=82 promises=0 accepted=0
[step=1226] DELIVER from=1 to=4 type=Prepare { ballot: 51 } queue_len=764
[PAXOS-TICK] phase=WaitingForPromises elapsed=11 timeout=15 ballot=82 promises=0 accepted=0
[step=1227] DELIVER from=1 to=5 type=Prepare { ballot: 51 } queue_len=764
[PAXOS-TICK] phase=WaitingForPromises elapsed=12 timeout=15 ballot=82 promises=0 accepted=0
[step=1228] DELIVER from=1 to=6 type=Prepare { ballot: 51 } queue_len=764
[PAXOS-TICK] phase=WaitingForPromises elapsed=13 timeout=15 ballot=82 promises=0 accepted=0
[step=1229] DELIVER from=1 to=7 type=Prepare { ballot: 51 } queue_len=764
[PAXOS-TICK] phase=WaitingForPromises elapsed=14 timeout=15 ballot=82 promises=0 accepted=0
[TIMEOUT-CAUSE] phase=WaitingForPromises ballot=82 promises=0 accepted=0 quorum=8
[step=1230] DELIVER from=1 to=8 type=Prepare { ballot: 51 } queue_len=779
[PAXOS-TICK] phase=WaitingForPromises elapsed=0 timeout=15 ballot=83 promises=0 accepted=0
[step=1231] DELIVER from=1 to=9 type=Prepare { ballot: 51 } queue_len=779
[PAXOS-TICK] phase=WaitingForPromises elapsed=1 timeout=15 ballot=83 promises=0 accepted=0
[step=1232] DELIVER from=1 to=10 type=Prepare { ballot: 51 } queue_len=779
[PAXOS-TICK] phase=WaitingForPromises elapsed=2 timeout=15 ballot=83 promises=0 accepted=0
[step=1233] DELIVER from=1 to=11 type=Prepare { ballot: 51 } queue_len=779
[PAXOS-TICK] phase=WaitingForPromises elapsed=3 timeout=15 ballot=83 promises=0 accepted=0
[step=1234] DELIVER from=1 to=12 type=Prepare { ballot: 51 } queue_len=779
[PAXOS-TICK] phase=WaitingForPromises elapsed=4 timeout=15 ballot=83 promises=0 accepted=0
[step=1235] DELIVER from=1 to=13 type=Prepare { ballot: 51 } queue_len=779
[PAXOS-TICK] phase=WaitingForPromises elapsed=5 timeout=15 ballot=83 promises=0 accepted=0
[step=1236] DELIVER from=1 to=14 type=Prepare { ballot: 51 } queue_len=779
[PAXOS-TICK] phase=WaitingForPromises elapsed=6 timeout=15 ballot=83 promises=0 accepted=0
[step=1237] DELIVER from=1 to=15 type=Prepare { ballot: 51 } queue_len=779
[PAXOS-TICK] phase=WaitingForPromises elapsed=7 timeout=15 ballot=83 promises=0 accepted=0
[step=1238] DELIVER from=1 to=1 type=Promise { ballot: 32, accepted_ballot: None, accepted_value: None } queue_len=779
[PROMISE-TRACE] from=1 received_ballot=32 current_ballot=83 match=false
[PAXOS-TICK] phase=WaitingForPromises elapsed=8 timeout=15 ballot=83 promises=0 accepted=0
[step=1239] DELIVER from=2 to=1 type=Promise { ballot: 32, accepted_ballot: None, accepted_value: None } queue_len=778
[PROMISE-TRACE] from=2 received_ballot=32 current_ballot=83 match=false
[PAXOS-TICK] phase=WaitingForPromises elapsed=9 timeout=15 ballot=83 promises=0 accepted=0
[step=1240] DELIVER from=3 to=1 type=Promise { ballot: 32, accepted_ballot: None, accepted_value: None } queue_len=777
[PROMISE-TRACE] from=3 received_ballot=32 current_ballot=83 match=false
[PAXOS-TICK] phase=WaitingForPromises elapsed=10 timeout=15 ballot=83 promises=0 accepted=0
[step=1241] DELIVER from=4 to=1 type=Promise { ballot: 32, accepted_ballot: None, accepted_value: None } queue_len=776
[PROMISE-TRACE] from=4 received_ballot=32 current_ballot=83 match=false
[PAXOS-TICK] phase=WaitingForPromises elapsed=11 timeout=15 ballot=83 promises=0 accepted=0
[step=1242] DELIVER from=5 to=1 type=Promise { ballot: 32, accepted_ballot: None, accepted_value: None } queue_len=775
[PROMISE-TRACE] from=5 received_ballot=32 current_ballot=83 match=false
[PAXOS-TICK] phase=WaitingForPromises elapsed=12 timeout=15 ballot=83 promises=0 accepted=0
[step=1243] DELIVER from=6 to=1 type=Promise { ballot: 32, accepted_ballot: None, accepted_value: None } queue_len=774
[PROMISE-TRACE] from=6 received_ballot=32 current_ballot=83 match=false
[PAXOS-TICK] phase=WaitingForPromises elapsed=13 timeout=15 ballot=83 promises=0 accepted=0
[step=1244] DELIVER from=7 to=1 type=Promise { ballot: 32, accepted_ballot: None, accepted_value: None } queue_len=773
[PROMISE-TRACE] from=7 received_ballot=32 current_ballot=83 match=false
[PAXOS-TICK] phase=WaitingForPromises elapsed=14 timeout=15 ballot=83 promises=0 accepted=0
[TIMEOUT-CAUSE] phase=WaitingForPromises ballot=83 promises=0 accepted=0 quorum=8
[step=1245] DELIVER from=1 to=1 type=Prepare { ballot: 52 } queue_len=787
[PAXOS-TICK] phase=WaitingForPromises elapsed=0 timeout=15 ballot=84 promises=0 accepted=0
[step=1246] DELIVER from=1 to=2 type=Prepare { ballot: 52 } queue_len=787
[PAXOS-TICK] phase=WaitingForPromises elapsed=1 timeout=15 ballot=84 promises=0 accepted=0
[step=1247] DELIVER from=1 to=3 type=Prepare { ballot: 52 } queue_len=787
[PAXOS-TICK] phase=WaitingForPromises elapsed=2 timeout=15 ballot=84 promises=0 accepted=0
[step=1248] DELIVER from=1 to=4 type=Prepare { ballot: 52 } queue_len=787
[PAXOS-TICK] phase=WaitingForPromises elapsed=3 timeout=15 ballot=84 promises=0 accepted=0
[step=1249] DELIVER from=1 to=5 type=Prepare { ballot: 52 } queue_len=787
[PAXOS-TICK] phase=WaitingForPromises elapsed=4 timeout=15 ballot=84 promises=0 accepted=0
[step=1250] DELIVER from=1 to=6 type=Prepare { ballot: 52 } queue_len=787
[PAXOS-TICK] phase=WaitingForPromises elapsed=5 timeout=15 ballot=84 promises=0 accepted=0
[step=1251] DELIVER from=1 to=7 type=Prepare { ballot: 52 } queue_len=787
[PAXOS-TICK] phase=WaitingForPromises elapsed=6 timeout=15 ballot=84 promises=0 accepted=0
[step=1252] DELIVER from=1 to=8 type=Prepare { ballot: 52 } queue_len=787
[PAXOS-TICK] phase=WaitingForPromises elapsed=7 timeout=15 ballot=84 promises=0 accepted=0
[step=1253] DELIVER from=1 to=9 type=Prepare { ballot: 52 } queue_len=787
[PAXOS-TICK] phase=WaitingForPromises elapsed=8 timeout=15 ballot=84 promises=0 accepted=0
[step=1254] DELIVER from=1 to=10 type=Prepare { ballot: 52 } queue_len=787
[PAXOS-TICK] phase=WaitingForPromises elapsed=9 timeout=15 ballot=84 promises=0 accepted=0
[step=1255] DELIVER from=1 to=11 type=Prepare { ballot: 52 } queue_len=787
[PAXOS-TICK] phase=WaitingForPromises elapsed=10 timeout=15 ballot=84 promises=0 accepted=0
[step=1256] DELIVER from=1 to=12 type=Prepare { ballot: 52 } queue_len=787
[PAXOS-TICK] phase=WaitingForPromises elapsed=11 timeout=15 ballot=84 promises=0 accepted=0
[step=1257] DELIVER from=1 to=13 type=Prepare { ballot: 52 } queue_len=787
[PAXOS-TICK] phase=WaitingForPromises elapsed=12 timeout=15 ballot=84 promises=0 accepted=0
[step=1258] DELIVER from=1 to=14 type=Prepare { ballot: 52 } queue_len=787
[PAXOS-TICK] phase=WaitingForPromises elapsed=13 timeout=15 ballot=84 promises=0 accepted=0
[step=1259] DELIVER from=1 to=15 type=Prepare { ballot: 52 } queue_len=787
[PAXOS-TICK] phase=WaitingForPromises elapsed=14 timeout=15 ballot=84 promises=0 accepted=0
[TIMEOUT-CAUSE] phase=WaitingForPromises ballot=84 promises=0 accepted=0 quorum=8
[step=1260] DELIVER from=8 to=1 type=Promise { ballot: 32, accepted_ballot: None, accepted_value: None } queue_len=802
[PROMISE-TRACE] from=8 received_ballot=32 current_ballot=85 match=false
[PAXOS-TICK] phase=WaitingForPromises elapsed=0 timeout=15 ballot=85 promises=0 accepted=0
[step=1261] DELIVER from=9 to=1 type=Promise { ballot: 32, accepted_ballot: None, accepted_value: None } queue_len=801
[PROMISE-TRACE] from=9 received_ballot=32 current_ballot=85 match=false
[PAXOS-TICK] phase=WaitingForPromises elapsed=1 timeout=15 ballot=85 promises=0 accepted=0
[step=1262] DELIVER from=10 to=1 type=Promise { ballot: 32, accepted_ballot: None, accepted_value: None } queue_len=800
[PROMISE-TRACE] from=10 received_ballot=32 current_ballot=85 match=false
[PAXOS-TICK] phase=WaitingForPromises elapsed=2 timeout=15 ballot=85 promises=0 accepted=0
[step=1263] DELIVER from=11 to=1 type=Promise { ballot: 32, accepted_ballot: None, accepted_value: None } queue_len=799
[PROMISE-TRACE] from=11 received_ballot=32 current_ballot=85 match=false
[PAXOS-TICK] phase=WaitingForPromises elapsed=3 timeout=15 ballot=85 promises=0 accepted=0
[step=1264] DELIVER from=12 to=1 type=Promise { ballot: 32, accepted_ballot: None, accepted_value: None } queue_len=798
[PROMISE-TRACE] from=12 received_ballot=32 current_ballot=85 match=false
[PAXOS-TICK] phase=WaitingForPromises elapsed=4 timeout=15 ballot=85 promises=0 accepted=0
[step=1265] DELIVER from=13 to=1 type=Promise { ballot: 32, accepted_ballot: None, accepted_value: None } queue_len=797
[PROMISE-TRACE] from=13 received_ballot=32 current_ballot=85 match=false
[PAXOS-TICK] phase=WaitingForPromises elapsed=5 timeout=15 ballot=85 promises=0 accepted=0
[step=1266] DELIVER from=14 to=1 type=Promise { ballot: 32, accepted_ballot: None, accepted_value: None } queue_len=796
[PROMISE-TRACE] from=14 received_ballot=32 current_ballot=85 match=false
[PAXOS-TICK] phase=WaitingForPromises elapsed=6 timeout=15 ballot=85 promises=0 accepted=0
[step=1267] DELIVER from=15 to=1 type=Promise { ballot: 32, accepted_ballot: None, accepted_value: None } queue_len=795
[PROMISE-TRACE] from=15 received_ballot=32 current_ballot=85 match=false
[PAXOS-TICK] phase=WaitingForPromises elapsed=7 timeout=15 ballot=85 promises=0 accepted=0
[step=1268] DELIVER from=1 to=1 type=Prepare { ballot: 53 } queue_len=794
[PAXOS-TICK] phase=WaitingForPromises elapsed=8 timeout=15 ballot=85 promises=0 accepted=0
[step=1269] DELIVER from=1 to=2 type=Prepare { ballot: 53 } queue_len=794
[PAXOS-TICK] phase=WaitingForPromises elapsed=9 timeout=15 ballot=85 promises=0 accepted=0
[step=1270] DELIVER from=1 to=3 type=Prepare { ballot: 53 } queue_len=794
[PAXOS-TICK] phase=WaitingForPromises elapsed=10 timeout=15 ballot=85 promises=0 accepted=0
[step=1271] DELIVER from=1 to=4 type=Prepare { ballot: 53 } queue_len=794
[PAXOS-TICK] phase=WaitingForPromises elapsed=11 timeout=15 ballot=85 promises=0 accepted=0
[step=1272] DELIVER from=1 to=5 type=Prepare { ballot: 53 } queue_len=794
[PAXOS-TICK] phase=WaitingForPromises elapsed=12 timeout=15 ballot=85 promises=0 accepted=0
[step=1273] DELIVER from=1 to=6 type=Prepare { ballot: 53 } queue_len=794
[PAXOS-TICK] phase=WaitingForPromises elapsed=13 timeout=15 ballot=85 promises=0 accepted=0
[step=1274] DELIVER from=1 to=7 type=Prepare { ballot: 53 } queue_len=794
[PAXOS-TICK] phase=WaitingForPromises elapsed=14 timeout=15 ballot=85 promises=0 accepted=0
[TIMEOUT-CAUSE] phase=WaitingForPromises ballot=85 promises=0 accepted=0 quorum=8
[step=1275] DELIVER from=1 to=8 type=Prepare { ballot: 53 } queue_len=809
[PAXOS-TICK] phase=WaitingForPromises elapsed=0 timeout=15 ballot=86 promises=0 accepted=0
[step=1276] DELIVER from=1 to=9 type=Prepare { ballot: 53 } queue_len=809
[PAXOS-TICK] phase=WaitingForPromises elapsed=1 timeout=15 ballot=86 promises=0 accepted=0
[step=1277] DELIVER from=1 to=10 type=Prepare { ballot: 53 } queue_len=809
[PAXOS-TICK] phase=WaitingForPromises elapsed=2 timeout=15 ballot=86 promises=0 accepted=0
[step=1278] DELIVER from=1 to=11 type=Prepare { ballot: 53 } queue_len=809
[PAXOS-TICK] phase=WaitingForPromises elapsed=3 timeout=15 ballot=86 promises=0 accepted=0
[step=1279] DELIVER from=1 to=12 type=Prepare { ballot: 53 } queue_len=809
[PAXOS-TICK] phase=WaitingForPromises elapsed=4 timeout=15 ballot=86 promises=0 accepted=0
[step=1280] DELIVER from=1 to=13 type=Prepare { ballot: 53 } queue_len=809
[PAXOS-TICK] phase=WaitingForPromises elapsed=5 timeout=15 ballot=86 promises=0 accepted=0
[step=1281] DELIVER from=1 to=14 type=Prepare { ballot: 53 } queue_len=809
[PAXOS-TICK] phase=WaitingForPromises elapsed=6 timeout=15 ballot=86 promises=0 accepted=0
[step=1282] DELIVER from=1 to=15 type=Prepare { ballot: 53 } queue_len=809
[PAXOS-TICK] phase=WaitingForPromises elapsed=7 timeout=15 ballot=86 promises=0 accepted=0
[step=1283] DELIVER from=1 to=1 type=Promise { ballot: 33, accepted_ballot: None, accepted_value: None } queue_len=809
[PROMISE-TRACE] from=1 received_ballot=33 current_ballot=86 match=false
[PAXOS-TICK] phase=WaitingForPromises elapsed=8 timeout=15 ballot=86 promises=0 accepted=0
[step=1284] DELIVER from=2 to=1 type=Promise { ballot: 33, accepted_ballot: None, accepted_value: None } queue_len=808
[PROMISE-TRACE] from=2 received_ballot=33 current_ballot=86 match=false
[PAXOS-TICK] phase=WaitingForPromises elapsed=9 timeout=15 ballot=86 promises=0 accepted=0
[step=1285] DELIVER from=3 to=1 type=Promise { ballot: 33, accepted_ballot: None, accepted_value: None } queue_len=807
[PROMISE-TRACE] from=3 received_ballot=33 current_ballot=86 match=false
[PAXOS-TICK] phase=WaitingForPromises elapsed=10 timeout=15 ballot=86 promises=0 accepted=0
[step=1286] DELIVER from=4 to=1 type=Promise { ballot: 33, accepted_ballot: None, accepted_value: None } queue_len=806
[PROMISE-TRACE] from=4 received_ballot=33 current_ballot=86 match=false
[PAXOS-TICK] phase=WaitingForPromises elapsed=11 timeout=15 ballot=86 promises=0 accepted=0
[step=1287] DELIVER from=5 to=1 type=Promise { ballot: 33, accepted_ballot: None, accepted_value: None } queue_len=805
[PROMISE-TRACE] from=5 received_ballot=33 current_ballot=86 match=false
[PAXOS-TICK] phase=WaitingForPromises elapsed=12 timeout=15 ballot=86 promises=0 accepted=0
[step=1288] DELIVER from=6 to=1 type=Promise { ballot: 33, accepted_ballot: None, accepted_value: None } queue_len=804
[PROMISE-TRACE] from=6 received_ballot=33 current_ballot=86 match=false
[PAXOS-TICK] phase=WaitingForPromises elapsed=13 timeout=15 ballot=86 promises=0 accepted=0
[step=1289] DELIVER from=7 to=1 type=Promise { ballot: 33, accepted_ballot: None, accepted_value: None } queue_len=803
[PROMISE-TRACE] from=7 received_ballot=33 current_ballot=86 match=false
[PAXOS-TICK] phase=WaitingForPromises elapsed=14 timeout=15 ballot=86 promises=0 accepted=0
[TIMEOUT-CAUSE] phase=WaitingForPromises ballot=86 promises=0 accepted=0 quorum=8
[step=1290] DELIVER from=8 to=1 type=Promise { ballot: 33, accepted_ballot: None, accepted_value: None } queue_len=817
[PROMISE-TRACE] from=8 received_ballot=33 current_ballot=87 match=false
[PAXOS-TICK] phase=WaitingForPromises elapsed=0 timeout=15 ballot=87 promises=0 accepted=0
[step=1291] DELIVER from=9 to=1 type=Promise { ballot: 33, accepted_ballot: None, accepted_value: None } queue_len=816
[PROMISE-TRACE] from=9 received_ballot=33 current_ballot=87 match=false
[PAXOS-TICK] phase=WaitingForPromises elapsed=1 timeout=15 ballot=87 promises=0 accepted=0
[step=1292] DELIVER from=10 to=1 type=Promise { ballot: 33, accepted_ballot: None, accepted_value: None } queue_len=815
[PROMISE-TRACE] from=10 received_ballot=33 current_ballot=87 match=false
[PAXOS-TICK] phase=WaitingForPromises elapsed=2 timeout=15 ballot=87 promises=0 accepted=0
[step=1293] DELIVER from=1 to=1 type=Prepare { ballot: 54 } queue_len=814
[PAXOS-TICK] phase=WaitingForPromises elapsed=3 timeout=15 ballot=87 promises=0 accepted=0
[step=1294] DELIVER from=1 to=2 type=Prepare { ballot: 54 } queue_len=814
[PAXOS-TICK] phase=WaitingForPromises elapsed=4 timeout=15 ballot=87 promises=0 accepted=0
[step=1295] DELIVER from=1 to=3 type=Prepare { ballot: 54 } queue_len=814
[PAXOS-TICK] phase=WaitingForPromises elapsed=5 timeout=15 ballot=87 promises=0 accepted=0
[step=1296] DELIVER from=1 to=4 type=Prepare { ballot: 54 } queue_len=814
[PAXOS-TICK] phase=WaitingForPromises elapsed=6 timeout=15 ballot=87 promises=0 accepted=0
[step=1297] DELIVER from=1 to=5 type=Prepare { ballot: 54 } queue_len=814
[PAXOS-TICK] phase=WaitingForPromises elapsed=7 timeout=15 ballot=87 promises=0 accepted=0
[step=1298] DELIVER from=1 to=6 type=Prepare { ballot: 54 } queue_len=814
[PAXOS-TICK] phase=WaitingForPromises elapsed=8 timeout=15 ballot=87 promises=0 accepted=0
[step=1299] DELIVER from=1 to=7 type=Prepare { ballot: 54 } queue_len=814
[PAXOS-TICK] phase=WaitingForPromises elapsed=9 timeout=15 ballot=87 promises=0 accepted=0
[step=1300] DELIVER from=1 to=8 type=Prepare { ballot: 54 } queue_len=814
[PAXOS-TICK] phase=WaitingForPromises elapsed=10 timeout=15 ballot=87 promises=0 accepted=0
[step=1301] DELIVER from=1 to=9 type=Prepare { ballot: 54 } queue_len=814
[PAXOS-TICK] phase=WaitingForPromises elapsed=11 timeout=15 ballot=87 promises=0 accepted=0
[step=1302] DELIVER from=1 to=10 type=Prepare { ballot: 54 } queue_len=814
[PAXOS-TICK] phase=WaitingForPromises elapsed=12 timeout=15 ballot=87 promises=0 accepted=0
[step=1303] DELIVER from=1 to=11 type=Prepare { ballot: 54 } queue_len=814
[PAXOS-TICK] phase=WaitingForPromises elapsed=13 timeout=15 ballot=87 promises=0 accepted=0
[step=1304] DELIVER from=1 to=12 type=Prepare { ballot: 54 } queue_len=814
[PAXOS-TICK] phase=WaitingForPromises elapsed=14 timeout=15 ballot=87 promises=0 accepted=0
[TIMEOUT-CAUSE] phase=WaitingForPromises ballot=87 promises=0 accepted=0 quorum=8
[step=1305] DELIVER from=1 to=13 type=Prepare { ballot: 54 } queue_len=829
[PAXOS-TICK] phase=WaitingForPromises elapsed=0 timeout=15 ballot=88 promises=0 accepted=0
[step=1306] DELIVER from=1 to=14 type=Prepare { ballot: 54 } queue_len=829
[PAXOS-TICK] phase=WaitingForPromises elapsed=1 timeout=15 ballot=88 promises=0 accepted=0
[step=1307] DELIVER from=1 to=15 type=Prepare { ballot: 54 } queue_len=829
[PAXOS-TICK] phase=WaitingForPromises elapsed=2 timeout=15 ballot=88 promises=0 accepted=0
[step=1308] DELIVER from=11 to=1 type=Promise { ballot: 33, accepted_ballot: None, accepted_value: None } queue_len=829
[PROMISE-TRACE] from=11 received_ballot=33 current_ballot=88 match=false
[PAXOS-TICK] phase=WaitingForPromises elapsed=3 timeout=15 ballot=88 promises=0 accepted=0
[step=1309] DELIVER from=12 to=1 type=Promise { ballot: 33, accepted_ballot: None, accepted_value: None } queue_len=828
[PROMISE-TRACE] from=12 received_ballot=33 current_ballot=88 match=false
[PAXOS-TICK] phase=WaitingForPromises elapsed=4 timeout=15 ballot=88 promises=0 accepted=0
[step=1310] DELIVER from=13 to=1 type=Promise { ballot: 33, accepted_ballot: None, accepted_value: None } queue_len=827
[PROMISE-TRACE] from=13 received_ballot=33 current_ballot=88 match=false
[PAXOS-TICK] phase=WaitingForPromises elapsed=5 timeout=15 ballot=88 promises=0 accepted=0
[step=1311] DELIVER from=14 to=1 type=Promise { ballot: 33, accepted_ballot: None, accepted_value: None } queue_len=826
[PROMISE-TRACE] from=14 received_ballot=33 current_ballot=88 match=false
[PAXOS-TICK] phase=WaitingForPromises elapsed=6 timeout=15 ballot=88 promises=0 accepted=0
[step=1312] DELIVER from=15 to=1 type=Promise { ballot: 33, accepted_ballot: None, accepted_value: None } queue_len=825
[PROMISE-TRACE] from=15 received_ballot=33 current_ballot=88 match=false
[PAXOS-TICK] phase=WaitingForPromises elapsed=7 timeout=15 ballot=88 promises=0 accepted=0
[step=1313] DELIVER from=1 to=1 type=Prepare { ballot: 55 } queue_len=824
[PAXOS-TICK] phase=WaitingForPromises elapsed=8 timeout=15 ballot=88 promises=0 accepted=0
[step=1314] DELIVER from=1 to=2 type=Prepare { ballot: 55 } queue_len=824
[PAXOS-TICK] phase=WaitingForPromises elapsed=9 timeout=15 ballot=88 promises=0 accepted=0
[step=1315] DELIVER from=1 to=3 type=Prepare { ballot: 55 } queue_len=824
[PAXOS-TICK] phase=WaitingForPromises elapsed=10 timeout=15 ballot=88 promises=0 accepted=0
[step=1316] DELIVER from=1 to=4 type=Prepare { ballot: 55 } queue_len=824
[PAXOS-TICK] phase=WaitingForPromises elapsed=11 timeout=15 ballot=88 promises=0 accepted=0
[step=1317] DELIVER from=1 to=5 type=Prepare { ballot: 55 } queue_len=824
[PAXOS-TICK] phase=WaitingForPromises elapsed=12 timeout=15 ballot=88 promises=0 accepted=0
[step=1318] DELIVER from=1 to=6 type=Prepare { ballot: 55 } queue_len=824
[PAXOS-TICK] phase=WaitingForPromises elapsed=13 timeout=15 ballot=88 promises=0 accepted=0
[step=1319] DELIVER from=1 to=7 type=Prepare { ballot: 55 } queue_len=824
[PAXOS-TICK] phase=WaitingForPromises elapsed=14 timeout=15 ballot=88 promises=0 accepted=0
[TIMEOUT-CAUSE] phase=WaitingForPromises ballot=88 promises=0 accepted=0 quorum=8
[step=1320] DELIVER from=1 to=8 type=Prepare { ballot: 55 } queue_len=839
[PAXOS-TICK] phase=WaitingForPromises elapsed=0 timeout=15 ballot=89 promises=0 accepted=0
[step=1321] DELIVER from=1 to=9 type=Prepare { ballot: 55 } queue_len=839
[PAXOS-TICK] phase=WaitingForPromises elapsed=1 timeout=15 ballot=89 promises=0 accepted=0
[step=1322] DELIVER from=1 to=10 type=Prepare { ballot: 55 } queue_len=839
[PAXOS-TICK] phase=WaitingForPromises elapsed=2 timeout=15 ballot=89 promises=0 accepted=0
[step=1323] DELIVER from=1 to=11 type=Prepare { ballot: 55 } queue_len=839
[PAXOS-TICK] phase=WaitingForPromises elapsed=3 timeout=15 ballot=89 promises=0 accepted=0
[step=1324] DELIVER from=1 to=12 type=Prepare { ballot: 55 } queue_len=839
[PAXOS-TICK] phase=WaitingForPromises elapsed=4 timeout=15 ballot=89 promises=0 accepted=0
[step=1325] DELIVER from=1 to=13 type=Prepare { ballot: 55 } queue_len=839
[PAXOS-TICK] phase=WaitingForPromises elapsed=5 timeout=15 ballot=89 promises=0 accepted=0
[step=1326] DELIVER from=1 to=14 type=Prepare { ballot: 55 } queue_len=839
[PAXOS-TICK] phase=WaitingForPromises elapsed=6 timeout=15 ballot=89 promises=0 accepted=0
[step=1327] DELIVER from=1 to=15 type=Prepare { ballot: 55 } queue_len=839
[PAXOS-TICK] phase=WaitingForPromises elapsed=7 timeout=15 ballot=89 promises=0 accepted=0
[step=1328] DELIVER from=1 to=1 type=Promise { ballot: 34, accepted_ballot: None, accepted_value: None } queue_len=839
[PROMISE-TRACE] from=1 received_ballot=34 current_ballot=89 match=false
[PAXOS-TICK] phase=WaitingForPromises elapsed=8 timeout=15 ballot=89 promises=0 accepted=0
[step=1329] DELIVER from=2 to=1 type=Promise { ballot: 34, accepted_ballot: None, accepted_value: None } queue_len=838
[PROMISE-TRACE] from=2 received_ballot=34 current_ballot=89 match=false
[PAXOS-TICK] phase=WaitingForPromises elapsed=9 timeout=15 ballot=89 promises=0 accepted=0
[step=1330] DELIVER from=3 to=1 type=Promise { ballot: 34, accepted_ballot: None, accepted_value: None } queue_len=837
[PROMISE-TRACE] from=3 received_ballot=34 current_ballot=89 match=false
[PAXOS-TICK] phase=WaitingForPromises elapsed=10 timeout=15 ballot=89 promises=0 accepted=0
[step=1331] DELIVER from=4 to=1 type=Promise { ballot: 34, accepted_ballot: None, accepted_value: None } queue_len=836
[PROMISE-TRACE] from=4 received_ballot=34 current_ballot=89 match=false
[PAXOS-TICK] phase=WaitingForPromises elapsed=11 timeout=15 ballot=89 promises=0 accepted=0
[step=1332] DELIVER from=5 to=1 type=Promise { ballot: 34, accepted_ballot: None, accepted_value: None } queue_len=835
[PROMISE-TRACE] from=5 received_ballot=34 current_ballot=89 match=false
[PAXOS-TICK] phase=WaitingForPromises elapsed=12 timeout=15 ballot=89 promises=0 accepted=0
[step=1333] DELIVER from=6 to=1 type=Promise { ballot: 34, accepted_ballot: None, accepted_value: None } queue_len=834
[PROMISE-TRACE] from=6 received_ballot=34 current_ballot=89 match=false
[PAXOS-TICK] phase=WaitingForPromises elapsed=13 timeout=15 ballot=89 promises=0 accepted=0
[step=1334] DELIVER from=7 to=1 type=Promise { ballot: 34, accepted_ballot: None, accepted_value: None } queue_len=833
[PROMISE-TRACE] from=7 received_ballot=34 current_ballot=89 match=false
[PAXOS-TICK] phase=WaitingForPromises elapsed=14 timeout=15 ballot=89 promises=0 accepted=0
[TIMEOUT-CAUSE] phase=WaitingForPromises ballot=89 promises=0 accepted=0 quorum=8
[step=1335] DELIVER from=8 to=1 type=Promise { ballot: 34, accepted_ballot: None, accepted_value: None } queue_len=847
[PROMISE-TRACE] from=8 received_ballot=34 current_ballot=90 match=false
[PAXOS-TICK] phase=WaitingForPromises elapsed=0 timeout=15 ballot=90 promises=0 accepted=0
[step=1336] DELIVER from=9 to=1 type=Promise { ballot: 34, accepted_ballot: None, accepted_value: None } queue_len=846
[PROMISE-TRACE] from=9 received_ballot=34 current_ballot=90 match=false
[PAXOS-TICK] phase=WaitingForPromises elapsed=1 timeout=15 ballot=90 promises=0 accepted=0
[step=1337] DELIVER from=10 to=1 type=Promise { ballot: 34, accepted_ballot: None, accepted_value: None } queue_len=845
[PROMISE-TRACE] from=10 received_ballot=34 current_ballot=90 match=false
[PAXOS-TICK] phase=WaitingForPromises elapsed=2 timeout=15 ballot=90 promises=0 accepted=0
[step=1338] DELIVER from=11 to=1 type=Promise { ballot: 34, accepted_ballot: None, accepted_value: None } queue_len=844
[PROMISE-TRACE] from=11 received_ballot=34 current_ballot=90 match=false
[PAXOS-TICK] phase=WaitingForPromises elapsed=3 timeout=15 ballot=90 promises=0 accepted=0
[step=1339] DELIVER from=12 to=1 type=Promise { ballot: 34, accepted_ballot: None, accepted_value: None } queue_len=843
[PROMISE-TRACE] from=12 received_ballot=34 current_ballot=90 match=false
[PAXOS-TICK] phase=WaitingForPromises elapsed=4 timeout=15 ballot=90 promises=0 accepted=0
[step=1340] DELIVER from=13 to=1 type=Promise { ballot: 34, accepted_ballot: None, accepted_value: None } queue_len=842
[PROMISE-TRACE] from=13 received_ballot=34 current_ballot=90 match=false
[PAXOS-TICK] phase=WaitingForPromises elapsed=5 timeout=15 ballot=90 promises=0 accepted=0
[step=1341] DELIVER from=14 to=1 type=Promise { ballot: 34, accepted_ballot: None, accepted_value: None } queue_len=841
[PROMISE-TRACE] from=14 received_ballot=34 current_ballot=90 match=false
[PAXOS-TICK] phase=WaitingForPromises elapsed=6 timeout=15 ballot=90 promises=0 accepted=0
[step=1342] DELIVER from=15 to=1 type=Promise { ballot: 34, accepted_ballot: None, accepted_value: None } queue_len=840
[PROMISE-TRACE] from=15 received_ballot=34 current_ballot=90 match=false
[PAXOS-TICK] phase=WaitingForPromises elapsed=7 timeout=15 ballot=90 promises=0 accepted=0
[step=1343] DELIVER from=1 to=1 type=Prepare { ballot: 56 } queue_len=839
[PAXOS-TICK] phase=WaitingForPromises elapsed=8 timeout=15 ballot=90 promises=0 accepted=0
[step=1344] DELIVER from=1 to=2 type=Prepare { ballot: 56 } queue_len=839
[PAXOS-TICK] phase=WaitingForPromises elapsed=9 timeout=15 ballot=90 promises=0 accepted=0
[step=1345] DELIVER from=1 to=3 type=Prepare { ballot: 56 } queue_len=839
[PAXOS-TICK] phase=WaitingForPromises elapsed=10 timeout=15 ballot=90 promises=0 accepted=0
[step=1346] DELIVER from=1 to=4 type=Prepare { ballot: 56 } queue_len=839
[PAXOS-TICK] phase=WaitingForPromises elapsed=11 timeout=15 ballot=90 promises=0 accepted=0
[step=1347] DELIVER from=1 to=5 type=Prepare { ballot: 56 } queue_len=839
[PAXOS-TICK] phase=WaitingForPromises elapsed=12 timeout=15 ballot=90 promises=0 accepted=0
[step=1348] DELIVER from=1 to=6 type=Prepare { ballot: 56 } queue_len=839
[PAXOS-TICK] phase=WaitingForPromises elapsed=13 timeout=15 ballot=90 promises=0 accepted=0
[step=1349] DELIVER from=1 to=7 type=Prepare { ballot: 56 } queue_len=839
[PAXOS-TICK] phase=WaitingForPromises elapsed=14 timeout=15 ballot=90 promises=0 accepted=0
[TIMEOUT-CAUSE] phase=WaitingForPromises ballot=90 promises=0 accepted=0 quorum=8
[step=1350] DELIVER from=1 to=8 type=Prepare { ballot: 56 } queue_len=854
[PAXOS-TICK] phase=WaitingForPromises elapsed=0 timeout=15 ballot=91 promises=0 accepted=0
[step=1351] DELIVER from=1 to=9 type=Prepare { ballot: 56 } queue_len=854
[PAXOS-TICK] phase=WaitingForPromises elapsed=1 timeout=15 ballot=91 promises=0 accepted=0
[step=1352] DELIVER from=1 to=10 type=Prepare { ballot: 56 } queue_len=854
[PAXOS-TICK] phase=WaitingForPromises elapsed=2 timeout=15 ballot=91 promises=0 accepted=0
[step=1353] DELIVER from=1 to=11 type=Prepare { ballot: 56 } queue_len=854
[PAXOS-TICK] phase=WaitingForPromises elapsed=3 timeout=15 ballot=91 promises=0 accepted=0
[step=1354] DELIVER from=1 to=12 type=Prepare { ballot: 56 } queue_len=854
[PAXOS-TICK] phase=WaitingForPromises elapsed=4 timeout=15 ballot=91 promises=0 accepted=0
[step=1355] DELIVER from=1 to=13 type=Prepare { ballot: 56 } queue_len=854
[PAXOS-TICK] phase=WaitingForPromises elapsed=5 timeout=15 ballot=91 promises=0 accepted=0
[step=1356] DELIVER from=1 to=14 type=Prepare { ballot: 56 } queue_len=854
[PAXOS-TICK] phase=WaitingForPromises elapsed=6 timeout=15 ballot=91 promises=0 accepted=0
[step=1357] DELIVER from=1 to=15 type=Prepare { ballot: 56 } queue_len=854
[PAXOS-TICK] phase=WaitingForPromises elapsed=7 timeout=15 ballot=91 promises=0 accepted=0
[step=1358] DELIVER from=1 to=1 type=Promise { ballot: 35, accepted_ballot: None, accepted_value: None } queue_len=854
[PROMISE-TRACE] from=1 received_ballot=35 current_ballot=91 match=false
[PAXOS-TICK] phase=WaitingForPromises elapsed=8 timeout=15 ballot=91 promises=0 accepted=0
[step=1359] DELIVER from=2 to=1 type=Promise { ballot: 35, accepted_ballot: None, accepted_value: None } queue_len=853
[PROMISE-TRACE] from=2 received_ballot=35 current_ballot=91 match=false
[PAXOS-TICK] phase=WaitingForPromises elapsed=9 timeout=15 ballot=91 promises=0 accepted=0
[step=1360] DELIVER from=3 to=1 type=Promise { ballot: 35, accepted_ballot: None, accepted_value: None } queue_len=852
[PROMISE-TRACE] from=3 received_ballot=35 current_ballot=91 match=false
[PAXOS-TICK] phase=WaitingForPromises elapsed=10 timeout=15 ballot=91 promises=0 accepted=0
[step=1361] DELIVER from=4 to=1 type=Promise { ballot: 35, accepted_ballot: None, accepted_value: None } queue_len=851
[PROMISE-TRACE] from=4 received_ballot=35 current_ballot=91 match=false
[PAXOS-TICK] phase=WaitingForPromises elapsed=11 timeout=15 ballot=91 promises=0 accepted=0
[step=1362] DELIVER from=5 to=1 type=Promise { ballot: 35, accepted_ballot: None, accepted_value: None } queue_len=850
[PROMISE-TRACE] from=5 received_ballot=35 current_ballot=91 match=false
[PAXOS-TICK] phase=WaitingForPromises elapsed=12 timeout=15 ballot=91 promises=0 accepted=0
[step=1363] DELIVER from=6 to=1 type=Promise { ballot: 35, accepted_ballot: None, accepted_value: None } queue_len=849
[PROMISE-TRACE] from=6 received_ballot=35 current_ballot=91 match=false
[PAXOS-TICK] phase=WaitingForPromises elapsed=13 timeout=15 ballot=91 promises=0 accepted=0
[step=1364] DELIVER from=7 to=1 type=Promise { ballot: 35, accepted_ballot: None, accepted_value: None } queue_len=848
[PROMISE-TRACE] from=7 received_ballot=35 current_ballot=91 match=false
[PAXOS-TICK] phase=WaitingForPromises elapsed=14 timeout=15 ballot=91 promises=0 accepted=0
[TIMEOUT-CAUSE] phase=WaitingForPromises ballot=91 promises=0 accepted=0 quorum=8
[step=1365] DELIVER from=1 to=1 type=Prepare { ballot: 57 } queue_len=862
[PAXOS-TICK] phase=WaitingForPromises elapsed=0 timeout=15 ballot=92 promises=0 accepted=0
[step=1366] DELIVER from=1 to=2 type=Prepare { ballot: 57 } queue_len=862
[PAXOS-TICK] phase=WaitingForPromises elapsed=1 timeout=15 ballot=92 promises=0 accepted=0
[step=1367] DELIVER from=1 to=3 type=Prepare { ballot: 57 } queue_len=862
[PAXOS-TICK] phase=WaitingForPromises elapsed=2 timeout=15 ballot=92 promises=0 accepted=0
[step=1368] DELIVER from=1 to=4 type=Prepare { ballot: 57 } queue_len=862
[PAXOS-TICK] phase=WaitingForPromises elapsed=3 timeout=15 ballot=92 promises=0 accepted=0
[step=1369] DELIVER from=1 to=5 type=Prepare { ballot: 57 } queue_len=862
[PAXOS-TICK] phase=WaitingForPromises elapsed=4 timeout=15 ballot=92 promises=0 accepted=0
[step=1370] DELIVER from=1 to=6 type=Prepare { ballot: 57 } queue_len=862
[PAXOS-TICK] phase=WaitingForPromises elapsed=5 timeout=15 ballot=92 promises=0 accepted=0
[step=1371] DELIVER from=1 to=7 type=Prepare { ballot: 57 } queue_len=862
[PAXOS-TICK] phase=WaitingForPromises elapsed=6 timeout=15 ballot=92 promises=0 accepted=0
[step=1372] DELIVER from=1 to=8 type=Prepare { ballot: 57 } queue_len=862
[PAXOS-TICK] phase=WaitingForPromises elapsed=7 timeout=15 ballot=92 promises=0 accepted=0
[step=1373] DELIVER from=1 to=9 type=Prepare { ballot: 57 } queue_len=862
[PAXOS-TICK] phase=WaitingForPromises elapsed=8 timeout=15 ballot=92 promises=0 accepted=0
[step=1374] DELIVER from=1 to=10 type=Prepare { ballot: 57 } queue_len=862
[PAXOS-TICK] phase=WaitingForPromises elapsed=9 timeout=15 ballot=92 promises=0 accepted=0
[step=1375] DELIVER from=1 to=11 type=Prepare { ballot: 57 } queue_len=862
[PAXOS-TICK] phase=WaitingForPromises elapsed=10 timeout=15 ballot=92 promises=0 accepted=0
[step=1376] DELIVER from=1 to=12 type=Prepare { ballot: 57 } queue_len=862
[PAXOS-TICK] phase=WaitingForPromises elapsed=11 timeout=15 ballot=92 promises=0 accepted=0
[step=1377] DELIVER from=1 to=13 type=Prepare { ballot: 57 } queue_len=862
[PAXOS-TICK] phase=WaitingForPromises elapsed=12 timeout=15 ballot=92 promises=0 accepted=0
[step=1378] DELIVER from=1 to=14 type=Prepare { ballot: 57 } queue_len=862
[PAXOS-TICK] phase=WaitingForPromises elapsed=13 timeout=15 ballot=92 promises=0 accepted=0
[step=1379] DELIVER from=1 to=15 type=Prepare { ballot: 57 } queue_len=862
[PAXOS-TICK] phase=WaitingForPromises elapsed=14 timeout=15 ballot=92 promises=0 accepted=0
[TIMEOUT-CAUSE] phase=WaitingForPromises ballot=92 promises=0 accepted=0 quorum=8
[step=1380] DELIVER from=8 to=1 type=Promise { ballot: 35, accepted_ballot: None, accepted_value: None } queue_len=877
[PROMISE-TRACE] from=8 received_ballot=35 current_ballot=93 match=false
[PAXOS-TICK] phase=WaitingForPromises elapsed=0 timeout=15 ballot=93 promises=0 accepted=0
[step=1381] DELIVER from=9 to=1 type=Promise { ballot: 35, accepted_ballot: None, accepted_value: None } queue_len=876
[PROMISE-TRACE] from=9 received_ballot=35 current_ballot=93 match=false
[PAXOS-TICK] phase=WaitingForPromises elapsed=1 timeout=15 ballot=93 promises=0 accepted=0
[step=1382] DELIVER from=10 to=1 type=Promise { ballot: 35, accepted_ballot: None, accepted_value: None } queue_len=875
[PROMISE-TRACE] from=10 received_ballot=35 current_ballot=93 match=false
[PAXOS-TICK] phase=WaitingForPromises elapsed=2 timeout=15 ballot=93 promises=0 accepted=0
[step=1383] DELIVER from=11 to=1 type=Promise { ballot: 35, accepted_ballot: None, accepted_value: None } queue_len=874
[PROMISE-TRACE] from=11 received_ballot=35 current_ballot=93 match=false
[PAXOS-TICK] phase=WaitingForPromises elapsed=3 timeout=15 ballot=93 promises=0 accepted=0
[step=1384] DELIVER from=12 to=1 type=Promise { ballot: 35, accepted_ballot: None, accepted_value: None } queue_len=873
[PROMISE-TRACE] from=12 received_ballot=35 current_ballot=93 match=false
[PAXOS-TICK] phase=WaitingForPromises elapsed=4 timeout=15 ballot=93 promises=0 accepted=0
[step=1385] DELIVER from=13 to=1 type=Promise { ballot: 35, accepted_ballot: None, accepted_value: None } queue_len=872
[PROMISE-TRACE] from=13 received_ballot=35 current_ballot=93 match=false
[PAXOS-TICK] phase=WaitingForPromises elapsed=5 timeout=15 ballot=93 promises=0 accepted=0
[step=1386] DELIVER from=14 to=1 type=Promise { ballot: 35, accepted_ballot: None, accepted_value: None } queue_len=871
[PROMISE-TRACE] from=14 received_ballot=35 current_ballot=93 match=false
[PAXOS-TICK] phase=WaitingForPromises elapsed=6 timeout=15 ballot=93 promises=0 accepted=0
[step=1387] DELIVER from=15 to=1 type=Promise { ballot: 35, accepted_ballot: None, accepted_value: None } queue_len=870
[PROMISE-TRACE] from=15 received_ballot=35 current_ballot=93 match=false
[PAXOS-TICK] phase=WaitingForPromises elapsed=7 timeout=15 ballot=93 promises=0 accepted=0
[step=1388] DELIVER from=1 to=1 type=Prepare { ballot: 58 } queue_len=869
[PAXOS-TICK] phase=WaitingForPromises elapsed=8 timeout=15 ballot=93 promises=0 accepted=0
[step=1389] DELIVER from=1 to=2 type=Prepare { ballot: 58 } queue_len=869
[PAXOS-TICK] phase=WaitingForPromises elapsed=9 timeout=15 ballot=93 promises=0 accepted=0
[step=1390] DELIVER from=1 to=3 type=Prepare { ballot: 58 } queue_len=869
[PAXOS-TICK] phase=WaitingForPromises elapsed=10 timeout=15 ballot=93 promises=0 accepted=0
[step=1391] DELIVER from=1 to=4 type=Prepare { ballot: 58 } queue_len=869
[PAXOS-TICK] phase=WaitingForPromises elapsed=11 timeout=15 ballot=93 promises=0 accepted=0
[step=1392] DELIVER from=1 to=5 type=Prepare { ballot: 58 } queue_len=869
[PAXOS-TICK] phase=WaitingForPromises elapsed=12 timeout=15 ballot=93 promises=0 accepted=0
[step=1393] DELIVER from=1 to=6 type=Prepare { ballot: 58 } queue_len=869
[PAXOS-TICK] phase=WaitingForPromises elapsed=13 timeout=15 ballot=93 promises=0 accepted=0
[step=1394] DELIVER from=1 to=7 type=Prepare { ballot: 58 } queue_len=869
[PAXOS-TICK] phase=WaitingForPromises elapsed=14 timeout=15 ballot=93 promises=0 accepted=0
[TIMEOUT-CAUSE] phase=WaitingForPromises ballot=93 promises=0 accepted=0 quorum=8
[step=1395] DELIVER from=1 to=8 type=Prepare { ballot: 58 } queue_len=884
[PAXOS-TICK] phase=WaitingForPromises elapsed=0 timeout=15 ballot=94 promises=0 accepted=0
[step=1396] DELIVER from=1 to=9 type=Prepare { ballot: 58 } queue_len=884
[PAXOS-TICK] phase=WaitingForPromises elapsed=1 timeout=15 ballot=94 promises=0 accepted=0
[step=1397] DELIVER from=1 to=10 type=Prepare { ballot: 58 } queue_len=884
[PAXOS-TICK] phase=WaitingForPromises elapsed=2 timeout=15 ballot=94 promises=0 accepted=0
[step=1398] DELIVER from=1 to=11 type=Prepare { ballot: 58 } queue_len=884
[PAXOS-TICK] phase=WaitingForPromises elapsed=3 timeout=15 ballot=94 promises=0 accepted=0
[step=1399] DELIVER from=1 to=12 type=Prepare { ballot: 58 } queue_len=884
[PAXOS-TICK] phase=WaitingForPromises elapsed=4 timeout=15 ballot=94 promises=0 accepted=0
[step=1400] DELIVER from=1 to=13 type=Prepare { ballot: 58 } queue_len=884
[PAXOS-TICK] phase=WaitingForPromises elapsed=5 timeout=15 ballot=94 promises=0 accepted=0
[step=1401] DELIVER from=1 to=14 type=Prepare { ballot: 58 } queue_len=884
[PAXOS-TICK] phase=WaitingForPromises elapsed=6 timeout=15 ballot=94 promises=0 accepted=0
[step=1402] DELIVER from=1 to=15 type=Prepare { ballot: 58 } queue_len=884
[PAXOS-TICK] phase=WaitingForPromises elapsed=7 timeout=15 ballot=94 promises=0 accepted=0
[step=1403] DELIVER from=1 to=1 type=Promise { ballot: 36, accepted_ballot: None, accepted_value: None } queue_len=884
[PROMISE-TRACE] from=1 received_ballot=36 current_ballot=94 match=false
[PAXOS-TICK] phase=WaitingForPromises elapsed=8 timeout=15 ballot=94 promises=0 accepted=0
[step=1404] DELIVER from=2 to=1 type=Promise { ballot: 36, accepted_ballot: None, accepted_value: None } queue_len=883
[PROMISE-TRACE] from=2 received_ballot=36 current_ballot=94 match=false
[PAXOS-TICK] phase=WaitingForPromises elapsed=9 timeout=15 ballot=94 promises=0 accepted=0
[step=1405] DELIVER from=3 to=1 type=Promise { ballot: 36, accepted_ballot: None, accepted_value: None } queue_len=882
[PROMISE-TRACE] from=3 received_ballot=36 current_ballot=94 match=false
[PAXOS-TICK] phase=WaitingForPromises elapsed=10 timeout=15 ballot=94 promises=0 accepted=0
[step=1406] DELIVER from=4 to=1 type=Promise { ballot: 36, accepted_ballot: None, accepted_value: None } queue_len=881
[PROMISE-TRACE] from=4 received_ballot=36 current_ballot=94 match=false
[PAXOS-TICK] phase=WaitingForPromises elapsed=11 timeout=15 ballot=94 promises=0 accepted=0
[step=1407] DELIVER from=5 to=1 type=Promise { ballot: 36, accepted_ballot: None, accepted_value: None } queue_len=880
[PROMISE-TRACE] from=5 received_ballot=36 current_ballot=94 match=false
[PAXOS-TICK] phase=WaitingForPromises elapsed=12 timeout=15 ballot=94 promises=0 accepted=0
[step=1408] DELIVER from=6 to=1 type=Promise { ballot: 36, accepted_ballot: None, accepted_value: None } queue_len=879
[PROMISE-TRACE] from=6 received_ballot=36 current_ballot=94 match=false
[PAXOS-TICK] phase=WaitingForPromises elapsed=13 timeout=15 ballot=94 promises=0 accepted=0
[step=1409] DELIVER from=7 to=1 type=Promise { ballot: 36, accepted_ballot: None, accepted_value: None } queue_len=878
[PROMISE-TRACE] from=7 received_ballot=36 current_ballot=94 match=false
[PAXOS-TICK] phase=WaitingForPromises elapsed=14 timeout=15 ballot=94 promises=0 accepted=0
[TIMEOUT-CAUSE] phase=WaitingForPromises ballot=94 promises=0 accepted=0 quorum=8
[step=1410] DELIVER from=8 to=1 type=Promise { ballot: 36, accepted_ballot: None, accepted_value: None } queue_len=892
[PROMISE-TRACE] from=8 received_ballot=36 current_ballot=95 match=false
[PAXOS-TICK] phase=WaitingForPromises elapsed=0 timeout=15 ballot=95 promises=0 accepted=0
[step=1411] DELIVER from=9 to=1 type=Promise { ballot: 36, accepted_ballot: None, accepted_value: None } queue_len=891
[PROMISE-TRACE] from=9 received_ballot=36 current_ballot=95 match=false
[PAXOS-TICK] phase=WaitingForPromises elapsed=1 timeout=15 ballot=95 promises=0 accepted=0
[step=1412] DELIVER from=10 to=1 type=Promise { ballot: 36, accepted_ballot: None, accepted_value: None } queue_len=890
[PROMISE-TRACE] from=10 received_ballot=36 current_ballot=95 match=false
[PAXOS-TICK] phase=WaitingForPromises elapsed=2 timeout=15 ballot=95 promises=0 accepted=0
[step=1413] DELIVER from=11 to=1 type=Promise { ballot: 36, accepted_ballot: None, accepted_value: None } queue_len=889
[PROMISE-TRACE] from=11 received_ballot=36 current_ballot=95 match=false
[PAXOS-TICK] phase=WaitingForPromises elapsed=3 timeout=15 ballot=95 promises=0 accepted=0
[step=1414] DELIVER from=12 to=1 type=Promise { ballot: 36, accepted_ballot: None, accepted_value: None } queue_len=888
[PROMISE-TRACE] from=12 received_ballot=36 current_ballot=95 match=false
[PAXOS-TICK] phase=WaitingForPromises elapsed=4 timeout=15 ballot=95 promises=0 accepted=0
[step=1415] DELIVER from=13 to=1 type=Promise { ballot: 36, accepted_ballot: None, accepted_value: None } queue_len=887
[PROMISE-TRACE] from=13 received_ballot=36 current_ballot=95 match=false
[PAXOS-TICK] phase=WaitingForPromises elapsed=5 timeout=15 ballot=95 promises=0 accepted=0
[step=1416] DELIVER from=14 to=1 type=Promise { ballot: 36, accepted_ballot: None, accepted_value: None } queue_len=886
[PROMISE-TRACE] from=14 received_ballot=36 current_ballot=95 match=false
[PAXOS-TICK] phase=WaitingForPromises elapsed=6 timeout=15 ballot=95 promises=0 accepted=0
[step=1417] DELIVER from=15 to=1 type=Promise { ballot: 36, accepted_ballot: None, accepted_value: None } queue_len=885
[PROMISE-TRACE] from=15 received_ballot=36 current_ballot=95 match=false
[PAXOS-TICK] phase=WaitingForPromises elapsed=7 timeout=15 ballot=95 promises=0 accepted=0
[step=1418] DELIVER from=1 to=1 type=Prepare { ballot: 59 } queue_len=884
[PAXOS-TICK] phase=WaitingForPromises elapsed=8 timeout=15 ballot=95 promises=0 accepted=0
[step=1419] DELIVER from=1 to=2 type=Prepare { ballot: 59 } queue_len=884
[PAXOS-TICK] phase=WaitingForPromises elapsed=9 timeout=15 ballot=95 promises=0 accepted=0
[step=1420] DELIVER from=1 to=3 type=Prepare { ballot: 59 } queue_len=884
[PAXOS-TICK] phase=WaitingForPromises elapsed=10 timeout=15 ballot=95 promises=0 accepted=0
[step=1421] DELIVER from=1 to=4 type=Prepare { ballot: 59 } queue_len=884
[PAXOS-TICK] phase=WaitingForPromises elapsed=11 timeout=15 ballot=95 promises=0 accepted=0
[step=1422] DELIVER from=1 to=5 type=Prepare { ballot: 59 } queue_len=884
[PAXOS-TICK] phase=WaitingForPromises elapsed=12 timeout=15 ballot=95 promises=0 accepted=0
[step=1423] DELIVER from=1 to=6 type=Prepare { ballot: 59 } queue_len=884
[PAXOS-TICK] phase=WaitingForPromises elapsed=13 timeout=15 ballot=95 promises=0 accepted=0
[step=1424] DELIVER from=1 to=7 type=Prepare { ballot: 59 } queue_len=884
[PAXOS-TICK] phase=WaitingForPromises elapsed=14 timeout=15 ballot=95 promises=0 accepted=0
[TIMEOUT-CAUSE] phase=WaitingForPromises ballot=95 promises=0 accepted=0 quorum=8
[step=1425] DELIVER from=1 to=8 type=Prepare { ballot: 59 } queue_len=899
[PAXOS-TICK] phase=WaitingForPromises elapsed=0 timeout=15 ballot=96 promises=0 accepted=0
[step=1426] DELIVER from=1 to=9 type=Prepare { ballot: 59 } queue_len=899
[PAXOS-TICK] phase=WaitingForPromises elapsed=1 timeout=15 ballot=96 promises=0 accepted=0
[step=1427] DELIVER from=1 to=10 type=Prepare { ballot: 59 } queue_len=899
[PAXOS-TICK] phase=WaitingForPromises elapsed=2 timeout=15 ballot=96 promises=0 accepted=0
[step=1428] DELIVER from=1 to=11 type=Prepare { ballot: 59 } queue_len=899
[PAXOS-TICK] phase=WaitingForPromises elapsed=3 timeout=15 ballot=96 promises=0 accepted=0
[step=1429] DELIVER from=1 to=12 type=Prepare { ballot: 59 } queue_len=899
[PAXOS-TICK] phase=WaitingForPromises elapsed=4 timeout=15 ballot=96 promises=0 accepted=0
[step=1430] DELIVER from=1 to=13 type=Prepare { ballot: 59 } queue_len=899
[PAXOS-TICK] phase=WaitingForPromises elapsed=5 timeout=15 ballot=96 promises=0 accepted=0
[step=1431] DELIVER from=1 to=14 type=Prepare { ballot: 59 } queue_len=899
[PAXOS-TICK] phase=WaitingForPromises elapsed=6 timeout=15 ballot=96 promises=0 accepted=0
[step=1432] DELIVER from=1 to=15 type=Prepare { ballot: 59 } queue_len=899
[PAXOS-TICK] phase=WaitingForPromises elapsed=7 timeout=15 ballot=96 promises=0 accepted=0
[step=1433] DELIVER from=1 to=1 type=Promise { ballot: 37, accepted_ballot: None, accepted_value: None } queue_len=899
[PROMISE-TRACE] from=1 received_ballot=37 current_ballot=96 match=false
[PAXOS-TICK] phase=WaitingForPromises elapsed=8 timeout=15 ballot=96 promises=0 accepted=0
[step=1434] DELIVER from=2 to=1 type=Promise { ballot: 37, accepted_ballot: None, accepted_value: None } queue_len=898
[PROMISE-TRACE] from=2 received_ballot=37 current_ballot=96 match=false
[PAXOS-TICK] phase=WaitingForPromises elapsed=9 timeout=15 ballot=96 promises=0 accepted=0
[step=1435] DELIVER from=3 to=1 type=Promise { ballot: 37, accepted_ballot: None, accepted_value: None } queue_len=897
[PROMISE-TRACE] from=3 received_ballot=37 current_ballot=96 match=false
[PAXOS-TICK] phase=WaitingForPromises elapsed=10 timeout=15 ballot=96 promises=0 accepted=0
[step=1436] DELIVER from=4 to=1 type=Promise { ballot: 37, accepted_ballot: None, accepted_value: None } queue_len=896
[PROMISE-TRACE] from=4 received_ballot=37 current_ballot=96 match=false
[PAXOS-TICK] phase=WaitingForPromises elapsed=11 timeout=15 ballot=96 promises=0 accepted=0
[step=1437] DELIVER from=5 to=1 type=Promise { ballot: 37, accepted_ballot: None, accepted_value: None } queue_len=895
[PROMISE-TRACE] from=5 received_ballot=37 current_ballot=96 match=false
[PAXOS-TICK] phase=WaitingForPromises elapsed=12 timeout=15 ballot=96 promises=0 accepted=0
[step=1438] DELIVER from=6 to=1 type=Promise { ballot: 37, accepted_ballot: None, accepted_value: None } queue_len=894
[PROMISE-TRACE] from=6 received_ballot=37 current_ballot=96 match=false
[PAXOS-TICK] phase=WaitingForPromises elapsed=13 timeout=15 ballot=96 promises=0 accepted=0
[step=1439] DELIVER from=7 to=1 type=Promise { ballot: 37, accepted_ballot: None, accepted_value: None } queue_len=893
[PROMISE-TRACE] from=7 received_ballot=37 current_ballot=96 match=false
[PAXOS-TICK] phase=WaitingForPromises elapsed=14 timeout=15 ballot=96 promises=0 accepted=0
[TIMEOUT-CAUSE] phase=WaitingForPromises ballot=96 promises=0 accepted=0 quorum=8
[step=1440] DELIVER from=1 to=1 type=Prepare { ballot: 60 } queue_len=907
[PAXOS-TICK] phase=WaitingForPromises elapsed=0 timeout=15 ballot=97 promises=0 accepted=0
[step=1441] DELIVER from=1 to=2 type=Prepare { ballot: 60 } queue_len=907
[PAXOS-TICK] phase=WaitingForPromises elapsed=1 timeout=15 ballot=97 promises=0 accepted=0
[step=1442] DELIVER from=1 to=3 type=Prepare { ballot: 60 } queue_len=907
[PAXOS-TICK] phase=WaitingForPromises elapsed=2 timeout=15 ballot=97 promises=0 accepted=0
[step=1443] DELIVER from=1 to=4 type=Prepare { ballot: 60 } queue_len=907
[PAXOS-TICK] phase=WaitingForPromises elapsed=3 timeout=15 ballot=97 promises=0 accepted=0
[step=1444] DELIVER from=1 to=5 type=Prepare { ballot: 60 } queue_len=907
[PAXOS-TICK] phase=WaitingForPromises elapsed=4 timeout=15 ballot=97 promises=0 accepted=0
[step=1445] DELIVER from=1 to=6 type=Prepare { ballot: 60 } queue_len=907
[PAXOS-TICK] phase=WaitingForPromises elapsed=5 timeout=15 ballot=97 promises=0 accepted=0
[step=1446] DELIVER from=1 to=7 type=Prepare { ballot: 60 } queue_len=907
[PAXOS-TICK] phase=WaitingForPromises elapsed=6 timeout=15 ballot=97 promises=0 accepted=0
[step=1447] DELIVER from=1 to=8 type=Prepare { ballot: 60 } queue_len=907
[PAXOS-TICK] phase=WaitingForPromises elapsed=7 timeout=15 ballot=97 promises=0 accepted=0
[step=1448] DELIVER from=1 to=9 type=Prepare { ballot: 60 } queue_len=907
[PAXOS-TICK] phase=WaitingForPromises elapsed=8 timeout=15 ballot=97 promises=0 accepted=0
[step=1449] DELIVER from=1 to=10 type=Prepare { ballot: 60 } queue_len=907
[PAXOS-TICK] phase=WaitingForPromises elapsed=9 timeout=15 ballot=97 promises=0 accepted=0
[step=1450] DELIVER from=1 to=11 type=Prepare { ballot: 60 } queue_len=907
[PAXOS-TICK] phase=WaitingForPromises elapsed=10 timeout=15 ballot=97 promises=0 accepted=0
[step=1451] DELIVER from=1 to=12 type=Prepare { ballot: 60 } queue_len=907
[PAXOS-TICK] phase=WaitingForPromises elapsed=11 timeout=15 ballot=97 promises=0 accepted=0
[step=1452] DELIVER from=1 to=13 type=Prepare { ballot: 60 } queue_len=907
[PAXOS-TICK] phase=WaitingForPromises elapsed=12 timeout=15 ballot=97 promises=0 accepted=0
[step=1453] DELIVER from=1 to=14 type=Prepare { ballot: 60 } queue_len=907
[PAXOS-TICK] phase=WaitingForPromises elapsed=13 timeout=15 ballot=97 promises=0 accepted=0
[step=1454] DELIVER from=1 to=15 type=Prepare { ballot: 60 } queue_len=907
[PAXOS-TICK] phase=WaitingForPromises elapsed=14 timeout=15 ballot=97 promises=0 accepted=0
[TIMEOUT-CAUSE] phase=WaitingForPromises ballot=97 promises=0 accepted=0 quorum=8
[step=1455] DELIVER from=8 to=1 type=Promise { ballot: 37, accepted_ballot: None, accepted_value: None } queue_len=922
[PROMISE-TRACE] from=8 received_ballot=37 current_ballot=98 match=false
[PAXOS-TICK] phase=WaitingForPromises elapsed=0 timeout=15 ballot=98 promises=0 accepted=0
[step=1456] DELIVER from=9 to=1 type=Promise { ballot: 37, accepted_ballot: None, accepted_value: None } queue_len=921
[PROMISE-TRACE] from=9 received_ballot=37 current_ballot=98 match=false
[PAXOS-TICK] phase=WaitingForPromises elapsed=1 timeout=15 ballot=98 promises=0 accepted=0
[step=1457] DELIVER from=10 to=1 type=Promise { ballot: 37, accepted_ballot: None, accepted_value: None } queue_len=920
[PROMISE-TRACE] from=10 received_ballot=37 current_ballot=98 match=false
[PAXOS-TICK] phase=WaitingForPromises elapsed=2 timeout=15 ballot=98 promises=0 accepted=0
[step=1458] DELIVER from=11 to=1 type=Promise { ballot: 37, accepted_ballot: None, accepted_value: None } queue_len=919
[PROMISE-TRACE] from=11 received_ballot=37 current_ballot=98 match=false
[PAXOS-TICK] phase=WaitingForPromises elapsed=3 timeout=15 ballot=98 promises=0 accepted=0
[step=1459] DELIVER from=12 to=1 type=Promise { ballot: 37, accepted_ballot: None, accepted_value: None } queue_len=918
[PROMISE-TRACE] from=12 received_ballot=37 current_ballot=98 match=false
[PAXOS-TICK] phase=WaitingForPromises elapsed=4 timeout=15 ballot=98 promises=0 accepted=0
[step=1460] DELIVER from=13 to=1 type=Promise { ballot: 37, accepted_ballot: None, accepted_value: None } queue_len=917
[PROMISE-TRACE] from=13 received_ballot=37 current_ballot=98 match=false
[PAXOS-TICK] phase=WaitingForPromises elapsed=5 timeout=15 ballot=98 promises=0 accepted=0
[step=1461] DELIVER from=14 to=1 type=Promise { ballot: 37, accepted_ballot: None, accepted_value: None } queue_len=916
[PROMISE-TRACE] from=14 received_ballot=37 current_ballot=98 match=false
[PAXOS-TICK] phase=WaitingForPromises elapsed=6 timeout=15 ballot=98 promises=0 accepted=0
[step=1462] DELIVER from=15 to=1 type=Promise { ballot: 37, accepted_ballot: None, accepted_value: None } queue_len=915
[PROMISE-TRACE] from=15 received_ballot=37 current_ballot=98 match=false
[PAXOS-TICK] phase=WaitingForPromises elapsed=7 timeout=15 ballot=98 promises=0 accepted=0
[step=1463] DELIVER from=1 to=1 type=Prepare { ballot: 61 } queue_len=914
[PAXOS-TICK] phase=WaitingForPromises elapsed=8 timeout=15 ballot=98 promises=0 accepted=0
[step=1464] DELIVER from=1 to=2 type=Prepare { ballot: 61 } queue_len=914
[PAXOS-TICK] phase=WaitingForPromises elapsed=9 timeout=15 ballot=98 promises=0 accepted=0
[step=1465] DELIVER from=1 to=3 type=Prepare { ballot: 61 } queue_len=914
[PAXOS-TICK] phase=WaitingForPromises elapsed=10 timeout=15 ballot=98 promises=0 accepted=0
[step=1466] DELIVER from=1 to=4 type=Prepare { ballot: 61 } queue_len=914
[PAXOS-TICK] phase=WaitingForPromises elapsed=11 timeout=15 ballot=98 promises=0 accepted=0
[step=1467] DELIVER from=1 to=5 type=Prepare { ballot: 61 } queue_len=914
[PAXOS-TICK] phase=WaitingForPromises elapsed=12 timeout=15 ballot=98 promises=0 accepted=0
[step=1468] DELIVER from=1 to=6 type=Prepare { ballot: 61 } queue_len=914
[PAXOS-TICK] phase=WaitingForPromises elapsed=13 timeout=15 ballot=98 promises=0 accepted=0
[step=1469] DELIVER from=1 to=7 type=Prepare { ballot: 61 } queue_len=914
[PAXOS-TICK] phase=WaitingForPromises elapsed=14 timeout=15 ballot=98 promises=0 accepted=0
[TIMEOUT-CAUSE] phase=WaitingForPromises ballot=98 promises=0 accepted=0 quorum=8
[step=1470] DELIVER from=1 to=8 type=Prepare { ballot: 61 } queue_len=929
[PAXOS-TICK] phase=WaitingForPromises elapsed=0 timeout=15 ballot=99 promises=0 accepted=0
[step=1471] DELIVER from=1 to=9 type=Prepare { ballot: 61 } queue_len=929
[PAXOS-TICK] phase=WaitingForPromises elapsed=1 timeout=15 ballot=99 promises=0 accepted=0
[step=1472] DELIVER from=1 to=10 type=Prepare { ballot: 61 } queue_len=929
[PAXOS-TICK] phase=WaitingForPromises elapsed=2 timeout=15 ballot=99 promises=0 accepted=0
[step=1473] DELIVER from=1 to=11 type=Prepare { ballot: 61 } queue_len=929
[PAXOS-TICK] phase=WaitingForPromises elapsed=3 timeout=15 ballot=99 promises=0 accepted=0
[step=1474] DELIVER from=1 to=12 type=Prepare { ballot: 61 } queue_len=929
[PAXOS-TICK] phase=WaitingForPromises elapsed=4 timeout=15 ballot=99 promises=0 accepted=0
[step=1475] DELIVER from=1 to=13 type=Prepare { ballot: 61 } queue_len=929
[PAXOS-TICK] phase=WaitingForPromises elapsed=5 timeout=15 ballot=99 promises=0 accepted=0
[step=1476] DELIVER from=1 to=14 type=Prepare { ballot: 61 } queue_len=929
[PAXOS-TICK] phase=WaitingForPromises elapsed=6 timeout=15 ballot=99 promises=0 accepted=0
[step=1477] DELIVER from=1 to=15 type=Prepare { ballot: 61 } queue_len=929
[PAXOS-TICK] phase=WaitingForPromises elapsed=7 timeout=15 ballot=99 promises=0 accepted=0
[step=1478] DELIVER from=1 to=1 type=Promise { ballot: 38, accepted_ballot: None, accepted_value: None } queue_len=929
[PROMISE-TRACE] from=1 received_ballot=38 current_ballot=99 match=false
[PAXOS-TICK] phase=WaitingForPromises elapsed=8 timeout=15 ballot=99 promises=0 accepted=0
[step=1479] DELIVER from=2 to=1 type=Promise { ballot: 38, accepted_ballot: None, accepted_value: None } queue_len=928
[PROMISE-TRACE] from=2 received_ballot=38 current_ballot=99 match=false
[PAXOS-TICK] phase=WaitingForPromises elapsed=9 timeout=15 ballot=99 promises=0 accepted=0
[step=1480] DELIVER from=3 to=1 type=Promise { ballot: 38, accepted_ballot: None, accepted_value: None } queue_len=927
[PROMISE-TRACE] from=3 received_ballot=38 current_ballot=99 match=false
[PAXOS-TICK] phase=WaitingForPromises elapsed=10 timeout=15 ballot=99 promises=0 accepted=0
[step=1481] DELIVER from=4 to=1 type=Promise { ballot: 38, accepted_ballot: None, accepted_value: None } queue_len=926
[PROMISE-TRACE] from=4 received_ballot=38 current_ballot=99 match=false
[PAXOS-TICK] phase=WaitingForPromises elapsed=11 timeout=15 ballot=99 promises=0 accepted=0
[step=1482] DELIVER from=5 to=1 type=Promise { ballot: 38, accepted_ballot: None, accepted_value: None } queue_len=925
[PROMISE-TRACE] from=5 received_ballot=38 current_ballot=99 match=false
[PAXOS-TICK] phase=WaitingForPromises elapsed=12 timeout=15 ballot=99 promises=0 accepted=0
[step=1483] DELIVER from=6 to=1 type=Promise { ballot: 38, accepted_ballot: None, accepted_value: None } queue_len=924
[PROMISE-TRACE] from=6 received_ballot=38 current_ballot=99 match=false
[PAXOS-TICK] phase=WaitingForPromises elapsed=13 timeout=15 ballot=99 promises=0 accepted=0
[step=1484] DELIVER from=7 to=1 type=Promise { ballot: 38, accepted_ballot: None, accepted_value: None } queue_len=923
[PROMISE-TRACE] from=7 received_ballot=38 current_ballot=99 match=false
[PAXOS-TICK] phase=WaitingForPromises elapsed=14 timeout=15 ballot=99 promises=0 accepted=0
[TIMEOUT-CAUSE] phase=WaitingForPromises ballot=99 promises=0 accepted=0 quorum=8
[step=1485] DELIVER from=1 to=1 type=Prepare { ballot: 62 } queue_len=937
[PAXOS-TICK] phase=WaitingForPromises elapsed=0 timeout=15 ballot=100 promises=0 accepted=0
[step=1486] DELIVER from=1 to=2 type=Prepare { ballot: 62 } queue_len=937
[PAXOS-TICK] phase=WaitingForPromises elapsed=1 timeout=15 ballot=100 promises=0 accepted=0
[step=1487] DELIVER from=1 to=3 type=Prepare { ballot: 62 } queue_len=937
[PAXOS-TICK] phase=WaitingForPromises elapsed=2 timeout=15 ballot=100 promises=0 accepted=0
[step=1488] DELIVER from=1 to=4 type=Prepare { ballot: 62 } queue_len=937
[PAXOS-TICK] phase=WaitingForPromises elapsed=3 timeout=15 ballot=100 promises=0 accepted=0
[step=1489] DELIVER from=1 to=5 type=Prepare { ballot: 62 } queue_len=937
[PAXOS-TICK] phase=WaitingForPromises elapsed=4 timeout=15 ballot=100 promises=0 accepted=0
[step=1490] DELIVER from=1 to=6 type=Prepare { ballot: 62 } queue_len=937
[PAXOS-TICK] phase=WaitingForPromises elapsed=5 timeout=15 ballot=100 promises=0 accepted=0
[step=1491] DELIVER from=1 to=7 type=Prepare { ballot: 62 } queue_len=937
[PAXOS-TICK] phase=WaitingForPromises elapsed=6 timeout=15 ballot=100 promises=0 accepted=0
[step=1492] DELIVER from=1 to=8 type=Prepare { ballot: 62 } queue_len=937
[PAXOS-TICK] phase=WaitingForPromises elapsed=7 timeout=15 ballot=100 promises=0 accepted=0
[step=1493] DELIVER from=1 to=9 type=Prepare { ballot: 62 } queue_len=937
[PAXOS-TICK] phase=WaitingForPromises elapsed=8 timeout=15 ballot=100 promises=0 accepted=0
[step=1494] DELIVER from=1 to=10 type=Prepare { ballot: 62 } queue_len=937
[PAXOS-TICK] phase=WaitingForPromises elapsed=9 timeout=15 ballot=100 promises=0 accepted=0
[step=1495] DELIVER from=1 to=11 type=Prepare { ballot: 62 } queue_len=937
[PAXOS-TICK] phase=WaitingForPromises elapsed=10 timeout=15 ballot=100 promises=0 accepted=0
[step=1496] DELIVER from=1 to=12 type=Prepare { ballot: 62 } queue_len=937
[PAXOS-TICK] phase=WaitingForPromises elapsed=11 timeout=15 ballot=100 promises=0 accepted=0
[step=1497] DELIVER from=1 to=13 type=Prepare { ballot: 62 } queue_len=937
[PAXOS-TICK] phase=WaitingForPromises elapsed=12 timeout=15 ballot=100 promises=0 accepted=0
[step=1498] DELIVER from=1 to=14 type=Prepare { ballot: 62 } queue_len=937
[PAXOS-TICK] phase=WaitingForPromises elapsed=13 timeout=15 ballot=100 promises=0 accepted=0
[step=1499] DELIVER from=1 to=15 type=Prepare { ballot: 62 } queue_len=937
[PAXOS-TICK] phase=WaitingForPromises elapsed=14 timeout=15 ballot=100 promises=0 accepted=0
[TIMEOUT-CAUSE] phase=WaitingForPromises ballot=100 promises=0 accepted=0 quorum=8
[step=1500] DELIVER from=8 to=1 type=Promise { ballot: 38, accepted_ballot: None, accepted_value: None } queue_len=952
[PROMISE-TRACE] from=8 received_ballot=38 current_ballot=101 match=false
[PAXOS-TICK] phase=WaitingForPromises elapsed=0 timeout=15 ballot=101 promises=0 accepted=0
[step=1501] DELIVER from=9 to=1 type=Promise { ballot: 38, accepted_ballot: None, accepted_value: None } queue_len=951
[PROMISE-TRACE] from=9 received_ballot=38 current_ballot=101 match=false
[PAXOS-TICK] phase=WaitingForPromises elapsed=1 timeout=15 ballot=101 promises=0 accepted=0
[step=1502] DELIVER from=10 to=1 type=Promise { ballot: 38, accepted_ballot: None, accepted_value: None } queue_len=950
[PROMISE-TRACE] from=10 received_ballot=38 current_ballot=101 match=false
[PAXOS-TICK] phase=WaitingForPromises elapsed=2 timeout=15 ballot=101 promises=0 accepted=0
[step=1503] DELIVER from=11 to=1 type=Promise { ballot: 38, accepted_ballot: None, accepted_value: None } queue_len=949
[PROMISE-TRACE] from=11 received_ballot=38 current_ballot=101 match=false
[PAXOS-TICK] phase=WaitingForPromises elapsed=3 timeout=15 ballot=101 promises=0 accepted=0
[step=1504] DELIVER from=12 to=1 type=Promise { ballot: 38, accepted_ballot: None, accepted_value: None } queue_len=948
[PROMISE-TRACE] from=12 received_ballot=38 current_ballot=101 match=false
[PAXOS-TICK] phase=WaitingForPromises elapsed=4 timeout=15 ballot=101 promises=0 accepted=0
[step=1505] DELIVER from=13 to=1 type=Promise { ballot: 38, accepted_ballot: None, accepted_value: None } queue_len=947
[PROMISE-TRACE] from=13 received_ballot=38 current_ballot=101 match=false
[PAXOS-TICK] phase=WaitingForPromises elapsed=5 timeout=15 ballot=101 promises=0 accepted=0
[step=1506] DELIVER from=14 to=1 type=Promise { ballot: 38, accepted_ballot: None, accepted_value: None } queue_len=946
[PROMISE-TRACE] from=14 received_ballot=38 current_ballot=101 match=false
[PAXOS-TICK] phase=WaitingForPromises elapsed=6 timeout=15 ballot=101 promises=0 accepted=0
[step=1507] DELIVER from=15 to=1 type=Promise { ballot: 38, accepted_ballot: None, accepted_value: None } queue_len=945
[PROMISE-TRACE] from=15 received_ballot=38 current_ballot=101 match=false
[PAXOS-TICK] phase=WaitingForPromises elapsed=7 timeout=15 ballot=101 promises=0 accepted=0
[step=1508] DELIVER from=1 to=1 type=Prepare { ballot: 63 } queue_len=944
[PAXOS-TICK] phase=WaitingForPromises elapsed=8 timeout=15 ballot=101 promises=0 accepted=0
[step=1509] DELIVER from=1 to=2 type=Prepare { ballot: 63 } queue_len=944
[PAXOS-TICK] phase=WaitingForPromises elapsed=9 timeout=15 ballot=101 promises=0 accepted=0
[step=1510] DELIVER from=1 to=3 type=Prepare { ballot: 63 } queue_len=944
[PAXOS-TICK] phase=WaitingForPromises elapsed=10 timeout=15 ballot=101 promises=0 accepted=0
[step=1511] DELIVER from=1 to=4 type=Prepare { ballot: 63 } queue_len=944
[PAXOS-TICK] phase=WaitingForPromises elapsed=11 timeout=15 ballot=101 promises=0 accepted=0
[step=1512] DELIVER from=1 to=5 type=Prepare { ballot: 63 } queue_len=944
[PAXOS-TICK] phase=WaitingForPromises elapsed=12 timeout=15 ballot=101 promises=0 accepted=0
[step=1513] DELIVER from=1 to=6 type=Prepare { ballot: 63 } queue_len=944
[PAXOS-TICK] phase=WaitingForPromises elapsed=13 timeout=15 ballot=101 promises=0 accepted=0
[step=1514] DELIVER from=1 to=7 type=Prepare { ballot: 63 } queue_len=944
[PAXOS-TICK] phase=WaitingForPromises elapsed=14 timeout=15 ballot=101 promises=0 accepted=0
[TIMEOUT-CAUSE] phase=WaitingForPromises ballot=101 promises=0 accepted=0 quorum=8
[step=1515] DELIVER from=1 to=8 type=Prepare { ballot: 63 } queue_len=944
[step=1516] DELIVER from=1 to=9 type=Prepare { ballot: 63 } queue_len=944
[step=1517] DELIVER from=1 to=10 type=Prepare { ballot: 63 } queue_len=944
[step=1518] DELIVER from=1 to=11 type=Prepare { ballot: 63 } queue_len=944
[step=1519] DELIVER from=1 to=12 type=Prepare { ballot: 63 } queue_len=944
[step=1520] DELIVER from=1 to=13 type=Prepare { ballot: 63 } queue_len=944
[step=1521] DELIVER from=1 to=14 type=Prepare { ballot: 63 } queue_len=944
[step=1522] DELIVER from=1 to=15 type=Prepare { ballot: 63 } queue_len=944
[step=1523] DELIVER from=1 to=1 type=Promise { ballot: 39, accepted_ballot: None, accepted_value: None } queue_len=944
[PROMISE-TRACE] from=1 received_ballot=39 current_ballot=101 match=false
[step=1524] DELIVER from=2 to=1 type=Promise { ballot: 39, accepted_ballot: None, accepted_value: None } queue_len=943
[PROMISE-TRACE] from=2 received_ballot=39 current_ballot=101 match=false
[step=1525] DELIVER from=3 to=1 type=Promise { ballot: 39, accepted_ballot: None, accepted_value: None } queue_len=942
[PROMISE-TRACE] from=3 received_ballot=39 current_ballot=101 match=false
[step=1526] DELIVER from=4 to=1 type=Promise { ballot: 39, accepted_ballot: None, accepted_value: None } queue_len=941
[PROMISE-TRACE] from=4 received_ballot=39 current_ballot=101 match=false
[step=1527] DELIVER from=5 to=1 type=Promise { ballot: 39, accepted_ballot: None, accepted_value: None } queue_len=940
[PROMISE-TRACE] from=5 received_ballot=39 current_ballot=101 match=false
[step=1528] DELIVER from=6 to=1 type=Promise { ballot: 39, accepted_ballot: None, accepted_value: None } queue_len=939
[PROMISE-TRACE] from=6 received_ballot=39 current_ballot=101 match=false
[step=1529] DELIVER from=7 to=1 type=Promise { ballot: 39, accepted_ballot: None, accepted_value: None } queue_len=938
[PROMISE-TRACE] from=7 received_ballot=39 current_ballot=101 match=false
[step=1530] DELIVER from=8 to=1 type=Promise { ballot: 39, accepted_ballot: None, accepted_value: None } queue_len=937
[PROMISE-TRACE] from=8 received_ballot=39 current_ballot=101 match=false
[step=1531] DELIVER from=9 to=1 type=Promise { ballot: 39, accepted_ballot: None, accepted_value: None } queue_len=936
[PROMISE-TRACE] from=9 received_ballot=39 current_ballot=101 match=false
[step=1532] DELIVER from=10 to=1 type=Promise { ballot: 39, accepted_ballot: None, accepted_value: None } queue_len=935
[PROMISE-TRACE] from=10 received_ballot=39 current_ballot=101 match=false
[step=1533] DELIVER from=11 to=1 type=Promise { ballot: 39, accepted_ballot: None, accepted_value: None } queue_len=934
[PROMISE-TRACE] from=11 received_ballot=39 current_ballot=101 match=false
[step=1534] DELIVER from=12 to=1 type=Promise { ballot: 39, accepted_ballot: None, accepted_value: None } queue_len=933
[PROMISE-TRACE] from=12 received_ballot=39 current_ballot=101 match=false
[step=1535] DELIVER from=13 to=1 type=Promise { ballot: 39, accepted_ballot: None, accepted_value: None } queue_len=932
[PROMISE-TRACE] from=13 received_ballot=39 current_ballot=101 match=false
[step=1536] DELIVER from=14 to=1 type=Promise { ballot: 39, accepted_ballot: None, accepted_value: None } queue_len=931
[PROMISE-TRACE] from=14 received_ballot=39 current_ballot=101 match=false
[step=1537] DELIVER from=15 to=1 type=Promise { ballot: 39, accepted_ballot: None, accepted_value: None } queue_len=930
[PROMISE-TRACE] from=15 received_ballot=39 current_ballot=101 match=false
[step=1538] DELIVER from=1 to=1 type=Prepare { ballot: 64 } queue_len=929
[step=1539] DELIVER from=1 to=2 type=Prepare { ballot: 64 } queue_len=929
[step=1540] DELIVER from=1 to=3 type=Prepare { ballot: 64 } queue_len=929
[step=1541] DELIVER from=1 to=4 type=Prepare { ballot: 64 } queue_len=929
[step=1542] DELIVER from=1 to=5 type=Prepare { ballot: 64 } queue_len=929
[step=1543] DELIVER from=1 to=6 type=Prepare { ballot: 64 } queue_len=929
[step=1544] DELIVER from=1 to=7 type=Prepare { ballot: 64 } queue_len=929
[step=1545] DELIVER from=1 to=8 type=Prepare { ballot: 64 } queue_len=929
[step=1546] DELIVER from=1 to=9 type=Prepare { ballot: 64 } queue_len=929
[step=1547] DELIVER from=1 to=10 type=Prepare { ballot: 64 } queue_len=929
[step=1548] DELIVER from=1 to=11 type=Prepare { ballot: 64 } queue_len=929
[step=1549] DELIVER from=1 to=12 type=Prepare { ballot: 64 } queue_len=929
[step=1550] DELIVER from=1 to=13 type=Prepare { ballot: 64 } queue_len=929
[step=1551] DELIVER from=1 to=14 type=Prepare { ballot: 64 } queue_len=929
[step=1552] DELIVER from=1 to=15 type=Prepare { ballot: 64 } queue_len=929
[step=1553] DELIVER from=1 to=1 type=Promise { ballot: 40, accepted_ballot: None, accepted_value: None } queue_len=929
[PROMISE-TRACE] from=1 received_ballot=40 current_ballot=101 match=false
[step=1554] DELIVER from=2 to=1 type=Promise { ballot: 40, accepted_ballot: None, accepted_value: None } queue_len=928
[PROMISE-TRACE] from=2 received_ballot=40 current_ballot=101 match=false
[step=1555] DELIVER from=3 to=1 type=Promise { ballot: 40, accepted_ballot: None, accepted_value: None } queue_len=927
[PROMISE-TRACE] from=3 received_ballot=40 current_ballot=101 match=false
[step=1556] DELIVER from=4 to=1 type=Promise { ballot: 40, accepted_ballot: None, accepted_value: None } queue_len=926
[PROMISE-TRACE] from=4 received_ballot=40 current_ballot=101 match=false
[step=1557] DELIVER from=5 to=1 type=Promise { ballot: 40, accepted_ballot: None, accepted_value: None } queue_len=925
[PROMISE-TRACE] from=5 received_ballot=40 current_ballot=101 match=false
[step=1558] DELIVER from=6 to=1 type=Promise { ballot: 40, accepted_ballot: None, accepted_value: None } queue_len=924
[PROMISE-TRACE] from=6 received_ballot=40 current_ballot=101 match=false
[step=1559] DELIVER from=7 to=1 type=Promise { ballot: 40, accepted_ballot: None, accepted_value: None } queue_len=923
[PROMISE-TRACE] from=7 received_ballot=40 current_ballot=101 match=false
[step=1560] DELIVER from=1 to=1 type=Prepare { ballot: 65 } queue_len=922
[step=1561] DELIVER from=1 to=2 type=Prepare { ballot: 65 } queue_len=922
[step=1562] DELIVER from=1 to=3 type=Prepare { ballot: 65 } queue_len=922
[step=1563] DELIVER from=1 to=4 type=Prepare { ballot: 65 } queue_len=922
[step=1564] DELIVER from=1 to=5 type=Prepare { ballot: 65 } queue_len=922
[step=1565] DELIVER from=1 to=6 type=Prepare { ballot: 65 } queue_len=922
[step=1566] DELIVER from=1 to=7 type=Prepare { ballot: 65 } queue_len=922
[step=1567] DELIVER from=1 to=8 type=Prepare { ballot: 65 } queue_len=922
[step=1568] DELIVER from=1 to=9 type=Prepare { ballot: 65 } queue_len=922
[step=1569] DELIVER from=1 to=10 type=Prepare { ballot: 65 } queue_len=922
[step=1570] DELIVER from=1 to=11 type=Prepare { ballot: 65 } queue_len=922
[step=1571] DELIVER from=1 to=12 type=Prepare { ballot: 65 } queue_len=922
[step=1572] DELIVER from=1 to=13 type=Prepare { ballot: 65 } queue_len=922
[step=1573] DELIVER from=1 to=14 type=Prepare { ballot: 65 } queue_len=922
[step=1574] DELIVER from=1 to=15 type=Prepare { ballot: 65 } queue_len=922
[step=1575] DELIVER from=8 to=1 type=Promise { ballot: 40, accepted_ballot: None, accepted_value: None } queue_len=922
[PROMISE-TRACE] from=8 received_ballot=40 current_ballot=101 match=false
[step=1576] DELIVER from=9 to=1 type=Promise { ballot: 40, accepted_ballot: None, accepted_value: None } queue_len=921
[PROMISE-TRACE] from=9 received_ballot=40 current_ballot=101 match=false
[step=1577] DELIVER from=10 to=1 type=Promise { ballot: 40, accepted_ballot: None, accepted_value: None } queue_len=920
[PROMISE-TRACE] from=10 received_ballot=40 current_ballot=101 match=false
[step=1578] DELIVER from=11 to=1 type=Promise { ballot: 40, accepted_ballot: None, accepted_value: None } queue_len=919
[PROMISE-TRACE] from=11 received_ballot=40 current_ballot=101 match=false
[step=1579] DELIVER from=12 to=1 type=Promise { ballot: 40, accepted_ballot: None, accepted_value: None } queue_len=918
[PROMISE-TRACE] from=12 received_ballot=40 current_ballot=101 match=false
[step=1580] DELIVER from=13 to=1 type=Promise { ballot: 40, accepted_ballot: None, accepted_value: None } queue_len=917
[PROMISE-TRACE] from=13 received_ballot=40 current_ballot=101 match=false
[step=1581] DELIVER from=14 to=1 type=Promise { ballot: 40, accepted_ballot: None, accepted_value: None } queue_len=916
[PROMISE-TRACE] from=14 received_ballot=40 current_ballot=101 match=false
[step=1582] DELIVER from=15 to=1 type=Promise { ballot: 40, accepted_ballot: None, accepted_value: None } queue_len=915
[PROMISE-TRACE] from=15 received_ballot=40 current_ballot=101 match=false
[step=1583] DELIVER from=1 to=1 type=Prepare { ballot: 66 } queue_len=914
[step=1584] DELIVER from=1 to=2 type=Prepare { ballot: 66 } queue_len=914
[step=1585] DELIVER from=1 to=3 type=Prepare { ballot: 66 } queue_len=914
[step=1586] DELIVER from=1 to=4 type=Prepare { ballot: 66 } queue_len=914
[step=1587] DELIVER from=1 to=5 type=Prepare { ballot: 66 } queue_len=914
[step=1588] DELIVER from=1 to=6 type=Prepare { ballot: 66 } queue_len=914
[step=1589] DELIVER from=1 to=7 type=Prepare { ballot: 66 } queue_len=914
[step=1590] DELIVER from=1 to=8 type=Prepare { ballot: 66 } queue_len=914
[step=1591] DELIVER from=1 to=9 type=Prepare { ballot: 66 } queue_len=914
[step=1592] DELIVER from=1 to=10 type=Prepare { ballot: 66 } queue_len=914
[step=1593] DELIVER from=1 to=11 type=Prepare { ballot: 66 } queue_len=914
[step=1594] DELIVER from=1 to=12 type=Prepare { ballot: 66 } queue_len=914
[step=1595] DELIVER from=1 to=13 type=Prepare { ballot: 66 } queue_len=914
[step=1596] DELIVER from=1 to=14 type=Prepare { ballot: 66 } queue_len=914
[step=1597] DELIVER from=1 to=15 type=Prepare { ballot: 66 } queue_len=914
[step=1598] DELIVER from=1 to=1 type=Promise { ballot: 41, accepted_ballot: None, accepted_value: None } queue_len=914
[PROMISE-TRACE] from=1 received_ballot=41 current_ballot=101 match=false
[step=1599] DELIVER from=2 to=1 type=Promise { ballot: 41, accepted_ballot: None, accepted_value: None } queue_len=913
[PROMISE-TRACE] from=2 received_ballot=41 current_ballot=101 match=false
[step=1600] DELIVER from=3 to=1 type=Promise { ballot: 41, accepted_ballot: None, accepted_value: None } queue_len=912
[PROMISE-TRACE] from=3 received_ballot=41 current_ballot=101 match=false
[step=1601] DELIVER from=4 to=1 type=Promise { ballot: 41, accepted_ballot: None, accepted_value: None } queue_len=911
[PROMISE-TRACE] from=4 received_ballot=41 current_ballot=101 match=false
[step=1602] DELIVER from=5 to=1 type=Promise { ballot: 41, accepted_ballot: None, accepted_value: None } queue_len=910
[PROMISE-TRACE] from=5 received_ballot=41 current_ballot=101 match=false
[step=1603] DELIVER from=6 to=1 type=Promise { ballot: 41, accepted_ballot: None, accepted_value: None } queue_len=909
[PROMISE-TRACE] from=6 received_ballot=41 current_ballot=101 match=false
[step=1604] DELIVER from=7 to=1 type=Promise { ballot: 41, accepted_ballot: None, accepted_value: None } queue_len=908
[PROMISE-TRACE] from=7 received_ballot=41 current_ballot=101 match=false
[step=1605] DELIVER from=8 to=1 type=Promise { ballot: 41, accepted_ballot: None, accepted_value: None } queue_len=907
[PROMISE-TRACE] from=8 received_ballot=41 current_ballot=101 match=false
[step=1606] DELIVER from=9 to=1 type=Promise { ballot: 41, accepted_ballot: None, accepted_value: None } queue_len=906
[PROMISE-TRACE] from=9 received_ballot=41 current_ballot=101 match=false
[step=1607] DELIVER from=10 to=1 type=Promise { ballot: 41, accepted_ballot: None, accepted_value: None } queue_len=905
[PROMISE-TRACE] from=10 received_ballot=41 current_ballot=101 match=false
[step=1608] DELIVER from=11 to=1 type=Promise { ballot: 41, accepted_ballot: None, accepted_value: None } queue_len=904
[PROMISE-TRACE] from=11 received_ballot=41 current_ballot=101 match=false
[step=1609] DELIVER from=12 to=1 type=Promise { ballot: 41, accepted_ballot: None, accepted_value: None } queue_len=903
[PROMISE-TRACE] from=12 received_ballot=41 current_ballot=101 match=false
[step=1610] DELIVER from=13 to=1 type=Promise { ballot: 41, accepted_ballot: None, accepted_value: None } queue_len=902
[PROMISE-TRACE] from=13 received_ballot=41 current_ballot=101 match=false
[step=1611] DELIVER from=14 to=1 type=Promise { ballot: 41, accepted_ballot: None, accepted_value: None } queue_len=901
[PROMISE-TRACE] from=14 received_ballot=41 current_ballot=101 match=false
[step=1612] DELIVER from=1 to=1 type=Prepare { ballot: 67 } queue_len=900
[step=1613] DELIVER from=1 to=2 type=Prepare { ballot: 67 } queue_len=900
[step=1614] DELIVER from=1 to=3 type=Prepare { ballot: 67 } queue_len=900
[step=1615] DELIVER from=1 to=4 type=Prepare { ballot: 67 } queue_len=900
[step=1616] DELIVER from=1 to=5 type=Prepare { ballot: 67 } queue_len=900
[step=1617] DELIVER from=1 to=6 type=Prepare { ballot: 67 } queue_len=900
[step=1618] DELIVER from=1 to=7 type=Prepare { ballot: 67 } queue_len=900
[step=1619] DELIVER from=1 to=8 type=Prepare { ballot: 67 } queue_len=900
[step=1620] DELIVER from=1 to=9 type=Prepare { ballot: 67 } queue_len=900
[step=1621] DELIVER from=1 to=10 type=Prepare { ballot: 67 } queue_len=900
[step=1622] DELIVER from=1 to=11 type=Prepare { ballot: 67 } queue_len=900
[step=1623] DELIVER from=1 to=12 type=Prepare { ballot: 67 } queue_len=900
[step=1624] DELIVER from=1 to=13 type=Prepare { ballot: 67 } queue_len=900
[step=1625] DELIVER from=1 to=14 type=Prepare { ballot: 67 } queue_len=900
[step=1626] DELIVER from=1 to=15 type=Prepare { ballot: 67 } queue_len=900
[step=1627] DELIVER from=15 to=1 type=Promise { ballot: 41, accepted_ballot: None, accepted_value: None } queue_len=900
[PROMISE-TRACE] from=15 received_ballot=41 current_ballot=101 match=false
[step=1628] DELIVER from=1 to=1 type=Promise { ballot: 42, accepted_ballot: None, accepted_value: None } queue_len=899
[PROMISE-TRACE] from=1 received_ballot=42 current_ballot=101 match=false
[step=1629] DELIVER from=2 to=1 type=Promise { ballot: 42, accepted_ballot: None, accepted_value: None } queue_len=898
[PROMISE-TRACE] from=2 received_ballot=42 current_ballot=101 match=false
[step=1630] DELIVER from=3 to=1 type=Promise { ballot: 42, accepted_ballot: None, accepted_value: None } queue_len=897
[PROMISE-TRACE] from=3 received_ballot=42 current_ballot=101 match=false
[step=1631] DELIVER from=4 to=1 type=Promise { ballot: 42, accepted_ballot: None, accepted_value: None } queue_len=896
[PROMISE-TRACE] from=4 received_ballot=42 current_ballot=101 match=false
[step=1632] DELIVER from=5 to=1 type=Promise { ballot: 42, accepted_ballot: None, accepted_value: None } queue_len=895
[PROMISE-TRACE] from=5 received_ballot=42 current_ballot=101 match=false
[step=1633] DELIVER from=6 to=1 type=Promise { ballot: 42, accepted_ballot: None, accepted_value: None } queue_len=894
[PROMISE-TRACE] from=6 received_ballot=42 current_ballot=101 match=false
[step=1634] DELIVER from=7 to=1 type=Promise { ballot: 42, accepted_ballot: None, accepted_value: None } queue_len=893
[PROMISE-TRACE] from=7 received_ballot=42 current_ballot=101 match=false
[step=1635] DELIVER from=1 to=1 type=Prepare { ballot: 68 } queue_len=892
[step=1636] DELIVER from=1 to=2 type=Prepare { ballot: 68 } queue_len=892
[step=1637] DELIVER from=1 to=3 type=Prepare { ballot: 68 } queue_len=892
[step=1638] DELIVER from=1 to=4 type=Prepare { ballot: 68 } queue_len=892
[step=1639] DELIVER from=1 to=5 type=Prepare { ballot: 68 } queue_len=892
[step=1640] DELIVER from=1 to=6 type=Prepare { ballot: 68 } queue_len=892
[step=1641] DELIVER from=1 to=7 type=Prepare { ballot: 68 } queue_len=892
[step=1642] DELIVER from=1 to=8 type=Prepare { ballot: 68 } queue_len=892
[step=1643] DELIVER from=1 to=9 type=Prepare { ballot: 68 } queue_len=892
[step=1644] DELIVER from=1 to=10 type=Prepare { ballot: 68 } queue_len=892
[step=1645] DELIVER from=1 to=11 type=Prepare { ballot: 68 } queue_len=892
[step=1646] DELIVER from=1 to=12 type=Prepare { ballot: 68 } queue_len=892
[step=1647] DELIVER from=1 to=13 type=Prepare { ballot: 68 } queue_len=892
[step=1648] DELIVER from=1 to=14 type=Prepare { ballot: 68 } queue_len=892
[step=1649] DELIVER from=1 to=15 type=Prepare { ballot: 68 } queue_len=892
[step=1650] DELIVER from=8 to=1 type=Promise { ballot: 42, accepted_ballot: None, accepted_value: None } queue_len=892
[PROMISE-TRACE] from=8 received_ballot=42 current_ballot=101 match=false
[step=1651] DELIVER from=9 to=1 type=Promise { ballot: 42, accepted_ballot: None, accepted_value: None } queue_len=891
[PROMISE-TRACE] from=9 received_ballot=42 current_ballot=101 match=false
[step=1652] DELIVER from=10 to=1 type=Promise { ballot: 42, accepted_ballot: None, accepted_value: None } queue_len=890
[PROMISE-TRACE] from=10 received_ballot=42 current_ballot=101 match=false
[step=1653] DELIVER from=11 to=1 type=Promise { ballot: 42, accepted_ballot: None, accepted_value: None } queue_len=889
[PROMISE-TRACE] from=11 received_ballot=42 current_ballot=101 match=false
[step=1654] DELIVER from=12 to=1 type=Promise { ballot: 42, accepted_ballot: None, accepted_value: None } queue_len=888
[PROMISE-TRACE] from=12 received_ballot=42 current_ballot=101 match=false
[step=1655] DELIVER from=13 to=1 type=Promise { ballot: 42, accepted_ballot: None, accepted_value: None } queue_len=887
[PROMISE-TRACE] from=13 received_ballot=42 current_ballot=101 match=false
[step=1656] DELIVER from=14 to=1 type=Promise { ballot: 42, accepted_ballot: None, accepted_value: None } queue_len=886
[PROMISE-TRACE] from=14 received_ballot=42 current_ballot=101 match=false
[step=1657] DELIVER from=15 to=1 type=Promise { ballot: 42, accepted_ballot: None, accepted_value: None } queue_len=885
[PROMISE-TRACE] from=15 received_ballot=42 current_ballot=101 match=false
[step=1658] DELIVER from=1 to=1 type=Prepare { ballot: 69 } queue_len=884
[step=1659] DELIVER from=1 to=2 type=Prepare { ballot: 69 } queue_len=884
[step=1660] DELIVER from=1 to=3 type=Prepare { ballot: 69 } queue_len=884
[step=1661] DELIVER from=1 to=4 type=Prepare { ballot: 69 } queue_len=884
[step=1662] DELIVER from=1 to=5 type=Prepare { ballot: 69 } queue_len=884
[step=1663] DELIVER from=1 to=6 type=Prepare { ballot: 69 } queue_len=884
[step=1664] DELIVER from=1 to=7 type=Prepare { ballot: 69 } queue_len=884
[step=1665] DELIVER from=1 to=8 type=Prepare { ballot: 69 } queue_len=884
[step=1666] DELIVER from=1 to=9 type=Prepare { ballot: 69 } queue_len=884
[step=1667] DELIVER from=1 to=10 type=Prepare { ballot: 69 } queue_len=884
[step=1668] DELIVER from=1 to=11 type=Prepare { ballot: 69 } queue_len=884
[step=1669] DELIVER from=1 to=12 type=Prepare { ballot: 69 } queue_len=884
[step=1670] DELIVER from=1 to=13 type=Prepare { ballot: 69 } queue_len=884
[step=1671] DELIVER from=1 to=14 type=Prepare { ballot: 69 } queue_len=884
[step=1672] DELIVER from=1 to=15 type=Prepare { ballot: 69 } queue_len=884
[step=1673] DELIVER from=1 to=1 type=Promise { ballot: 43, accepted_ballot: None, accepted_value: None } queue_len=884
[PROMISE-TRACE] from=1 received_ballot=43 current_ballot=101 match=false
[step=1674] DELIVER from=2 to=1 type=Promise { ballot: 43, accepted_ballot: None, accepted_value: None } queue_len=883
[PROMISE-TRACE] from=2 received_ballot=43 current_ballot=101 match=false
[step=1675] DELIVER from=3 to=1 type=Promise { ballot: 43, accepted_ballot: None, accepted_value: None } queue_len=882
[PROMISE-TRACE] from=3 received_ballot=43 current_ballot=101 match=false
[step=1676] DELIVER from=4 to=1 type=Promise { ballot: 43, accepted_ballot: None, accepted_value: None } queue_len=881
[PROMISE-TRACE] from=4 received_ballot=43 current_ballot=101 match=false
[step=1677] DELIVER from=5 to=1 type=Promise { ballot: 43, accepted_ballot: None, accepted_value: None } queue_len=880
[PROMISE-TRACE] from=5 received_ballot=43 current_ballot=101 match=false
[step=1678] DELIVER from=6 to=1 type=Promise { ballot: 43, accepted_ballot: None, accepted_value: None } queue_len=879
[PROMISE-TRACE] from=6 received_ballot=43 current_ballot=101 match=false
[step=1679] DELIVER from=7 to=1 type=Promise { ballot: 43, accepted_ballot: None, accepted_value: None } queue_len=878
[PROMISE-TRACE] from=7 received_ballot=43 current_ballot=101 match=false
[step=1680] DELIVER from=1 to=1 type=Prepare { ballot: 70 } queue_len=877
[step=1681] DELIVER from=1 to=2 type=Prepare { ballot: 70 } queue_len=877
[step=1682] DELIVER from=1 to=3 type=Prepare { ballot: 70 } queue_len=877
[step=1683] DELIVER from=1 to=4 type=Prepare { ballot: 70 } queue_len=877
[step=1684] DELIVER from=1 to=5 type=Prepare { ballot: 70 } queue_len=877
[step=1685] DELIVER from=1 to=6 type=Prepare { ballot: 70 } queue_len=877
[step=1686] DELIVER from=1 to=7 type=Prepare { ballot: 70 } queue_len=877
[step=1687] DELIVER from=1 to=8 type=Prepare { ballot: 70 } queue_len=877
[step=1688] DELIVER from=1 to=9 type=Prepare { ballot: 70 } queue_len=877
[step=1689] DELIVER from=1 to=10 type=Prepare { ballot: 70 } queue_len=877
[step=1690] DELIVER from=1 to=11 type=Prepare { ballot: 70 } queue_len=877
[step=1691] DELIVER from=1 to=12 type=Prepare { ballot: 70 } queue_len=877
[step=1692] DELIVER from=1 to=13 type=Prepare { ballot: 70 } queue_len=877
[step=1693] DELIVER from=1 to=14 type=Prepare { ballot: 70 } queue_len=877
[step=1694] DELIVER from=1 to=15 type=Prepare { ballot: 70 } queue_len=877
[step=1695] DELIVER from=8 to=1 type=Promise { ballot: 43, accepted_ballot: None, accepted_value: None } queue_len=877
[PROMISE-TRACE] from=8 received_ballot=43 current_ballot=101 match=false
[step=1696] DELIVER from=9 to=1 type=Promise { ballot: 43, accepted_ballot: None, accepted_value: None } queue_len=876
[PROMISE-TRACE] from=9 received_ballot=43 current_ballot=101 match=false
[step=1697] DELIVER from=10 to=1 type=Promise { ballot: 43, accepted_ballot: None, accepted_value: None } queue_len=875
[PROMISE-TRACE] from=10 received_ballot=43 current_ballot=101 match=false
[step=1698] DELIVER from=11 to=1 type=Promise { ballot: 43, accepted_ballot: None, accepted_value: None } queue_len=874
[PROMISE-TRACE] from=11 received_ballot=43 current_ballot=101 match=false
[step=1699] DELIVER from=12 to=1 type=Promise { ballot: 43, accepted_ballot: None, accepted_value: None } queue_len=873
[PROMISE-TRACE] from=12 received_ballot=43 current_ballot=101 match=false
[step=1700] DELIVER from=13 to=1 type=Promise { ballot: 43, accepted_ballot: None, accepted_value: None } queue_len=872
[PROMISE-TRACE] from=13 received_ballot=43 current_ballot=101 match=false
[step=1701] DELIVER from=14 to=1 type=Promise { ballot: 43, accepted_ballot: None, accepted_value: None } queue_len=871
[PROMISE-TRACE] from=14 received_ballot=43 current_ballot=101 match=false
[step=1702] DELIVER from=15 to=1 type=Promise { ballot: 43, accepted_ballot: None, accepted_value: None } queue_len=870
[PROMISE-TRACE] from=15 received_ballot=43 current_ballot=101 match=false
[step=1703] DELIVER from=1 to=1 type=Prepare { ballot: 71 } queue_len=869
[step=1704] DELIVER from=1 to=2 type=Prepare { ballot: 71 } queue_len=869
[step=1705] DELIVER from=1 to=3 type=Prepare { ballot: 71 } queue_len=869
[step=1706] DELIVER from=1 to=4 type=Prepare { ballot: 71 } queue_len=869
[step=1707] DELIVER from=1 to=5 type=Prepare { ballot: 71 } queue_len=869
[step=1708] DELIVER from=1 to=6 type=Prepare { ballot: 71 } queue_len=869
[step=1709] DELIVER from=1 to=7 type=Prepare { ballot: 71 } queue_len=869
[step=1710] DELIVER from=1 to=8 type=Prepare { ballot: 71 } queue_len=869
[step=1711] DELIVER from=1 to=9 type=Prepare { ballot: 71 } queue_len=869
[step=1712] DELIVER from=1 to=10 type=Prepare { ballot: 71 } queue_len=869
[step=1713] DELIVER from=1 to=11 type=Prepare { ballot: 71 } queue_len=869
[step=1714] DELIVER from=1 to=12 type=Prepare { ballot: 71 } queue_len=869
[step=1715] DELIVER from=1 to=13 type=Prepare { ballot: 71 } queue_len=869
[step=1716] DELIVER from=1 to=14 type=Prepare { ballot: 71 } queue_len=869
[step=1717] DELIVER from=1 to=15 type=Prepare { ballot: 71 } queue_len=869
[step=1718] DELIVER from=1 to=1 type=Promise { ballot: 44, accepted_ballot: None, accepted_value: None } queue_len=869
[PROMISE-TRACE] from=1 received_ballot=44 current_ballot=101 match=false
[step=1719] DELIVER from=2 to=1 type=Promise { ballot: 44, accepted_ballot: None, accepted_value: None } queue_len=868
[PROMISE-TRACE] from=2 received_ballot=44 current_ballot=101 match=false
[step=1720] DELIVER from=3 to=1 type=Promise { ballot: 44, accepted_ballot: None, accepted_value: None } queue_len=867
[PROMISE-TRACE] from=3 received_ballot=44 current_ballot=101 match=false
[step=1721] DELIVER from=4 to=1 type=Promise { ballot: 44, accepted_ballot: None, accepted_value: None } queue_len=866
[PROMISE-TRACE] from=4 received_ballot=44 current_ballot=101 match=false
[step=1722] DELIVER from=5 to=1 type=Promise { ballot: 44, accepted_ballot: None, accepted_value: None } queue_len=865
[PROMISE-TRACE] from=5 received_ballot=44 current_ballot=101 match=false
[step=1723] DELIVER from=6 to=1 type=Promise { ballot: 44, accepted_ballot: None, accepted_value: None } queue_len=864
[PROMISE-TRACE] from=6 received_ballot=44 current_ballot=101 match=false
[step=1724] DELIVER from=7 to=1 type=Promise { ballot: 44, accepted_ballot: None, accepted_value: None } queue_len=863
[PROMISE-TRACE] from=7 received_ballot=44 current_ballot=101 match=false
[step=1725] DELIVER from=8 to=1 type=Promise { ballot: 44, accepted_ballot: None, accepted_value: None } queue_len=862
[PROMISE-TRACE] from=8 received_ballot=44 current_ballot=101 match=false
[step=1726] DELIVER from=9 to=1 type=Promise { ballot: 44, accepted_ballot: None, accepted_value: None } queue_len=861
[PROMISE-TRACE] from=9 received_ballot=44 current_ballot=101 match=false
[step=1727] DELIVER from=10 to=1 type=Promise { ballot: 44, accepted_ballot: None, accepted_value: None } queue_len=860
[PROMISE-TRACE] from=10 received_ballot=44 current_ballot=101 match=false
[step=1728] DELIVER from=11 to=1 type=Promise { ballot: 44, accepted_ballot: None, accepted_value: None } queue_len=859
[PROMISE-TRACE] from=11 received_ballot=44 current_ballot=101 match=false
[step=1729] DELIVER from=12 to=1 type=Promise { ballot: 44, accepted_ballot: None, accepted_value: None } queue_len=858
[PROMISE-TRACE] from=12 received_ballot=44 current_ballot=101 match=false
[step=1730] DELIVER from=13 to=1 type=Promise { ballot: 44, accepted_ballot: None, accepted_value: None } queue_len=857
[PROMISE-TRACE] from=13 received_ballot=44 current_ballot=101 match=false
[step=1731] DELIVER from=14 to=1 type=Promise { ballot: 44, accepted_ballot: None, accepted_value: None } queue_len=856
[PROMISE-TRACE] from=14 received_ballot=44 current_ballot=101 match=false
[step=1732] DELIVER from=15 to=1 type=Promise { ballot: 44, accepted_ballot: None, accepted_value: None } queue_len=855
[PROMISE-TRACE] from=15 received_ballot=44 current_ballot=101 match=false
[step=1733] DELIVER from=1 to=1 type=Prepare { ballot: 72 } queue_len=854
[step=1734] DELIVER from=1 to=2 type=Prepare { ballot: 72 } queue_len=854
[step=1735] DELIVER from=1 to=3 type=Prepare { ballot: 72 } queue_len=854
[step=1736] DELIVER from=1 to=4 type=Prepare { ballot: 72 } queue_len=854
[step=1737] DELIVER from=1 to=5 type=Prepare { ballot: 72 } queue_len=854
[step=1738] DELIVER from=1 to=6 type=Prepare { ballot: 72 } queue_len=854
[step=1739] DELIVER from=1 to=7 type=Prepare { ballot: 72 } queue_len=854
[step=1740] DELIVER from=1 to=8 type=Prepare { ballot: 72 } queue_len=854
[step=1741] DELIVER from=1 to=9 type=Prepare { ballot: 72 } queue_len=854
[step=1742] DELIVER from=1 to=10 type=Prepare { ballot: 72 } queue_len=854
[step=1743] DELIVER from=1 to=11 type=Prepare { ballot: 72 } queue_len=854
[step=1744] DELIVER from=1 to=12 type=Prepare { ballot: 72 } queue_len=854
[step=1745] DELIVER from=1 to=13 type=Prepare { ballot: 72 } queue_len=854
[step=1746] DELIVER from=1 to=14 type=Prepare { ballot: 72 } queue_len=854
[step=1747] DELIVER from=1 to=15 type=Prepare { ballot: 72 } queue_len=854
[step=1748] DELIVER from=1 to=1 type=Promise { ballot: 45, accepted_ballot: None, accepted_value: None } queue_len=854
[PROMISE-TRACE] from=1 received_ballot=45 current_ballot=101 match=false
[step=1749] DELIVER from=2 to=1 type=Promise { ballot: 45, accepted_ballot: None, accepted_value: None } queue_len=853
[PROMISE-TRACE] from=2 received_ballot=45 current_ballot=101 match=false
[step=1750] DELIVER from=3 to=1 type=Promise { ballot: 45, accepted_ballot: None, accepted_value: None } queue_len=852
[PROMISE-TRACE] from=3 received_ballot=45 current_ballot=101 match=false
[step=1751] DELIVER from=4 to=1 type=Promise { ballot: 45, accepted_ballot: None, accepted_value: None } queue_len=851
[PROMISE-TRACE] from=4 received_ballot=45 current_ballot=101 match=false
[step=1752] DELIVER from=5 to=1 type=Promise { ballot: 45, accepted_ballot: None, accepted_value: None } queue_len=850
[PROMISE-TRACE] from=5 received_ballot=45 current_ballot=101 match=false
[step=1753] DELIVER from=6 to=1 type=Promise { ballot: 45, accepted_ballot: None, accepted_value: None } queue_len=849
[PROMISE-TRACE] from=6 received_ballot=45 current_ballot=101 match=false
[step=1754] DELIVER from=7 to=1 type=Promise { ballot: 45, accepted_ballot: None, accepted_value: None } queue_len=848
[PROMISE-TRACE] from=7 received_ballot=45 current_ballot=101 match=false
[step=1755] DELIVER from=1 to=1 type=Prepare { ballot: 73 } queue_len=847
[step=1756] DELIVER from=1 to=2 type=Prepare { ballot: 73 } queue_len=847
[step=1757] DELIVER from=1 to=3 type=Prepare { ballot: 73 } queue_len=847
[step=1758] DELIVER from=1 to=4 type=Prepare { ballot: 73 } queue_len=847
[step=1759] DELIVER from=1 to=5 type=Prepare { ballot: 73 } queue_len=847
[step=1760] DELIVER from=1 to=6 type=Prepare { ballot: 73 } queue_len=847
[step=1761] DELIVER from=1 to=7 type=Prepare { ballot: 73 } queue_len=847
[step=1762] DELIVER from=1 to=8 type=Prepare { ballot: 73 } queue_len=847
[step=1763] DELIVER from=1 to=9 type=Prepare { ballot: 73 } queue_len=847
[step=1764] DELIVER from=1 to=10 type=Prepare { ballot: 73 } queue_len=847
[step=1765] DELIVER from=1 to=11 type=Prepare { ballot: 73 } queue_len=847
[step=1766] DELIVER from=1 to=12 type=Prepare { ballot: 73 } queue_len=847
[step=1767] DELIVER from=1 to=13 type=Prepare { ballot: 73 } queue_len=847
[step=1768] DELIVER from=1 to=14 type=Prepare { ballot: 73 } queue_len=847
[step=1769] DELIVER from=1 to=15 type=Prepare { ballot: 73 } queue_len=847
[step=1770] DELIVER from=8 to=1 type=Promise { ballot: 45, accepted_ballot: None, accepted_value: None } queue_len=847
[PROMISE-TRACE] from=8 received_ballot=45 current_ballot=101 match=false
[step=1771] DELIVER from=9 to=1 type=Promise { ballot: 45, accepted_ballot: None, accepted_value: None } queue_len=846
[PROMISE-TRACE] from=9 received_ballot=45 current_ballot=101 match=false
[step=1772] DELIVER from=10 to=1 type=Promise { ballot: 45, accepted_ballot: None, accepted_value: None } queue_len=845
[PROMISE-TRACE] from=10 received_ballot=45 current_ballot=101 match=false
[step=1773] DELIVER from=11 to=1 type=Promise { ballot: 45, accepted_ballot: None, accepted_value: None } queue_len=844
[PROMISE-TRACE] from=11 received_ballot=45 current_ballot=101 match=false
[step=1774] DELIVER from=12 to=1 type=Promise { ballot: 45, accepted_ballot: None, accepted_value: None } queue_len=843
[PROMISE-TRACE] from=12 received_ballot=45 current_ballot=101 match=false
[step=1775] DELIVER from=13 to=1 type=Promise { ballot: 45, accepted_ballot: None, accepted_value: None } queue_len=842
[PROMISE-TRACE] from=13 received_ballot=45 current_ballot=101 match=false
[step=1776] DELIVER from=14 to=1 type=Promise { ballot: 45, accepted_ballot: None, accepted_value: None } queue_len=841
[PROMISE-TRACE] from=14 received_ballot=45 current_ballot=101 match=false
[step=1777] DELIVER from=15 to=1 type=Promise { ballot: 45, accepted_ballot: None, accepted_value: None } queue_len=840
[PROMISE-TRACE] from=15 received_ballot=45 current_ballot=101 match=false
[step=1778] DELIVER from=1 to=1 type=Prepare { ballot: 74 } queue_len=839
[step=1779] DELIVER from=1 to=2 type=Prepare { ballot: 74 } queue_len=839
[step=1780] DELIVER from=1 to=3 type=Prepare { ballot: 74 } queue_len=839
[step=1781] DELIVER from=1 to=4 type=Prepare { ballot: 74 } queue_len=839
[step=1782] DELIVER from=1 to=5 type=Prepare { ballot: 74 } queue_len=839
[step=1783] DELIVER from=1 to=6 type=Prepare { ballot: 74 } queue_len=839
[step=1784] DELIVER from=1 to=7 type=Prepare { ballot: 74 } queue_len=839
[step=1785] DELIVER from=1 to=8 type=Prepare { ballot: 74 } queue_len=839
[step=1786] DELIVER from=1 to=9 type=Prepare { ballot: 74 } queue_len=839
[step=1787] DELIVER from=1 to=10 type=Prepare { ballot: 74 } queue_len=839
[step=1788] DELIVER from=1 to=11 type=Prepare { ballot: 74 } queue_len=839
[step=1789] DELIVER from=1 to=12 type=Prepare { ballot: 74 } queue_len=839
[step=1790] DELIVER from=1 to=13 type=Prepare { ballot: 74 } queue_len=839
[step=1791] DELIVER from=1 to=14 type=Prepare { ballot: 74 } queue_len=839
[step=1792] DELIVER from=1 to=15 type=Prepare { ballot: 74 } queue_len=839
[step=1793] DELIVER from=1 to=1 type=Promise { ballot: 46, accepted_ballot: None, accepted_value: None } queue_len=839
[PROMISE-TRACE] from=1 received_ballot=46 current_ballot=101 match=false
[step=1794] DELIVER from=2 to=1 type=Promise { ballot: 46, accepted_ballot: None, accepted_value: None } queue_len=838
[PROMISE-TRACE] from=2 received_ballot=46 current_ballot=101 match=false
[step=1795] DELIVER from=3 to=1 type=Promise { ballot: 46, accepted_ballot: None, accepted_value: None } queue_len=837
[PROMISE-TRACE] from=3 received_ballot=46 current_ballot=101 match=false
[step=1796] DELIVER from=4 to=1 type=Promise { ballot: 46, accepted_ballot: None, accepted_value: None } queue_len=836
[PROMISE-TRACE] from=4 received_ballot=46 current_ballot=101 match=false
[step=1797] DELIVER from=5 to=1 type=Promise { ballot: 46, accepted_ballot: None, accepted_value: None } queue_len=835
[PROMISE-TRACE] from=5 received_ballot=46 current_ballot=101 match=false
[step=1798] DELIVER from=6 to=1 type=Promise { ballot: 46, accepted_ballot: None, accepted_value: None } queue_len=834
[PROMISE-TRACE] from=6 received_ballot=46 current_ballot=101 match=false
[step=1799] DELIVER from=7 to=1 type=Promise { ballot: 46, accepted_ballot: None, accepted_value: None } queue_len=833
[PROMISE-TRACE] from=7 received_ballot=46 current_ballot=101 match=false
[step=1800] DELIVER from=1 to=1 type=Prepare { ballot: 75 } queue_len=832
[step=1801] DELIVER from=1 to=2 type=Prepare { ballot: 75 } queue_len=832
[step=1802] DELIVER from=1 to=3 type=Prepare { ballot: 75 } queue_len=832
[step=1803] DELIVER from=1 to=4 type=Prepare { ballot: 75 } queue_len=832
[step=1804] DELIVER from=1 to=5 type=Prepare { ballot: 75 } queue_len=832
[step=1805] DELIVER from=1 to=6 type=Prepare { ballot: 75 } queue_len=832
[step=1806] DELIVER from=1 to=7 type=Prepare { ballot: 75 } queue_len=832
[step=1807] DELIVER from=1 to=8 type=Prepare { ballot: 75 } queue_len=832
[step=1808] DELIVER from=1 to=9 type=Prepare { ballot: 75 } queue_len=832
[step=1809] DELIVER from=1 to=10 type=Prepare { ballot: 75 } queue_len=832
[step=1810] DELIVER from=1 to=11 type=Prepare { ballot: 75 } queue_len=832
[step=1811] DELIVER from=1 to=12 type=Prepare { ballot: 75 } queue_len=832
[step=1812] DELIVER from=1 to=13 type=Prepare { ballot: 75 } queue_len=832
[step=1813] DELIVER from=1 to=14 type=Prepare { ballot: 75 } queue_len=832
[step=1814] DELIVER from=1 to=15 type=Prepare { ballot: 75 } queue_len=832
[step=1815] DELIVER from=8 to=1 type=Promise { ballot: 46, accepted_ballot: None, accepted_value: None } queue_len=832
[PROMISE-TRACE] from=8 received_ballot=46 current_ballot=101 match=false
[step=1816] DELIVER from=9 to=1 type=Promise { ballot: 46, accepted_ballot: None, accepted_value: None } queue_len=831
[PROMISE-TRACE] from=9 received_ballot=46 current_ballot=101 match=false
[step=1817] DELIVER from=10 to=1 type=Promise { ballot: 46, accepted_ballot: None, accepted_value: None } queue_len=830
[PROMISE-TRACE] from=10 received_ballot=46 current_ballot=101 match=false
[step=1818] DELIVER from=11 to=1 type=Promise { ballot: 46, accepted_ballot: None, accepted_value: None } queue_len=829
[PROMISE-TRACE] from=11 received_ballot=46 current_ballot=101 match=false
[step=1819] DELIVER from=12 to=1 type=Promise { ballot: 46, accepted_ballot: None, accepted_value: None } queue_len=828
[PROMISE-TRACE] from=12 received_ballot=46 current_ballot=101 match=false
[step=1820] DELIVER from=13 to=1 type=Promise { ballot: 46, accepted_ballot: None, accepted_value: None } queue_len=827
[PROMISE-TRACE] from=13 received_ballot=46 current_ballot=101 match=false
[step=1821] DELIVER from=14 to=1 type=Promise { ballot: 46, accepted_ballot: None, accepted_value: None } queue_len=826
[PROMISE-TRACE] from=14 received_ballot=46 current_ballot=101 match=false
[step=1822] DELIVER from=15 to=1 type=Promise { ballot: 46, accepted_ballot: None, accepted_value: None } queue_len=825
[PROMISE-TRACE] from=15 received_ballot=46 current_ballot=101 match=false
[step=1823] DELIVER from=1 to=1 type=Prepare { ballot: 76 } queue_len=824
[step=1824] DELIVER from=1 to=2 type=Prepare { ballot: 76 } queue_len=824
[step=1825] DELIVER from=1 to=3 type=Prepare { ballot: 76 } queue_len=824
[step=1826] DELIVER from=1 to=4 type=Prepare { ballot: 76 } queue_len=824
[step=1827] DELIVER from=1 to=5 type=Prepare { ballot: 76 } queue_len=824
[step=1828] DELIVER from=1 to=6 type=Prepare { ballot: 76 } queue_len=824
[step=1829] DELIVER from=1 to=7 type=Prepare { ballot: 76 } queue_len=824
[step=1830] DELIVER from=1 to=8 type=Prepare { ballot: 76 } queue_len=824
[step=1831] DELIVER from=1 to=9 type=Prepare { ballot: 76 } queue_len=824
[step=1832] DELIVER from=1 to=10 type=Prepare { ballot: 76 } queue_len=824
[step=1833] DELIVER from=1 to=11 type=Prepare { ballot: 76 } queue_len=824
[step=1834] DELIVER from=1 to=12 type=Prepare { ballot: 76 } queue_len=824
[step=1835] DELIVER from=1 to=13 type=Prepare { ballot: 76 } queue_len=824
[step=1836] DELIVER from=1 to=14 type=Prepare { ballot: 76 } queue_len=824
[step=1837] DELIVER from=1 to=15 type=Prepare { ballot: 76 } queue_len=824
[step=1838] DELIVER from=1 to=1 type=Promise { ballot: 47, accepted_ballot: None, accepted_value: None } queue_len=824
[PROMISE-TRACE] from=1 received_ballot=47 current_ballot=101 match=false
[step=1839] DELIVER from=2 to=1 type=Promise { ballot: 47, accepted_ballot: None, accepted_value: None } queue_len=823
[PROMISE-TRACE] from=2 received_ballot=47 current_ballot=101 match=false
[step=1840] DELIVER from=3 to=1 type=Promise { ballot: 47, accepted_ballot: None, accepted_value: None } queue_len=822
[PROMISE-TRACE] from=3 received_ballot=47 current_ballot=101 match=false
[step=1841] DELIVER from=4 to=1 type=Promise { ballot: 47, accepted_ballot: None, accepted_value: None } queue_len=821
[PROMISE-TRACE] from=4 received_ballot=47 current_ballot=101 match=false
[step=1842] DELIVER from=5 to=1 type=Promise { ballot: 47, accepted_ballot: None, accepted_value: None } queue_len=820
[PROMISE-TRACE] from=5 received_ballot=47 current_ballot=101 match=false
[step=1843] DELIVER from=6 to=1 type=Promise { ballot: 47, accepted_ballot: None, accepted_value: None } queue_len=819
[PROMISE-TRACE] from=6 received_ballot=47 current_ballot=101 match=false
[step=1844] DELIVER from=7 to=1 type=Promise { ballot: 47, accepted_ballot: None, accepted_value: None } queue_len=818
[PROMISE-TRACE] from=7 received_ballot=47 current_ballot=101 match=false
[step=1845] DELIVER from=8 to=1 type=Promise { ballot: 47, accepted_ballot: None, accepted_value: None } queue_len=817
[PROMISE-TRACE] from=8 received_ballot=47 current_ballot=101 match=false
[step=1846] DELIVER from=9 to=1 type=Promise { ballot: 47, accepted_ballot: None, accepted_value: None } queue_len=816
[PROMISE-TRACE] from=9 received_ballot=47 current_ballot=101 match=false
[step=1847] DELIVER from=10 to=1 type=Promise { ballot: 47, accepted_ballot: None, accepted_value: None } queue_len=815
[PROMISE-TRACE] from=10 received_ballot=47 current_ballot=101 match=false
[step=1848] DELIVER from=11 to=1 type=Promise { ballot: 47, accepted_ballot: None, accepted_value: None } queue_len=814
[PROMISE-TRACE] from=11 received_ballot=47 current_ballot=101 match=false
[step=1849] DELIVER from=12 to=1 type=Promise { ballot: 47, accepted_ballot: None, accepted_value: None } queue_len=813
[PROMISE-TRACE] from=12 received_ballot=47 current_ballot=101 match=false
[step=1850] DELIVER from=13 to=1 type=Promise { ballot: 47, accepted_ballot: None, accepted_value: None } queue_len=812
[PROMISE-TRACE] from=13 received_ballot=47 current_ballot=101 match=false
[step=1851] DELIVER from=14 to=1 type=Promise { ballot: 47, accepted_ballot: None, accepted_value: None } queue_len=811
[PROMISE-TRACE] from=14 received_ballot=47 current_ballot=101 match=false
[step=1852] DELIVER from=15 to=1 type=Promise { ballot: 47, accepted_ballot: None, accepted_value: None } queue_len=810
[PROMISE-TRACE] from=15 received_ballot=47 current_ballot=101 match=false
[step=1853] DELIVER from=1 to=1 type=Prepare { ballot: 77 } queue_len=809
[step=1854] DELIVER from=1 to=2 type=Prepare { ballot: 77 } queue_len=809
[step=1855] DELIVER from=1 to=3 type=Prepare { ballot: 77 } queue_len=809
[step=1856] DELIVER from=1 to=4 type=Prepare { ballot: 77 } queue_len=809
[step=1857] DELIVER from=1 to=5 type=Prepare { ballot: 77 } queue_len=809
[step=1858] DELIVER from=1 to=6 type=Prepare { ballot: 77 } queue_len=809
[step=1859] DELIVER from=1 to=7 type=Prepare { ballot: 77 } queue_len=809
[step=1860] DELIVER from=1 to=8 type=Prepare { ballot: 77 } queue_len=809
[step=1861] DELIVER from=1 to=9 type=Prepare { ballot: 77 } queue_len=809
[step=1862] DELIVER from=1 to=10 type=Prepare { ballot: 77 } queue_len=809
[step=1863] DELIVER from=1 to=11 type=Prepare { ballot: 77 } queue_len=809
[step=1864] DELIVER from=1 to=12 type=Prepare { ballot: 77 } queue_len=809
[step=1865] DELIVER from=1 to=13 type=Prepare { ballot: 77 } queue_len=809
[step=1866] DELIVER from=1 to=14 type=Prepare { ballot: 77 } queue_len=809
[step=1867] DELIVER from=1 to=15 type=Prepare { ballot: 77 } queue_len=809
[step=1868] DELIVER from=1 to=1 type=Promise { ballot: 48, accepted_ballot: None, accepted_value: None } queue_len=809
[PROMISE-TRACE] from=1 received_ballot=48 current_ballot=101 match=false
[step=1869] DELIVER from=2 to=1 type=Promise { ballot: 48, accepted_ballot: None, accepted_value: None } queue_len=808
[PROMISE-TRACE] from=2 received_ballot=48 current_ballot=101 match=false
[step=1870] DELIVER from=3 to=1 type=Promise { ballot: 48, accepted_ballot: None, accepted_value: None } queue_len=807
[PROMISE-TRACE] from=3 received_ballot=48 current_ballot=101 match=false
[step=1871] DELIVER from=4 to=1 type=Promise { ballot: 48, accepted_ballot: None, accepted_value: None } queue_len=806
[PROMISE-TRACE] from=4 received_ballot=48 current_ballot=101 match=false
[step=1872] DELIVER from=5 to=1 type=Promise { ballot: 48, accepted_ballot: None, accepted_value: None } queue_len=805
[PROMISE-TRACE] from=5 received_ballot=48 current_ballot=101 match=false
[step=1873] DELIVER from=6 to=1 type=Promise { ballot: 48, accepted_ballot: None, accepted_value: None } queue_len=804
[PROMISE-TRACE] from=6 received_ballot=48 current_ballot=101 match=false
[step=1874] DELIVER from=7 to=1 type=Promise { ballot: 48, accepted_ballot: None, accepted_value: None } queue_len=803
[PROMISE-TRACE] from=7 received_ballot=48 current_ballot=101 match=false
[step=1875] DELIVER from=1 to=1 type=Prepare { ballot: 78 } queue_len=802
[step=1876] DELIVER from=1 to=2 type=Prepare { ballot: 78 } queue_len=802
[step=1877] DELIVER from=1 to=3 type=Prepare { ballot: 78 } queue_len=802
[step=1878] DELIVER from=1 to=4 type=Prepare { ballot: 78 } queue_len=802
[step=1879] DELIVER from=1 to=5 type=Prepare { ballot: 78 } queue_len=802
[step=1880] DELIVER from=1 to=6 type=Prepare { ballot: 78 } queue_len=802
[step=1881] DELIVER from=1 to=7 type=Prepare { ballot: 78 } queue_len=802
[step=1882] DELIVER from=1 to=8 type=Prepare { ballot: 78 } queue_len=802
[step=1883] DELIVER from=1 to=9 type=Prepare { ballot: 78 } queue_len=802
[step=1884] DELIVER from=1 to=10 type=Prepare { ballot: 78 } queue_len=802
[step=1885] DELIVER from=1 to=11 type=Prepare { ballot: 78 } queue_len=802
[step=1886] DELIVER from=1 to=12 type=Prepare { ballot: 78 } queue_len=802
[step=1887] DELIVER from=1 to=13 type=Prepare { ballot: 78 } queue_len=802
[step=1888] DELIVER from=1 to=14 type=Prepare { ballot: 78 } queue_len=802
[step=1889] DELIVER from=1 to=15 type=Prepare { ballot: 78 } queue_len=802
[step=1890] DELIVER from=8 to=1 type=Promise { ballot: 48, accepted_ballot: None, accepted_value: None } queue_len=802
[PROMISE-TRACE] from=8 received_ballot=48 current_ballot=101 match=false
[step=1891] DELIVER from=9 to=1 type=Promise { ballot: 48, accepted_ballot: None, accepted_value: None } queue_len=801
[PROMISE-TRACE] from=9 received_ballot=48 current_ballot=101 match=false
[step=1892] DELIVER from=10 to=1 type=Promise { ballot: 48, accepted_ballot: None, accepted_value: None } queue_len=800
[PROMISE-TRACE] from=10 received_ballot=48 current_ballot=101 match=false
[step=1893] DELIVER from=11 to=1 type=Promise { ballot: 48, accepted_ballot: None, accepted_value: None } queue_len=799
[PROMISE-TRACE] from=11 received_ballot=48 current_ballot=101 match=false
[step=1894] DELIVER from=12 to=1 type=Promise { ballot: 48, accepted_ballot: None, accepted_value: None } queue_len=798
[PROMISE-TRACE] from=12 received_ballot=48 current_ballot=101 match=false
[step=1895] DELIVER from=13 to=1 type=Promise { ballot: 48, accepted_ballot: None, accepted_value: None } queue_len=797
[PROMISE-TRACE] from=13 received_ballot=48 current_ballot=101 match=false
[step=1896] DELIVER from=14 to=1 type=Promise { ballot: 48, accepted_ballot: None, accepted_value: None } queue_len=796
[PROMISE-TRACE] from=14 received_ballot=48 current_ballot=101 match=false
[step=1897] DELIVER from=15 to=1 type=Promise { ballot: 48, accepted_ballot: None, accepted_value: None } queue_len=795
[PROMISE-TRACE] from=15 received_ballot=48 current_ballot=101 match=false
[step=1898] DELIVER from=1 to=1 type=Prepare { ballot: 79 } queue_len=794
[step=1899] DELIVER from=1 to=2 type=Prepare { ballot: 79 } queue_len=794
[step=1900] DELIVER from=1 to=3 type=Prepare { ballot: 79 } queue_len=794
[step=1901] DELIVER from=1 to=4 type=Prepare { ballot: 79 } queue_len=794
[step=1902] DELIVER from=1 to=5 type=Prepare { ballot: 79 } queue_len=794
[step=1903] DELIVER from=1 to=6 type=Prepare { ballot: 79 } queue_len=794
[step=1904] DELIVER from=1 to=7 type=Prepare { ballot: 79 } queue_len=794
[step=1905] DELIVER from=1 to=8 type=Prepare { ballot: 79 } queue_len=794
[step=1906] DELIVER from=1 to=9 type=Prepare { ballot: 79 } queue_len=794
[step=1907] DELIVER from=1 to=10 type=Prepare { ballot: 79 } queue_len=794
[step=1908] DELIVER from=1 to=11 type=Prepare { ballot: 79 } queue_len=794
[step=1909] DELIVER from=1 to=12 type=Prepare { ballot: 79 } queue_len=794
[step=1910] DELIVER from=1 to=13 type=Prepare { ballot: 79 } queue_len=794
[step=1911] DELIVER from=1 to=14 type=Prepare { ballot: 79 } queue_len=794
[step=1912] DELIVER from=1 to=15 type=Prepare { ballot: 79 } queue_len=794
[step=1913] DELIVER from=1 to=1 type=Promise { ballot: 49, accepted_ballot: None, accepted_value: None } queue_len=794
[PROMISE-TRACE] from=1 received_ballot=49 current_ballot=101 match=false
[step=1914] DELIVER from=2 to=1 type=Promise { ballot: 49, accepted_ballot: None, accepted_value: None } queue_len=793
[PROMISE-TRACE] from=2 received_ballot=49 current_ballot=101 match=false
[step=1915] DELIVER from=3 to=1 type=Promise { ballot: 49, accepted_ballot: None, accepted_value: None } queue_len=792
[PROMISE-TRACE] from=3 received_ballot=49 current_ballot=101 match=false
[step=1916] DELIVER from=4 to=1 type=Promise { ballot: 49, accepted_ballot: None, accepted_value: None } queue_len=791
[PROMISE-TRACE] from=4 received_ballot=49 current_ballot=101 match=false
[step=1917] DELIVER from=5 to=1 type=Promise { ballot: 49, accepted_ballot: None, accepted_value: None } queue_len=790
[PROMISE-TRACE] from=5 received_ballot=49 current_ballot=101 match=false
[step=1918] DELIVER from=6 to=1 type=Promise { ballot: 49, accepted_ballot: None, accepted_value: None } queue_len=789
[PROMISE-TRACE] from=6 received_ballot=49 current_ballot=101 match=false
[step=1919] DELIVER from=7 to=1 type=Promise { ballot: 49, accepted_ballot: None, accepted_value: None } queue_len=788
[PROMISE-TRACE] from=7 received_ballot=49 current_ballot=101 match=false
[step=1920] DELIVER from=8 to=1 type=Promise { ballot: 49, accepted_ballot: None, accepted_value: None } queue_len=787
[PROMISE-TRACE] from=8 received_ballot=49 current_ballot=101 match=false
[step=1921] DELIVER from=9 to=1 type=Promise { ballot: 49, accepted_ballot: None, accepted_value: None } queue_len=786
[PROMISE-TRACE] from=9 received_ballot=49 current_ballot=101 match=false
[step=1922] DELIVER from=10 to=1 type=Promise { ballot: 49, accepted_ballot: None, accepted_value: None } queue_len=785
[PROMISE-TRACE] from=10 received_ballot=49 current_ballot=101 match=false
[step=1923] DELIVER from=11 to=1 type=Promise { ballot: 49, accepted_ballot: None, accepted_value: None } queue_len=784
[PROMISE-TRACE] from=11 received_ballot=49 current_ballot=101 match=false
[step=1924] DELIVER from=12 to=1 type=Promise { ballot: 49, accepted_ballot: None, accepted_value: None } queue_len=783
[PROMISE-TRACE] from=12 received_ballot=49 current_ballot=101 match=false
[step=1925] DELIVER from=13 to=1 type=Promise { ballot: 49, accepted_ballot: None, accepted_value: None } queue_len=782
[PROMISE-TRACE] from=13 received_ballot=49 current_ballot=101 match=false
[step=1926] DELIVER from=14 to=1 type=Promise { ballot: 49, accepted_ballot: None, accepted_value: None } queue_len=781
[PROMISE-TRACE] from=14 received_ballot=49 current_ballot=101 match=false
[step=1927] DELIVER from=15 to=1 type=Promise { ballot: 49, accepted_ballot: None, accepted_value: None } queue_len=780
[PROMISE-TRACE] from=15 received_ballot=49 current_ballot=101 match=false
[step=1928] DELIVER from=1 to=1 type=Prepare { ballot: 80 } queue_len=779
[step=1929] DELIVER from=1 to=2 type=Prepare { ballot: 80 } queue_len=779
[step=1930] DELIVER from=1 to=3 type=Prepare { ballot: 80 } queue_len=779
[step=1931] DELIVER from=1 to=4 type=Prepare { ballot: 80 } queue_len=779
[step=1932] DELIVER from=1 to=5 type=Prepare { ballot: 80 } queue_len=779
[step=1933] DELIVER from=1 to=6 type=Prepare { ballot: 80 } queue_len=779
[step=1934] DELIVER from=1 to=7 type=Prepare { ballot: 80 } queue_len=779
[step=1935] DELIVER from=1 to=8 type=Prepare { ballot: 80 } queue_len=779
[step=1936] DELIVER from=1 to=9 type=Prepare { ballot: 80 } queue_len=779
[step=1937] DELIVER from=1 to=10 type=Prepare { ballot: 80 } queue_len=779
[step=1938] DELIVER from=1 to=11 type=Prepare { ballot: 80 } queue_len=779
[step=1939] DELIVER from=1 to=12 type=Prepare { ballot: 80 } queue_len=779
[step=1940] DELIVER from=1 to=13 type=Prepare { ballot: 80 } queue_len=779
[step=1941] DELIVER from=1 to=14 type=Prepare { ballot: 80 } queue_len=779
[step=1942] DELIVER from=1 to=15 type=Prepare { ballot: 80 } queue_len=779
[step=1943] DELIVER from=1 to=1 type=Promise { ballot: 50, accepted_ballot: None, accepted_value: None } queue_len=779
[PROMISE-TRACE] from=1 received_ballot=50 current_ballot=101 match=false
[step=1944] DELIVER from=2 to=1 type=Promise { ballot: 50, accepted_ballot: None, accepted_value: None } queue_len=778
[PROMISE-TRACE] from=2 received_ballot=50 current_ballot=101 match=false
[step=1945] DELIVER from=3 to=1 type=Promise { ballot: 50, accepted_ballot: None, accepted_value: None } queue_len=777
[PROMISE-TRACE] from=3 received_ballot=50 current_ballot=101 match=false
[step=1946] DELIVER from=4 to=1 type=Promise { ballot: 50, accepted_ballot: None, accepted_value: None } queue_len=776
[PROMISE-TRACE] from=4 received_ballot=50 current_ballot=101 match=false
[step=1947] DELIVER from=5 to=1 type=Promise { ballot: 50, accepted_ballot: None, accepted_value: None } queue_len=775
[PROMISE-TRACE] from=5 received_ballot=50 current_ballot=101 match=false
[step=1948] DELIVER from=6 to=1 type=Promise { ballot: 50, accepted_ballot: None, accepted_value: None } queue_len=774
[PROMISE-TRACE] from=6 received_ballot=50 current_ballot=101 match=false
[step=1949] DELIVER from=7 to=1 type=Promise { ballot: 50, accepted_ballot: None, accepted_value: None } queue_len=773
[PROMISE-TRACE] from=7 received_ballot=50 current_ballot=101 match=false
[step=1950] DELIVER from=1 to=1 type=Prepare { ballot: 81 } queue_len=772
[step=1951] DELIVER from=1 to=2 type=Prepare { ballot: 81 } queue_len=772
[step=1952] DELIVER from=1 to=3 type=Prepare { ballot: 81 } queue_len=772
[step=1953] DELIVER from=1 to=4 type=Prepare { ballot: 81 } queue_len=772
[step=1954] DELIVER from=1 to=5 type=Prepare { ballot: 81 } queue_len=772
[step=1955] DELIVER from=1 to=6 type=Prepare { ballot: 81 } queue_len=772
[step=1956] DELIVER from=1 to=7 type=Prepare { ballot: 81 } queue_len=772
[step=1957] DELIVER from=1 to=8 type=Prepare { ballot: 81 } queue_len=772
[step=1958] DELIVER from=1 to=9 type=Prepare { ballot: 81 } queue_len=772
[step=1959] DELIVER from=1 to=10 type=Prepare { ballot: 81 } queue_len=772
[step=1960] DELIVER from=1 to=11 type=Prepare { ballot: 81 } queue_len=772
[step=1961] DELIVER from=1 to=12 type=Prepare { ballot: 81 } queue_len=772
[step=1962] DELIVER from=1 to=13 type=Prepare { ballot: 81 } queue_len=772
[step=1963] DELIVER from=1 to=14 type=Prepare { ballot: 81 } queue_len=772
[step=1964] DELIVER from=1 to=15 type=Prepare { ballot: 81 } queue_len=772
[step=1965] DELIVER from=8 to=1 type=Promise { ballot: 50, accepted_ballot: None, accepted_value: None } queue_len=772
[PROMISE-TRACE] from=8 received_ballot=50 current_ballot=101 match=false
[step=1966] DELIVER from=9 to=1 type=Promise { ballot: 50, accepted_ballot: None, accepted_value: None } queue_len=771
[PROMISE-TRACE] from=9 received_ballot=50 current_ballot=101 match=false
[step=1967] DELIVER from=10 to=1 type=Promise { ballot: 50, accepted_ballot: None, accepted_value: None } queue_len=770
[PROMISE-TRACE] from=10 received_ballot=50 current_ballot=101 match=false
[step=1968] DELIVER from=11 to=1 type=Promise { ballot: 50, accepted_ballot: None, accepted_value: None } queue_len=769
[PROMISE-TRACE] from=11 received_ballot=50 current_ballot=101 match=false
[step=1969] DELIVER from=12 to=1 type=Promise { ballot: 50, accepted_ballot: None, accepted_value: None } queue_len=768
[PROMISE-TRACE] from=12 received_ballot=50 current_ballot=101 match=false
[step=1970] DELIVER from=13 to=1 type=Promise { ballot: 50, accepted_ballot: None, accepted_value: None } queue_len=767
[PROMISE-TRACE] from=13 received_ballot=50 current_ballot=101 match=false
[step=1971] DELIVER from=14 to=1 type=Promise { ballot: 50, accepted_ballot: None, accepted_value: None } queue_len=766
[PROMISE-TRACE] from=14 received_ballot=50 current_ballot=101 match=false
[step=1972] DELIVER from=15 to=1 type=Promise { ballot: 50, accepted_ballot: None, accepted_value: None } queue_len=765
[PROMISE-TRACE] from=15 received_ballot=50 current_ballot=101 match=false
[step=1973] DELIVER from=1 to=1 type=Prepare { ballot: 82 } queue_len=764
[step=1974] DELIVER from=1 to=2 type=Prepare { ballot: 82 } queue_len=764
[step=1975] DELIVER from=1 to=3 type=Prepare { ballot: 82 } queue_len=764
[step=1976] DELIVER from=1 to=4 type=Prepare { ballot: 82 } queue_len=764
[step=1977] DELIVER from=1 to=5 type=Prepare { ballot: 82 } queue_len=764
[step=1978] DELIVER from=1 to=6 type=Prepare { ballot: 82 } queue_len=764
[step=1979] DELIVER from=1 to=7 type=Prepare { ballot: 82 } queue_len=764
[step=1980] DELIVER from=1 to=8 type=Prepare { ballot: 82 } queue_len=764
[step=1981] DELIVER from=1 to=9 type=Prepare { ballot: 82 } queue_len=764
[step=1982] DELIVER from=1 to=10 type=Prepare { ballot: 82 } queue_len=764
[step=1983] DELIVER from=1 to=11 type=Prepare { ballot: 82 } queue_len=764
[step=1984] DELIVER from=1 to=12 type=Prepare { ballot: 82 } queue_len=764
[step=1985] DELIVER from=1 to=13 type=Prepare { ballot: 82 } queue_len=764
[step=1986] DELIVER from=1 to=14 type=Prepare { ballot: 82 } queue_len=764
[step=1987] DELIVER from=1 to=15 type=Prepare { ballot: 82 } queue_len=764
[step=1988] DELIVER from=1 to=1 type=Promise { ballot: 51, accepted_ballot: None, accepted_value: None } queue_len=764
[PROMISE-TRACE] from=1 received_ballot=51 current_ballot=101 match=false
[step=1989] DELIVER from=2 to=1 type=Promise { ballot: 51, accepted_ballot: None, accepted_value: None } queue_len=763
[PROMISE-TRACE] from=2 received_ballot=51 current_ballot=101 match=false
[step=1990] DELIVER from=3 to=1 type=Promise { ballot: 51, accepted_ballot: None, accepted_value: None } queue_len=762
[PROMISE-TRACE] from=3 received_ballot=51 current_ballot=101 match=false
[step=1991] DELIVER from=4 to=1 type=Promise { ballot: 51, accepted_ballot: None, accepted_value: None } queue_len=761
[PROMISE-TRACE] from=4 received_ballot=51 current_ballot=101 match=false
[step=1992] DELIVER from=5 to=1 type=Promise { ballot: 51, accepted_ballot: None, accepted_value: None } queue_len=760
[PROMISE-TRACE] from=5 received_ballot=51 current_ballot=101 match=false
[step=1993] DELIVER from=6 to=1 type=Promise { ballot: 51, accepted_ballot: None, accepted_value: None } queue_len=759
[PROMISE-TRACE] from=6 received_ballot=51 current_ballot=101 match=false
[step=1994] DELIVER from=7 to=1 type=Promise { ballot: 51, accepted_ballot: None, accepted_value: None } queue_len=758
[PROMISE-TRACE] from=7 received_ballot=51 current_ballot=101 match=false
[step=1995] DELIVER from=1 to=1 type=Prepare { ballot: 83 } queue_len=757
[step=1996] DELIVER from=1 to=2 type=Prepare { ballot: 83 } queue_len=757
[step=1997] DELIVER from=1 to=3 type=Prepare { ballot: 83 } queue_len=757
[step=1998] DELIVER from=1 to=4 type=Prepare { ballot: 83 } queue_len=757
[step=1999] DELIVER from=1 to=5 type=Prepare { ballot: 83 } queue_len=757
[step=2000] DELIVER from=1 to=6 type=Prepare { ballot: 83 } queue_len=757
[step=2001] DELIVER from=1 to=7 type=Prepare { ballot: 83 } queue_len=757
[step=2002] DELIVER from=1 to=8 type=Prepare { ballot: 83 } queue_len=757
[step=2003] DELIVER from=1 to=9 type=Prepare { ballot: 83 } queue_len=757
[step=2004] DELIVER from=1 to=10 type=Prepare { ballot: 83 } queue_len=757
[step=2005] DELIVER from=1 to=11 type=Prepare { ballot: 83 } queue_len=757
[step=2006] DELIVER from=1 to=12 type=Prepare { ballot: 83 } queue_len=757
[step=2007] DELIVER from=1 to=13 type=Prepare { ballot: 83 } queue_len=757
[step=2008] DELIVER from=1 to=14 type=Prepare { ballot: 83 } queue_len=757
[step=2009] DELIVER from=1 to=15 type=Prepare { ballot: 83 } queue_len=757
[step=2010] DELIVER from=8 to=1 type=Promise { ballot: 51, accepted_ballot: None, accepted_value: None } queue_len=757
[PROMISE-TRACE] from=8 received_ballot=51 current_ballot=101 match=false
[step=2011] DELIVER from=9 to=1 type=Promise { ballot: 51, accepted_ballot: None, accepted_value: None } queue_len=756
[PROMISE-TRACE] from=9 received_ballot=51 current_ballot=101 match=false
[step=2012] DELIVER from=10 to=1 type=Promise { ballot: 51, accepted_ballot: None, accepted_value: None } queue_len=755
[PROMISE-TRACE] from=10 received_ballot=51 current_ballot=101 match=false
[step=2013] DELIVER from=11 to=1 type=Promise { ballot: 51, accepted_ballot: None, accepted_value: None } queue_len=754
[PROMISE-TRACE] from=11 received_ballot=51 current_ballot=101 match=false
[step=2014] DELIVER from=12 to=1 type=Promise { ballot: 51, accepted_ballot: None, accepted_value: None } queue_len=753
[PROMISE-TRACE] from=12 received_ballot=51 current_ballot=101 match=false
[step=2015] DELIVER from=13 to=1 type=Promise { ballot: 51, accepted_ballot: None, accepted_value: None } queue_len=752
[PROMISE-TRACE] from=13 received_ballot=51 current_ballot=101 match=false
[step=2016] DELIVER from=14 to=1 type=Promise { ballot: 51, accepted_ballot: None, accepted_value: None } queue_len=751
[PROMISE-TRACE] from=14 received_ballot=51 current_ballot=101 match=false
[step=2017] DELIVER from=15 to=1 type=Promise { ballot: 51, accepted_ballot: None, accepted_value: None } queue_len=750
[PROMISE-TRACE] from=15 received_ballot=51 current_ballot=101 match=false
[step=2018] DELIVER from=1 to=1 type=Prepare { ballot: 84 } queue_len=749
[step=2019] DELIVER from=1 to=2 type=Prepare { ballot: 84 } queue_len=749
[step=2020] DELIVER from=1 to=3 type=Prepare { ballot: 84 } queue_len=749
[step=2021] DELIVER from=1 to=4 type=Prepare { ballot: 84 } queue_len=749
[step=2022] DELIVER from=1 to=5 type=Prepare { ballot: 84 } queue_len=749
[step=2023] DELIVER from=1 to=6 type=Prepare { ballot: 84 } queue_len=749
[step=2024] DELIVER from=1 to=7 type=Prepare { ballot: 84 } queue_len=749
[step=2025] DELIVER from=1 to=8 type=Prepare { ballot: 84 } queue_len=749
[step=2026] DELIVER from=1 to=9 type=Prepare { ballot: 84 } queue_len=749
[step=2027] DELIVER from=1 to=10 type=Prepare { ballot: 84 } queue_len=749
[step=2028] DELIVER from=1 to=11 type=Prepare { ballot: 84 } queue_len=749
[step=2029] DELIVER from=1 to=12 type=Prepare { ballot: 84 } queue_len=749
[step=2030] DELIVER from=1 to=13 type=Prepare { ballot: 84 } queue_len=749
[step=2031] DELIVER from=1 to=14 type=Prepare { ballot: 84 } queue_len=749
[step=2032] DELIVER from=1 to=15 type=Prepare { ballot: 84 } queue_len=749
[step=2033] DELIVER from=1 to=1 type=Promise { ballot: 52, accepted_ballot: None, accepted_value: None } queue_len=749
[PROMISE-TRACE] from=1 received_ballot=52 current_ballot=101 match=false
[step=2034] DELIVER from=2 to=1 type=Promise { ballot: 52, accepted_ballot: None, accepted_value: None } queue_len=748
[PROMISE-TRACE] from=2 received_ballot=52 current_ballot=101 match=false
[step=2035] DELIVER from=3 to=1 type=Promise { ballot: 52, accepted_ballot: None, accepted_value: None } queue_len=747
[PROMISE-TRACE] from=3 received_ballot=52 current_ballot=101 match=false
[step=2036] DELIVER from=4 to=1 type=Promise { ballot: 52, accepted_ballot: None, accepted_value: None } queue_len=746
[PROMISE-TRACE] from=4 received_ballot=52 current_ballot=101 match=false
[step=2037] DELIVER from=5 to=1 type=Promise { ballot: 52, accepted_ballot: None, accepted_value: None } queue_len=745
[PROMISE-TRACE] from=5 received_ballot=52 current_ballot=101 match=false
[step=2038] DELIVER from=6 to=1 type=Promise { ballot: 52, accepted_ballot: None, accepted_value: None } queue_len=744
[PROMISE-TRACE] from=6 received_ballot=52 current_ballot=101 match=false
[step=2039] DELIVER from=7 to=1 type=Promise { ballot: 52, accepted_ballot: None, accepted_value: None } queue_len=743
[PROMISE-TRACE] from=7 received_ballot=52 current_ballot=101 match=false
[step=2040] DELIVER from=8 to=1 type=Promise { ballot: 52, accepted_ballot: None, accepted_value: None } queue_len=742
[PROMISE-TRACE] from=8 received_ballot=52 current_ballot=101 match=false
[step=2041] DELIVER from=9 to=1 type=Promise { ballot: 52, accepted_ballot: None, accepted_value: None } queue_len=741
[PROMISE-TRACE] from=9 received_ballot=52 current_ballot=101 match=false
[step=2042] DELIVER from=10 to=1 type=Promise { ballot: 52, accepted_ballot: None, accepted_value: None } queue_len=740
[PROMISE-TRACE] from=10 received_ballot=52 current_ballot=101 match=false
[step=2043] DELIVER from=11 to=1 type=Promise { ballot: 52, accepted_ballot: None, accepted_value: None } queue_len=739
[PROMISE-TRACE] from=11 received_ballot=52 current_ballot=101 match=false
[step=2044] DELIVER from=12 to=1 type=Promise { ballot: 52, accepted_ballot: None, accepted_value: None } queue_len=738
[PROMISE-TRACE] from=12 received_ballot=52 current_ballot=101 match=false
[step=2045] DELIVER from=13 to=1 type=Promise { ballot: 52, accepted_ballot: None, accepted_value: None } queue_len=737
[PROMISE-TRACE] from=13 received_ballot=52 current_ballot=101 match=false
[step=2046] DELIVER from=14 to=1 type=Promise { ballot: 52, accepted_ballot: None, accepted_value: None } queue_len=736
[PROMISE-TRACE] from=14 received_ballot=52 current_ballot=101 match=false
[step=2047] DELIVER from=15 to=1 type=Promise { ballot: 52, accepted_ballot: None, accepted_value: None } queue_len=735
[PROMISE-TRACE] from=15 received_ballot=52 current_ballot=101 match=false
[step=2048] DELIVER from=1 to=1 type=Prepare { ballot: 85 } queue_len=734
[step=2049] DELIVER from=1 to=2 type=Prepare { ballot: 85 } queue_len=734
[step=2050] DELIVER from=1 to=3 type=Prepare { ballot: 85 } queue_len=734
[step=2051] DELIVER from=1 to=4 type=Prepare { ballot: 85 } queue_len=734
[step=2052] DELIVER from=1 to=5 type=Prepare { ballot: 85 } queue_len=734
[step=2053] DELIVER from=1 to=6 type=Prepare { ballot: 85 } queue_len=734
[step=2054] DELIVER from=1 to=7 type=Prepare { ballot: 85 } queue_len=734
[step=2055] DELIVER from=1 to=8 type=Prepare { ballot: 85 } queue_len=734
[step=2056] DELIVER from=1 to=9 type=Prepare { ballot: 85 } queue_len=734
[step=2057] DELIVER from=1 to=10 type=Prepare { ballot: 85 } queue_len=734
[step=2058] DELIVER from=1 to=11 type=Prepare { ballot: 85 } queue_len=734
[step=2059] DELIVER from=1 to=12 type=Prepare { ballot: 85 } queue_len=734
[step=2060] DELIVER from=1 to=13 type=Prepare { ballot: 85 } queue_len=734
[step=2061] DELIVER from=1 to=14 type=Prepare { ballot: 85 } queue_len=734
[step=2062] DELIVER from=1 to=15 type=Prepare { ballot: 85 } queue_len=734
[step=2063] DELIVER from=1 to=1 type=Promise { ballot: 53, accepted_ballot: None, accepted_value: None } queue_len=734
[PROMISE-TRACE] from=1 received_ballot=53 current_ballot=101 match=false
[step=2064] DELIVER from=2 to=1 type=Promise { ballot: 53, accepted_ballot: None, accepted_value: None } queue_len=733
[PROMISE-TRACE] from=2 received_ballot=53 current_ballot=101 match=false
[step=2065] DELIVER from=3 to=1 type=Promise { ballot: 53, accepted_ballot: None, accepted_value: None } queue_len=732
[PROMISE-TRACE] from=3 received_ballot=53 current_ballot=101 match=false
[step=2066] DELIVER from=4 to=1 type=Promise { ballot: 53, accepted_ballot: None, accepted_value: None } queue_len=731
[PROMISE-TRACE] from=4 received_ballot=53 current_ballot=101 match=false
[step=2067] DELIVER from=5 to=1 type=Promise { ballot: 53, accepted_ballot: None, accepted_value: None } queue_len=730
[PROMISE-TRACE] from=5 received_ballot=53 current_ballot=101 match=false
[step=2068] DELIVER from=6 to=1 type=Promise { ballot: 53, accepted_ballot: None, accepted_value: None } queue_len=729
[PROMISE-TRACE] from=6 received_ballot=53 current_ballot=101 match=false
[step=2069] DELIVER from=7 to=1 type=Promise { ballot: 53, accepted_ballot: None, accepted_value: None } queue_len=728
[PROMISE-TRACE] from=7 received_ballot=53 current_ballot=101 match=false
[step=2070] DELIVER from=1 to=1 type=Prepare { ballot: 86 } queue_len=727
[step=2071] DELIVER from=1 to=2 type=Prepare { ballot: 86 } queue_len=727
[step=2072] DELIVER from=1 to=3 type=Prepare { ballot: 86 } queue_len=727
[step=2073] DELIVER from=1 to=4 type=Prepare { ballot: 86 } queue_len=727
[step=2074] DELIVER from=1 to=5 type=Prepare { ballot: 86 } queue_len=727
[step=2075] DELIVER from=1 to=6 type=Prepare { ballot: 86 } queue_len=727
[step=2076] DELIVER from=1 to=7 type=Prepare { ballot: 86 } queue_len=727
[step=2077] DELIVER from=1 to=8 type=Prepare { ballot: 86 } queue_len=727
[step=2078] DELIVER from=1 to=9 type=Prepare { ballot: 86 } queue_len=727
[step=2079] DELIVER from=1 to=10 type=Prepare { ballot: 86 } queue_len=727
[step=2080] DELIVER from=1 to=11 type=Prepare { ballot: 86 } queue_len=727
[step=2081] DELIVER from=1 to=12 type=Prepare { ballot: 86 } queue_len=727
[step=2082] DELIVER from=1 to=13 type=Prepare { ballot: 86 } queue_len=727
[step=2083] DELIVER from=1 to=14 type=Prepare { ballot: 86 } queue_len=727
[step=2084] DELIVER from=1 to=15 type=Prepare { ballot: 86 } queue_len=727
[step=2085] DELIVER from=8 to=1 type=Promise { ballot: 53, accepted_ballot: None, accepted_value: None } queue_len=727
[PROMISE-TRACE] from=8 received_ballot=53 current_ballot=101 match=false
[step=2086] DELIVER from=9 to=1 type=Promise { ballot: 53, accepted_ballot: None, accepted_value: None } queue_len=726
[PROMISE-TRACE] from=9 received_ballot=53 current_ballot=101 match=false
[step=2087] DELIVER from=10 to=1 type=Promise { ballot: 53, accepted_ballot: None, accepted_value: None } queue_len=725
[PROMISE-TRACE] from=10 received_ballot=53 current_ballot=101 match=false
[step=2088] DELIVER from=11 to=1 type=Promise { ballot: 53, accepted_ballot: None, accepted_value: None } queue_len=724
[PROMISE-TRACE] from=11 received_ballot=53 current_ballot=101 match=false
[step=2089] DELIVER from=12 to=1 type=Promise { ballot: 53, accepted_ballot: None, accepted_value: None } queue_len=723
[PROMISE-TRACE] from=12 received_ballot=53 current_ballot=101 match=false
[step=2090] DELIVER from=13 to=1 type=Promise { ballot: 53, accepted_ballot: None, accepted_value: None } queue_len=722
[PROMISE-TRACE] from=13 received_ballot=53 current_ballot=101 match=false
[step=2091] DELIVER from=14 to=1 type=Promise { ballot: 53, accepted_ballot: None, accepted_value: None } queue_len=721
[PROMISE-TRACE] from=14 received_ballot=53 current_ballot=101 match=false
[step=2092] DELIVER from=15 to=1 type=Promise { ballot: 53, accepted_ballot: None, accepted_value: None } queue_len=720
[PROMISE-TRACE] from=15 received_ballot=53 current_ballot=101 match=false
[step=2093] DELIVER from=1 to=1 type=Prepare { ballot: 87 } queue_len=719
[step=2094] DELIVER from=1 to=2 type=Prepare { ballot: 87 } queue_len=719
[step=2095] DELIVER from=1 to=3 type=Prepare { ballot: 87 } queue_len=719
[step=2096] DELIVER from=1 to=4 type=Prepare { ballot: 87 } queue_len=719
[step=2097] DELIVER from=1 to=5 type=Prepare { ballot: 87 } queue_len=719
[step=2098] DELIVER from=1 to=6 type=Prepare { ballot: 87 } queue_len=719
[step=2099] DELIVER from=1 to=7 type=Prepare { ballot: 87 } queue_len=719
[step=2100] DELIVER from=1 to=8 type=Prepare { ballot: 87 } queue_len=719
[step=2101] DELIVER from=1 to=9 type=Prepare { ballot: 87 } queue_len=719
[step=2102] DELIVER from=1 to=10 type=Prepare { ballot: 87 } queue_len=719
[step=2103] DELIVER from=1 to=11 type=Prepare { ballot: 87 } queue_len=719
[step=2104] DELIVER from=1 to=12 type=Prepare { ballot: 87 } queue_len=719
[step=2105] DELIVER from=1 to=13 type=Prepare { ballot: 87 } queue_len=719
[step=2106] DELIVER from=1 to=14 type=Prepare { ballot: 87 } queue_len=719
[step=2107] DELIVER from=1 to=15 type=Prepare { ballot: 87 } queue_len=719
[step=2108] DELIVER from=1 to=1 type=Promise { ballot: 54, accepted_ballot: None, accepted_value: None } queue_len=719
[PROMISE-TRACE] from=1 received_ballot=54 current_ballot=101 match=false
[step=2109] DELIVER from=2 to=1 type=Promise { ballot: 54, accepted_ballot: None, accepted_value: None } queue_len=718
[PROMISE-TRACE] from=2 received_ballot=54 current_ballot=101 match=false
[step=2110] DELIVER from=3 to=1 type=Promise { ballot: 54, accepted_ballot: None, accepted_value: None } queue_len=717
[PROMISE-TRACE] from=3 received_ballot=54 current_ballot=101 match=false
[step=2111] DELIVER from=4 to=1 type=Promise { ballot: 54, accepted_ballot: None, accepted_value: None } queue_len=716
[PROMISE-TRACE] from=4 received_ballot=54 current_ballot=101 match=false
[step=2112] DELIVER from=5 to=1 type=Promise { ballot: 54, accepted_ballot: None, accepted_value: None } queue_len=715
[PROMISE-TRACE] from=5 received_ballot=54 current_ballot=101 match=false
[step=2113] DELIVER from=6 to=1 type=Promise { ballot: 54, accepted_ballot: None, accepted_value: None } queue_len=714
[PROMISE-TRACE] from=6 received_ballot=54 current_ballot=101 match=false
[step=2114] DELIVER from=7 to=1 type=Promise { ballot: 54, accepted_ballot: None, accepted_value: None } queue_len=713
[PROMISE-TRACE] from=7 received_ballot=54 current_ballot=101 match=false
[step=2115] DELIVER from=8 to=1 type=Promise { ballot: 54, accepted_ballot: None, accepted_value: None } queue_len=712
[PROMISE-TRACE] from=8 received_ballot=54 current_ballot=101 match=false
[step=2116] DELIVER from=9 to=1 type=Promise { ballot: 54, accepted_ballot: None, accepted_value: None } queue_len=711
[PROMISE-TRACE] from=9 received_ballot=54 current_ballot=101 match=false
[step=2117] DELIVER from=10 to=1 type=Promise { ballot: 54, accepted_ballot: None, accepted_value: None } queue_len=710
[PROMISE-TRACE] from=10 received_ballot=54 current_ballot=101 match=false
[step=2118] DELIVER from=11 to=1 type=Promise { ballot: 54, accepted_ballot: None, accepted_value: None } queue_len=709
[PROMISE-TRACE] from=11 received_ballot=54 current_ballot=101 match=false
[step=2119] DELIVER from=12 to=1 type=Promise { ballot: 54, accepted_ballot: None, accepted_value: None } queue_len=708
[PROMISE-TRACE] from=12 received_ballot=54 current_ballot=101 match=false
[step=2120] DELIVER from=1 to=1 type=Prepare { ballot: 88 } queue_len=707
[step=2121] DELIVER from=1 to=2 type=Prepare { ballot: 88 } queue_len=707
[step=2122] DELIVER from=1 to=3 type=Prepare { ballot: 88 } queue_len=707
[step=2123] DELIVER from=1 to=4 type=Prepare { ballot: 88 } queue_len=707
[step=2124] DELIVER from=1 to=5 type=Prepare { ballot: 88 } queue_len=707
[step=2125] DELIVER from=1 to=6 type=Prepare { ballot: 88 } queue_len=707
[step=2126] DELIVER from=1 to=7 type=Prepare { ballot: 88 } queue_len=707
[step=2127] DELIVER from=1 to=8 type=Prepare { ballot: 88 } queue_len=707
[step=2128] DELIVER from=1 to=9 type=Prepare { ballot: 88 } queue_len=707
[step=2129] DELIVER from=1 to=10 type=Prepare { ballot: 88 } queue_len=707
[step=2130] DELIVER from=1 to=11 type=Prepare { ballot: 88 } queue_len=707
[step=2131] DELIVER from=1 to=12 type=Prepare { ballot: 88 } queue_len=707
[step=2132] DELIVER from=1 to=13 type=Prepare { ballot: 88 } queue_len=707
[step=2133] DELIVER from=1 to=14 type=Prepare { ballot: 88 } queue_len=707
[step=2134] DELIVER from=1 to=15 type=Prepare { ballot: 88 } queue_len=707
[step=2135] DELIVER from=13 to=1 type=Promise { ballot: 54, accepted_ballot: None, accepted_value: None } queue_len=707
[PROMISE-TRACE] from=13 received_ballot=54 current_ballot=101 match=false
[step=2136] DELIVER from=14 to=1 type=Promise { ballot: 54, accepted_ballot: None, accepted_value: None } queue_len=706
[PROMISE-TRACE] from=14 received_ballot=54 current_ballot=101 match=false
[step=2137] DELIVER from=15 to=1 type=Promise { ballot: 54, accepted_ballot: None, accepted_value: None } queue_len=705
[PROMISE-TRACE] from=15 received_ballot=54 current_ballot=101 match=false
[step=2138] DELIVER from=1 to=1 type=Promise { ballot: 55, accepted_ballot: None, accepted_value: None } queue_len=704
[PROMISE-TRACE] from=1 received_ballot=55 current_ballot=101 match=false
[step=2139] DELIVER from=2 to=1 type=Promise { ballot: 55, accepted_ballot: None, accepted_value: None } queue_len=703
[PROMISE-TRACE] from=2 received_ballot=55 current_ballot=101 match=false
[step=2140] DELIVER from=3 to=1 type=Promise { ballot: 55, accepted_ballot: None, accepted_value: None } queue_len=702
[PROMISE-TRACE] from=3 received_ballot=55 current_ballot=101 match=false
[step=2141] DELIVER from=4 to=1 type=Promise { ballot: 55, accepted_ballot: None, accepted_value: None } queue_len=701
[PROMISE-TRACE] from=4 received_ballot=55 current_ballot=101 match=false
[step=2142] DELIVER from=5 to=1 type=Promise { ballot: 55, accepted_ballot: None, accepted_value: None } queue_len=700
[PROMISE-TRACE] from=5 received_ballot=55 current_ballot=101 match=false
[step=2143] DELIVER from=6 to=1 type=Promise { ballot: 55, accepted_ballot: None, accepted_value: None } queue_len=699
[PROMISE-TRACE] from=6 received_ballot=55 current_ballot=101 match=false
[step=2144] DELIVER from=7 to=1 type=Promise { ballot: 55, accepted_ballot: None, accepted_value: None } queue_len=698
[PROMISE-TRACE] from=7 received_ballot=55 current_ballot=101 match=false
[step=2145] DELIVER from=1 to=1 type=Prepare { ballot: 89 } queue_len=697
[step=2146] DELIVER from=1 to=2 type=Prepare { ballot: 89 } queue_len=697
[step=2147] DELIVER from=1 to=3 type=Prepare { ballot: 89 } queue_len=697
[step=2148] DELIVER from=1 to=4 type=Prepare { ballot: 89 } queue_len=697
[step=2149] DELIVER from=1 to=5 type=Prepare { ballot: 89 } queue_len=697
[step=2150] DELIVER from=1 to=6 type=Prepare { ballot: 89 } queue_len=697
[step=2151] DELIVER from=1 to=7 type=Prepare { ballot: 89 } queue_len=697
[step=2152] DELIVER from=1 to=8 type=Prepare { ballot: 89 } queue_len=697
[step=2153] DELIVER from=1 to=9 type=Prepare { ballot: 89 } queue_len=697
[step=2154] DELIVER from=1 to=10 type=Prepare { ballot: 89 } queue_len=697
[step=2155] DELIVER from=1 to=11 type=Prepare { ballot: 89 } queue_len=697
[step=2156] DELIVER from=1 to=12 type=Prepare { ballot: 89 } queue_len=697
[step=2157] DELIVER from=1 to=13 type=Prepare { ballot: 89 } queue_len=697
[step=2158] DELIVER from=1 to=14 type=Prepare { ballot: 89 } queue_len=697
[step=2159] DELIVER from=1 to=15 type=Prepare { ballot: 89 } queue_len=697
[step=2160] DELIVER from=8 to=1 type=Promise { ballot: 55, accepted_ballot: None, accepted_value: None } queue_len=697
[PROMISE-TRACE] from=8 received_ballot=55 current_ballot=101 match=false
[step=2161] DELIVER from=9 to=1 type=Promise { ballot: 55, accepted_ballot: None, accepted_value: None } queue_len=696
[PROMISE-TRACE] from=9 received_ballot=55 current_ballot=101 match=false
[step=2162] DELIVER from=10 to=1 type=Promise { ballot: 55, accepted_ballot: None, accepted_value: None } queue_len=695
[PROMISE-TRACE] from=10 received_ballot=55 current_ballot=101 match=false
[step=2163] DELIVER from=11 to=1 type=Promise { ballot: 55, accepted_ballot: None, accepted_value: None } queue_len=694
[PROMISE-TRACE] from=11 received_ballot=55 current_ballot=101 match=false
[step=2164] DELIVER from=12 to=1 type=Promise { ballot: 55, accepted_ballot: None, accepted_value: None } queue_len=693
[PROMISE-TRACE] from=12 received_ballot=55 current_ballot=101 match=false
[step=2165] DELIVER from=13 to=1 type=Promise { ballot: 55, accepted_ballot: None, accepted_value: None } queue_len=692
[PROMISE-TRACE] from=13 received_ballot=55 current_ballot=101 match=false
[step=2166] DELIVER from=14 to=1 type=Promise { ballot: 55, accepted_ballot: None, accepted_value: None } queue_len=691
[PROMISE-TRACE] from=14 received_ballot=55 current_ballot=101 match=false
[step=2167] DELIVER from=15 to=1 type=Promise { ballot: 55, accepted_ballot: None, accepted_value: None } queue_len=690
[PROMISE-TRACE] from=15 received_ballot=55 current_ballot=101 match=false
[step=2168] DELIVER from=1 to=1 type=Prepare { ballot: 90 } queue_len=689
[step=2169] DELIVER from=1 to=2 type=Prepare { ballot: 90 } queue_len=689
[step=2170] DELIVER from=1 to=3 type=Prepare { ballot: 90 } queue_len=689
[step=2171] DELIVER from=1 to=4 type=Prepare { ballot: 90 } queue_len=689
[step=2172] DELIVER from=1 to=5 type=Prepare { ballot: 90 } queue_len=689
[step=2173] DELIVER from=1 to=6 type=Prepare { ballot: 90 } queue_len=689
[step=2174] DELIVER from=1 to=7 type=Prepare { ballot: 90 } queue_len=689
[step=2175] DELIVER from=1 to=8 type=Prepare { ballot: 90 } queue_len=689
[step=2176] DELIVER from=1 to=9 type=Prepare { ballot: 90 } queue_len=689
[step=2177] DELIVER from=1 to=10 type=Prepare { ballot: 90 } queue_len=689
[step=2178] DELIVER from=1 to=11 type=Prepare { ballot: 90 } queue_len=689
[step=2179] DELIVER from=1 to=12 type=Prepare { ballot: 90 } queue_len=689
[step=2180] DELIVER from=1 to=13 type=Prepare { ballot: 90 } queue_len=689
[step=2181] DELIVER from=1 to=14 type=Prepare { ballot: 90 } queue_len=689
[step=2182] DELIVER from=1 to=15 type=Prepare { ballot: 90 } queue_len=689
[step=2183] DELIVER from=1 to=1 type=Promise { ballot: 56, accepted_ballot: None, accepted_value: None } queue_len=689
[PROMISE-TRACE] from=1 received_ballot=56 current_ballot=101 match=false
[step=2184] DELIVER from=2 to=1 type=Promise { ballot: 56, accepted_ballot: None, accepted_value: None } queue_len=688
[PROMISE-TRACE] from=2 received_ballot=56 current_ballot=101 match=false
[step=2185] DELIVER from=3 to=1 type=Promise { ballot: 56, accepted_ballot: None, accepted_value: None } queue_len=687
[PROMISE-TRACE] from=3 received_ballot=56 current_ballot=101 match=false
[step=2186] DELIVER from=4 to=1 type=Promise { ballot: 56, accepted_ballot: None, accepted_value: None } queue_len=686
[PROMISE-TRACE] from=4 received_ballot=56 current_ballot=101 match=false
[step=2187] DELIVER from=5 to=1 type=Promise { ballot: 56, accepted_ballot: None, accepted_value: None } queue_len=685
[PROMISE-TRACE] from=5 received_ballot=56 current_ballot=101 match=false
[step=2188] DELIVER from=6 to=1 type=Promise { ballot: 56, accepted_ballot: None, accepted_value: None } queue_len=684
[PROMISE-TRACE] from=6 received_ballot=56 current_ballot=101 match=false
[step=2189] DELIVER from=7 to=1 type=Promise { ballot: 56, accepted_ballot: None, accepted_value: None } queue_len=683
[PROMISE-TRACE] from=7 received_ballot=56 current_ballot=101 match=false
[step=2190] DELIVER from=1 to=1 type=Prepare { ballot: 91 } queue_len=682
[step=2191] DELIVER from=1 to=2 type=Prepare { ballot: 91 } queue_len=682
[step=2192] DELIVER from=1 to=3 type=Prepare { ballot: 91 } queue_len=682
[step=2193] DELIVER from=1 to=4 type=Prepare { ballot: 91 } queue_len=682
[step=2194] DELIVER from=1 to=5 type=Prepare { ballot: 91 } queue_len=682
[step=2195] DELIVER from=1 to=6 type=Prepare { ballot: 91 } queue_len=682
[step=2196] DELIVER from=1 to=7 type=Prepare { ballot: 91 } queue_len=682
[step=2197] DELIVER from=1 to=8 type=Prepare { ballot: 91 } queue_len=682
[step=2198] DELIVER from=1 to=9 type=Prepare { ballot: 91 } queue_len=682
[step=2199] DELIVER from=1 to=10 type=Prepare { ballot: 91 } queue_len=682
[step=2200] DELIVER from=1 to=11 type=Prepare { ballot: 91 } queue_len=682
[step=2201] DELIVER from=1 to=12 type=Prepare { ballot: 91 } queue_len=682
[step=2202] DELIVER from=1 to=13 type=Prepare { ballot: 91 } queue_len=682
[step=2203] DELIVER from=1 to=14 type=Prepare { ballot: 91 } queue_len=682
[step=2204] DELIVER from=1 to=15 type=Prepare { ballot: 91 } queue_len=682
[step=2205] DELIVER from=8 to=1 type=Promise { ballot: 56, accepted_ballot: None, accepted_value: None } queue_len=682
[PROMISE-TRACE] from=8 received_ballot=56 current_ballot=101 match=false
[step=2206] DELIVER from=9 to=1 type=Promise { ballot: 56, accepted_ballot: None, accepted_value: None } queue_len=681
[PROMISE-TRACE] from=9 received_ballot=56 current_ballot=101 match=false
[step=2207] DELIVER from=10 to=1 type=Promise { ballot: 56, accepted_ballot: None, accepted_value: None } queue_len=680
[PROMISE-TRACE] from=10 received_ballot=56 current_ballot=101 match=false
[step=2208] DELIVER from=11 to=1 type=Promise { ballot: 56, accepted_ballot: None, accepted_value: None } queue_len=679
[PROMISE-TRACE] from=11 received_ballot=56 current_ballot=101 match=false
[step=2209] DELIVER from=12 to=1 type=Promise { ballot: 56, accepted_ballot: None, accepted_value: None } queue_len=678
[PROMISE-TRACE] from=12 received_ballot=56 current_ballot=101 match=false
[step=2210] DELIVER from=13 to=1 type=Promise { ballot: 56, accepted_ballot: None, accepted_value: None } queue_len=677
[PROMISE-TRACE] from=13 received_ballot=56 current_ballot=101 match=false
[step=2211] DELIVER from=14 to=1 type=Promise { ballot: 56, accepted_ballot: None, accepted_value: None } queue_len=676
[PROMISE-TRACE] from=14 received_ballot=56 current_ballot=101 match=false
[step=2212] DELIVER from=15 to=1 type=Promise { ballot: 56, accepted_ballot: None, accepted_value: None } queue_len=675
[PROMISE-TRACE] from=15 received_ballot=56 current_ballot=101 match=false
[step=2213] DELIVER from=1 to=1 type=Prepare { ballot: 92 } queue_len=674
[step=2214] DELIVER from=1 to=2 type=Prepare { ballot: 92 } queue_len=674
[step=2215] DELIVER from=1 to=3 type=Prepare { ballot: 92 } queue_len=674
[step=2216] DELIVER from=1 to=4 type=Prepare { ballot: 92 } queue_len=674
[step=2217] DELIVER from=1 to=5 type=Prepare { ballot: 92 } queue_len=674
[step=2218] DELIVER from=1 to=6 type=Prepare { ballot: 92 } queue_len=674
[step=2219] DELIVER from=1 to=7 type=Prepare { ballot: 92 } queue_len=674
[step=2220] DELIVER from=1 to=8 type=Prepare { ballot: 92 } queue_len=674
[step=2221] DELIVER from=1 to=9 type=Prepare { ballot: 92 } queue_len=674
[step=2222] DELIVER from=1 to=10 type=Prepare { ballot: 92 } queue_len=674
[step=2223] DELIVER from=1 to=11 type=Prepare { ballot: 92 } queue_len=674
[step=2224] DELIVER from=1 to=12 type=Prepare { ballot: 92 } queue_len=674
[step=2225] DELIVER from=1 to=13 type=Prepare { ballot: 92 } queue_len=674
[step=2226] DELIVER from=1 to=14 type=Prepare { ballot: 92 } queue_len=674
[step=2227] DELIVER from=1 to=15 type=Prepare { ballot: 92 } queue_len=674
[step=2228] DELIVER from=1 to=1 type=Promise { ballot: 57, accepted_ballot: None, accepted_value: None } queue_len=674
[PROMISE-TRACE] from=1 received_ballot=57 current_ballot=101 match=false
[step=2229] DELIVER from=2 to=1 type=Promise { ballot: 57, accepted_ballot: None, accepted_value: None } queue_len=673
[PROMISE-TRACE] from=2 received_ballot=57 current_ballot=101 match=false
[step=2230] DELIVER from=3 to=1 type=Promise { ballot: 57, accepted_ballot: None, accepted_value: None } queue_len=672
[PROMISE-TRACE] from=3 received_ballot=57 current_ballot=101 match=false
[step=2231] DELIVER from=4 to=1 type=Promise { ballot: 57, accepted_ballot: None, accepted_value: None } queue_len=671
[PROMISE-TRACE] from=4 received_ballot=57 current_ballot=101 match=false
[step=2232] DELIVER from=5 to=1 type=Promise { ballot: 57, accepted_ballot: None, accepted_value: None } queue_len=670
[PROMISE-TRACE] from=5 received_ballot=57 current_ballot=101 match=false
[step=2233] DELIVER from=6 to=1 type=Promise { ballot: 57, accepted_ballot: None, accepted_value: None } queue_len=669
[PROMISE-TRACE] from=6 received_ballot=57 current_ballot=101 match=false
[step=2234] DELIVER from=7 to=1 type=Promise { ballot: 57, accepted_ballot: None, accepted_value: None } queue_len=668
[PROMISE-TRACE] from=7 received_ballot=57 current_ballot=101 match=false
[step=2235] DELIVER from=8 to=1 type=Promise { ballot: 57, accepted_ballot: None, accepted_value: None } queue_len=667
[PROMISE-TRACE] from=8 received_ballot=57 current_ballot=101 match=false
[step=2236] DELIVER from=9 to=1 type=Promise { ballot: 57, accepted_ballot: None, accepted_value: None } queue_len=666
[PROMISE-TRACE] from=9 received_ballot=57 current_ballot=101 match=false
[step=2237] DELIVER from=10 to=1 type=Promise { ballot: 57, accepted_ballot: None, accepted_value: None } queue_len=665
[PROMISE-TRACE] from=10 received_ballot=57 current_ballot=101 match=false
[step=2238] DELIVER from=11 to=1 type=Promise { ballot: 57, accepted_ballot: None, accepted_value: None } queue_len=664
[PROMISE-TRACE] from=11 received_ballot=57 current_ballot=101 match=false
[step=2239] DELIVER from=12 to=1 type=Promise { ballot: 57, accepted_ballot: None, accepted_value: None } queue_len=663
[PROMISE-TRACE] from=12 received_ballot=57 current_ballot=101 match=false
[step=2240] DELIVER from=13 to=1 type=Promise { ballot: 57, accepted_ballot: None, accepted_value: None } queue_len=662
[PROMISE-TRACE] from=13 received_ballot=57 current_ballot=101 match=false
[step=2241] DELIVER from=14 to=1 type=Promise { ballot: 57, accepted_ballot: None, accepted_value: None } queue_len=661
[PROMISE-TRACE] from=14 received_ballot=57 current_ballot=101 match=false
[step=2242] DELIVER from=15 to=1 type=Promise { ballot: 57, accepted_ballot: None, accepted_value: None } queue_len=660
[PROMISE-TRACE] from=15 received_ballot=57 current_ballot=101 match=false
[step=2243] DELIVER from=1 to=1 type=Prepare { ballot: 93 } queue_len=659
[step=2244] DELIVER from=1 to=2 type=Prepare { ballot: 93 } queue_len=659
[step=2245] DELIVER from=1 to=3 type=Prepare { ballot: 93 } queue_len=659
[step=2246] DELIVER from=1 to=4 type=Prepare { ballot: 93 } queue_len=659
[step=2247] DELIVER from=1 to=5 type=Prepare { ballot: 93 } queue_len=659
[step=2248] DELIVER from=1 to=6 type=Prepare { ballot: 93 } queue_len=659
[step=2249] DELIVER from=1 to=7 type=Prepare { ballot: 93 } queue_len=659
[step=2250] DELIVER from=1 to=8 type=Prepare { ballot: 93 } queue_len=659
[step=2251] DELIVER from=1 to=9 type=Prepare { ballot: 93 } queue_len=659
[step=2252] DELIVER from=1 to=10 type=Prepare { ballot: 93 } queue_len=659
[step=2253] DELIVER from=1 to=11 type=Prepare { ballot: 93 } queue_len=659
[step=2254] DELIVER from=1 to=12 type=Prepare { ballot: 93 } queue_len=659
[step=2255] DELIVER from=1 to=13 type=Prepare { ballot: 93 } queue_len=659
[step=2256] DELIVER from=1 to=14 type=Prepare { ballot: 93 } queue_len=659
[step=2257] DELIVER from=1 to=15 type=Prepare { ballot: 93 } queue_len=659
[step=2258] DELIVER from=1 to=1 type=Promise { ballot: 58, accepted_ballot: None, accepted_value: None } queue_len=659
[PROMISE-TRACE] from=1 received_ballot=58 current_ballot=101 match=false
[step=2259] DELIVER from=2 to=1 type=Promise { ballot: 58, accepted_ballot: None, accepted_value: None } queue_len=658
[PROMISE-TRACE] from=2 received_ballot=58 current_ballot=101 match=false
[step=2260] DELIVER from=3 to=1 type=Promise { ballot: 58, accepted_ballot: None, accepted_value: None } queue_len=657
[PROMISE-TRACE] from=3 received_ballot=58 current_ballot=101 match=false
[step=2261] DELIVER from=4 to=1 type=Promise { ballot: 58, accepted_ballot: None, accepted_value: None } queue_len=656
[PROMISE-TRACE] from=4 received_ballot=58 current_ballot=101 match=false
[step=2262] DELIVER from=5 to=1 type=Promise { ballot: 58, accepted_ballot: None, accepted_value: None } queue_len=655
[PROMISE-TRACE] from=5 received_ballot=58 current_ballot=101 match=false
[step=2263] DELIVER from=6 to=1 type=Promise { ballot: 58, accepted_ballot: None, accepted_value: None } queue_len=654
[PROMISE-TRACE] from=6 received_ballot=58 current_ballot=101 match=false
[step=2264] DELIVER from=7 to=1 type=Promise { ballot: 58, accepted_ballot: None, accepted_value: None } queue_len=653
[PROMISE-TRACE] from=7 received_ballot=58 current_ballot=101 match=false
[step=2265] DELIVER from=1 to=1 type=Prepare { ballot: 94 } queue_len=652
[step=2266] DELIVER from=1 to=2 type=Prepare { ballot: 94 } queue_len=652
[step=2267] DELIVER from=1 to=3 type=Prepare { ballot: 94 } queue_len=652
[step=2268] DELIVER from=1 to=4 type=Prepare { ballot: 94 } queue_len=652
[step=2269] DELIVER from=1 to=5 type=Prepare { ballot: 94 } queue_len=652
[step=2270] DELIVER from=1 to=6 type=Prepare { ballot: 94 } queue_len=652
[step=2271] DELIVER from=1 to=7 type=Prepare { ballot: 94 } queue_len=652
[step=2272] DELIVER from=1 to=8 type=Prepare { ballot: 94 } queue_len=652
[step=2273] DELIVER from=1 to=9 type=Prepare { ballot: 94 } queue_len=652
[step=2274] DELIVER from=1 to=10 type=Prepare { ballot: 94 } queue_len=652
[step=2275] DELIVER from=1 to=11 type=Prepare { ballot: 94 } queue_len=652
[step=2276] DELIVER from=1 to=12 type=Prepare { ballot: 94 } queue_len=652
[step=2277] DELIVER from=1 to=13 type=Prepare { ballot: 94 } queue_len=652
[step=2278] DELIVER from=1 to=14 type=Prepare { ballot: 94 } queue_len=652
[step=2279] DELIVER from=1 to=15 type=Prepare { ballot: 94 } queue_len=652
[step=2280] DELIVER from=8 to=1 type=Promise { ballot: 58, accepted_ballot: None, accepted_value: None } queue_len=652
[PROMISE-TRACE] from=8 received_ballot=58 current_ballot=101 match=false
[step=2281] DELIVER from=9 to=1 type=Promise { ballot: 58, accepted_ballot: None, accepted_value: None } queue_len=651
[PROMISE-TRACE] from=9 received_ballot=58 current_ballot=101 match=false
[step=2282] DELIVER from=10 to=1 type=Promise { ballot: 58, accepted_ballot: None, accepted_value: None } queue_len=650
[PROMISE-TRACE] from=10 received_ballot=58 current_ballot=101 match=false
[step=2283] DELIVER from=11 to=1 type=Promise { ballot: 58, accepted_ballot: None, accepted_value: None } queue_len=649
[PROMISE-TRACE] from=11 received_ballot=58 current_ballot=101 match=false
[step=2284] DELIVER from=12 to=1 type=Promise { ballot: 58, accepted_ballot: None, accepted_value: None } queue_len=648
[PROMISE-TRACE] from=12 received_ballot=58 current_ballot=101 match=false
[step=2285] DELIVER from=13 to=1 type=Promise { ballot: 58, accepted_ballot: None, accepted_value: None } queue_len=647
[PROMISE-TRACE] from=13 received_ballot=58 current_ballot=101 match=false
[step=2286] DELIVER from=14 to=1 type=Promise { ballot: 58, accepted_ballot: None, accepted_value: None } queue_len=646
[PROMISE-TRACE] from=14 received_ballot=58 current_ballot=101 match=false
[step=2287] DELIVER from=15 to=1 type=Promise { ballot: 58, accepted_ballot: None, accepted_value: None } queue_len=645
[PROMISE-TRACE] from=15 received_ballot=58 current_ballot=101 match=false
[step=2288] DELIVER from=1 to=1 type=Prepare { ballot: 95 } queue_len=644
[step=2289] DELIVER from=1 to=2 type=Prepare { ballot: 95 } queue_len=644
[step=2290] DELIVER from=1 to=3 type=Prepare { ballot: 95 } queue_len=644
[step=2291] DELIVER from=1 to=4 type=Prepare { ballot: 95 } queue_len=644
[step=2292] DELIVER from=1 to=5 type=Prepare { ballot: 95 } queue_len=644
[step=2293] DELIVER from=1 to=6 type=Prepare { ballot: 95 } queue_len=644
[step=2294] DELIVER from=1 to=7 type=Prepare { ballot: 95 } queue_len=644
[step=2295] DELIVER from=1 to=8 type=Prepare { ballot: 95 } queue_len=644
[step=2296] DELIVER from=1 to=9 type=Prepare { ballot: 95 } queue_len=644
[step=2297] DELIVER from=1 to=10 type=Prepare { ballot: 95 } queue_len=644
[step=2298] DELIVER from=1 to=11 type=Prepare { ballot: 95 } queue_len=644
[step=2299] DELIVER from=1 to=12 type=Prepare { ballot: 95 } queue_len=644
[step=2300] DELIVER from=1 to=13 type=Prepare { ballot: 95 } queue_len=644
[step=2301] DELIVER from=1 to=14 type=Prepare { ballot: 95 } queue_len=644
[step=2302] DELIVER from=1 to=15 type=Prepare { ballot: 95 } queue_len=644
[step=2303] DELIVER from=1 to=1 type=Promise { ballot: 59, accepted_ballot: None, accepted_value: None } queue_len=644
[PROMISE-TRACE] from=1 received_ballot=59 current_ballot=101 match=false
[step=2304] DELIVER from=2 to=1 type=Promise { ballot: 59, accepted_ballot: None, accepted_value: None } queue_len=643
[PROMISE-TRACE] from=2 received_ballot=59 current_ballot=101 match=false
[step=2305] DELIVER from=3 to=1 type=Promise { ballot: 59, accepted_ballot: None, accepted_value: None } queue_len=642
[PROMISE-TRACE] from=3 received_ballot=59 current_ballot=101 match=false
[step=2306] DELIVER from=4 to=1 type=Promise { ballot: 59, accepted_ballot: None, accepted_value: None } queue_len=641
[PROMISE-TRACE] from=4 received_ballot=59 current_ballot=101 match=false
[step=2307] DELIVER from=5 to=1 type=Promise { ballot: 59, accepted_ballot: None, accepted_value: None } queue_len=640
[PROMISE-TRACE] from=5 received_ballot=59 current_ballot=101 match=false
[step=2308] DELIVER from=6 to=1 type=Promise { ballot: 59, accepted_ballot: None, accepted_value: None } queue_len=639
[PROMISE-TRACE] from=6 received_ballot=59 current_ballot=101 match=false
[step=2309] DELIVER from=7 to=1 type=Promise { ballot: 59, accepted_ballot: None, accepted_value: None } queue_len=638
[PROMISE-TRACE] from=7 received_ballot=59 current_ballot=101 match=false
[step=2310] DELIVER from=1 to=1 type=Prepare { ballot: 96 } queue_len=637
[step=2311] DELIVER from=1 to=2 type=Prepare { ballot: 96 } queue_len=637
[step=2312] DELIVER from=1 to=3 type=Prepare { ballot: 96 } queue_len=637
[step=2313] DELIVER from=1 to=4 type=Prepare { ballot: 96 } queue_len=637
[step=2314] DELIVER from=1 to=5 type=Prepare { ballot: 96 } queue_len=637
[step=2315] DELIVER from=1 to=6 type=Prepare { ballot: 96 } queue_len=637
[step=2316] DELIVER from=1 to=7 type=Prepare { ballot: 96 } queue_len=637
[step=2317] DELIVER from=1 to=8 type=Prepare { ballot: 96 } queue_len=637
[step=2318] DELIVER from=1 to=9 type=Prepare { ballot: 96 } queue_len=637
[step=2319] DELIVER from=1 to=10 type=Prepare { ballot: 96 } queue_len=637
[step=2320] DELIVER from=1 to=11 type=Prepare { ballot: 96 } queue_len=637
[step=2321] DELIVER from=1 to=12 type=Prepare { ballot: 96 } queue_len=637
[step=2322] DELIVER from=1 to=13 type=Prepare { ballot: 96 } queue_len=637
[step=2323] DELIVER from=1 to=14 type=Prepare { ballot: 96 } queue_len=637
[step=2324] DELIVER from=1 to=15 type=Prepare { ballot: 96 } queue_len=637
[step=2325] DELIVER from=8 to=1 type=Promise { ballot: 59, accepted_ballot: None, accepted_value: None } queue_len=637
[PROMISE-TRACE] from=8 received_ballot=59 current_ballot=101 match=false
[step=2326] DELIVER from=9 to=1 type=Promise { ballot: 59, accepted_ballot: None, accepted_value: None } queue_len=636
[PROMISE-TRACE] from=9 received_ballot=59 current_ballot=101 match=false
[step=2327] DELIVER from=10 to=1 type=Promise { ballot: 59, accepted_ballot: None, accepted_value: None } queue_len=635
[PROMISE-TRACE] from=10 received_ballot=59 current_ballot=101 match=false
[step=2328] DELIVER from=11 to=1 type=Promise { ballot: 59, accepted_ballot: None, accepted_value: None } queue_len=634
[PROMISE-TRACE] from=11 received_ballot=59 current_ballot=101 match=false
[step=2329] DELIVER from=12 to=1 type=Promise { ballot: 59, accepted_ballot: None, accepted_value: None } queue_len=633
[PROMISE-TRACE] from=12 received_ballot=59 current_ballot=101 match=false
[step=2330] DELIVER from=13 to=1 type=Promise { ballot: 59, accepted_ballot: None, accepted_value: None } queue_len=632
[PROMISE-TRACE] from=13 received_ballot=59 current_ballot=101 match=false
[step=2331] DELIVER from=14 to=1 type=Promise { ballot: 59, accepted_ballot: None, accepted_value: None } queue_len=631
[PROMISE-TRACE] from=14 received_ballot=59 current_ballot=101 match=false
[step=2332] DELIVER from=15 to=1 type=Promise { ballot: 59, accepted_ballot: None, accepted_value: None } queue_len=630
[PROMISE-TRACE] from=15 received_ballot=59 current_ballot=101 match=false
[step=2333] DELIVER from=1 to=1 type=Prepare { ballot: 97 } queue_len=629
[step=2334] DELIVER from=1 to=2 type=Prepare { ballot: 97 } queue_len=629
[step=2335] DELIVER from=1 to=3 type=Prepare { ballot: 97 } queue_len=629
[step=2336] DELIVER from=1 to=4 type=Prepare { ballot: 97 } queue_len=629
[step=2337] DELIVER from=1 to=5 type=Prepare { ballot: 97 } queue_len=629
[step=2338] DELIVER from=1 to=6 type=Prepare { ballot: 97 } queue_len=629
[step=2339] DELIVER from=1 to=7 type=Prepare { ballot: 97 } queue_len=629
[step=2340] DELIVER from=1 to=8 type=Prepare { ballot: 97 } queue_len=629
[step=2341] DELIVER from=1 to=9 type=Prepare { ballot: 97 } queue_len=629
[step=2342] DELIVER from=1 to=10 type=Prepare { ballot: 97 } queue_len=629
[step=2343] DELIVER from=1 to=11 type=Prepare { ballot: 97 } queue_len=629
[step=2344] DELIVER from=1 to=12 type=Prepare { ballot: 97 } queue_len=629
[step=2345] DELIVER from=1 to=13 type=Prepare { ballot: 97 } queue_len=629
[step=2346] DELIVER from=1 to=14 type=Prepare { ballot: 97 } queue_len=629
[step=2347] DELIVER from=1 to=15 type=Prepare { ballot: 97 } queue_len=629
[step=2348] DELIVER from=1 to=1 type=Promise { ballot: 60, accepted_ballot: None, accepted_value: None } queue_len=629
[PROMISE-TRACE] from=1 received_ballot=60 current_ballot=101 match=false
[step=2349] DELIVER from=2 to=1 type=Promise { ballot: 60, accepted_ballot: None, accepted_value: None } queue_len=628
[PROMISE-TRACE] from=2 received_ballot=60 current_ballot=101 match=false
[step=2350] DELIVER from=3 to=1 type=Promise { ballot: 60, accepted_ballot: None, accepted_value: None } queue_len=627
[PROMISE-TRACE] from=3 received_ballot=60 current_ballot=101 match=false
[step=2351] DELIVER from=4 to=1 type=Promise { ballot: 60, accepted_ballot: None, accepted_value: None } queue_len=626
[PROMISE-TRACE] from=4 received_ballot=60 current_ballot=101 match=false
[step=2352] DELIVER from=5 to=1 type=Promise { ballot: 60, accepted_ballot: None, accepted_value: None } queue_len=625
[PROMISE-TRACE] from=5 received_ballot=60 current_ballot=101 match=false
[step=2353] DELIVER from=6 to=1 type=Promise { ballot: 60, accepted_ballot: None, accepted_value: None } queue_len=624
[PROMISE-TRACE] from=6 received_ballot=60 current_ballot=101 match=false
[step=2354] DELIVER from=7 to=1 type=Promise { ballot: 60, accepted_ballot: None, accepted_value: None } queue_len=623
[PROMISE-TRACE] from=7 received_ballot=60 current_ballot=101 match=false
[step=2355] DELIVER from=8 to=1 type=Promise { ballot: 60, accepted_ballot: None, accepted_value: None } queue_len=622
[PROMISE-TRACE] from=8 received_ballot=60 current_ballot=101 match=false
[step=2356] DELIVER from=9 to=1 type=Promise { ballot: 60, accepted_ballot: None, accepted_value: None } queue_len=621
[PROMISE-TRACE] from=9 received_ballot=60 current_ballot=101 match=false
[step=2357] DELIVER from=10 to=1 type=Promise { ballot: 60, accepted_ballot: None, accepted_value: None } queue_len=620
[PROMISE-TRACE] from=10 received_ballot=60 current_ballot=101 match=false
[step=2358] DELIVER from=11 to=1 type=Promise { ballot: 60, accepted_ballot: None, accepted_value: None } queue_len=619
[PROMISE-TRACE] from=11 received_ballot=60 current_ballot=101 match=false
[step=2359] DELIVER from=12 to=1 type=Promise { ballot: 60, accepted_ballot: None, accepted_value: None } queue_len=618
[PROMISE-TRACE] from=12 received_ballot=60 current_ballot=101 match=false
[step=2360] DELIVER from=13 to=1 type=Promise { ballot: 60, accepted_ballot: None, accepted_value: None } queue_len=617
[PROMISE-TRACE] from=13 received_ballot=60 current_ballot=101 match=false
[step=2361] DELIVER from=14 to=1 type=Promise { ballot: 60, accepted_ballot: None, accepted_value: None } queue_len=616
[PROMISE-TRACE] from=14 received_ballot=60 current_ballot=101 match=false
[step=2362] DELIVER from=15 to=1 type=Promise { ballot: 60, accepted_ballot: None, accepted_value: None } queue_len=615
[PROMISE-TRACE] from=15 received_ballot=60 current_ballot=101 match=false
[step=2363] DELIVER from=1 to=1 type=Prepare { ballot: 98 } queue_len=614
[step=2364] DELIVER from=1 to=2 type=Prepare { ballot: 98 } queue_len=614
[step=2365] DELIVER from=1 to=3 type=Prepare { ballot: 98 } queue_len=614
[step=2366] DELIVER from=1 to=4 type=Prepare { ballot: 98 } queue_len=614
[step=2367] DELIVER from=1 to=5 type=Prepare { ballot: 98 } queue_len=614
[step=2368] DELIVER from=1 to=6 type=Prepare { ballot: 98 } queue_len=614
[step=2369] DELIVER from=1 to=7 type=Prepare { ballot: 98 } queue_len=614
[step=2370] DELIVER from=1 to=8 type=Prepare { ballot: 98 } queue_len=614
[step=2371] DELIVER from=1 to=9 type=Prepare { ballot: 98 } queue_len=614
[step=2372] DELIVER from=1 to=10 type=Prepare { ballot: 98 } queue_len=614
[step=2373] DELIVER from=1 to=11 type=Prepare { ballot: 98 } queue_len=614
[step=2374] DELIVER from=1 to=12 type=Prepare { ballot: 98 } queue_len=614
[step=2375] DELIVER from=1 to=13 type=Prepare { ballot: 98 } queue_len=614
[step=2376] DELIVER from=1 to=14 type=Prepare { ballot: 98 } queue_len=614
[step=2377] DELIVER from=1 to=15 type=Prepare { ballot: 98 } queue_len=614
[step=2378] DELIVER from=1 to=1 type=Promise { ballot: 61, accepted_ballot: None, accepted_value: None } queue_len=614
[PROMISE-TRACE] from=1 received_ballot=61 current_ballot=101 match=false
[step=2379] DELIVER from=2 to=1 type=Promise { ballot: 61, accepted_ballot: None, accepted_value: None } queue_len=613
[PROMISE-TRACE] from=2 received_ballot=61 current_ballot=101 match=false
[step=2380] DELIVER from=3 to=1 type=Promise { ballot: 61, accepted_ballot: None, accepted_value: None } queue_len=612
[PROMISE-TRACE] from=3 received_ballot=61 current_ballot=101 match=false
[step=2381] DELIVER from=4 to=1 type=Promise { ballot: 61, accepted_ballot: None, accepted_value: None } queue_len=611
[PROMISE-TRACE] from=4 received_ballot=61 current_ballot=101 match=false
[step=2382] DELIVER from=5 to=1 type=Promise { ballot: 61, accepted_ballot: None, accepted_value: None } queue_len=610
[PROMISE-TRACE] from=5 received_ballot=61 current_ballot=101 match=false
[step=2383] DELIVER from=6 to=1 type=Promise { ballot: 61, accepted_ballot: None, accepted_value: None } queue_len=609
[PROMISE-TRACE] from=6 received_ballot=61 current_ballot=101 match=false
[step=2384] DELIVER from=7 to=1 type=Promise { ballot: 61, accepted_ballot: None, accepted_value: None } queue_len=608
[PROMISE-TRACE] from=7 received_ballot=61 current_ballot=101 match=false
[step=2385] DELIVER from=1 to=1 type=Prepare { ballot: 99 } queue_len=607
[step=2386] DELIVER from=1 to=2 type=Prepare { ballot: 99 } queue_len=607
[step=2387] DELIVER from=1 to=3 type=Prepare { ballot: 99 } queue_len=607
[step=2388] DELIVER from=1 to=4 type=Prepare { ballot: 99 } queue_len=607
[step=2389] DELIVER from=1 to=5 type=Prepare { ballot: 99 } queue_len=607
[step=2390] DELIVER from=1 to=6 type=Prepare { ballot: 99 } queue_len=607
[step=2391] DELIVER from=1 to=7 type=Prepare { ballot: 99 } queue_len=607
[step=2392] DELIVER from=1 to=8 type=Prepare { ballot: 99 } queue_len=607
[step=2393] DELIVER from=1 to=9 type=Prepare { ballot: 99 } queue_len=607
[step=2394] DELIVER from=1 to=10 type=Prepare { ballot: 99 } queue_len=607
[step=2395] DELIVER from=1 to=11 type=Prepare { ballot: 99 } queue_len=607
[step=2396] DELIVER from=1 to=12 type=Prepare { ballot: 99 } queue_len=607
[step=2397] DELIVER from=1 to=13 type=Prepare { ballot: 99 } queue_len=607
[step=2398] DELIVER from=1 to=14 type=Prepare { ballot: 99 } queue_len=607
[step=2399] DELIVER from=1 to=15 type=Prepare { ballot: 99 } queue_len=607
[step=2400] DELIVER from=8 to=1 type=Promise { ballot: 61, accepted_ballot: None, accepted_value: None } queue_len=607
[PROMISE-TRACE] from=8 received_ballot=61 current_ballot=101 match=false
[step=2401] DELIVER from=9 to=1 type=Promise { ballot: 61, accepted_ballot: None, accepted_value: None } queue_len=606
[PROMISE-TRACE] from=9 received_ballot=61 current_ballot=101 match=false
[step=2402] DELIVER from=10 to=1 type=Promise { ballot: 61, accepted_ballot: None, accepted_value: None } queue_len=605
[PROMISE-TRACE] from=10 received_ballot=61 current_ballot=101 match=false
[step=2403] DELIVER from=11 to=1 type=Promise { ballot: 61, accepted_ballot: None, accepted_value: None } queue_len=604
[PROMISE-TRACE] from=11 received_ballot=61 current_ballot=101 match=false
[step=2404] DELIVER from=12 to=1 type=Promise { ballot: 61, accepted_ballot: None, accepted_value: None } queue_len=603
[PROMISE-TRACE] from=12 received_ballot=61 current_ballot=101 match=false
[step=2405] DELIVER from=13 to=1 type=Promise { ballot: 61, accepted_ballot: None, accepted_value: None } queue_len=602
[PROMISE-TRACE] from=13 received_ballot=61 current_ballot=101 match=false
[step=2406] DELIVER from=14 to=1 type=Promise { ballot: 61, accepted_ballot: None, accepted_value: None } queue_len=601
[PROMISE-TRACE] from=14 received_ballot=61 current_ballot=101 match=false
[step=2407] DELIVER from=15 to=1 type=Promise { ballot: 61, accepted_ballot: None, accepted_value: None } queue_len=600
[PROMISE-TRACE] from=15 received_ballot=61 current_ballot=101 match=false
[step=2408] DELIVER from=1 to=1 type=Prepare { ballot: 100 } queue_len=599
[step=2409] DELIVER from=1 to=2 type=Prepare { ballot: 100 } queue_len=599
[step=2410] DELIVER from=1 to=3 type=Prepare { ballot: 100 } queue_len=599
[step=2411] DELIVER from=1 to=4 type=Prepare { ballot: 100 } queue_len=599
[step=2412] DELIVER from=1 to=5 type=Prepare { ballot: 100 } queue_len=599
[step=2413] DELIVER from=1 to=6 type=Prepare { ballot: 100 } queue_len=599
[step=2414] DELIVER from=1 to=7 type=Prepare { ballot: 100 } queue_len=599
[step=2415] DELIVER from=1 to=8 type=Prepare { ballot: 100 } queue_len=599
[step=2416] DELIVER from=1 to=9 type=Prepare { ballot: 100 } queue_len=599
[step=2417] DELIVER from=1 to=10 type=Prepare { ballot: 100 } queue_len=599
[step=2418] DELIVER from=1 to=11 type=Prepare { ballot: 100 } queue_len=599
[step=2419] DELIVER from=1 to=12 type=Prepare { ballot: 100 } queue_len=599
[step=2420] DELIVER from=1 to=13 type=Prepare { ballot: 100 } queue_len=599
[step=2421] DELIVER from=1 to=14 type=Prepare { ballot: 100 } queue_len=599
[step=2422] DELIVER from=1 to=15 type=Prepare { ballot: 100 } queue_len=599
[step=2423] DELIVER from=1 to=1 type=Promise { ballot: 62, accepted_ballot: None, accepted_value: None } queue_len=599
[PROMISE-TRACE] from=1 received_ballot=62 current_ballot=101 match=false
[step=2424] DELIVER from=2 to=1 type=Promise { ballot: 62, accepted_ballot: None, accepted_value: None } queue_len=598
[PROMISE-TRACE] from=2 received_ballot=62 current_ballot=101 match=false
[step=2425] DELIVER from=3 to=1 type=Promise { ballot: 62, accepted_ballot: None, accepted_value: None } queue_len=597
[PROMISE-TRACE] from=3 received_ballot=62 current_ballot=101 match=false
[step=2426] DELIVER from=4 to=1 type=Promise { ballot: 62, accepted_ballot: None, accepted_value: None } queue_len=596
[PROMISE-TRACE] from=4 received_ballot=62 current_ballot=101 match=false
[step=2427] DELIVER from=5 to=1 type=Promise { ballot: 62, accepted_ballot: None, accepted_value: None } queue_len=595
[PROMISE-TRACE] from=5 received_ballot=62 current_ballot=101 match=false
[step=2428] DELIVER from=6 to=1 type=Promise { ballot: 62, accepted_ballot: None, accepted_value: None } queue_len=594
[PROMISE-TRACE] from=6 received_ballot=62 current_ballot=101 match=false
[step=2429] DELIVER from=7 to=1 type=Promise { ballot: 62, accepted_ballot: None, accepted_value: None } queue_len=593
[PROMISE-TRACE] from=7 received_ballot=62 current_ballot=101 match=false
[step=2430] DELIVER from=8 to=1 type=Promise { ballot: 62, accepted_ballot: None, accepted_value: None } queue_len=592
[PROMISE-TRACE] from=8 received_ballot=62 current_ballot=101 match=false
[step=2431] DELIVER from=9 to=1 type=Promise { ballot: 62, accepted_ballot: None, accepted_value: None } queue_len=591
[PROMISE-TRACE] from=9 received_ballot=62 current_ballot=101 match=false
[step=2432] DELIVER from=10 to=1 type=Promise { ballot: 62, accepted_ballot: None, accepted_value: None } queue_len=590
[PROMISE-TRACE] from=10 received_ballot=62 current_ballot=101 match=false
[step=2433] DELIVER from=11 to=1 type=Promise { ballot: 62, accepted_ballot: None, accepted_value: None } queue_len=589
[PROMISE-TRACE] from=11 received_ballot=62 current_ballot=101 match=false
[step=2434] DELIVER from=12 to=1 type=Promise { ballot: 62, accepted_ballot: None, accepted_value: None } queue_len=588
[PROMISE-TRACE] from=12 received_ballot=62 current_ballot=101 match=false
[step=2435] DELIVER from=13 to=1 type=Promise { ballot: 62, accepted_ballot: None, accepted_value: None } queue_len=587
[PROMISE-TRACE] from=13 received_ballot=62 current_ballot=101 match=false
[step=2436] DELIVER from=14 to=1 type=Promise { ballot: 62, accepted_ballot: None, accepted_value: None } queue_len=586
[PROMISE-TRACE] from=14 received_ballot=62 current_ballot=101 match=false
[step=2437] DELIVER from=15 to=1 type=Promise { ballot: 62, accepted_ballot: None, accepted_value: None } queue_len=585
[PROMISE-TRACE] from=15 received_ballot=62 current_ballot=101 match=false
[step=2438] DELIVER from=1 to=1 type=Prepare { ballot: 101 } queue_len=584
[step=2439] DELIVER from=1 to=2 type=Prepare { ballot: 101 } queue_len=584
[step=2440] DELIVER from=1 to=3 type=Prepare { ballot: 101 } queue_len=584
[step=2441] DELIVER from=1 to=4 type=Prepare { ballot: 101 } queue_len=584
[step=2442] DELIVER from=1 to=5 type=Prepare { ballot: 101 } queue_len=584
[step=2443] DELIVER from=1 to=6 type=Prepare { ballot: 101 } queue_len=584
[step=2444] DELIVER from=1 to=7 type=Prepare { ballot: 101 } queue_len=584
[step=2445] DELIVER from=1 to=8 type=Prepare { ballot: 101 } queue_len=584
[step=2446] DELIVER from=1 to=9 type=Prepare { ballot: 101 } queue_len=584
[step=2447] DELIVER from=1 to=10 type=Prepare { ballot: 101 } queue_len=584
[step=2448] DELIVER from=1 to=11 type=Prepare { ballot: 101 } queue_len=584
[step=2449] DELIVER from=1 to=12 type=Prepare { ballot: 101 } queue_len=584
[step=2450] DELIVER from=1 to=13 type=Prepare { ballot: 101 } queue_len=584
[step=2451] DELIVER from=1 to=14 type=Prepare { ballot: 101 } queue_len=584
[step=2452] DELIVER from=1 to=15 type=Prepare { ballot: 101 } queue_len=584
[step=2453] DELIVER from=1 to=1 type=Promise { ballot: 63, accepted_ballot: None, accepted_value: None } queue_len=584
[PROMISE-TRACE] from=1 received_ballot=63 current_ballot=101 match=false
[step=2454] DELIVER from=2 to=1 type=Promise { ballot: 63, accepted_ballot: None, accepted_value: None } queue_len=583
[PROMISE-TRACE] from=2 received_ballot=63 current_ballot=101 match=false
[step=2455] DELIVER from=3 to=1 type=Promise { ballot: 63, accepted_ballot: None, accepted_value: None } queue_len=582
[PROMISE-TRACE] from=3 received_ballot=63 current_ballot=101 match=false
[step=2456] DELIVER from=4 to=1 type=Promise { ballot: 63, accepted_ballot: None, accepted_value: None } queue_len=581
[PROMISE-TRACE] from=4 received_ballot=63 current_ballot=101 match=false
[step=2457] DELIVER from=5 to=1 type=Promise { ballot: 63, accepted_ballot: None, accepted_value: None } queue_len=580
[PROMISE-TRACE] from=5 received_ballot=63 current_ballot=101 match=false
[step=2458] DELIVER from=6 to=1 type=Promise { ballot: 63, accepted_ballot: None, accepted_value: None } queue_len=579
[PROMISE-TRACE] from=6 received_ballot=63 current_ballot=101 match=false
[step=2459] DELIVER from=7 to=1 type=Promise { ballot: 63, accepted_ballot: None, accepted_value: None } queue_len=578
[PROMISE-TRACE] from=7 received_ballot=63 current_ballot=101 match=false
[step=2460] DELIVER from=8 to=1 type=Promise { ballot: 63, accepted_ballot: None, accepted_value: None } queue_len=577
[PROMISE-TRACE] from=8 received_ballot=63 current_ballot=101 match=false
[step=2461] DELIVER from=9 to=1 type=Promise { ballot: 63, accepted_ballot: None, accepted_value: None } queue_len=576
[PROMISE-TRACE] from=9 received_ballot=63 current_ballot=101 match=false
[step=2462] DELIVER from=10 to=1 type=Promise { ballot: 63, accepted_ballot: None, accepted_value: None } queue_len=575
[PROMISE-TRACE] from=10 received_ballot=63 current_ballot=101 match=false
[step=2463] DELIVER from=11 to=1 type=Promise { ballot: 63, accepted_ballot: None, accepted_value: None } queue_len=574
[PROMISE-TRACE] from=11 received_ballot=63 current_ballot=101 match=false
[step=2464] DELIVER from=12 to=1 type=Promise { ballot: 63, accepted_ballot: None, accepted_value: None } queue_len=573
[PROMISE-TRACE] from=12 received_ballot=63 current_ballot=101 match=false
[step=2465] DELIVER from=13 to=1 type=Promise { ballot: 63, accepted_ballot: None, accepted_value: None } queue_len=572
[PROMISE-TRACE] from=13 received_ballot=63 current_ballot=101 match=false
[step=2466] DELIVER from=14 to=1 type=Promise { ballot: 63, accepted_ballot: None, accepted_value: None } queue_len=571
[PROMISE-TRACE] from=14 received_ballot=63 current_ballot=101 match=false
[step=2467] DELIVER from=15 to=1 type=Promise { ballot: 63, accepted_ballot: None, accepted_value: None } queue_len=570
[PROMISE-TRACE] from=15 received_ballot=63 current_ballot=101 match=false
[step=2468] DELIVER from=1 to=1 type=Promise { ballot: 64, accepted_ballot: None, accepted_value: None } queue_len=569
[PROMISE-TRACE] from=1 received_ballot=64 current_ballot=101 match=false
[step=2469] DELIVER from=2 to=1 type=Promise { ballot: 64, accepted_ballot: None, accepted_value: None } queue_len=568
[PROMISE-TRACE] from=2 received_ballot=64 current_ballot=101 match=false
[step=2470] DELIVER from=3 to=1 type=Promise { ballot: 64, accepted_ballot: None, accepted_value: None } queue_len=567
[PROMISE-TRACE] from=3 received_ballot=64 current_ballot=101 match=false
[step=2471] DELIVER from=4 to=1 type=Promise { ballot: 64, accepted_ballot: None, accepted_value: None } queue_len=566
[PROMISE-TRACE] from=4 received_ballot=64 current_ballot=101 match=false
[step=2472] DELIVER from=5 to=1 type=Promise { ballot: 64, accepted_ballot: None, accepted_value: None } queue_len=565
[PROMISE-TRACE] from=5 received_ballot=64 current_ballot=101 match=false
[step=2473] DELIVER from=6 to=1 type=Promise { ballot: 64, accepted_ballot: None, accepted_value: None } queue_len=564
[PROMISE-TRACE] from=6 received_ballot=64 current_ballot=101 match=false
[step=2474] DELIVER from=7 to=1 type=Promise { ballot: 64, accepted_ballot: None, accepted_value: None } queue_len=563
[PROMISE-TRACE] from=7 received_ballot=64 current_ballot=101 match=false
[step=2475] DELIVER from=8 to=1 type=Promise { ballot: 64, accepted_ballot: None, accepted_value: None } queue_len=562
[PROMISE-TRACE] from=8 received_ballot=64 current_ballot=101 match=false
[step=2476] DELIVER from=9 to=1 type=Promise { ballot: 64, accepted_ballot: None, accepted_value: None } queue_len=561
[PROMISE-TRACE] from=9 received_ballot=64 current_ballot=101 match=false
[step=2477] DELIVER from=10 to=1 type=Promise { ballot: 64, accepted_ballot: None, accepted_value: None } queue_len=560
[PROMISE-TRACE] from=10 received_ballot=64 current_ballot=101 match=false
[step=2478] DELIVER from=11 to=1 type=Promise { ballot: 64, accepted_ballot: None, accepted_value: None } queue_len=559
[PROMISE-TRACE] from=11 received_ballot=64 current_ballot=101 match=false
[step=2479] DELIVER from=12 to=1 type=Promise { ballot: 64, accepted_ballot: None, accepted_value: None } queue_len=558
[PROMISE-TRACE] from=12 received_ballot=64 current_ballot=101 match=false
[step=2480] DELIVER from=13 to=1 type=Promise { ballot: 64, accepted_ballot: None, accepted_value: None } queue_len=557
[PROMISE-TRACE] from=13 received_ballot=64 current_ballot=101 match=false
[step=2481] DELIVER from=14 to=1 type=Promise { ballot: 64, accepted_ballot: None, accepted_value: None } queue_len=556
[PROMISE-TRACE] from=14 received_ballot=64 current_ballot=101 match=false
[step=2482] DELIVER from=15 to=1 type=Promise { ballot: 64, accepted_ballot: None, accepted_value: None } queue_len=555
[PROMISE-TRACE] from=15 received_ballot=64 current_ballot=101 match=false
[step=2483] DELIVER from=1 to=1 type=Promise { ballot: 65, accepted_ballot: None, accepted_value: None } queue_len=554
[PROMISE-TRACE] from=1 received_ballot=65 current_ballot=101 match=false
[step=2484] DELIVER from=2 to=1 type=Promise { ballot: 65, accepted_ballot: None, accepted_value: None } queue_len=553
[PROMISE-TRACE] from=2 received_ballot=65 current_ballot=101 match=false
[step=2485] DELIVER from=3 to=1 type=Promise { ballot: 65, accepted_ballot: None, accepted_value: None } queue_len=552
[PROMISE-TRACE] from=3 received_ballot=65 current_ballot=101 match=false
[step=2486] DELIVER from=4 to=1 type=Promise { ballot: 65, accepted_ballot: None, accepted_value: None } queue_len=551
[PROMISE-TRACE] from=4 received_ballot=65 current_ballot=101 match=false
[step=2487] DELIVER from=5 to=1 type=Promise { ballot: 65, accepted_ballot: None, accepted_value: None } queue_len=550
[PROMISE-TRACE] from=5 received_ballot=65 current_ballot=101 match=false
[step=2488] DELIVER from=6 to=1 type=Promise { ballot: 65, accepted_ballot: None, accepted_value: None } queue_len=549
[PROMISE-TRACE] from=6 received_ballot=65 current_ballot=101 match=false
[step=2489] DELIVER from=7 to=1 type=Promise { ballot: 65, accepted_ballot: None, accepted_value: None } queue_len=548
[PROMISE-TRACE] from=7 received_ballot=65 current_ballot=101 match=false
[step=2490] DELIVER from=8 to=1 type=Promise { ballot: 65, accepted_ballot: None, accepted_value: None } queue_len=547
[PROMISE-TRACE] from=8 received_ballot=65 current_ballot=101 match=false
[step=2491] DELIVER from=9 to=1 type=Promise { ballot: 65, accepted_ballot: None, accepted_value: None } queue_len=546
[PROMISE-TRACE] from=9 received_ballot=65 current_ballot=101 match=false
[step=2492] DELIVER from=10 to=1 type=Promise { ballot: 65, accepted_ballot: None, accepted_value: None } queue_len=545
[PROMISE-TRACE] from=10 received_ballot=65 current_ballot=101 match=false
[step=2493] DELIVER from=11 to=1 type=Promise { ballot: 65, accepted_ballot: None, accepted_value: None } queue_len=544
[PROMISE-TRACE] from=11 received_ballot=65 current_ballot=101 match=false
[step=2494] DELIVER from=12 to=1 type=Promise { ballot: 65, accepted_ballot: None, accepted_value: None } queue_len=543
[PROMISE-TRACE] from=12 received_ballot=65 current_ballot=101 match=false
[step=2495] DELIVER from=13 to=1 type=Promise { ballot: 65, accepted_ballot: None, accepted_value: None } queue_len=542
[PROMISE-TRACE] from=13 received_ballot=65 current_ballot=101 match=false
[step=2496] DELIVER from=14 to=1 type=Promise { ballot: 65, accepted_ballot: None, accepted_value: None } queue_len=541
[PROMISE-TRACE] from=14 received_ballot=65 current_ballot=101 match=false
[step=2497] DELIVER from=15 to=1 type=Promise { ballot: 65, accepted_ballot: None, accepted_value: None } queue_len=540
[PROMISE-TRACE] from=15 received_ballot=65 current_ballot=101 match=false
[step=2498] DELIVER from=1 to=1 type=Promise { ballot: 66, accepted_ballot: None, accepted_value: None } queue_len=539
[PROMISE-TRACE] from=1 received_ballot=66 current_ballot=101 match=false
[step=2499] DELIVER from=2 to=1 type=Promise { ballot: 66, accepted_ballot: None, accepted_value: None } queue_len=538
[PROMISE-TRACE] from=2 received_ballot=66 current_ballot=101 match=false
[step=2500] DELIVER from=3 to=1 type=Promise { ballot: 66, accepted_ballot: None, accepted_value: None } queue_len=537
[PROMISE-TRACE] from=3 received_ballot=66 current_ballot=101 match=false
[step=2501] DELIVER from=4 to=1 type=Promise { ballot: 66, accepted_ballot: None, accepted_value: None } queue_len=536
[PROMISE-TRACE] from=4 received_ballot=66 current_ballot=101 match=false
[step=2502] DELIVER from=5 to=1 type=Promise { ballot: 66, accepted_ballot: None, accepted_value: None } queue_len=535
[PROMISE-TRACE] from=5 received_ballot=66 current_ballot=101 match=false
[step=2503] DELIVER from=6 to=1 type=Promise { ballot: 66, accepted_ballot: None, accepted_value: None } queue_len=534
[PROMISE-TRACE] from=6 received_ballot=66 current_ballot=101 match=false
[step=2504] DELIVER from=7 to=1 type=Promise { ballot: 66, accepted_ballot: None, accepted_value: None } queue_len=533
[PROMISE-TRACE] from=7 received_ballot=66 current_ballot=101 match=false
[step=2505] DELIVER from=8 to=1 type=Promise { ballot: 66, accepted_ballot: None, accepted_value: None } queue_len=532
[PROMISE-TRACE] from=8 received_ballot=66 current_ballot=101 match=false
[step=2506] DELIVER from=9 to=1 type=Promise { ballot: 66, accepted_ballot: None, accepted_value: None } queue_len=531
[PROMISE-TRACE] from=9 received_ballot=66 current_ballot=101 match=false
[step=2507] DELIVER from=10 to=1 type=Promise { ballot: 66, accepted_ballot: None, accepted_value: None } queue_len=530
[PROMISE-TRACE] from=10 received_ballot=66 current_ballot=101 match=false
[step=2508] DELIVER from=11 to=1 type=Promise { ballot: 66, accepted_ballot: None, accepted_value: None } queue_len=529
[PROMISE-TRACE] from=11 received_ballot=66 current_ballot=101 match=false
[step=2509] DELIVER from=12 to=1 type=Promise { ballot: 66, accepted_ballot: None, accepted_value: None } queue_len=528
[PROMISE-TRACE] from=12 received_ballot=66 current_ballot=101 match=false
[step=2510] DELIVER from=13 to=1 type=Promise { ballot: 66, accepted_ballot: None, accepted_value: None } queue_len=527
[PROMISE-TRACE] from=13 received_ballot=66 current_ballot=101 match=false
[step=2511] DELIVER from=14 to=1 type=Promise { ballot: 66, accepted_ballot: None, accepted_value: None } queue_len=526
[PROMISE-TRACE] from=14 received_ballot=66 current_ballot=101 match=false
[step=2512] DELIVER from=15 to=1 type=Promise { ballot: 66, accepted_ballot: None, accepted_value: None } queue_len=525
[PROMISE-TRACE] from=15 received_ballot=66 current_ballot=101 match=false
[step=2513] DELIVER from=1 to=1 type=Promise { ballot: 67, accepted_ballot: None, accepted_value: None } queue_len=524
[PROMISE-TRACE] from=1 received_ballot=67 current_ballot=101 match=false
[step=2514] DELIVER from=2 to=1 type=Promise { ballot: 67, accepted_ballot: None, accepted_value: None } queue_len=523
[PROMISE-TRACE] from=2 received_ballot=67 current_ballot=101 match=false
[step=2515] DELIVER from=3 to=1 type=Promise { ballot: 67, accepted_ballot: None, accepted_value: None } queue_len=522
[PROMISE-TRACE] from=3 received_ballot=67 current_ballot=101 match=false
[step=2516] DELIVER from=4 to=1 type=Promise { ballot: 67, accepted_ballot: None, accepted_value: None } queue_len=521
[PROMISE-TRACE] from=4 received_ballot=67 current_ballot=101 match=false
[step=2517] DELIVER from=5 to=1 type=Promise { ballot: 67, accepted_ballot: None, accepted_value: None } queue_len=520
[PROMISE-TRACE] from=5 received_ballot=67 current_ballot=101 match=false
[step=2518] DELIVER from=6 to=1 type=Promise { ballot: 67, accepted_ballot: None, accepted_value: None } queue_len=519
[PROMISE-TRACE] from=6 received_ballot=67 current_ballot=101 match=false
[step=2519] DELIVER from=7 to=1 type=Promise { ballot: 67, accepted_ballot: None, accepted_value: None } queue_len=518
[PROMISE-TRACE] from=7 received_ballot=67 current_ballot=101 match=false
[step=2520] DELIVER from=8 to=1 type=Promise { ballot: 67, accepted_ballot: None, accepted_value: None } queue_len=517
[PROMISE-TRACE] from=8 received_ballot=67 current_ballot=101 match=false
[step=2521] DELIVER from=9 to=1 type=Promise { ballot: 67, accepted_ballot: None, accepted_value: None } queue_len=516
[PROMISE-TRACE] from=9 received_ballot=67 current_ballot=101 match=false
[step=2522] DELIVER from=10 to=1 type=Promise { ballot: 67, accepted_ballot: None, accepted_value: None } queue_len=515
[PROMISE-TRACE] from=10 received_ballot=67 current_ballot=101 match=false
[step=2523] DELIVER from=11 to=1 type=Promise { ballot: 67, accepted_ballot: None, accepted_value: None } queue_len=514
[PROMISE-TRACE] from=11 received_ballot=67 current_ballot=101 match=false
[step=2524] DELIVER from=12 to=1 type=Promise { ballot: 67, accepted_ballot: None, accepted_value: None } queue_len=513
[PROMISE-TRACE] from=12 received_ballot=67 current_ballot=101 match=false
[step=2525] DELIVER from=13 to=1 type=Promise { ballot: 67, accepted_ballot: None, accepted_value: None } queue_len=512
[PROMISE-TRACE] from=13 received_ballot=67 current_ballot=101 match=false
[step=2526] DELIVER from=14 to=1 type=Promise { ballot: 67, accepted_ballot: None, accepted_value: None } queue_len=511
[PROMISE-TRACE] from=14 received_ballot=67 current_ballot=101 match=false
[step=2527] DELIVER from=15 to=1 type=Promise { ballot: 67, accepted_ballot: None, accepted_value: None } queue_len=510
[PROMISE-TRACE] from=15 received_ballot=67 current_ballot=101 match=false
[step=2528] DELIVER from=1 to=1 type=Promise { ballot: 68, accepted_ballot: None, accepted_value: None } queue_len=509
[PROMISE-TRACE] from=1 received_ballot=68 current_ballot=101 match=false
[step=2529] DELIVER from=2 to=1 type=Promise { ballot: 68, accepted_ballot: None, accepted_value: None } queue_len=508
[PROMISE-TRACE] from=2 received_ballot=68 current_ballot=101 match=false
[step=2530] DELIVER from=3 to=1 type=Promise { ballot: 68, accepted_ballot: None, accepted_value: None } queue_len=507
[PROMISE-TRACE] from=3 received_ballot=68 current_ballot=101 match=false
[step=2531] DELIVER from=4 to=1 type=Promise { ballot: 68, accepted_ballot: None, accepted_value: None } queue_len=506
[PROMISE-TRACE] from=4 received_ballot=68 current_ballot=101 match=false
[step=2532] DELIVER from=5 to=1 type=Promise { ballot: 68, accepted_ballot: None, accepted_value: None } queue_len=505
[PROMISE-TRACE] from=5 received_ballot=68 current_ballot=101 match=false
[step=2533] DELIVER from=6 to=1 type=Promise { ballot: 68, accepted_ballot: None, accepted_value: None } queue_len=504
[PROMISE-TRACE] from=6 received_ballot=68 current_ballot=101 match=false
[step=2534] DELIVER from=7 to=1 type=Promise { ballot: 68, accepted_ballot: None, accepted_value: None } queue_len=503
[PROMISE-TRACE] from=7 received_ballot=68 current_ballot=101 match=false
[step=2535] DELIVER from=8 to=1 type=Promise { ballot: 68, accepted_ballot: None, accepted_value: None } queue_len=502
[PROMISE-TRACE] from=8 received_ballot=68 current_ballot=101 match=false
[step=2536] DELIVER from=9 to=1 type=Promise { ballot: 68, accepted_ballot: None, accepted_value: None } queue_len=501
[PROMISE-TRACE] from=9 received_ballot=68 current_ballot=101 match=false
[step=2537] DELIVER from=10 to=1 type=Promise { ballot: 68, accepted_ballot: None, accepted_value: None } queue_len=500
[PROMISE-TRACE] from=10 received_ballot=68 current_ballot=101 match=false
[step=2538] DELIVER from=11 to=1 type=Promise { ballot: 68, accepted_ballot: None, accepted_value: None } queue_len=499
[PROMISE-TRACE] from=11 received_ballot=68 current_ballot=101 match=false
[step=2539] DELIVER from=12 to=1 type=Promise { ballot: 68, accepted_ballot: None, accepted_value: None } queue_len=498
[PROMISE-TRACE] from=12 received_ballot=68 current_ballot=101 match=false
[step=2540] DELIVER from=13 to=1 type=Promise { ballot: 68, accepted_ballot: None, accepted_value: None } queue_len=497
[PROMISE-TRACE] from=13 received_ballot=68 current_ballot=101 match=false
[step=2541] DELIVER from=14 to=1 type=Promise { ballot: 68, accepted_ballot: None, accepted_value: None } queue_len=496
[PROMISE-TRACE] from=14 received_ballot=68 current_ballot=101 match=false
[step=2542] DELIVER from=15 to=1 type=Promise { ballot: 68, accepted_ballot: None, accepted_value: None } queue_len=495
[PROMISE-TRACE] from=15 received_ballot=68 current_ballot=101 match=false
[step=2543] DELIVER from=1 to=1 type=Promise { ballot: 69, accepted_ballot: None, accepted_value: None } queue_len=494
[PROMISE-TRACE] from=1 received_ballot=69 current_ballot=101 match=false
[step=2544] DELIVER from=2 to=1 type=Promise { ballot: 69, accepted_ballot: None, accepted_value: None } queue_len=493
[PROMISE-TRACE] from=2 received_ballot=69 current_ballot=101 match=false
[step=2545] DELIVER from=3 to=1 type=Promise { ballot: 69, accepted_ballot: None, accepted_value: None } queue_len=492
[PROMISE-TRACE] from=3 received_ballot=69 current_ballot=101 match=false
[step=2546] DELIVER from=4 to=1 type=Promise { ballot: 69, accepted_ballot: None, accepted_value: None } queue_len=491
[PROMISE-TRACE] from=4 received_ballot=69 current_ballot=101 match=false
[step=2547] DELIVER from=5 to=1 type=Promise { ballot: 69, accepted_ballot: None, accepted_value: None } queue_len=490
[PROMISE-TRACE] from=5 received_ballot=69 current_ballot=101 match=false
[step=2548] DELIVER from=6 to=1 type=Promise { ballot: 69, accepted_ballot: None, accepted_value: None } queue_len=489
[PROMISE-TRACE] from=6 received_ballot=69 current_ballot=101 match=false
[step=2549] DELIVER from=7 to=1 type=Promise { ballot: 69, accepted_ballot: None, accepted_value: None } queue_len=488
[PROMISE-TRACE] from=7 received_ballot=69 current_ballot=101 match=false
[step=2550] DELIVER from=8 to=1 type=Promise { ballot: 69, accepted_ballot: None, accepted_value: None } queue_len=487
[PROMISE-TRACE] from=8 received_ballot=69 current_ballot=101 match=false
[step=2551] DELIVER from=9 to=1 type=Promise { ballot: 69, accepted_ballot: None, accepted_value: None } queue_len=486
[PROMISE-TRACE] from=9 received_ballot=69 current_ballot=101 match=false
[step=2552] DELIVER from=10 to=1 type=Promise { ballot: 69, accepted_ballot: None, accepted_value: None } queue_len=485
[PROMISE-TRACE] from=10 received_ballot=69 current_ballot=101 match=false
[step=2553] DELIVER from=11 to=1 type=Promise { ballot: 69, accepted_ballot: None, accepted_value: None } queue_len=484
[PROMISE-TRACE] from=11 received_ballot=69 current_ballot=101 match=false
[step=2554] DELIVER from=12 to=1 type=Promise { ballot: 69, accepted_ballot: None, accepted_value: None } queue_len=483
[PROMISE-TRACE] from=12 received_ballot=69 current_ballot=101 match=false
[step=2555] DELIVER from=13 to=1 type=Promise { ballot: 69, accepted_ballot: None, accepted_value: None } queue_len=482
[PROMISE-TRACE] from=13 received_ballot=69 current_ballot=101 match=false
[step=2556] DELIVER from=14 to=1 type=Promise { ballot: 69, accepted_ballot: None, accepted_value: None } queue_len=481
[PROMISE-TRACE] from=14 received_ballot=69 current_ballot=101 match=false
[step=2557] DELIVER from=15 to=1 type=Promise { ballot: 69, accepted_ballot: None, accepted_value: None } queue_len=480
[PROMISE-TRACE] from=15 received_ballot=69 current_ballot=101 match=false
[step=2558] DELIVER from=1 to=1 type=Promise { ballot: 70, accepted_ballot: None, accepted_value: None } queue_len=479
[PROMISE-TRACE] from=1 received_ballot=70 current_ballot=101 match=false
[step=2559] DELIVER from=2 to=1 type=Promise { ballot: 70, accepted_ballot: None, accepted_value: None } queue_len=478
[PROMISE-TRACE] from=2 received_ballot=70 current_ballot=101 match=false
[step=2560] DELIVER from=3 to=1 type=Promise { ballot: 70, accepted_ballot: None, accepted_value: None } queue_len=477
[PROMISE-TRACE] from=3 received_ballot=70 current_ballot=101 match=false
[step=2561] DELIVER from=4 to=1 type=Promise { ballot: 70, accepted_ballot: None, accepted_value: None } queue_len=476
[PROMISE-TRACE] from=4 received_ballot=70 current_ballot=101 match=false
[step=2562] DELIVER from=5 to=1 type=Promise { ballot: 70, accepted_ballot: None, accepted_value: None } queue_len=475
[PROMISE-TRACE] from=5 received_ballot=70 current_ballot=101 match=false
[step=2563] DELIVER from=6 to=1 type=Promise { ballot: 70, accepted_ballot: None, accepted_value: None } queue_len=474
[PROMISE-TRACE] from=6 received_ballot=70 current_ballot=101 match=false
[step=2564] DELIVER from=7 to=1 type=Promise { ballot: 70, accepted_ballot: None, accepted_value: None } queue_len=473
[PROMISE-TRACE] from=7 received_ballot=70 current_ballot=101 match=false
[step=2565] DELIVER from=8 to=1 type=Promise { ballot: 70, accepted_ballot: None, accepted_value: None } queue_len=472
[PROMISE-TRACE] from=8 received_ballot=70 current_ballot=101 match=false
[step=2566] DELIVER from=9 to=1 type=Promise { ballot: 70, accepted_ballot: None, accepted_value: None } queue_len=471
[PROMISE-TRACE] from=9 received_ballot=70 current_ballot=101 match=false
[step=2567] DELIVER from=10 to=1 type=Promise { ballot: 70, accepted_ballot: None, accepted_value: None } queue_len=470
[PROMISE-TRACE] from=10 received_ballot=70 current_ballot=101 match=false
[step=2568] DELIVER from=11 to=1 type=Promise { ballot: 70, accepted_ballot: None, accepted_value: None } queue_len=469
[PROMISE-TRACE] from=11 received_ballot=70 current_ballot=101 match=false
[step=2569] DELIVER from=12 to=1 type=Promise { ballot: 70, accepted_ballot: None, accepted_value: None } queue_len=468
[PROMISE-TRACE] from=12 received_ballot=70 current_ballot=101 match=false
[step=2570] DELIVER from=13 to=1 type=Promise { ballot: 70, accepted_ballot: None, accepted_value: None } queue_len=467
[PROMISE-TRACE] from=13 received_ballot=70 current_ballot=101 match=false
[step=2571] DELIVER from=14 to=1 type=Promise { ballot: 70, accepted_ballot: None, accepted_value: None } queue_len=466
[PROMISE-TRACE] from=14 received_ballot=70 current_ballot=101 match=false
[step=2572] DELIVER from=15 to=1 type=Promise { ballot: 70, accepted_ballot: None, accepted_value: None } queue_len=465
[PROMISE-TRACE] from=15 received_ballot=70 current_ballot=101 match=false
[step=2573] DELIVER from=1 to=1 type=Promise { ballot: 71, accepted_ballot: None, accepted_value: None } queue_len=464
[PROMISE-TRACE] from=1 received_ballot=71 current_ballot=101 match=false
[step=2574] DELIVER from=2 to=1 type=Promise { ballot: 71, accepted_ballot: None, accepted_value: None } queue_len=463
[PROMISE-TRACE] from=2 received_ballot=71 current_ballot=101 match=false
[step=2575] DELIVER from=3 to=1 type=Promise { ballot: 71, accepted_ballot: None, accepted_value: None } queue_len=462
[PROMISE-TRACE] from=3 received_ballot=71 current_ballot=101 match=false
[step=2576] DELIVER from=4 to=1 type=Promise { ballot: 71, accepted_ballot: None, accepted_value: None } queue_len=461
[PROMISE-TRACE] from=4 received_ballot=71 current_ballot=101 match=false
[step=2577] DELIVER from=5 to=1 type=Promise { ballot: 71, accepted_ballot: None, accepted_value: None } queue_len=460
[PROMISE-TRACE] from=5 received_ballot=71 current_ballot=101 match=false
[step=2578] DELIVER from=6 to=1 type=Promise { ballot: 71, accepted_ballot: None, accepted_value: None } queue_len=459
[PROMISE-TRACE] from=6 received_ballot=71 current_ballot=101 match=false
[step=2579] DELIVER from=7 to=1 type=Promise { ballot: 71, accepted_ballot: None, accepted_value: None } queue_len=458
[PROMISE-TRACE] from=7 received_ballot=71 current_ballot=101 match=false
[step=2580] DELIVER from=8 to=1 type=Promise { ballot: 71, accepted_ballot: None, accepted_value: None } queue_len=457
[PROMISE-TRACE] from=8 received_ballot=71 current_ballot=101 match=false
[step=2581] DELIVER from=9 to=1 type=Promise { ballot: 71, accepted_ballot: None, accepted_value: None } queue_len=456
[PROMISE-TRACE] from=9 received_ballot=71 current_ballot=101 match=false
[step=2582] DELIVER from=10 to=1 type=Promise { ballot: 71, accepted_ballot: None, accepted_value: None } queue_len=455
[PROMISE-TRACE] from=10 received_ballot=71 current_ballot=101 match=false
[step=2583] DELIVER from=11 to=1 type=Promise { ballot: 71, accepted_ballot: None, accepted_value: None } queue_len=454
[PROMISE-TRACE] from=11 received_ballot=71 current_ballot=101 match=false
[step=2584] DELIVER from=12 to=1 type=Promise { ballot: 71, accepted_ballot: None, accepted_value: None } queue_len=453
[PROMISE-TRACE] from=12 received_ballot=71 current_ballot=101 match=false
[step=2585] DELIVER from=13 to=1 type=Promise { ballot: 71, accepted_ballot: None, accepted_value: None } queue_len=452
[PROMISE-TRACE] from=13 received_ballot=71 current_ballot=101 match=false
[step=2586] DELIVER from=14 to=1 type=Promise { ballot: 71, accepted_ballot: None, accepted_value: None } queue_len=451
[PROMISE-TRACE] from=14 received_ballot=71 current_ballot=101 match=false
[step=2587] DELIVER from=15 to=1 type=Promise { ballot: 71, accepted_ballot: None, accepted_value: None } queue_len=450
[PROMISE-TRACE] from=15 received_ballot=71 current_ballot=101 match=false
[step=2588] DELIVER from=1 to=1 type=Promise { ballot: 72, accepted_ballot: None, accepted_value: None } queue_len=449
[PROMISE-TRACE] from=1 received_ballot=72 current_ballot=101 match=false
[step=2589] DELIVER from=2 to=1 type=Promise { ballot: 72, accepted_ballot: None, accepted_value: None } queue_len=448
[PROMISE-TRACE] from=2 received_ballot=72 current_ballot=101 match=false
[step=2590] DELIVER from=3 to=1 type=Promise { ballot: 72, accepted_ballot: None, accepted_value: None } queue_len=447
[PROMISE-TRACE] from=3 received_ballot=72 current_ballot=101 match=false
[step=2591] DELIVER from=4 to=1 type=Promise { ballot: 72, accepted_ballot: None, accepted_value: None } queue_len=446
[PROMISE-TRACE] from=4 received_ballot=72 current_ballot=101 match=false
[step=2592] DELIVER from=5 to=1 type=Promise { ballot: 72, accepted_ballot: None, accepted_value: None } queue_len=445
[PROMISE-TRACE] from=5 received_ballot=72 current_ballot=101 match=false
[step=2593] DELIVER from=6 to=1 type=Promise { ballot: 72, accepted_ballot: None, accepted_value: None } queue_len=444
[PROMISE-TRACE] from=6 received_ballot=72 current_ballot=101 match=false
[step=2594] DELIVER from=7 to=1 type=Promise { ballot: 72, accepted_ballot: None, accepted_value: None } queue_len=443
[PROMISE-TRACE] from=7 received_ballot=72 current_ballot=101 match=false
[step=2595] DELIVER from=8 to=1 type=Promise { ballot: 72, accepted_ballot: None, accepted_value: None } queue_len=442
[PROMISE-TRACE] from=8 received_ballot=72 current_ballot=101 match=false
[step=2596] DELIVER from=9 to=1 type=Promise { ballot: 72, accepted_ballot: None, accepted_value: None } queue_len=441
[PROMISE-TRACE] from=9 received_ballot=72 current_ballot=101 match=false
[step=2597] DELIVER from=10 to=1 type=Promise { ballot: 72, accepted_ballot: None, accepted_value: None } queue_len=440
[PROMISE-TRACE] from=10 received_ballot=72 current_ballot=101 match=false
[step=2598] DELIVER from=11 to=1 type=Promise { ballot: 72, accepted_ballot: None, accepted_value: None } queue_len=439
[PROMISE-TRACE] from=11 received_ballot=72 current_ballot=101 match=false
[step=2599] DELIVER from=12 to=1 type=Promise { ballot: 72, accepted_ballot: None, accepted_value: None } queue_len=438
[PROMISE-TRACE] from=12 received_ballot=72 current_ballot=101 match=false
[step=2600] DELIVER from=13 to=1 type=Promise { ballot: 72, accepted_ballot: None, accepted_value: None } queue_len=437
[PROMISE-TRACE] from=13 received_ballot=72 current_ballot=101 match=false
[step=2601] DELIVER from=14 to=1 type=Promise { ballot: 72, accepted_ballot: None, accepted_value: None } queue_len=436
[PROMISE-TRACE] from=14 received_ballot=72 current_ballot=101 match=false
[step=2602] DELIVER from=15 to=1 type=Promise { ballot: 72, accepted_ballot: None, accepted_value: None } queue_len=435
[PROMISE-TRACE] from=15 received_ballot=72 current_ballot=101 match=false
[step=2603] DELIVER from=1 to=1 type=Promise { ballot: 73, accepted_ballot: None, accepted_value: None } queue_len=434
[PROMISE-TRACE] from=1 received_ballot=73 current_ballot=101 match=false
[step=2604] DELIVER from=2 to=1 type=Promise { ballot: 73, accepted_ballot: None, accepted_value: None } queue_len=433
[PROMISE-TRACE] from=2 received_ballot=73 current_ballot=101 match=false
[step=2605] DELIVER from=3 to=1 type=Promise { ballot: 73, accepted_ballot: None, accepted_value: None } queue_len=432
[PROMISE-TRACE] from=3 received_ballot=73 current_ballot=101 match=false
[step=2606] DELIVER from=4 to=1 type=Promise { ballot: 73, accepted_ballot: None, accepted_value: None } queue_len=431
[PROMISE-TRACE] from=4 received_ballot=73 current_ballot=101 match=false
[step=2607] DELIVER from=5 to=1 type=Promise { ballot: 73, accepted_ballot: None, accepted_value: None } queue_len=430
[PROMISE-TRACE] from=5 received_ballot=73 current_ballot=101 match=false
[step=2608] DELIVER from=6 to=1 type=Promise { ballot: 73, accepted_ballot: None, accepted_value: None } queue_len=429
[PROMISE-TRACE] from=6 received_ballot=73 current_ballot=101 match=false
[step=2609] DELIVER from=7 to=1 type=Promise { ballot: 73, accepted_ballot: None, accepted_value: None } queue_len=428
[PROMISE-TRACE] from=7 received_ballot=73 current_ballot=101 match=false
[step=2610] DELIVER from=8 to=1 type=Promise { ballot: 73, accepted_ballot: None, accepted_value: None } queue_len=427
[PROMISE-TRACE] from=8 received_ballot=73 current_ballot=101 match=false
[step=2611] DELIVER from=9 to=1 type=Promise { ballot: 73, accepted_ballot: None, accepted_value: None } queue_len=426
[PROMISE-TRACE] from=9 received_ballot=73 current_ballot=101 match=false
[step=2612] DELIVER from=10 to=1 type=Promise { ballot: 73, accepted_ballot: None, accepted_value: None } queue_len=425
[PROMISE-TRACE] from=10 received_ballot=73 current_ballot=101 match=false
[step=2613] DELIVER from=11 to=1 type=Promise { ballot: 73, accepted_ballot: None, accepted_value: None } queue_len=424
[PROMISE-TRACE] from=11 received_ballot=73 current_ballot=101 match=false
[step=2614] DELIVER from=12 to=1 type=Promise { ballot: 73, accepted_ballot: None, accepted_value: None } queue_len=423
[PROMISE-TRACE] from=12 received_ballot=73 current_ballot=101 match=false
[step=2615] DELIVER from=13 to=1 type=Promise { ballot: 73, accepted_ballot: None, accepted_value: None } queue_len=422
[PROMISE-TRACE] from=13 received_ballot=73 current_ballot=101 match=false
[step=2616] DELIVER from=14 to=1 type=Promise { ballot: 73, accepted_ballot: None, accepted_value: None } queue_len=421
[PROMISE-TRACE] from=14 received_ballot=73 current_ballot=101 match=false
[step=2617] DELIVER from=15 to=1 type=Promise { ballot: 73, accepted_ballot: None, accepted_value: None } queue_len=420
[PROMISE-TRACE] from=15 received_ballot=73 current_ballot=101 match=false
[step=2618] DELIVER from=1 to=1 type=Promise { ballot: 74, accepted_ballot: None, accepted_value: None } queue_len=419
[PROMISE-TRACE] from=1 received_ballot=74 current_ballot=101 match=false
[step=2619] DELIVER from=2 to=1 type=Promise { ballot: 74, accepted_ballot: None, accepted_value: None } queue_len=418
[PROMISE-TRACE] from=2 received_ballot=74 current_ballot=101 match=false
[step=2620] DELIVER from=3 to=1 type=Promise { ballot: 74, accepted_ballot: None, accepted_value: None } queue_len=417
[PROMISE-TRACE] from=3 received_ballot=74 current_ballot=101 match=false
[step=2621] DELIVER from=4 to=1 type=Promise { ballot: 74, accepted_ballot: None, accepted_value: None } queue_len=416
[PROMISE-TRACE] from=4 received_ballot=74 current_ballot=101 match=false
[step=2622] DELIVER from=5 to=1 type=Promise { ballot: 74, accepted_ballot: None, accepted_value: None } queue_len=415
[PROMISE-TRACE] from=5 received_ballot=74 current_ballot=101 match=false
[step=2623] DELIVER from=6 to=1 type=Promise { ballot: 74, accepted_ballot: None, accepted_value: None } queue_len=414
[PROMISE-TRACE] from=6 received_ballot=74 current_ballot=101 match=false
[step=2624] DELIVER from=7 to=1 type=Promise { ballot: 74, accepted_ballot: None, accepted_value: None } queue_len=413
[PROMISE-TRACE] from=7 received_ballot=74 current_ballot=101 match=false
[step=2625] DELIVER from=8 to=1 type=Promise { ballot: 74, accepted_ballot: None, accepted_value: None } queue_len=412
[PROMISE-TRACE] from=8 received_ballot=74 current_ballot=101 match=false
[step=2626] DELIVER from=9 to=1 type=Promise { ballot: 74, accepted_ballot: None, accepted_value: None } queue_len=411
[PROMISE-TRACE] from=9 received_ballot=74 current_ballot=101 match=false
[step=2627] DELIVER from=10 to=1 type=Promise { ballot: 74, accepted_ballot: None, accepted_value: None } queue_len=410
[PROMISE-TRACE] from=10 received_ballot=74 current_ballot=101 match=false
[step=2628] DELIVER from=11 to=1 type=Promise { ballot: 74, accepted_ballot: None, accepted_value: None } queue_len=409
[PROMISE-TRACE] from=11 received_ballot=74 current_ballot=101 match=false
[step=2629] DELIVER from=12 to=1 type=Promise { ballot: 74, accepted_ballot: None, accepted_value: None } queue_len=408
[PROMISE-TRACE] from=12 received_ballot=74 current_ballot=101 match=false
[step=2630] DELIVER from=13 to=1 type=Promise { ballot: 74, accepted_ballot: None, accepted_value: None } queue_len=407
[PROMISE-TRACE] from=13 received_ballot=74 current_ballot=101 match=false
[step=2631] DELIVER from=14 to=1 type=Promise { ballot: 74, accepted_ballot: None, accepted_value: None } queue_len=406
[PROMISE-TRACE] from=14 received_ballot=74 current_ballot=101 match=false
[step=2632] DELIVER from=15 to=1 type=Promise { ballot: 74, accepted_ballot: None, accepted_value: None } queue_len=405
[PROMISE-TRACE] from=15 received_ballot=74 current_ballot=101 match=false
[step=2633] DELIVER from=1 to=1 type=Promise { ballot: 75, accepted_ballot: None, accepted_value: None } queue_len=404
[PROMISE-TRACE] from=1 received_ballot=75 current_ballot=101 match=false
[step=2634] DELIVER from=2 to=1 type=Promise { ballot: 75, accepted_ballot: None, accepted_value: None } queue_len=403
[PROMISE-TRACE] from=2 received_ballot=75 current_ballot=101 match=false
[step=2635] DELIVER from=3 to=1 type=Promise { ballot: 75, accepted_ballot: None, accepted_value: None } queue_len=402
[PROMISE-TRACE] from=3 received_ballot=75 current_ballot=101 match=false
[step=2636] DELIVER from=4 to=1 type=Promise { ballot: 75, accepted_ballot: None, accepted_value: None } queue_len=401
[PROMISE-TRACE] from=4 received_ballot=75 current_ballot=101 match=false
[step=2637] DELIVER from=5 to=1 type=Promise { ballot: 75, accepted_ballot: None, accepted_value: None } queue_len=400
[PROMISE-TRACE] from=5 received_ballot=75 current_ballot=101 match=false
[step=2638] DELIVER from=6 to=1 type=Promise { ballot: 75, accepted_ballot: None, accepted_value: None } queue_len=399
[PROMISE-TRACE] from=6 received_ballot=75 current_ballot=101 match=false
[step=2639] DELIVER from=7 to=1 type=Promise { ballot: 75, accepted_ballot: None, accepted_value: None } queue_len=398
[PROMISE-TRACE] from=7 received_ballot=75 current_ballot=101 match=false
[step=2640] DELIVER from=8 to=1 type=Promise { ballot: 75, accepted_ballot: None, accepted_value: None } queue_len=397
[PROMISE-TRACE] from=8 received_ballot=75 current_ballot=101 match=false
[step=2641] DELIVER from=9 to=1 type=Promise { ballot: 75, accepted_ballot: None, accepted_value: None } queue_len=396
[PROMISE-TRACE] from=9 received_ballot=75 current_ballot=101 match=false
[step=2642] DELIVER from=10 to=1 type=Promise { ballot: 75, accepted_ballot: None, accepted_value: None } queue_len=395
[PROMISE-TRACE] from=10 received_ballot=75 current_ballot=101 match=false
[step=2643] DELIVER from=11 to=1 type=Promise { ballot: 75, accepted_ballot: None, accepted_value: None } queue_len=394
[PROMISE-TRACE] from=11 received_ballot=75 current_ballot=101 match=false
[step=2644] DELIVER from=12 to=1 type=Promise { ballot: 75, accepted_ballot: None, accepted_value: None } queue_len=393
[PROMISE-TRACE] from=12 received_ballot=75 current_ballot=101 match=false
[step=2645] DELIVER from=13 to=1 type=Promise { ballot: 75, accepted_ballot: None, accepted_value: None } queue_len=392
[PROMISE-TRACE] from=13 received_ballot=75 current_ballot=101 match=false
[step=2646] DELIVER from=14 to=1 type=Promise { ballot: 75, accepted_ballot: None, accepted_value: None } queue_len=391
[PROMISE-TRACE] from=14 received_ballot=75 current_ballot=101 match=false
[step=2647] DELIVER from=15 to=1 type=Promise { ballot: 75, accepted_ballot: None, accepted_value: None } queue_len=390
[PROMISE-TRACE] from=15 received_ballot=75 current_ballot=101 match=false
[step=2648] DELIVER from=1 to=1 type=Promise { ballot: 76, accepted_ballot: None, accepted_value: None } queue_len=389
[PROMISE-TRACE] from=1 received_ballot=76 current_ballot=101 match=false
[step=2649] DELIVER from=2 to=1 type=Promise { ballot: 76, accepted_ballot: None, accepted_value: None } queue_len=388
[PROMISE-TRACE] from=2 received_ballot=76 current_ballot=101 match=false
[step=2650] DELIVER from=3 to=1 type=Promise { ballot: 76, accepted_ballot: None, accepted_value: None } queue_len=387
[PROMISE-TRACE] from=3 received_ballot=76 current_ballot=101 match=false
[step=2651] DELIVER from=4 to=1 type=Promise { ballot: 76, accepted_ballot: None, accepted_value: None } queue_len=386
[PROMISE-TRACE] from=4 received_ballot=76 current_ballot=101 match=false
[step=2652] DELIVER from=5 to=1 type=Promise { ballot: 76, accepted_ballot: None, accepted_value: None } queue_len=385
[PROMISE-TRACE] from=5 received_ballot=76 current_ballot=101 match=false
[step=2653] DELIVER from=6 to=1 type=Promise { ballot: 76, accepted_ballot: None, accepted_value: None } queue_len=384
[PROMISE-TRACE] from=6 received_ballot=76 current_ballot=101 match=false
[step=2654] DELIVER from=7 to=1 type=Promise { ballot: 76, accepted_ballot: None, accepted_value: None } queue_len=383
[PROMISE-TRACE] from=7 received_ballot=76 current_ballot=101 match=false
[step=2655] DELIVER from=8 to=1 type=Promise { ballot: 76, accepted_ballot: None, accepted_value: None } queue_len=382
[PROMISE-TRACE] from=8 received_ballot=76 current_ballot=101 match=false
[step=2656] DELIVER from=9 to=1 type=Promise { ballot: 76, accepted_ballot: None, accepted_value: None } queue_len=381
[PROMISE-TRACE] from=9 received_ballot=76 current_ballot=101 match=false
[step=2657] DELIVER from=10 to=1 type=Promise { ballot: 76, accepted_ballot: None, accepted_value: None } queue_len=380
[PROMISE-TRACE] from=10 received_ballot=76 current_ballot=101 match=false
[step=2658] DELIVER from=11 to=1 type=Promise { ballot: 76, accepted_ballot: None, accepted_value: None } queue_len=379
[PROMISE-TRACE] from=11 received_ballot=76 current_ballot=101 match=false
[step=2659] DELIVER from=12 to=1 type=Promise { ballot: 76, accepted_ballot: None, accepted_value: None } queue_len=378
[PROMISE-TRACE] from=12 received_ballot=76 current_ballot=101 match=false
[step=2660] DELIVER from=13 to=1 type=Promise { ballot: 76, accepted_ballot: None, accepted_value: None } queue_len=377
[PROMISE-TRACE] from=13 received_ballot=76 current_ballot=101 match=false
[step=2661] DELIVER from=14 to=1 type=Promise { ballot: 76, accepted_ballot: None, accepted_value: None } queue_len=376
[PROMISE-TRACE] from=14 received_ballot=76 current_ballot=101 match=false
[step=2662] DELIVER from=15 to=1 type=Promise { ballot: 76, accepted_ballot: None, accepted_value: None } queue_len=375
[PROMISE-TRACE] from=15 received_ballot=76 current_ballot=101 match=false
[step=2663] DELIVER from=1 to=1 type=Promise { ballot: 77, accepted_ballot: None, accepted_value: None } queue_len=374
[PROMISE-TRACE] from=1 received_ballot=77 current_ballot=101 match=false
[step=2664] DELIVER from=2 to=1 type=Promise { ballot: 77, accepted_ballot: None, accepted_value: None } queue_len=373
[PROMISE-TRACE] from=2 received_ballot=77 current_ballot=101 match=false
[step=2665] DELIVER from=3 to=1 type=Promise { ballot: 77, accepted_ballot: None, accepted_value: None } queue_len=372
[PROMISE-TRACE] from=3 received_ballot=77 current_ballot=101 match=false
[step=2666] DELIVER from=4 to=1 type=Promise { ballot: 77, accepted_ballot: None, accepted_value: None } queue_len=371
[PROMISE-TRACE] from=4 received_ballot=77 current_ballot=101 match=false
[step=2667] DELIVER from=5 to=1 type=Promise { ballot: 77, accepted_ballot: None, accepted_value: None } queue_len=370
[PROMISE-TRACE] from=5 received_ballot=77 current_ballot=101 match=false
[step=2668] DELIVER from=6 to=1 type=Promise { ballot: 77, accepted_ballot: None, accepted_value: None } queue_len=369
[PROMISE-TRACE] from=6 received_ballot=77 current_ballot=101 match=false
[step=2669] DELIVER from=7 to=1 type=Promise { ballot: 77, accepted_ballot: None, accepted_value: None } queue_len=368
[PROMISE-TRACE] from=7 received_ballot=77 current_ballot=101 match=false
[step=2670] DELIVER from=8 to=1 type=Promise { ballot: 77, accepted_ballot: None, accepted_value: None } queue_len=367
[PROMISE-TRACE] from=8 received_ballot=77 current_ballot=101 match=false
[step=2671] DELIVER from=9 to=1 type=Promise { ballot: 77, accepted_ballot: None, accepted_value: None } queue_len=366
[PROMISE-TRACE] from=9 received_ballot=77 current_ballot=101 match=false
[step=2672] DELIVER from=10 to=1 type=Promise { ballot: 77, accepted_ballot: None, accepted_value: None } queue_len=365
[PROMISE-TRACE] from=10 received_ballot=77 current_ballot=101 match=false
[step=2673] DELIVER from=11 to=1 type=Promise { ballot: 77, accepted_ballot: None, accepted_value: None } queue_len=364
[PROMISE-TRACE] from=11 received_ballot=77 current_ballot=101 match=false
[step=2674] DELIVER from=12 to=1 type=Promise { ballot: 77, accepted_ballot: None, accepted_value: None } queue_len=363
[PROMISE-TRACE] from=12 received_ballot=77 current_ballot=101 match=false
[step=2675] DELIVER from=13 to=1 type=Promise { ballot: 77, accepted_ballot: None, accepted_value: None } queue_len=362
[PROMISE-TRACE] from=13 received_ballot=77 current_ballot=101 match=false
[step=2676] DELIVER from=14 to=1 type=Promise { ballot: 77, accepted_ballot: None, accepted_value: None } queue_len=361
[PROMISE-TRACE] from=14 received_ballot=77 current_ballot=101 match=false
[step=2677] DELIVER from=15 to=1 type=Promise { ballot: 77, accepted_ballot: None, accepted_value: None } queue_len=360
[PROMISE-TRACE] from=15 received_ballot=77 current_ballot=101 match=false
[step=2678] DELIVER from=1 to=1 type=Promise { ballot: 78, accepted_ballot: None, accepted_value: None } queue_len=359
[PROMISE-TRACE] from=1 received_ballot=78 current_ballot=101 match=false
[step=2679] DELIVER from=2 to=1 type=Promise { ballot: 78, accepted_ballot: None, accepted_value: None } queue_len=358
[PROMISE-TRACE] from=2 received_ballot=78 current_ballot=101 match=false
[step=2680] DELIVER from=3 to=1 type=Promise { ballot: 78, accepted_ballot: None, accepted_value: None } queue_len=357
[PROMISE-TRACE] from=3 received_ballot=78 current_ballot=101 match=false
[step=2681] DELIVER from=4 to=1 type=Promise { ballot: 78, accepted_ballot: None, accepted_value: None } queue_len=356
[PROMISE-TRACE] from=4 received_ballot=78 current_ballot=101 match=false
[step=2682] DELIVER from=5 to=1 type=Promise { ballot: 78, accepted_ballot: None, accepted_value: None } queue_len=355
[PROMISE-TRACE] from=5 received_ballot=78 current_ballot=101 match=false
[step=2683] DELIVER from=6 to=1 type=Promise { ballot: 78, accepted_ballot: None, accepted_value: None } queue_len=354
[PROMISE-TRACE] from=6 received_ballot=78 current_ballot=101 match=false
[step=2684] DELIVER from=7 to=1 type=Promise { ballot: 78, accepted_ballot: None, accepted_value: None } queue_len=353
[PROMISE-TRACE] from=7 received_ballot=78 current_ballot=101 match=false
[step=2685] DELIVER from=8 to=1 type=Promise { ballot: 78, accepted_ballot: None, accepted_value: None } queue_len=352
[PROMISE-TRACE] from=8 received_ballot=78 current_ballot=101 match=false
[step=2686] DELIVER from=9 to=1 type=Promise { ballot: 78, accepted_ballot: None, accepted_value: None } queue_len=351
[PROMISE-TRACE] from=9 received_ballot=78 current_ballot=101 match=false
[step=2687] DELIVER from=10 to=1 type=Promise { ballot: 78, accepted_ballot: None, accepted_value: None } queue_len=350
[PROMISE-TRACE] from=10 received_ballot=78 current_ballot=101 match=false
[step=2688] DELIVER from=11 to=1 type=Promise { ballot: 78, accepted_ballot: None, accepted_value: None } queue_len=349
[PROMISE-TRACE] from=11 received_ballot=78 current_ballot=101 match=false
[step=2689] DELIVER from=12 to=1 type=Promise { ballot: 78, accepted_ballot: None, accepted_value: None } queue_len=348
[PROMISE-TRACE] from=12 received_ballot=78 current_ballot=101 match=false
[step=2690] DELIVER from=13 to=1 type=Promise { ballot: 78, accepted_ballot: None, accepted_value: None } queue_len=347
[PROMISE-TRACE] from=13 received_ballot=78 current_ballot=101 match=false
[step=2691] DELIVER from=14 to=1 type=Promise { ballot: 78, accepted_ballot: None, accepted_value: None } queue_len=346
[PROMISE-TRACE] from=14 received_ballot=78 current_ballot=101 match=false
[step=2692] DELIVER from=15 to=1 type=Promise { ballot: 78, accepted_ballot: None, accepted_value: None } queue_len=345
[PROMISE-TRACE] from=15 received_ballot=78 current_ballot=101 match=false
[step=2693] DELIVER from=1 to=1 type=Promise { ballot: 79, accepted_ballot: None, accepted_value: None } queue_len=344
[PROMISE-TRACE] from=1 received_ballot=79 current_ballot=101 match=false
[step=2694] DELIVER from=2 to=1 type=Promise { ballot: 79, accepted_ballot: None, accepted_value: None } queue_len=343
[PROMISE-TRACE] from=2 received_ballot=79 current_ballot=101 match=false
[step=2695] DELIVER from=3 to=1 type=Promise { ballot: 79, accepted_ballot: None, accepted_value: None } queue_len=342
[PROMISE-TRACE] from=3 received_ballot=79 current_ballot=101 match=false
[step=2696] DELIVER from=4 to=1 type=Promise { ballot: 79, accepted_ballot: None, accepted_value: None } queue_len=341
[PROMISE-TRACE] from=4 received_ballot=79 current_ballot=101 match=false
[step=2697] DELIVER from=5 to=1 type=Promise { ballot: 79, accepted_ballot: None, accepted_value: None } queue_len=340
[PROMISE-TRACE] from=5 received_ballot=79 current_ballot=101 match=false
[step=2698] DELIVER from=6 to=1 type=Promise { ballot: 79, accepted_ballot: None, accepted_value: None } queue_len=339
[PROMISE-TRACE] from=6 received_ballot=79 current_ballot=101 match=false
[step=2699] DELIVER from=7 to=1 type=Promise { ballot: 79, accepted_ballot: None, accepted_value: None } queue_len=338
[PROMISE-TRACE] from=7 received_ballot=79 current_ballot=101 match=false
[step=2700] DELIVER from=8 to=1 type=Promise { ballot: 79, accepted_ballot: None, accepted_value: None } queue_len=337
[PROMISE-TRACE] from=8 received_ballot=79 current_ballot=101 match=false
[step=2701] DELIVER from=9 to=1 type=Promise { ballot: 79, accepted_ballot: None, accepted_value: None } queue_len=336
[PROMISE-TRACE] from=9 received_ballot=79 current_ballot=101 match=false
[step=2702] DELIVER from=10 to=1 type=Promise { ballot: 79, accepted_ballot: None, accepted_value: None } queue_len=335
[PROMISE-TRACE] from=10 received_ballot=79 current_ballot=101 match=false
[step=2703] DELIVER from=11 to=1 type=Promise { ballot: 79, accepted_ballot: None, accepted_value: None } queue_len=334
[PROMISE-TRACE] from=11 received_ballot=79 current_ballot=101 match=false
[step=2704] DELIVER from=12 to=1 type=Promise { ballot: 79, accepted_ballot: None, accepted_value: None } queue_len=333
[PROMISE-TRACE] from=12 received_ballot=79 current_ballot=101 match=false
[step=2705] DELIVER from=13 to=1 type=Promise { ballot: 79, accepted_ballot: None, accepted_value: None } queue_len=332
[PROMISE-TRACE] from=13 received_ballot=79 current_ballot=101 match=false
[step=2706] DELIVER from=14 to=1 type=Promise { ballot: 79, accepted_ballot: None, accepted_value: None } queue_len=331
[PROMISE-TRACE] from=14 received_ballot=79 current_ballot=101 match=false
[step=2707] DELIVER from=15 to=1 type=Promise { ballot: 79, accepted_ballot: None, accepted_value: None } queue_len=330
[PROMISE-TRACE] from=15 received_ballot=79 current_ballot=101 match=false
[step=2708] DELIVER from=1 to=1 type=Promise { ballot: 80, accepted_ballot: None, accepted_value: None } queue_len=329
[PROMISE-TRACE] from=1 received_ballot=80 current_ballot=101 match=false
[step=2709] DELIVER from=2 to=1 type=Promise { ballot: 80, accepted_ballot: None, accepted_value: None } queue_len=328
[PROMISE-TRACE] from=2 received_ballot=80 current_ballot=101 match=false
[step=2710] DELIVER from=3 to=1 type=Promise { ballot: 80, accepted_ballot: None, accepted_value: None } queue_len=327
[PROMISE-TRACE] from=3 received_ballot=80 current_ballot=101 match=false
[step=2711] DELIVER from=4 to=1 type=Promise { ballot: 80, accepted_ballot: None, accepted_value: None } queue_len=326
[PROMISE-TRACE] from=4 received_ballot=80 current_ballot=101 match=false
[step=2712] DELIVER from=5 to=1 type=Promise { ballot: 80, accepted_ballot: None, accepted_value: None } queue_len=325
[PROMISE-TRACE] from=5 received_ballot=80 current_ballot=101 match=false
[step=2713] DELIVER from=6 to=1 type=Promise { ballot: 80, accepted_ballot: None, accepted_value: None } queue_len=324
[PROMISE-TRACE] from=6 received_ballot=80 current_ballot=101 match=false
[step=2714] DELIVER from=7 to=1 type=Promise { ballot: 80, accepted_ballot: None, accepted_value: None } queue_len=323
[PROMISE-TRACE] from=7 received_ballot=80 current_ballot=101 match=false
[step=2715] DELIVER from=8 to=1 type=Promise { ballot: 80, accepted_ballot: None, accepted_value: None } queue_len=322
[PROMISE-TRACE] from=8 received_ballot=80 current_ballot=101 match=false
[step=2716] DELIVER from=9 to=1 type=Promise { ballot: 80, accepted_ballot: None, accepted_value: None } queue_len=321
[PROMISE-TRACE] from=9 received_ballot=80 current_ballot=101 match=false
[step=2717] DELIVER from=10 to=1 type=Promise { ballot: 80, accepted_ballot: None, accepted_value: None } queue_len=320
[PROMISE-TRACE] from=10 received_ballot=80 current_ballot=101 match=false
[step=2718] DELIVER from=11 to=1 type=Promise { ballot: 80, accepted_ballot: None, accepted_value: None } queue_len=319
[PROMISE-TRACE] from=11 received_ballot=80 current_ballot=101 match=false
[step=2719] DELIVER from=12 to=1 type=Promise { ballot: 80, accepted_ballot: None, accepted_value: None } queue_len=318
[PROMISE-TRACE] from=12 received_ballot=80 current_ballot=101 match=false
[step=2720] DELIVER from=13 to=1 type=Promise { ballot: 80, accepted_ballot: None, accepted_value: None } queue_len=317
[PROMISE-TRACE] from=13 received_ballot=80 current_ballot=101 match=false
[step=2721] DELIVER from=14 to=1 type=Promise { ballot: 80, accepted_ballot: None, accepted_value: None } queue_len=316
[PROMISE-TRACE] from=14 received_ballot=80 current_ballot=101 match=false
[step=2722] DELIVER from=15 to=1 type=Promise { ballot: 80, accepted_ballot: None, accepted_value: None } queue_len=315
[PROMISE-TRACE] from=15 received_ballot=80 current_ballot=101 match=false
[step=2723] DELIVER from=1 to=1 type=Promise { ballot: 81, accepted_ballot: None, accepted_value: None } queue_len=314
[PROMISE-TRACE] from=1 received_ballot=81 current_ballot=101 match=false
[step=2724] DELIVER from=2 to=1 type=Promise { ballot: 81, accepted_ballot: None, accepted_value: None } queue_len=313
[PROMISE-TRACE] from=2 received_ballot=81 current_ballot=101 match=false
[step=2725] DELIVER from=3 to=1 type=Promise { ballot: 81, accepted_ballot: None, accepted_value: None } queue_len=312
[PROMISE-TRACE] from=3 received_ballot=81 current_ballot=101 match=false
[step=2726] DELIVER from=4 to=1 type=Promise { ballot: 81, accepted_ballot: None, accepted_value: None } queue_len=311
[PROMISE-TRACE] from=4 received_ballot=81 current_ballot=101 match=false
[step=2727] DELIVER from=5 to=1 type=Promise { ballot: 81, accepted_ballot: None, accepted_value: None } queue_len=310
[PROMISE-TRACE] from=5 received_ballot=81 current_ballot=101 match=false
[step=2728] DELIVER from=6 to=1 type=Promise { ballot: 81, accepted_ballot: None, accepted_value: None } queue_len=309
[PROMISE-TRACE] from=6 received_ballot=81 current_ballot=101 match=false
[step=2729] DELIVER from=7 to=1 type=Promise { ballot: 81, accepted_ballot: None, accepted_value: None } queue_len=308
[PROMISE-TRACE] from=7 received_ballot=81 current_ballot=101 match=false
[step=2730] DELIVER from=8 to=1 type=Promise { ballot: 81, accepted_ballot: None, accepted_value: None } queue_len=307
[PROMISE-TRACE] from=8 received_ballot=81 current_ballot=101 match=false
[step=2731] DELIVER from=9 to=1 type=Promise { ballot: 81, accepted_ballot: None, accepted_value: None } queue_len=306
[PROMISE-TRACE] from=9 received_ballot=81 current_ballot=101 match=false
[step=2732] DELIVER from=10 to=1 type=Promise { ballot: 81, accepted_ballot: None, accepted_value: None } queue_len=305
[PROMISE-TRACE] from=10 received_ballot=81 current_ballot=101 match=false
[step=2733] DELIVER from=11 to=1 type=Promise { ballot: 81, accepted_ballot: None, accepted_value: None } queue_len=304
[PROMISE-TRACE] from=11 received_ballot=81 current_ballot=101 match=false
[step=2734] DELIVER from=12 to=1 type=Promise { ballot: 81, accepted_ballot: None, accepted_value: None } queue_len=303
[PROMISE-TRACE] from=12 received_ballot=81 current_ballot=101 match=false
[step=2735] DELIVER from=13 to=1 type=Promise { ballot: 81, accepted_ballot: None, accepted_value: None } queue_len=302
[PROMISE-TRACE] from=13 received_ballot=81 current_ballot=101 match=false
[step=2736] DELIVER from=14 to=1 type=Promise { ballot: 81, accepted_ballot: None, accepted_value: None } queue_len=301
[PROMISE-TRACE] from=14 received_ballot=81 current_ballot=101 match=false
[step=2737] DELIVER from=15 to=1 type=Promise { ballot: 81, accepted_ballot: None, accepted_value: None } queue_len=300
[PROMISE-TRACE] from=15 received_ballot=81 current_ballot=101 match=false
[step=2738] DELIVER from=1 to=1 type=Promise { ballot: 82, accepted_ballot: None, accepted_value: None } queue_len=299
[PROMISE-TRACE] from=1 received_ballot=82 current_ballot=101 match=false
[step=2739] DELIVER from=2 to=1 type=Promise { ballot: 82, accepted_ballot: None, accepted_value: None } queue_len=298
[PROMISE-TRACE] from=2 received_ballot=82 current_ballot=101 match=false
[step=2740] DELIVER from=3 to=1 type=Promise { ballot: 82, accepted_ballot: None, accepted_value: None } queue_len=297
[PROMISE-TRACE] from=3 received_ballot=82 current_ballot=101 match=false
[step=2741] DELIVER from=4 to=1 type=Promise { ballot: 82, accepted_ballot: None, accepted_value: None } queue_len=296
[PROMISE-TRACE] from=4 received_ballot=82 current_ballot=101 match=false
[step=2742] DELIVER from=5 to=1 type=Promise { ballot: 82, accepted_ballot: None, accepted_value: None } queue_len=295
[PROMISE-TRACE] from=5 received_ballot=82 current_ballot=101 match=false
[step=2743] DELIVER from=6 to=1 type=Promise { ballot: 82, accepted_ballot: None, accepted_value: None } queue_len=294
[PROMISE-TRACE] from=6 received_ballot=82 current_ballot=101 match=false
[step=2744] DELIVER from=7 to=1 type=Promise { ballot: 82, accepted_ballot: None, accepted_value: None } queue_len=293
[PROMISE-TRACE] from=7 received_ballot=82 current_ballot=101 match=false
[step=2745] DELIVER from=8 to=1 type=Promise { ballot: 82, accepted_ballot: None, accepted_value: None } queue_len=292
[PROMISE-TRACE] from=8 received_ballot=82 current_ballot=101 match=false
[step=2746] DELIVER from=9 to=1 type=Promise { ballot: 82, accepted_ballot: None, accepted_value: None } queue_len=291
[PROMISE-TRACE] from=9 received_ballot=82 current_ballot=101 match=false
[step=2747] DELIVER from=10 to=1 type=Promise { ballot: 82, accepted_ballot: None, accepted_value: None } queue_len=290
[PROMISE-TRACE] from=10 received_ballot=82 current_ballot=101 match=false
[step=2748] DELIVER from=11 to=1 type=Promise { ballot: 82, accepted_ballot: None, accepted_value: None } queue_len=289
[PROMISE-TRACE] from=11 received_ballot=82 current_ballot=101 match=false
[step=2749] DELIVER from=12 to=1 type=Promise { ballot: 82, accepted_ballot: None, accepted_value: None } queue_len=288
[PROMISE-TRACE] from=12 received_ballot=82 current_ballot=101 match=false
[step=2750] DELIVER from=13 to=1 type=Promise { ballot: 82, accepted_ballot: None, accepted_value: None } queue_len=287
[PROMISE-TRACE] from=13 received_ballot=82 current_ballot=101 match=false
[step=2751] DELIVER from=14 to=1 type=Promise { ballot: 82, accepted_ballot: None, accepted_value: None } queue_len=286
[PROMISE-TRACE] from=14 received_ballot=82 current_ballot=101 match=false
[step=2752] DELIVER from=15 to=1 type=Promise { ballot: 82, accepted_ballot: None, accepted_value: None } queue_len=285
[PROMISE-TRACE] from=15 received_ballot=82 current_ballot=101 match=false
[step=2753] DELIVER from=1 to=1 type=Promise { ballot: 83, accepted_ballot: None, accepted_value: None } queue_len=284
[PROMISE-TRACE] from=1 received_ballot=83 current_ballot=101 match=false
[step=2754] DELIVER from=2 to=1 type=Promise { ballot: 83, accepted_ballot: None, accepted_value: None } queue_len=283
[PROMISE-TRACE] from=2 received_ballot=83 current_ballot=101 match=false
[step=2755] DELIVER from=3 to=1 type=Promise { ballot: 83, accepted_ballot: None, accepted_value: None } queue_len=282
[PROMISE-TRACE] from=3 received_ballot=83 current_ballot=101 match=false
[step=2756] DELIVER from=4 to=1 type=Promise { ballot: 83, accepted_ballot: None, accepted_value: None } queue_len=281
[PROMISE-TRACE] from=4 received_ballot=83 current_ballot=101 match=false
[step=2757] DELIVER from=5 to=1 type=Promise { ballot: 83, accepted_ballot: None, accepted_value: None } queue_len=280
[PROMISE-TRACE] from=5 received_ballot=83 current_ballot=101 match=false
[step=2758] DELIVER from=6 to=1 type=Promise { ballot: 83, accepted_ballot: None, accepted_value: None } queue_len=279
[PROMISE-TRACE] from=6 received_ballot=83 current_ballot=101 match=false
[step=2759] DELIVER from=7 to=1 type=Promise { ballot: 83, accepted_ballot: None, accepted_value: None } queue_len=278
[PROMISE-TRACE] from=7 received_ballot=83 current_ballot=101 match=false
[step=2760] DELIVER from=8 to=1 type=Promise { ballot: 83, accepted_ballot: None, accepted_value: None } queue_len=277
[PROMISE-TRACE] from=8 received_ballot=83 current_ballot=101 match=false
[step=2761] DELIVER from=9 to=1 type=Promise { ballot: 83, accepted_ballot: None, accepted_value: None } queue_len=276
[PROMISE-TRACE] from=9 received_ballot=83 current_ballot=101 match=false
[step=2762] DELIVER from=10 to=1 type=Promise { ballot: 83, accepted_ballot: None, accepted_value: None } queue_len=275
[PROMISE-TRACE] from=10 received_ballot=83 current_ballot=101 match=false
[step=2763] DELIVER from=11 to=1 type=Promise { ballot: 83, accepted_ballot: None, accepted_value: None } queue_len=274
[PROMISE-TRACE] from=11 received_ballot=83 current_ballot=101 match=false
[step=2764] DELIVER from=12 to=1 type=Promise { ballot: 83, accepted_ballot: None, accepted_value: None } queue_len=273
[PROMISE-TRACE] from=12 received_ballot=83 current_ballot=101 match=false
[step=2765] DELIVER from=13 to=1 type=Promise { ballot: 83, accepted_ballot: None, accepted_value: None } queue_len=272
[PROMISE-TRACE] from=13 received_ballot=83 current_ballot=101 match=false
[step=2766] DELIVER from=14 to=1 type=Promise { ballot: 83, accepted_ballot: None, accepted_value: None } queue_len=271
[PROMISE-TRACE] from=14 received_ballot=83 current_ballot=101 match=false
[step=2767] DELIVER from=15 to=1 type=Promise { ballot: 83, accepted_ballot: None, accepted_value: None } queue_len=270
[PROMISE-TRACE] from=15 received_ballot=83 current_ballot=101 match=false
[step=2768] DELIVER from=1 to=1 type=Promise { ballot: 84, accepted_ballot: None, accepted_value: None } queue_len=269
[PROMISE-TRACE] from=1 received_ballot=84 current_ballot=101 match=false
[step=2769] DELIVER from=2 to=1 type=Promise { ballot: 84, accepted_ballot: None, accepted_value: None } queue_len=268
[PROMISE-TRACE] from=2 received_ballot=84 current_ballot=101 match=false
[step=2770] DELIVER from=3 to=1 type=Promise { ballot: 84, accepted_ballot: None, accepted_value: None } queue_len=267
[PROMISE-TRACE] from=3 received_ballot=84 current_ballot=101 match=false
[step=2771] DELIVER from=4 to=1 type=Promise { ballot: 84, accepted_ballot: None, accepted_value: None } queue_len=266
[PROMISE-TRACE] from=4 received_ballot=84 current_ballot=101 match=false
[step=2772] DELIVER from=5 to=1 type=Promise { ballot: 84, accepted_ballot: None, accepted_value: None } queue_len=265
[PROMISE-TRACE] from=5 received_ballot=84 current_ballot=101 match=false
[step=2773] DELIVER from=6 to=1 type=Promise { ballot: 84, accepted_ballot: None, accepted_value: None } queue_len=264
[PROMISE-TRACE] from=6 received_ballot=84 current_ballot=101 match=false
[step=2774] DELIVER from=7 to=1 type=Promise { ballot: 84, accepted_ballot: None, accepted_value: None } queue_len=263
[PROMISE-TRACE] from=7 received_ballot=84 current_ballot=101 match=false
[step=2775] DELIVER from=8 to=1 type=Promise { ballot: 84, accepted_ballot: None, accepted_value: None } queue_len=262
[PROMISE-TRACE] from=8 received_ballot=84 current_ballot=101 match=false
[step=2776] DELIVER from=9 to=1 type=Promise { ballot: 84, accepted_ballot: None, accepted_value: None } queue_len=261
[PROMISE-TRACE] from=9 received_ballot=84 current_ballot=101 match=false
[step=2777] DELIVER from=10 to=1 type=Promise { ballot: 84, accepted_ballot: None, accepted_value: None } queue_len=260
[PROMISE-TRACE] from=10 received_ballot=84 current_ballot=101 match=false
[step=2778] DELIVER from=11 to=1 type=Promise { ballot: 84, accepted_ballot: None, accepted_value: None } queue_len=259
[PROMISE-TRACE] from=11 received_ballot=84 current_ballot=101 match=false
[step=2779] DELIVER from=12 to=1 type=Promise { ballot: 84, accepted_ballot: None, accepted_value: None } queue_len=258
[PROMISE-TRACE] from=12 received_ballot=84 current_ballot=101 match=false
[step=2780] DELIVER from=13 to=1 type=Promise { ballot: 84, accepted_ballot: None, accepted_value: None } queue_len=257
[PROMISE-TRACE] from=13 received_ballot=84 current_ballot=101 match=false
[step=2781] DELIVER from=14 to=1 type=Promise { ballot: 84, accepted_ballot: None, accepted_value: None } queue_len=256
[PROMISE-TRACE] from=14 received_ballot=84 current_ballot=101 match=false
[step=2782] DELIVER from=15 to=1 type=Promise { ballot: 84, accepted_ballot: None, accepted_value: None } queue_len=255
[PROMISE-TRACE] from=15 received_ballot=84 current_ballot=101 match=false
[step=2783] DELIVER from=1 to=1 type=Promise { ballot: 85, accepted_ballot: None, accepted_value: None } queue_len=254
[PROMISE-TRACE] from=1 received_ballot=85 current_ballot=101 match=false
[step=2784] DELIVER from=2 to=1 type=Promise { ballot: 85, accepted_ballot: None, accepted_value: None } queue_len=253
[PROMISE-TRACE] from=2 received_ballot=85 current_ballot=101 match=false
[step=2785] DELIVER from=3 to=1 type=Promise { ballot: 85, accepted_ballot: None, accepted_value: None } queue_len=252
[PROMISE-TRACE] from=3 received_ballot=85 current_ballot=101 match=false
[step=2786] DELIVER from=4 to=1 type=Promise { ballot: 85, accepted_ballot: None, accepted_value: None } queue_len=251
[PROMISE-TRACE] from=4 received_ballot=85 current_ballot=101 match=false
[step=2787] DELIVER from=5 to=1 type=Promise { ballot: 85, accepted_ballot: None, accepted_value: None } queue_len=250
[PROMISE-TRACE] from=5 received_ballot=85 current_ballot=101 match=false
[step=2788] DELIVER from=6 to=1 type=Promise { ballot: 85, accepted_ballot: None, accepted_value: None } queue_len=249
[PROMISE-TRACE] from=6 received_ballot=85 current_ballot=101 match=false
[step=2789] DELIVER from=7 to=1 type=Promise { ballot: 85, accepted_ballot: None, accepted_value: None } queue_len=248
[PROMISE-TRACE] from=7 received_ballot=85 current_ballot=101 match=false
[step=2790] DELIVER from=8 to=1 type=Promise { ballot: 85, accepted_ballot: None, accepted_value: None } queue_len=247
[PROMISE-TRACE] from=8 received_ballot=85 current_ballot=101 match=false
[step=2791] DELIVER from=9 to=1 type=Promise { ballot: 85, accepted_ballot: None, accepted_value: None } queue_len=246
[PROMISE-TRACE] from=9 received_ballot=85 current_ballot=101 match=false
[step=2792] DELIVER from=10 to=1 type=Promise { ballot: 85, accepted_ballot: None, accepted_value: None } queue_len=245
[PROMISE-TRACE] from=10 received_ballot=85 current_ballot=101 match=false
[step=2793] DELIVER from=11 to=1 type=Promise { ballot: 85, accepted_ballot: None, accepted_value: None } queue_len=244
[PROMISE-TRACE] from=11 received_ballot=85 current_ballot=101 match=false
[step=2794] DELIVER from=12 to=1 type=Promise { ballot: 85, accepted_ballot: None, accepted_value: None } queue_len=243
[PROMISE-TRACE] from=12 received_ballot=85 current_ballot=101 match=false
[step=2795] DELIVER from=13 to=1 type=Promise { ballot: 85, accepted_ballot: None, accepted_value: None } queue_len=242
[PROMISE-TRACE] from=13 received_ballot=85 current_ballot=101 match=false
[step=2796] DELIVER from=14 to=1 type=Promise { ballot: 85, accepted_ballot: None, accepted_value: None } queue_len=241
[PROMISE-TRACE] from=14 received_ballot=85 current_ballot=101 match=false
[step=2797] DELIVER from=15 to=1 type=Promise { ballot: 85, accepted_ballot: None, accepted_value: None } queue_len=240
[PROMISE-TRACE] from=15 received_ballot=85 current_ballot=101 match=false
[step=2798] DELIVER from=1 to=1 type=Promise { ballot: 86, accepted_ballot: None, accepted_value: None } queue_len=239
[PROMISE-TRACE] from=1 received_ballot=86 current_ballot=101 match=false
[step=2799] DELIVER from=2 to=1 type=Promise { ballot: 86, accepted_ballot: None, accepted_value: None } queue_len=238
[PROMISE-TRACE] from=2 received_ballot=86 current_ballot=101 match=false
[step=2800] DELIVER from=3 to=1 type=Promise { ballot: 86, accepted_ballot: None, accepted_value: None } queue_len=237
[PROMISE-TRACE] from=3 received_ballot=86 current_ballot=101 match=false
[step=2801] DELIVER from=4 to=1 type=Promise { ballot: 86, accepted_ballot: None, accepted_value: None } queue_len=236
[PROMISE-TRACE] from=4 received_ballot=86 current_ballot=101 match=false
[step=2802] DELIVER from=5 to=1 type=Promise { ballot: 86, accepted_ballot: None, accepted_value: None } queue_len=235
[PROMISE-TRACE] from=5 received_ballot=86 current_ballot=101 match=false
[step=2803] DELIVER from=6 to=1 type=Promise { ballot: 86, accepted_ballot: None, accepted_value: None } queue_len=234
[PROMISE-TRACE] from=6 received_ballot=86 current_ballot=101 match=false
[step=2804] DELIVER from=7 to=1 type=Promise { ballot: 86, accepted_ballot: None, accepted_value: None } queue_len=233
[PROMISE-TRACE] from=7 received_ballot=86 current_ballot=101 match=false
[step=2805] DELIVER from=8 to=1 type=Promise { ballot: 86, accepted_ballot: None, accepted_value: None } queue_len=232
[PROMISE-TRACE] from=8 received_ballot=86 current_ballot=101 match=false
[step=2806] DELIVER from=9 to=1 type=Promise { ballot: 86, accepted_ballot: None, accepted_value: None } queue_len=231
[PROMISE-TRACE] from=9 received_ballot=86 current_ballot=101 match=false
[step=2807] DELIVER from=10 to=1 type=Promise { ballot: 86, accepted_ballot: None, accepted_value: None } queue_len=230
[PROMISE-TRACE] from=10 received_ballot=86 current_ballot=101 match=false
[step=2808] DELIVER from=11 to=1 type=Promise { ballot: 86, accepted_ballot: None, accepted_value: None } queue_len=229
[PROMISE-TRACE] from=11 received_ballot=86 current_ballot=101 match=false
[step=2809] DELIVER from=12 to=1 type=Promise { ballot: 86, accepted_ballot: None, accepted_value: None } queue_len=228
[PROMISE-TRACE] from=12 received_ballot=86 current_ballot=101 match=false
[step=2810] DELIVER from=13 to=1 type=Promise { ballot: 86, accepted_ballot: None, accepted_value: None } queue_len=227
[PROMISE-TRACE] from=13 received_ballot=86 current_ballot=101 match=false
[step=2811] DELIVER from=14 to=1 type=Promise { ballot: 86, accepted_ballot: None, accepted_value: None } queue_len=226
[PROMISE-TRACE] from=14 received_ballot=86 current_ballot=101 match=false
[step=2812] DELIVER from=15 to=1 type=Promise { ballot: 86, accepted_ballot: None, accepted_value: None } queue_len=225
[PROMISE-TRACE] from=15 received_ballot=86 current_ballot=101 match=false
[step=2813] DELIVER from=1 to=1 type=Promise { ballot: 87, accepted_ballot: None, accepted_value: None } queue_len=224
[PROMISE-TRACE] from=1 received_ballot=87 current_ballot=101 match=false
[step=2814] DELIVER from=2 to=1 type=Promise { ballot: 87, accepted_ballot: None, accepted_value: None } queue_len=223
[PROMISE-TRACE] from=2 received_ballot=87 current_ballot=101 match=false
[step=2815] DELIVER from=3 to=1 type=Promise { ballot: 87, accepted_ballot: None, accepted_value: None } queue_len=222
[PROMISE-TRACE] from=3 received_ballot=87 current_ballot=101 match=false
[step=2816] DELIVER from=4 to=1 type=Promise { ballot: 87, accepted_ballot: None, accepted_value: None } queue_len=221
[PROMISE-TRACE] from=4 received_ballot=87 current_ballot=101 match=false
[step=2817] DELIVER from=5 to=1 type=Promise { ballot: 87, accepted_ballot: None, accepted_value: None } queue_len=220
[PROMISE-TRACE] from=5 received_ballot=87 current_ballot=101 match=false
[step=2818] DELIVER from=6 to=1 type=Promise { ballot: 87, accepted_ballot: None, accepted_value: None } queue_len=219
[PROMISE-TRACE] from=6 received_ballot=87 current_ballot=101 match=false
[step=2819] DELIVER from=7 to=1 type=Promise { ballot: 87, accepted_ballot: None, accepted_value: None } queue_len=218
[PROMISE-TRACE] from=7 received_ballot=87 current_ballot=101 match=false
[step=2820] DELIVER from=8 to=1 type=Promise { ballot: 87, accepted_ballot: None, accepted_value: None } queue_len=217
[PROMISE-TRACE] from=8 received_ballot=87 current_ballot=101 match=false
[step=2821] DELIVER from=9 to=1 type=Promise { ballot: 87, accepted_ballot: None, accepted_value: None } queue_len=216
[PROMISE-TRACE] from=9 received_ballot=87 current_ballot=101 match=false
[step=2822] DELIVER from=10 to=1 type=Promise { ballot: 87, accepted_ballot: None, accepted_value: None } queue_len=215
[PROMISE-TRACE] from=10 received_ballot=87 current_ballot=101 match=false
[step=2823] DELIVER from=11 to=1 type=Promise { ballot: 87, accepted_ballot: None, accepted_value: None } queue_len=214
[PROMISE-TRACE] from=11 received_ballot=87 current_ballot=101 match=false
[step=2824] DELIVER from=12 to=1 type=Promise { ballot: 87, accepted_ballot: None, accepted_value: None } queue_len=213
[PROMISE-TRACE] from=12 received_ballot=87 current_ballot=101 match=false
[step=2825] DELIVER from=13 to=1 type=Promise { ballot: 87, accepted_ballot: None, accepted_value: None } queue_len=212
[PROMISE-TRACE] from=13 received_ballot=87 current_ballot=101 match=false
[step=2826] DELIVER from=14 to=1 type=Promise { ballot: 87, accepted_ballot: None, accepted_value: None } queue_len=211
[PROMISE-TRACE] from=14 received_ballot=87 current_ballot=101 match=false
[step=2827] DELIVER from=15 to=1 type=Promise { ballot: 87, accepted_ballot: None, accepted_value: None } queue_len=210
[PROMISE-TRACE] from=15 received_ballot=87 current_ballot=101 match=false
[step=2828] DELIVER from=1 to=1 type=Promise { ballot: 88, accepted_ballot: None, accepted_value: None } queue_len=209
[PROMISE-TRACE] from=1 received_ballot=88 current_ballot=101 match=false
[step=2829] DELIVER from=2 to=1 type=Promise { ballot: 88, accepted_ballot: None, accepted_value: None } queue_len=208
[PROMISE-TRACE] from=2 received_ballot=88 current_ballot=101 match=false
[step=2830] DELIVER from=3 to=1 type=Promise { ballot: 88, accepted_ballot: None, accepted_value: None } queue_len=207
[PROMISE-TRACE] from=3 received_ballot=88 current_ballot=101 match=false
[step=2831] DELIVER from=4 to=1 type=Promise { ballot: 88, accepted_ballot: None, accepted_value: None } queue_len=206
[PROMISE-TRACE] from=4 received_ballot=88 current_ballot=101 match=false
[step=2832] DELIVER from=5 to=1 type=Promise { ballot: 88, accepted_ballot: None, accepted_value: None } queue_len=205
[PROMISE-TRACE] from=5 received_ballot=88 current_ballot=101 match=false
[step=2833] DELIVER from=6 to=1 type=Promise { ballot: 88, accepted_ballot: None, accepted_value: None } queue_len=204
[PROMISE-TRACE] from=6 received_ballot=88 current_ballot=101 match=false
[step=2834] DELIVER from=7 to=1 type=Promise { ballot: 88, accepted_ballot: None, accepted_value: None } queue_len=203
[PROMISE-TRACE] from=7 received_ballot=88 current_ballot=101 match=false
[step=2835] DELIVER from=8 to=1 type=Promise { ballot: 88, accepted_ballot: None, accepted_value: None } queue_len=202
[PROMISE-TRACE] from=8 received_ballot=88 current_ballot=101 match=false
[step=2836] DELIVER from=9 to=1 type=Promise { ballot: 88, accepted_ballot: None, accepted_value: None } queue_len=201
[PROMISE-TRACE] from=9 received_ballot=88 current_ballot=101 match=false
[step=2837] DELIVER from=10 to=1 type=Promise { ballot: 88, accepted_ballot: None, accepted_value: None } queue_len=200
[PROMISE-TRACE] from=10 received_ballot=88 current_ballot=101 match=false
[step=2838] DELIVER from=11 to=1 type=Promise { ballot: 88, accepted_ballot: None, accepted_value: None } queue_len=199
[PROMISE-TRACE] from=11 received_ballot=88 current_ballot=101 match=false
[step=2839] DELIVER from=12 to=1 type=Promise { ballot: 88, accepted_ballot: None, accepted_value: None } queue_len=198
[PROMISE-TRACE] from=12 received_ballot=88 current_ballot=101 match=false
[step=2840] DELIVER from=13 to=1 type=Promise { ballot: 88, accepted_ballot: None, accepted_value: None } queue_len=197
[PROMISE-TRACE] from=13 received_ballot=88 current_ballot=101 match=false
[step=2841] DELIVER from=14 to=1 type=Promise { ballot: 88, accepted_ballot: None, accepted_value: None } queue_len=196
[PROMISE-TRACE] from=14 received_ballot=88 current_ballot=101 match=false
[step=2842] DELIVER from=15 to=1 type=Promise { ballot: 88, accepted_ballot: None, accepted_value: None } queue_len=195
[PROMISE-TRACE] from=15 received_ballot=88 current_ballot=101 match=false
[step=2843] DELIVER from=1 to=1 type=Promise { ballot: 89, accepted_ballot: None, accepted_value: None } queue_len=194
[PROMISE-TRACE] from=1 received_ballot=89 current_ballot=101 match=false
[step=2844] DELIVER from=2 to=1 type=Promise { ballot: 89, accepted_ballot: None, accepted_value: None } queue_len=193
[PROMISE-TRACE] from=2 received_ballot=89 current_ballot=101 match=false
[step=2845] DELIVER from=3 to=1 type=Promise { ballot: 89, accepted_ballot: None, accepted_value: None } queue_len=192
[PROMISE-TRACE] from=3 received_ballot=89 current_ballot=101 match=false
[step=2846] DELIVER from=4 to=1 type=Promise { ballot: 89, accepted_ballot: None, accepted_value: None } queue_len=191
[PROMISE-TRACE] from=4 received_ballot=89 current_ballot=101 match=false
[step=2847] DELIVER from=5 to=1 type=Promise { ballot: 89, accepted_ballot: None, accepted_value: None } queue_len=190
[PROMISE-TRACE] from=5 received_ballot=89 current_ballot=101 match=false
[step=2848] DELIVER from=6 to=1 type=Promise { ballot: 89, accepted_ballot: None, accepted_value: None } queue_len=189
[PROMISE-TRACE] from=6 received_ballot=89 current_ballot=101 match=false
[step=2849] DELIVER from=7 to=1 type=Promise { ballot: 89, accepted_ballot: None, accepted_value: None } queue_len=188
[PROMISE-TRACE] from=7 received_ballot=89 current_ballot=101 match=false
[step=2850] DELIVER from=8 to=1 type=Promise { ballot: 89, accepted_ballot: None, accepted_value: None } queue_len=187
[PROMISE-TRACE] from=8 received_ballot=89 current_ballot=101 match=false
[step=2851] DELIVER from=9 to=1 type=Promise { ballot: 89, accepted_ballot: None, accepted_value: None } queue_len=186
[PROMISE-TRACE] from=9 received_ballot=89 current_ballot=101 match=false
[step=2852] DELIVER from=10 to=1 type=Promise { ballot: 89, accepted_ballot: None, accepted_value: None } queue_len=185
[PROMISE-TRACE] from=10 received_ballot=89 current_ballot=101 match=false
[step=2853] DELIVER from=11 to=1 type=Promise { ballot: 89, accepted_ballot: None, accepted_value: None } queue_len=184
[PROMISE-TRACE] from=11 received_ballot=89 current_ballot=101 match=false
[step=2854] DELIVER from=12 to=1 type=Promise { ballot: 89, accepted_ballot: None, accepted_value: None } queue_len=183
[PROMISE-TRACE] from=12 received_ballot=89 current_ballot=101 match=false
[step=2855] DELIVER from=13 to=1 type=Promise { ballot: 89, accepted_ballot: None, accepted_value: None } queue_len=182
[PROMISE-TRACE] from=13 received_ballot=89 current_ballot=101 match=false
[step=2856] DELIVER from=14 to=1 type=Promise { ballot: 89, accepted_ballot: None, accepted_value: None } queue_len=181
[PROMISE-TRACE] from=14 received_ballot=89 current_ballot=101 match=false
[step=2857] DELIVER from=15 to=1 type=Promise { ballot: 89, accepted_ballot: None, accepted_value: None } queue_len=180
[PROMISE-TRACE] from=15 received_ballot=89 current_ballot=101 match=false
[step=2858] DELIVER from=1 to=1 type=Promise { ballot: 90, accepted_ballot: None, accepted_value: None } queue_len=179
[PROMISE-TRACE] from=1 received_ballot=90 current_ballot=101 match=false
[step=2859] DELIVER from=2 to=1 type=Promise { ballot: 90, accepted_ballot: None, accepted_value: None } queue_len=178
[PROMISE-TRACE] from=2 received_ballot=90 current_ballot=101 match=false
[step=2860] DELIVER from=3 to=1 type=Promise { ballot: 90, accepted_ballot: None, accepted_value: None } queue_len=177
[PROMISE-TRACE] from=3 received_ballot=90 current_ballot=101 match=false
[step=2861] DELIVER from=4 to=1 type=Promise { ballot: 90, accepted_ballot: None, accepted_value: None } queue_len=176
[PROMISE-TRACE] from=4 received_ballot=90 current_ballot=101 match=false
[step=2862] DELIVER from=5 to=1 type=Promise { ballot: 90, accepted_ballot: None, accepted_value: None } queue_len=175
[PROMISE-TRACE] from=5 received_ballot=90 current_ballot=101 match=false
[step=2863] DELIVER from=6 to=1 type=Promise { ballot: 90, accepted_ballot: None, accepted_value: None } queue_len=174
[PROMISE-TRACE] from=6 received_ballot=90 current_ballot=101 match=false
[step=2864] DELIVER from=7 to=1 type=Promise { ballot: 90, accepted_ballot: None, accepted_value: None } queue_len=173
[PROMISE-TRACE] from=7 received_ballot=90 current_ballot=101 match=false
[step=2865] DELIVER from=8 to=1 type=Promise { ballot: 90, accepted_ballot: None, accepted_value: None } queue_len=172
[PROMISE-TRACE] from=8 received_ballot=90 current_ballot=101 match=false
[step=2866] DELIVER from=9 to=1 type=Promise { ballot: 90, accepted_ballot: None, accepted_value: None } queue_len=171
[PROMISE-TRACE] from=9 received_ballot=90 current_ballot=101 match=false
[step=2867] DELIVER from=10 to=1 type=Promise { ballot: 90, accepted_ballot: None, accepted_value: None } queue_len=170
[PROMISE-TRACE] from=10 received_ballot=90 current_ballot=101 match=false
[step=2868] DELIVER from=11 to=1 type=Promise { ballot: 90, accepted_ballot: None, accepted_value: None } queue_len=169
[PROMISE-TRACE] from=11 received_ballot=90 current_ballot=101 match=false
[step=2869] DELIVER from=12 to=1 type=Promise { ballot: 90, accepted_ballot: None, accepted_value: None } queue_len=168
[PROMISE-TRACE] from=12 received_ballot=90 current_ballot=101 match=false
[step=2870] DELIVER from=13 to=1 type=Promise { ballot: 90, accepted_ballot: None, accepted_value: None } queue_len=167
[PROMISE-TRACE] from=13 received_ballot=90 current_ballot=101 match=false
[step=2871] DELIVER from=14 to=1 type=Promise { ballot: 90, accepted_ballot: None, accepted_value: None } queue_len=166
[PROMISE-TRACE] from=14 received_ballot=90 current_ballot=101 match=false
[step=2872] DELIVER from=15 to=1 type=Promise { ballot: 90, accepted_ballot: None, accepted_value: None } queue_len=165
[PROMISE-TRACE] from=15 received_ballot=90 current_ballot=101 match=false
[step=2873] DELIVER from=1 to=1 type=Promise { ballot: 91, accepted_ballot: None, accepted_value: None } queue_len=164
[PROMISE-TRACE] from=1 received_ballot=91 current_ballot=101 match=false
[step=2874] DELIVER from=2 to=1 type=Promise { ballot: 91, accepted_ballot: None, accepted_value: None } queue_len=163
[PROMISE-TRACE] from=2 received_ballot=91 current_ballot=101 match=false
[step=2875] DELIVER from=3 to=1 type=Promise { ballot: 91, accepted_ballot: None, accepted_value: None } queue_len=162
[PROMISE-TRACE] from=3 received_ballot=91 current_ballot=101 match=false
[step=2876] DELIVER from=4 to=1 type=Promise { ballot: 91, accepted_ballot: None, accepted_value: None } queue_len=161
[PROMISE-TRACE] from=4 received_ballot=91 current_ballot=101 match=false
[step=2877] DELIVER from=5 to=1 type=Promise { ballot: 91, accepted_ballot: None, accepted_value: None } queue_len=160
[PROMISE-TRACE] from=5 received_ballot=91 current_ballot=101 match=false
[step=2878] DELIVER from=6 to=1 type=Promise { ballot: 91, accepted_ballot: None, accepted_value: None } queue_len=159
[PROMISE-TRACE] from=6 received_ballot=91 current_ballot=101 match=false
[step=2879] DELIVER from=7 to=1 type=Promise { ballot: 91, accepted_ballot: None, accepted_value: None } queue_len=158
[PROMISE-TRACE] from=7 received_ballot=91 current_ballot=101 match=false
[step=2880] DELIVER from=8 to=1 type=Promise { ballot: 91, accepted_ballot: None, accepted_value: None } queue_len=157
[PROMISE-TRACE] from=8 received_ballot=91 current_ballot=101 match=false
[step=2881] DELIVER from=9 to=1 type=Promise { ballot: 91, accepted_ballot: None, accepted_value: None } queue_len=156
[PROMISE-TRACE] from=9 received_ballot=91 current_ballot=101 match=false
[step=2882] DELIVER from=10 to=1 type=Promise { ballot: 91, accepted_ballot: None, accepted_value: None } queue_len=155
[PROMISE-TRACE] from=10 received_ballot=91 current_ballot=101 match=false
[step=2883] DELIVER from=11 to=1 type=Promise { ballot: 91, accepted_ballot: None, accepted_value: None } queue_len=154
[PROMISE-TRACE] from=11 received_ballot=91 current_ballot=101 match=false
[step=2884] DELIVER from=12 to=1 type=Promise { ballot: 91, accepted_ballot: None, accepted_value: None } queue_len=153
[PROMISE-TRACE] from=12 received_ballot=91 current_ballot=101 match=false
[step=2885] DELIVER from=13 to=1 type=Promise { ballot: 91, accepted_ballot: None, accepted_value: None } queue_len=152
[PROMISE-TRACE] from=13 received_ballot=91 current_ballot=101 match=false
[step=2886] DELIVER from=14 to=1 type=Promise { ballot: 91, accepted_ballot: None, accepted_value: None } queue_len=151
[PROMISE-TRACE] from=14 received_ballot=91 current_ballot=101 match=false
[step=2887] DELIVER from=15 to=1 type=Promise { ballot: 91, accepted_ballot: None, accepted_value: None } queue_len=150
[PROMISE-TRACE] from=15 received_ballot=91 current_ballot=101 match=false
[step=2888] DELIVER from=1 to=1 type=Promise { ballot: 92, accepted_ballot: None, accepted_value: None } queue_len=149
[PROMISE-TRACE] from=1 received_ballot=92 current_ballot=101 match=false
[step=2889] DELIVER from=2 to=1 type=Promise { ballot: 92, accepted_ballot: None, accepted_value: None } queue_len=148
[PROMISE-TRACE] from=2 received_ballot=92 current_ballot=101 match=false
[step=2890] DELIVER from=3 to=1 type=Promise { ballot: 92, accepted_ballot: None, accepted_value: None } queue_len=147
[PROMISE-TRACE] from=3 received_ballot=92 current_ballot=101 match=false
[step=2891] DELIVER from=4 to=1 type=Promise { ballot: 92, accepted_ballot: None, accepted_value: None } queue_len=146
[PROMISE-TRACE] from=4 received_ballot=92 current_ballot=101 match=false
[step=2892] DELIVER from=5 to=1 type=Promise { ballot: 92, accepted_ballot: None, accepted_value: None } queue_len=145
[PROMISE-TRACE] from=5 received_ballot=92 current_ballot=101 match=false
[step=2893] DELIVER from=6 to=1 type=Promise { ballot: 92, accepted_ballot: None, accepted_value: None } queue_len=144
[PROMISE-TRACE] from=6 received_ballot=92 current_ballot=101 match=false
[step=2894] DELIVER from=7 to=1 type=Promise { ballot: 92, accepted_ballot: None, accepted_value: None } queue_len=143
[PROMISE-TRACE] from=7 received_ballot=92 current_ballot=101 match=false
[step=2895] DELIVER from=8 to=1 type=Promise { ballot: 92, accepted_ballot: None, accepted_value: None } queue_len=142
[PROMISE-TRACE] from=8 received_ballot=92 current_ballot=101 match=false
[step=2896] DELIVER from=9 to=1 type=Promise { ballot: 92, accepted_ballot: None, accepted_value: None } queue_len=141
[PROMISE-TRACE] from=9 received_ballot=92 current_ballot=101 match=false
[step=2897] DELIVER from=10 to=1 type=Promise { ballot: 92, accepted_ballot: None, accepted_value: None } queue_len=140
[PROMISE-TRACE] from=10 received_ballot=92 current_ballot=101 match=false
[step=2898] DELIVER from=11 to=1 type=Promise { ballot: 92, accepted_ballot: None, accepted_value: None } queue_len=139
[PROMISE-TRACE] from=11 received_ballot=92 current_ballot=101 match=false
[step=2899] DELIVER from=12 to=1 type=Promise { ballot: 92, accepted_ballot: None, accepted_value: None } queue_len=138
[PROMISE-TRACE] from=12 received_ballot=92 current_ballot=101 match=false
[step=2900] DELIVER from=13 to=1 type=Promise { ballot: 92, accepted_ballot: None, accepted_value: None } queue_len=137
[PROMISE-TRACE] from=13 received_ballot=92 current_ballot=101 match=false
[step=2901] DELIVER from=14 to=1 type=Promise { ballot: 92, accepted_ballot: None, accepted_value: None } queue_len=136
[PROMISE-TRACE] from=14 received_ballot=92 current_ballot=101 match=false
[step=2902] DELIVER from=15 to=1 type=Promise { ballot: 92, accepted_ballot: None, accepted_value: None } queue_len=135
[PROMISE-TRACE] from=15 received_ballot=92 current_ballot=101 match=false
[step=2903] DELIVER from=1 to=1 type=Promise { ballot: 93, accepted_ballot: None, accepted_value: None } queue_len=134
[PROMISE-TRACE] from=1 received_ballot=93 current_ballot=101 match=false
[step=2904] DELIVER from=2 to=1 type=Promise { ballot: 93, accepted_ballot: None, accepted_value: None } queue_len=133
[PROMISE-TRACE] from=2 received_ballot=93 current_ballot=101 match=false
[step=2905] DELIVER from=3 to=1 type=Promise { ballot: 93, accepted_ballot: None, accepted_value: None } queue_len=132
[PROMISE-TRACE] from=3 received_ballot=93 current_ballot=101 match=false
[step=2906] DELIVER from=4 to=1 type=Promise { ballot: 93, accepted_ballot: None, accepted_value: None } queue_len=131
[PROMISE-TRACE] from=4 received_ballot=93 current_ballot=101 match=false
[step=2907] DELIVER from=5 to=1 type=Promise { ballot: 93, accepted_ballot: None, accepted_value: None } queue_len=130
[PROMISE-TRACE] from=5 received_ballot=93 current_ballot=101 match=false
[step=2908] DELIVER from=6 to=1 type=Promise { ballot: 93, accepted_ballot: None, accepted_value: None } queue_len=129
[PROMISE-TRACE] from=6 received_ballot=93 current_ballot=101 match=false
[step=2909] DELIVER from=7 to=1 type=Promise { ballot: 93, accepted_ballot: None, accepted_value: None } queue_len=128
[PROMISE-TRACE] from=7 received_ballot=93 current_ballot=101 match=false
[step=2910] DELIVER from=8 to=1 type=Promise { ballot: 93, accepted_ballot: None, accepted_value: None } queue_len=127
[PROMISE-TRACE] from=8 received_ballot=93 current_ballot=101 match=false
[step=2911] DELIVER from=9 to=1 type=Promise { ballot: 93, accepted_ballot: None, accepted_value: None } queue_len=126
[PROMISE-TRACE] from=9 received_ballot=93 current_ballot=101 match=false
[step=2912] DELIVER from=10 to=1 type=Promise { ballot: 93, accepted_ballot: None, accepted_value: None } queue_len=125
[PROMISE-TRACE] from=10 received_ballot=93 current_ballot=101 match=false
[step=2913] DELIVER from=11 to=1 type=Promise { ballot: 93, accepted_ballot: None, accepted_value: None } queue_len=124
[PROMISE-TRACE] from=11 received_ballot=93 current_ballot=101 match=false
[step=2914] DELIVER from=12 to=1 type=Promise { ballot: 93, accepted_ballot: None, accepted_value: None } queue_len=123
[PROMISE-TRACE] from=12 received_ballot=93 current_ballot=101 match=false
[step=2915] DELIVER from=13 to=1 type=Promise { ballot: 93, accepted_ballot: None, accepted_value: None } queue_len=122
[PROMISE-TRACE] from=13 received_ballot=93 current_ballot=101 match=false
[step=2916] DELIVER from=14 to=1 type=Promise { ballot: 93, accepted_ballot: None, accepted_value: None } queue_len=121
[PROMISE-TRACE] from=14 received_ballot=93 current_ballot=101 match=false
[step=2917] DELIVER from=15 to=1 type=Promise { ballot: 93, accepted_ballot: None, accepted_value: None } queue_len=120
[PROMISE-TRACE] from=15 received_ballot=93 current_ballot=101 match=false
[step=2918] DELIVER from=1 to=1 type=Promise { ballot: 94, accepted_ballot: None, accepted_value: None } queue_len=119
[PROMISE-TRACE] from=1 received_ballot=94 current_ballot=101 match=false
[step=2919] DELIVER from=2 to=1 type=Promise { ballot: 94, accepted_ballot: None, accepted_value: None } queue_len=118
[PROMISE-TRACE] from=2 received_ballot=94 current_ballot=101 match=false
[step=2920] DELIVER from=3 to=1 type=Promise { ballot: 94, accepted_ballot: None, accepted_value: None } queue_len=117
[PROMISE-TRACE] from=3 received_ballot=94 current_ballot=101 match=false
[step=2921] DELIVER from=4 to=1 type=Promise { ballot: 94, accepted_ballot: None, accepted_value: None } queue_len=116
[PROMISE-TRACE] from=4 received_ballot=94 current_ballot=101 match=false
[step=2922] DELIVER from=5 to=1 type=Promise { ballot: 94, accepted_ballot: None, accepted_value: None } queue_len=115
[PROMISE-TRACE] from=5 received_ballot=94 current_ballot=101 match=false
[step=2923] DELIVER from=6 to=1 type=Promise { ballot: 94, accepted_ballot: None, accepted_value: None } queue_len=114
[PROMISE-TRACE] from=6 received_ballot=94 current_ballot=101 match=false
[step=2924] DELIVER from=7 to=1 type=Promise { ballot: 94, accepted_ballot: None, accepted_value: None } queue_len=113
[PROMISE-TRACE] from=7 received_ballot=94 current_ballot=101 match=false
[step=2925] DELIVER from=8 to=1 type=Promise { ballot: 94, accepted_ballot: None, accepted_value: None } queue_len=112
[PROMISE-TRACE] from=8 received_ballot=94 current_ballot=101 match=false
[step=2926] DELIVER from=9 to=1 type=Promise { ballot: 94, accepted_ballot: None, accepted_value: None } queue_len=111
[PROMISE-TRACE] from=9 received_ballot=94 current_ballot=101 match=false
[step=2927] DELIVER from=10 to=1 type=Promise { ballot: 94, accepted_ballot: None, accepted_value: None } queue_len=110
[PROMISE-TRACE] from=10 received_ballot=94 current_ballot=101 match=false
[step=2928] DELIVER from=11 to=1 type=Promise { ballot: 94, accepted_ballot: None, accepted_value: None } queue_len=109
[PROMISE-TRACE] from=11 received_ballot=94 current_ballot=101 match=false
[step=2929] DELIVER from=12 to=1 type=Promise { ballot: 94, accepted_ballot: None, accepted_value: None } queue_len=108
[PROMISE-TRACE] from=12 received_ballot=94 current_ballot=101 match=false
[step=2930] DELIVER from=13 to=1 type=Promise { ballot: 94, accepted_ballot: None, accepted_value: None } queue_len=107
[PROMISE-TRACE] from=13 received_ballot=94 current_ballot=101 match=false
[step=2931] DELIVER from=14 to=1 type=Promise { ballot: 94, accepted_ballot: None, accepted_value: None } queue_len=106
[PROMISE-TRACE] from=14 received_ballot=94 current_ballot=101 match=false
[step=2932] DELIVER from=15 to=1 type=Promise { ballot: 94, accepted_ballot: None, accepted_value: None } queue_len=105
[PROMISE-TRACE] from=15 received_ballot=94 current_ballot=101 match=false
[step=2933] DELIVER from=1 to=1 type=Promise { ballot: 95, accepted_ballot: None, accepted_value: None } queue_len=104
[PROMISE-TRACE] from=1 received_ballot=95 current_ballot=101 match=false
[step=2934] DELIVER from=2 to=1 type=Promise { ballot: 95, accepted_ballot: None, accepted_value: None } queue_len=103
[PROMISE-TRACE] from=2 received_ballot=95 current_ballot=101 match=false
[step=2935] DELIVER from=3 to=1 type=Promise { ballot: 95, accepted_ballot: None, accepted_value: None } queue_len=102
[PROMISE-TRACE] from=3 received_ballot=95 current_ballot=101 match=false
[step=2936] DELIVER from=4 to=1 type=Promise { ballot: 95, accepted_ballot: None, accepted_value: None } queue_len=101
[PROMISE-TRACE] from=4 received_ballot=95 current_ballot=101 match=false
[step=2937] DELIVER from=5 to=1 type=Promise { ballot: 95, accepted_ballot: None, accepted_value: None } queue_len=100
[PROMISE-TRACE] from=5 received_ballot=95 current_ballot=101 match=false
[step=2938] DELIVER from=6 to=1 type=Promise { ballot: 95, accepted_ballot: None, accepted_value: None } queue_len=99
[PROMISE-TRACE] from=6 received_ballot=95 current_ballot=101 match=false
[step=2939] DELIVER from=7 to=1 type=Promise { ballot: 95, accepted_ballot: None, accepted_value: None } queue_len=98
[PROMISE-TRACE] from=7 received_ballot=95 current_ballot=101 match=false
[step=2940] DELIVER from=8 to=1 type=Promise { ballot: 95, accepted_ballot: None, accepted_value: None } queue_len=97
[PROMISE-TRACE] from=8 received_ballot=95 current_ballot=101 match=false
[step=2941] DELIVER from=9 to=1 type=Promise { ballot: 95, accepted_ballot: None, accepted_value: None } queue_len=96
[PROMISE-TRACE] from=9 received_ballot=95 current_ballot=101 match=false
[step=2942] DELIVER from=10 to=1 type=Promise { ballot: 95, accepted_ballot: None, accepted_value: None } queue_len=95
[PROMISE-TRACE] from=10 received_ballot=95 current_ballot=101 match=false
[step=2943] DELIVER from=11 to=1 type=Promise { ballot: 95, accepted_ballot: None, accepted_value: None } queue_len=94
[PROMISE-TRACE] from=11 received_ballot=95 current_ballot=101 match=false
[step=2944] DELIVER from=12 to=1 type=Promise { ballot: 95, accepted_ballot: None, accepted_value: None } queue_len=93
[PROMISE-TRACE] from=12 received_ballot=95 current_ballot=101 match=false
[step=2945] DELIVER from=13 to=1 type=Promise { ballot: 95, accepted_ballot: None, accepted_value: None } queue_len=92
[PROMISE-TRACE] from=13 received_ballot=95 current_ballot=101 match=false
[step=2946] DELIVER from=14 to=1 type=Promise { ballot: 95, accepted_ballot: None, accepted_value: None } queue_len=91
[PROMISE-TRACE] from=14 received_ballot=95 current_ballot=101 match=false
[step=2947] DELIVER from=15 to=1 type=Promise { ballot: 95, accepted_ballot: None, accepted_value: None } queue_len=90
[PROMISE-TRACE] from=15 received_ballot=95 current_ballot=101 match=false
[step=2948] DELIVER from=1 to=1 type=Promise { ballot: 96, accepted_ballot: None, accepted_value: None } queue_len=89
[PROMISE-TRACE] from=1 received_ballot=96 current_ballot=101 match=false
[step=2949] DELIVER from=2 to=1 type=Promise { ballot: 96, accepted_ballot: None, accepted_value: None } queue_len=88
[PROMISE-TRACE] from=2 received_ballot=96 current_ballot=101 match=false
[step=2950] DELIVER from=3 to=1 type=Promise { ballot: 96, accepted_ballot: None, accepted_value: None } queue_len=87
[PROMISE-TRACE] from=3 received_ballot=96 current_ballot=101 match=false
[step=2951] DELIVER from=4 to=1 type=Promise { ballot: 96, accepted_ballot: None, accepted_value: None } queue_len=86
[PROMISE-TRACE] from=4 received_ballot=96 current_ballot=101 match=false
[step=2952] DELIVER from=5 to=1 type=Promise { ballot: 96, accepted_ballot: None, accepted_value: None } queue_len=85
[PROMISE-TRACE] from=5 received_ballot=96 current_ballot=101 match=false
[step=2953] DELIVER from=6 to=1 type=Promise { ballot: 96, accepted_ballot: None, accepted_value: None } queue_len=84
[PROMISE-TRACE] from=6 received_ballot=96 current_ballot=101 match=false
[step=2954] DELIVER from=7 to=1 type=Promise { ballot: 96, accepted_ballot: None, accepted_value: None } queue_len=83
[PROMISE-TRACE] from=7 received_ballot=96 current_ballot=101 match=false
[step=2955] DELIVER from=8 to=1 type=Promise { ballot: 96, accepted_ballot: None, accepted_value: None } queue_len=82
[PROMISE-TRACE] from=8 received_ballot=96 current_ballot=101 match=false
[step=2956] DELIVER from=9 to=1 type=Promise { ballot: 96, accepted_ballot: None, accepted_value: None } queue_len=81
[PROMISE-TRACE] from=9 received_ballot=96 current_ballot=101 match=false
[step=2957] DELIVER from=10 to=1 type=Promise { ballot: 96, accepted_ballot: None, accepted_value: None } queue_len=80
[PROMISE-TRACE] from=10 received_ballot=96 current_ballot=101 match=false
[step=2958] DELIVER from=11 to=1 type=Promise { ballot: 96, accepted_ballot: None, accepted_value: None } queue_len=79
[PROMISE-TRACE] from=11 received_ballot=96 current_ballot=101 match=false
[step=2959] DELIVER from=12 to=1 type=Promise { ballot: 96, accepted_ballot: None, accepted_value: None } queue_len=78
[PROMISE-TRACE] from=12 received_ballot=96 current_ballot=101 match=false
[step=2960] DELIVER from=13 to=1 type=Promise { ballot: 96, accepted_ballot: None, accepted_value: None } queue_len=77
[PROMISE-TRACE] from=13 received_ballot=96 current_ballot=101 match=false
[step=2961] DELIVER from=14 to=1 type=Promise { ballot: 96, accepted_ballot: None, accepted_value: None } queue_len=76
[PROMISE-TRACE] from=14 received_ballot=96 current_ballot=101 match=false
[step=2962] DELIVER from=15 to=1 type=Promise { ballot: 96, accepted_ballot: None, accepted_value: None } queue_len=75
[PROMISE-TRACE] from=15 received_ballot=96 current_ballot=101 match=false
[step=2963] DELIVER from=1 to=1 type=Promise { ballot: 97, accepted_ballot: None, accepted_value: None } queue_len=74
[PROMISE-TRACE] from=1 received_ballot=97 current_ballot=101 match=false
[step=2964] DELIVER from=2 to=1 type=Promise { ballot: 97, accepted_ballot: None, accepted_value: None } queue_len=73
[PROMISE-TRACE] from=2 received_ballot=97 current_ballot=101 match=false
[step=2965] DELIVER from=3 to=1 type=Promise { ballot: 97, accepted_ballot: None, accepted_value: None } queue_len=72
[PROMISE-TRACE] from=3 received_ballot=97 current_ballot=101 match=false
[step=2966] DELIVER from=4 to=1 type=Promise { ballot: 97, accepted_ballot: None, accepted_value: None } queue_len=71
[PROMISE-TRACE] from=4 received_ballot=97 current_ballot=101 match=false
[step=2967] DELIVER from=5 to=1 type=Promise { ballot: 97, accepted_ballot: None, accepted_value: None } queue_len=70
[PROMISE-TRACE] from=5 received_ballot=97 current_ballot=101 match=false
[step=2968] DELIVER from=6 to=1 type=Promise { ballot: 97, accepted_ballot: None, accepted_value: None } queue_len=69
[PROMISE-TRACE] from=6 received_ballot=97 current_ballot=101 match=false
[step=2969] DELIVER from=7 to=1 type=Promise { ballot: 97, accepted_ballot: None, accepted_value: None } queue_len=68
[PROMISE-TRACE] from=7 received_ballot=97 current_ballot=101 match=false
[step=2970] DELIVER from=8 to=1 type=Promise { ballot: 97, accepted_ballot: None, accepted_value: None } queue_len=67
[PROMISE-TRACE] from=8 received_ballot=97 current_ballot=101 match=false
[step=2971] DELIVER from=9 to=1 type=Promise { ballot: 97, accepted_ballot: None, accepted_value: None } queue_len=66
[PROMISE-TRACE] from=9 received_ballot=97 current_ballot=101 match=false
[step=2972] DELIVER from=10 to=1 type=Promise { ballot: 97, accepted_ballot: None, accepted_value: None } queue_len=65
[PROMISE-TRACE] from=10 received_ballot=97 current_ballot=101 match=false
[step=2973] DELIVER from=11 to=1 type=Promise { ballot: 97, accepted_ballot: None, accepted_value: None } queue_len=64
[PROMISE-TRACE] from=11 received_ballot=97 current_ballot=101 match=false
[step=2974] DELIVER from=12 to=1 type=Promise { ballot: 97, accepted_ballot: None, accepted_value: None } queue_len=63
[PROMISE-TRACE] from=12 received_ballot=97 current_ballot=101 match=false
[step=2975] DELIVER from=13 to=1 type=Promise { ballot: 97, accepted_ballot: None, accepted_value: None } queue_len=62
[PROMISE-TRACE] from=13 received_ballot=97 current_ballot=101 match=false
[step=2976] DELIVER from=14 to=1 type=Promise { ballot: 97, accepted_ballot: None, accepted_value: None } queue_len=61
[PROMISE-TRACE] from=14 received_ballot=97 current_ballot=101 match=false
[step=2977] DELIVER from=15 to=1 type=Promise { ballot: 97, accepted_ballot: None, accepted_value: None } queue_len=60
[PROMISE-TRACE] from=15 received_ballot=97 current_ballot=101 match=false
[step=2978] DELIVER from=1 to=1 type=Promise { ballot: 98, accepted_ballot: None, accepted_value: None } queue_len=59
[PROMISE-TRACE] from=1 received_ballot=98 current_ballot=101 match=false
[step=2979] DELIVER from=2 to=1 type=Promise { ballot: 98, accepted_ballot: None, accepted_value: None } queue_len=58
[PROMISE-TRACE] from=2 received_ballot=98 current_ballot=101 match=false
[step=2980] DELIVER from=3 to=1 type=Promise { ballot: 98, accepted_ballot: None, accepted_value: None } queue_len=57
[PROMISE-TRACE] from=3 received_ballot=98 current_ballot=101 match=false
[step=2981] DELIVER from=4 to=1 type=Promise { ballot: 98, accepted_ballot: None, accepted_value: None } queue_len=56
[PROMISE-TRACE] from=4 received_ballot=98 current_ballot=101 match=false
[step=2982] DELIVER from=5 to=1 type=Promise { ballot: 98, accepted_ballot: None, accepted_value: None } queue_len=55
[PROMISE-TRACE] from=5 received_ballot=98 current_ballot=101 match=false
[step=2983] DELIVER from=6 to=1 type=Promise { ballot: 98, accepted_ballot: None, accepted_value: None } queue_len=54
[PROMISE-TRACE] from=6 received_ballot=98 current_ballot=101 match=false
[step=2984] DELIVER from=7 to=1 type=Promise { ballot: 98, accepted_ballot: None, accepted_value: None } queue_len=53
[PROMISE-TRACE] from=7 received_ballot=98 current_ballot=101 match=false
[step=2985] DELIVER from=8 to=1 type=Promise { ballot: 98, accepted_ballot: None, accepted_value: None } queue_len=52
[PROMISE-TRACE] from=8 received_ballot=98 current_ballot=101 match=false
[step=2986] DELIVER from=9 to=1 type=Promise { ballot: 98, accepted_ballot: None, accepted_value: None } queue_len=51
[PROMISE-TRACE] from=9 received_ballot=98 current_ballot=101 match=false
[step=2987] DELIVER from=10 to=1 type=Promise { ballot: 98, accepted_ballot: None, accepted_value: None } queue_len=50
[PROMISE-TRACE] from=10 received_ballot=98 current_ballot=101 match=false
[step=2988] DELIVER from=11 to=1 type=Promise { ballot: 98, accepted_ballot: None, accepted_value: None } queue_len=49
[PROMISE-TRACE] from=11 received_ballot=98 current_ballot=101 match=false
[step=2989] DELIVER from=12 to=1 type=Promise { ballot: 98, accepted_ballot: None, accepted_value: None } queue_len=48
[PROMISE-TRACE] from=12 received_ballot=98 current_ballot=101 match=false
[step=2990] DELIVER from=13 to=1 type=Promise { ballot: 98, accepted_ballot: None, accepted_value: None } queue_len=47
[PROMISE-TRACE] from=13 received_ballot=98 current_ballot=101 match=false
[step=2991] DELIVER from=14 to=1 type=Promise { ballot: 98, accepted_ballot: None, accepted_value: None } queue_len=46
[PROMISE-TRACE] from=14 received_ballot=98 current_ballot=101 match=false
[step=2992] DELIVER from=15 to=1 type=Promise { ballot: 98, accepted_ballot: None, accepted_value: None } queue_len=45
[PROMISE-TRACE] from=15 received_ballot=98 current_ballot=101 match=false
[step=2993] DELIVER from=1 to=1 type=Promise { ballot: 99, accepted_ballot: None, accepted_value: None } queue_len=44
[PROMISE-TRACE] from=1 received_ballot=99 current_ballot=101 match=false
[step=2994] DELIVER from=2 to=1 type=Promise { ballot: 99, accepted_ballot: None, accepted_value: None } queue_len=43
[PROMISE-TRACE] from=2 received_ballot=99 current_ballot=101 match=false
[step=2995] DELIVER from=3 to=1 type=Promise { ballot: 99, accepted_ballot: None, accepted_value: None } queue_len=42
[PROMISE-TRACE] from=3 received_ballot=99 current_ballot=101 match=false
[step=2996] DELIVER from=4 to=1 type=Promise { ballot: 99, accepted_ballot: None, accepted_value: None } queue_len=41
[PROMISE-TRACE] from=4 received_ballot=99 current_ballot=101 match=false
[step=2997] DELIVER from=5 to=1 type=Promise { ballot: 99, accepted_ballot: None, accepted_value: None } queue_len=40
[PROMISE-TRACE] from=5 received_ballot=99 current_ballot=101 match=false
[step=2998] DELIVER from=6 to=1 type=Promise { ballot: 99, accepted_ballot: None, accepted_value: None } queue_len=39
[PROMISE-TRACE] from=6 received_ballot=99 current_ballot=101 match=false
[step=2999] DELIVER from=7 to=1 type=Promise { ballot: 99, accepted_ballot: None, accepted_value: None } queue_len=38
[PROMISE-TRACE] from=7 received_ballot=99 current_ballot=101 match=false
[step=3000] DELIVER from=8 to=1 type=Promise { ballot: 99, accepted_ballot: None, accepted_value: None } queue_len=37
[PROMISE-TRACE] from=8 received_ballot=99 current_ballot=101 match=false
[step=3001] DELIVER from=9 to=1 type=Promise { ballot: 99, accepted_ballot: None, accepted_value: None } queue_len=36
[PROMISE-TRACE] from=9 received_ballot=99 current_ballot=101 match=false
[step=3002] DELIVER from=10 to=1 type=Promise { ballot: 99, accepted_ballot: None, accepted_value: None } queue_len=35
[PROMISE-TRACE] from=10 received_ballot=99 current_ballot=101 match=false
[step=3003] DELIVER from=11 to=1 type=Promise { ballot: 99, accepted_ballot: None, accepted_value: None } queue_len=34
[PROMISE-TRACE] from=11 received_ballot=99 current_ballot=101 match=false
[step=3004] DELIVER from=12 to=1 type=Promise { ballot: 99, accepted_ballot: None, accepted_value: None } queue_len=33
[PROMISE-TRACE] from=12 received_ballot=99 current_ballot=101 match=false
[step=3005] DELIVER from=13 to=1 type=Promise { ballot: 99, accepted_ballot: None, accepted_value: None } queue_len=32
[PROMISE-TRACE] from=13 received_ballot=99 current_ballot=101 match=false
[step=3006] DELIVER from=14 to=1 type=Promise { ballot: 99, accepted_ballot: None, accepted_value: None } queue_len=31
[PROMISE-TRACE] from=14 received_ballot=99 current_ballot=101 match=false
[step=3007] DELIVER from=15 to=1 type=Promise { ballot: 99, accepted_ballot: None, accepted_value: None } queue_len=30
[PROMISE-TRACE] from=15 received_ballot=99 current_ballot=101 match=false
[step=3008] DELIVER from=1 to=1 type=Promise { ballot: 100, accepted_ballot: None, accepted_value: None } queue_len=29
[PROMISE-TRACE] from=1 received_ballot=100 current_ballot=101 match=false
[step=3009] DELIVER from=2 to=1 type=Promise { ballot: 100, accepted_ballot: None, accepted_value: None } queue_len=28
[PROMISE-TRACE] from=2 received_ballot=100 current_ballot=101 match=false
[step=3010] DELIVER from=3 to=1 type=Promise { ballot: 100, accepted_ballot: None, accepted_value: None } queue_len=27
[PROMISE-TRACE] from=3 received_ballot=100 current_ballot=101 match=false
[step=3011] DELIVER from=4 to=1 type=Promise { ballot: 100, accepted_ballot: None, accepted_value: None } queue_len=26
[PROMISE-TRACE] from=4 received_ballot=100 current_ballot=101 match=false
[step=3012] DELIVER from=5 to=1 type=Promise { ballot: 100, accepted_ballot: None, accepted_value: None } queue_len=25
[PROMISE-TRACE] from=5 received_ballot=100 current_ballot=101 match=false
[step=3013] DELIVER from=6 to=1 type=Promise { ballot: 100, accepted_ballot: None, accepted_value: None } queue_len=24
[PROMISE-TRACE] from=6 received_ballot=100 current_ballot=101 match=false
[step=3014] DELIVER from=7 to=1 type=Promise { ballot: 100, accepted_ballot: None, accepted_value: None } queue_len=23
[PROMISE-TRACE] from=7 received_ballot=100 current_ballot=101 match=false
[step=3015] DELIVER from=8 to=1 type=Promise { ballot: 100, accepted_ballot: None, accepted_value: None } queue_len=22
[PROMISE-TRACE] from=8 received_ballot=100 current_ballot=101 match=false
[step=3016] DELIVER from=9 to=1 type=Promise { ballot: 100, accepted_ballot: None, accepted_value: None } queue_len=21
[PROMISE-TRACE] from=9 received_ballot=100 current_ballot=101 match=false
[step=3017] DELIVER from=10 to=1 type=Promise { ballot: 100, accepted_ballot: None, accepted_value: None } queue_len=20
[PROMISE-TRACE] from=10 received_ballot=100 current_ballot=101 match=false
[step=3018] DELIVER from=11 to=1 type=Promise { ballot: 100, accepted_ballot: None, accepted_value: None } queue_len=19
[PROMISE-TRACE] from=11 received_ballot=100 current_ballot=101 match=false
[step=3019] DELIVER from=12 to=1 type=Promise { ballot: 100, accepted_ballot: None, accepted_value: None } queue_len=18
[PROMISE-TRACE] from=12 received_ballot=100 current_ballot=101 match=false
[step=3020] DELIVER from=13 to=1 type=Promise { ballot: 100, accepted_ballot: None, accepted_value: None } queue_len=17
[PROMISE-TRACE] from=13 received_ballot=100 current_ballot=101 match=false
[step=3021] DELIVER from=14 to=1 type=Promise { ballot: 100, accepted_ballot: None, accepted_value: None } queue_len=16
[PROMISE-TRACE] from=14 received_ballot=100 current_ballot=101 match=false
[step=3022] DELIVER from=15 to=1 type=Promise { ballot: 100, accepted_ballot: None, accepted_value: None } queue_len=15
[PROMISE-TRACE] from=15 received_ballot=100 current_ballot=101 match=false
[step=3023] DELIVER from=1 to=1 type=Promise { ballot: 101, accepted_ballot: None, accepted_value: None } queue_len=14
[PROMISE-TRACE] from=1 received_ballot=101 current_ballot=101 match=true
[step=3024] DELIVER from=2 to=1 type=Promise { ballot: 101, accepted_ballot: None, accepted_value: None } queue_len=13
[PROMISE-TRACE] from=2 received_ballot=101 current_ballot=101 match=true
[step=3025] DELIVER from=3 to=1 type=Promise { ballot: 101, accepted_ballot: None, accepted_value: None } queue_len=12
[PROMISE-TRACE] from=3 received_ballot=101 current_ballot=101 match=true
[step=3026] DELIVER from=4 to=1 type=Promise { ballot: 101, accepted_ballot: None, accepted_value: None } queue_len=11
[PROMISE-TRACE] from=4 received_ballot=101 current_ballot=101 match=true
[step=3027] DELIVER from=5 to=1 type=Promise { ballot: 101, accepted_ballot: None, accepted_value: None } queue_len=10
[PROMISE-TRACE] from=5 received_ballot=101 current_ballot=101 match=true
[step=3028] DELIVER from=6 to=1 type=Promise { ballot: 101, accepted_ballot: None, accepted_value: None } queue_len=9
[PROMISE-TRACE] from=6 received_ballot=101 current_ballot=101 match=true
[step=3029] DELIVER from=7 to=1 type=Promise { ballot: 101, accepted_ballot: None, accepted_value: None } queue_len=8
[PROMISE-TRACE] from=7 received_ballot=101 current_ballot=101 match=true
[step=3030] DELIVER from=8 to=1 type=Promise { ballot: 101, accepted_ballot: None, accepted_value: None } queue_len=7
[PROMISE-TRACE] from=8 received_ballot=101 current_ballot=101 match=true
[PAXOS-QUORUM-PROMISE] ballot=101 count=8 quorum=8 current=101
[step=3031] DELIVER from=9 to=1 type=Promise { ballot: 101, accepted_ballot: None, accepted_value: None } queue_len=21
[PROMISE-TRACE] from=9 received_ballot=101 current_ballot=101 match=true
[step=3032] DELIVER from=10 to=1 type=Promise { ballot: 101, accepted_ballot: None, accepted_value: None } queue_len=20
[PROMISE-TRACE] from=10 received_ballot=101 current_ballot=101 match=true
[step=3033] DELIVER from=11 to=1 type=Promise { ballot: 101, accepted_ballot: None, accepted_value: None } queue_len=19
[PROMISE-TRACE] from=11 received_ballot=101 current_ballot=101 match=true
[step=3034] DELIVER from=12 to=1 type=Promise { ballot: 101, accepted_ballot: None, accepted_value: None } queue_len=18
[PROMISE-TRACE] from=12 received_ballot=101 current_ballot=101 match=true
[step=3035] DELIVER from=13 to=1 type=Promise { ballot: 101, accepted_ballot: None, accepted_value: None } queue_len=17
[PROMISE-TRACE] from=13 received_ballot=101 current_ballot=101 match=true
[step=3036] DELIVER from=14 to=1 type=Promise { ballot: 101, accepted_ballot: None, accepted_value: None } queue_len=16
[PROMISE-TRACE] from=14 received_ballot=101 current_ballot=101 match=true
[step=3037] DELIVER from=15 to=1 type=Promise { ballot: 101, accepted_ballot: None, accepted_value: None } queue_len=15
[PROMISE-TRACE] from=15 received_ballot=101 current_ballot=101 match=true
[step=3038] DELIVER from=1 to=1 type=AcceptRequest { ballot: 101, value: "v1" } queue_len=14
Broadcasting AcceptRequest(101, v1)
[step=3039] DELIVER from=1 to=2 type=AcceptRequest { ballot: 101, value: "v1" } queue_len=14
Broadcasting AcceptRequest(101, v1)
[step=3040] DELIVER from=1 to=3 type=AcceptRequest { ballot: 101, value: "v1" } queue_len=14
Broadcasting AcceptRequest(101, v1)
[step=3041] DELIVER from=1 to=4 type=AcceptRequest { ballot: 101, value: "v1" } queue_len=14
Broadcasting AcceptRequest(101, v1)
[step=3042] DELIVER from=1 to=5 type=AcceptRequest { ballot: 101, value: "v1" } queue_len=14
Broadcasting AcceptRequest(101, v1)
[step=3043] DELIVER from=1 to=6 type=AcceptRequest { ballot: 101, value: "v1" } queue_len=14
Broadcasting AcceptRequest(101, v1)
[step=3044] DELIVER from=1 to=7 type=AcceptRequest { ballot: 101, value: "v1" } queue_len=14
Broadcasting AcceptRequest(101, v1)
[TIMEOUT-CAUSE] phase=WaitingForAccepted ballot=101 promises=15 accepted=0 quorum=8
[step=3045] DELIVER from=1 to=8 type=AcceptRequest { ballot: 101, value: "v1" } queue_len=14
Broadcasting AcceptRequest(101, v1)
[step=3046] DELIVER from=1 to=9 type=AcceptRequest { ballot: 101, value: "v1" } queue_len=14
Broadcasting AcceptRequest(101, v1)
[step=3047] DELIVER from=1 to=10 type=AcceptRequest { ballot: 101, value: "v1" } queue_len=14
Broadcasting AcceptRequest(101, v1)
[step=3048] DELIVER from=1 to=11 type=AcceptRequest { ballot: 101, value: "v1" } queue_len=14
Broadcasting AcceptRequest(101, v1)
[step=3049] DELIVER from=1 to=12 type=AcceptRequest { ballot: 101, value: "v1" } queue_len=14
Broadcasting AcceptRequest(101, v1)
[step=3050] DELIVER from=1 to=13 type=AcceptRequest { ballot: 101, value: "v1" } queue_len=14
Broadcasting AcceptRequest(101, v1)
[step=3051] DELIVER from=1 to=14 type=AcceptRequest { ballot: 101, value: "v1" } queue_len=14
Broadcasting AcceptRequest(101, v1)
[step=3052] DELIVER from=1 to=15 type=AcceptRequest { ballot: 101, value: "v1" } queue_len=14
Broadcasting AcceptRequest(101, v1)
[step=3053] DELIVER from=1 to=1 type=Accepted { ballot: 101, value: "v1" } queue_len=14
[step=3054] DELIVER from=2 to=1 type=Accepted { ballot: 101, value: "v1" } queue_len=13
[step=3055] DELIVER from=3 to=1 type=Accepted { ballot: 101, value: "v1" } queue_len=12
[step=3056] DELIVER from=4 to=1 type=Accepted { ballot: 101, value: "v1" } queue_len=11
[step=3057] DELIVER from=5 to=1 type=Accepted { ballot: 101, value: "v1" } queue_len=10
[step=3058] DELIVER from=6 to=1 type=Accepted { ballot: 101, value: "v1" } queue_len=9
[step=3059] DELIVER from=7 to=1 type=Accepted { ballot: 101, value: "v1" } queue_len=8
[step=3060] DELIVER from=8 to=1 type=Accepted { ballot: 101, value: "v1" } queue_len=7
[PAXOS-QUORUM-ACCEPTED] ballot=101 count=8 quorum=8 current=101
[step=3061] DELIVER from=9 to=1 type=Accepted { ballot: 101, value: "v1" } queue_len=6
[step=3062] DELIVER from=10 to=1 type=Accepted { ballot: 101, value: "v1" } queue_len=5
[step=3063] DELIVER from=11 to=1 type=Accepted { ballot: 101, value: "v1" } queue_len=4
[step=3064] DELIVER from=12 to=1 type=Accepted { ballot: 101, value: "v1" } queue_len=3
[step=3065] DELIVER from=13 to=1 type=Accepted { ballot: 101, value: "v1" } queue_len=2
[step=3066] DELIVER from=14 to=1 type=Accepted { ballot: 101, value: "v1" } queue_len=1
[step=3067] DELIVER from=15 to=1 type=Accepted { ballot: 101, value: "v1" } queue_len=0

=== Metrics ===
Messages Sent: 3060
Messages Delivered: 3060
Scheduler Steps: 3069
Stale Messages Ignored: 0
Messages Sent Until Decision: 0
Undelivered Messages At Decision: 0
Timeout triggered: 100
View changes: 0
Decisions: 1
Prepare Messages: 1515
Promise Messages: 1515
Accept Requests: 15
Accepted Messages: 15
Raft Leader Elected: false
Raft Leader Id: None
Raft Election Count: 0
AppendEntries Messages: 0
AppendResponse Messages: 0
Heartbeat Successes: 0
Heartbeat Rejections: 0
Raft Config Changes: 0
Raft Config Acks: 0
Raft Config Activated: false
Nack Messages: 0
Paxos Retries: 100
Max Ballot Seen: 101
Reached Step Cap: false
Max Steps: 5000
Membership Changes: 0
Membership Acks: 0
Chosen Values: {"v1"}
Safety Violation: false
Paxos Retry Exhausted: false
Critical Messages Delayed: 0
Delayed Messages Released: 0
