
=== Run 1 ===
Nodes: 9
Quorum: 5
Simulation starting
[step=0] DELIVER from=1 to=1 type=Prepare { ballot: 1 } queue_len=8
[PAXOS-TICK] phase=WaitingForPromises elapsed=0 timeout=15 ballot=1 promises=0 accepted=0
[step=1] DELIVER from=1 to=2 type=Prepare { ballot: 1 } queue_len=8
[PAXOS-TICK] phase=WaitingForPromises elapsed=1 timeout=15 ballot=1 promises=0 accepted=0
[step=2] DELIVER from=1 to=3 type=Prepare { ballot: 1 } queue_len=8
[PAXOS-TICK] phase=WaitingForPromises elapsed=2 timeout=15 ballot=1 promises=0 accepted=0
[step=3] DELIVER from=1 to=4 type=Prepare { ballot: 1 } queue_len=8
[PAXOS-TICK] phase=WaitingForPromises elapsed=3 timeout=15 ballot=1 promises=0 accepted=0
[step=4] DELIVER from=1 to=5 type=Prepare { ballot: 1 } queue_len=8
[PAXOS-TICK] phase=WaitingForPromises elapsed=4 timeout=15 ballot=1 promises=0 accepted=0
[step=5] DELIVER from=1 to=6 type=Prepare { ballot: 1 } queue_len=8
[PAXOS-TICK] phase=WaitingForPromises elapsed=5 timeout=15 ballot=1 promises=0 accepted=0
[step=6] DELIVER from=1 to=7 type=Prepare { ballot: 1 } queue_len=8
[PAXOS-TICK] phase=WaitingForPromises elapsed=6 timeout=15 ballot=1 promises=0 accepted=0
[step=7] DELIVER from=1 to=8 type=Prepare { ballot: 1 } queue_len=8
[PAXOS-TICK] phase=WaitingForPromises elapsed=7 timeout=15 ballot=1 promises=0 accepted=0
[step=8] DELIVER from=1 to=9 type=Prepare { ballot: 1 } queue_len=8
[PAXOS-TICK] phase=WaitingForPromises elapsed=8 timeout=15 ballot=1 promises=0 accepted=0
[PROB-INTERLEAVED-UNIFORM] spent=1 remaining=2 queue_len=9 delayed=Promise { ballot: 1, accepted_ballot: None, accepted_value: None }
[PAXOS-TICK] phase=WaitingForPromises elapsed=9 timeout=15 ballot=1 promises=0 accepted=0
[PROB-INTERLEAVED-UNIFORM] spent=2 remaining=1 queue_len=9 delayed=Promise { ballot: 1, accepted_ballot: None, accepted_value: None }
[PAXOS-TICK] phase=WaitingForPromises elapsed=10 timeout=15 ballot=1 promises=0 accepted=0
[step=11] DELIVER from=1 to=1 type=Promise { ballot: 1, accepted_ballot: None, accepted_value: None } queue_len=8
[PROMISE-TRACE] from=1 received_ballot=1 current_ballot=1 match=true
[PAXOS-TICK] phase=WaitingForPromises elapsed=11 timeout=15 ballot=1 promises=1 accepted=0
[step=12] DELIVER from=2 to=1 type=Promise { ballot: 1, accepted_ballot: None, accepted_value: None } queue_len=7
[PROMISE-TRACE] from=2 received_ballot=1 current_ballot=1 match=true
[PAXOS-TICK] phase=WaitingForPromises elapsed=12 timeout=15 ballot=1 promises=2 accepted=0
[step=13] DELIVER from=3 to=1 type=Promise { ballot: 1, accepted_ballot: None, accepted_value: None } queue_len=6
[PROMISE-TRACE] from=3 received_ballot=1 current_ballot=1 match=true
[PAXOS-TICK] phase=WaitingForPromises elapsed=13 timeout=15 ballot=1 promises=3 accepted=0
[step=14] DELIVER from=4 to=1 type=Promise { ballot: 1, accepted_ballot: None, accepted_value: None } queue_len=5
[PROMISE-TRACE] from=4 received_ballot=1 current_ballot=1 match=true
[PAXOS-TICK] phase=WaitingForPromises elapsed=14 timeout=15 ballot=1 promises=4 accepted=0
[TIMEOUT-CAUSE] phase=WaitingForPromises ballot=1 promises=4 accepted=0 quorum=5
[step=15] DELIVER from=5 to=1 type=Promise { ballot: 1, accepted_ballot: None, accepted_value: None } queue_len=13
[PROMISE-TRACE] from=5 received_ballot=1 current_ballot=2 match=false
[PAXOS-TICK] phase=WaitingForPromises elapsed=0 timeout=15 ballot=2 promises=0 accepted=0
[step=16] DELIVER from=6 to=1 type=Promise { ballot: 1, accepted_ballot: None, accepted_value: None } queue_len=12
[PROMISE-TRACE] from=6 received_ballot=1 current_ballot=2 match=false
[PAXOS-TICK] phase=WaitingForPromises elapsed=1 timeout=15 ballot=2 promises=0 accepted=0
[PROB-INTERLEAVED-UNIFORM] spent=3 remaining=0 queue_len=12 delayed=Promise { ballot: 1, accepted_ballot: None, accepted_value: None }
[PAXOS-TICK] phase=WaitingForPromises elapsed=2 timeout=15 ballot=2 promises=0 accepted=0
[step=18] DELIVER from=8 to=1 type=Promise { ballot: 1, accepted_ballot: None, accepted_value: None } queue_len=11
[PROMISE-TRACE] from=8 received_ballot=1 current_ballot=2 match=false
[PAXOS-TICK] phase=WaitingForPromises elapsed=3 timeout=15 ballot=2 promises=0 accepted=0
[step=19] DELIVER from=9 to=1 type=Promise { ballot: 1, accepted_ballot: None, accepted_value: None } queue_len=10
[PROMISE-TRACE] from=9 received_ballot=1 current_ballot=2 match=false
[PAXOS-TICK] phase=WaitingForPromises elapsed=4 timeout=15 ballot=2 promises=0 accepted=0
[step=20] DELIVER from=1 to=1 type=Prepare { ballot: 2 } queue_len=9
[PAXOS-TICK] phase=WaitingForPromises elapsed=5 timeout=15 ballot=2 promises=0 accepted=0
[step=21] DELIVER from=1 to=2 type=Prepare { ballot: 2 } queue_len=9
[PAXOS-TICK] phase=WaitingForPromises elapsed=6 timeout=15 ballot=2 promises=0 accepted=0
[step=22] DELIVER from=1 to=3 type=Prepare { ballot: 2 } queue_len=9
[PAXOS-TICK] phase=WaitingForPromises elapsed=7 timeout=15 ballot=2 promises=0 accepted=0
[step=23] DELIVER from=1 to=4 type=Prepare { ballot: 2 } queue_len=9
[PAXOS-TICK] phase=WaitingForPromises elapsed=8 timeout=15 ballot=2 promises=0 accepted=0
[step=24] DELIVER from=1 to=5 type=Prepare { ballot: 2 } queue_len=9
[PAXOS-TICK] phase=WaitingForPromises elapsed=9 timeout=15 ballot=2 promises=0 accepted=0
[step=25] DELIVER from=1 to=6 type=Prepare { ballot: 2 } queue_len=9
[PAXOS-TICK] phase=WaitingForPromises elapsed=10 timeout=15 ballot=2 promises=0 accepted=0
[step=26] DELIVER from=1 to=7 type=Prepare { ballot: 2 } queue_len=9
[PAXOS-TICK] phase=WaitingForPromises elapsed=11 timeout=15 ballot=2 promises=0 accepted=0
[step=27] DELIVER from=1 to=8 type=Prepare { ballot: 2 } queue_len=9
[PAXOS-TICK] phase=WaitingForPromises elapsed=12 timeout=15 ballot=2 promises=0 accepted=0
[step=28] DELIVER from=1 to=9 type=Prepare { ballot: 2 } queue_len=9
[PAXOS-TICK] phase=WaitingForPromises elapsed=13 timeout=15 ballot=2 promises=0 accepted=0
[step=29] DELIVER from=7 to=1 type=Promise { ballot: 1, accepted_ballot: None, accepted_value: None } queue_len=9
[PROMISE-TRACE] from=7 received_ballot=1 current_ballot=2 match=false
[PAXOS-TICK] phase=WaitingForPromises elapsed=14 timeout=15 ballot=2 promises=0 accepted=0
[TIMEOUT-CAUSE] phase=WaitingForPromises ballot=2 promises=0 accepted=0 quorum=5
[step=30] DELIVER from=1 to=1 type=Promise { ballot: 2, accepted_ballot: None, accepted_value: None } queue_len=17
[PROMISE-TRACE] from=1 received_ballot=2 current_ballot=3 match=false
[PAXOS-TICK] phase=WaitingForPromises elapsed=0 timeout=15 ballot=3 promises=0 accepted=0
[step=31] DELIVER from=2 to=1 type=Promise { ballot: 2, accepted_ballot: None, accepted_value: None } queue_len=16
[PROMISE-TRACE] from=2 received_ballot=2 current_ballot=3 match=false
[PAXOS-TICK] phase=WaitingForPromises elapsed=1 timeout=15 ballot=3 promises=0 accepted=0
[step=32] DELIVER from=3 to=1 type=Promise { ballot: 2, accepted_ballot: None, accepted_value: None } queue_len=15
[PROMISE-TRACE] from=3 received_ballot=2 current_ballot=3 match=false
[PAXOS-TICK] phase=WaitingForPromises elapsed=2 timeout=15 ballot=3 promises=0 accepted=0
[step=33] DELIVER from=4 to=1 type=Promise { ballot: 2, accepted_ballot: None, accepted_value: None } queue_len=14
[PROMISE-TRACE] from=4 received_ballot=2 current_ballot=3 match=false
[PAXOS-TICK] phase=WaitingForPromises elapsed=3 timeout=15 ballot=3 promises=0 accepted=0
[step=34] DELIVER from=5 to=1 type=Promise { ballot: 2, accepted_ballot: None, accepted_value: None } queue_len=13
[PROMISE-TRACE] from=5 received_ballot=2 current_ballot=3 match=false
[PAXOS-TICK] phase=WaitingForPromises elapsed=4 timeout=15 ballot=3 promises=0 accepted=0
[step=35] DELIVER from=6 to=1 type=Promise { ballot: 2, accepted_ballot: None, accepted_value: None } queue_len=12
[PROMISE-TRACE] from=6 received_ballot=2 current_ballot=3 match=false
[PAXOS-TICK] phase=WaitingForPromises elapsed=5 timeout=15 ballot=3 promises=0 accepted=0
[step=36] DELIVER from=7 to=1 type=Promise { ballot: 2, accepted_ballot: None, accepted_value: None } queue_len=11
[PROMISE-TRACE] from=7 received_ballot=2 current_ballot=3 match=false
[PAXOS-TICK] phase=WaitingForPromises elapsed=6 timeout=15 ballot=3 promises=0 accepted=0
[step=37] DELIVER from=8 to=1 type=Promise { ballot: 2, accepted_ballot: None, accepted_value: None } queue_len=10
[PROMISE-TRACE] from=8 received_ballot=2 current_ballot=3 match=false
[PAXOS-TICK] phase=WaitingForPromises elapsed=7 timeout=15 ballot=3 promises=0 accepted=0
[step=38] DELIVER from=9 to=1 type=Promise { ballot: 2, accepted_ballot: None, accepted_value: None } queue_len=9
[PROMISE-TRACE] from=9 received_ballot=2 current_ballot=3 match=false
[PAXOS-TICK] phase=WaitingForPromises elapsed=8 timeout=15 ballot=3 promises=0 accepted=0
[step=39] DELIVER from=1 to=1 type=Prepare { ballot: 3 } queue_len=8
[PAXOS-TICK] phase=WaitingForPromises elapsed=9 timeout=15 ballot=3 promises=0 accepted=0
[step=40] DELIVER from=1 to=2 type=Prepare { ballot: 3 } queue_len=8
[PAXOS-TICK] phase=WaitingForPromises elapsed=10 timeout=15 ballot=3 promises=0 accepted=0
[step=41] DELIVER from=1 to=3 type=Prepare { ballot: 3 } queue_len=8
[PAXOS-TICK] phase=WaitingForPromises elapsed=11 timeout=15 ballot=3 promises=0 accepted=0
[step=42] DELIVER from=1 to=4 type=Prepare { ballot: 3 } queue_len=8
[PAXOS-TICK] phase=WaitingForPromises elapsed=12 timeout=15 ballot=3 promises=0 accepted=0
[step=43] DELIVER from=1 to=5 type=Prepare { ballot: 3 } queue_len=8
[PAXOS-TICK] phase=WaitingForPromises elapsed=13 timeout=15 ballot=3 promises=0 accepted=0
[step=44] DELIVER from=1 to=6 type=Prepare { ballot: 3 } queue_len=8
[PAXOS-TICK] phase=WaitingForPromises elapsed=14 timeout=15 ballot=3 promises=0 accepted=0
[TIMEOUT-CAUSE] phase=WaitingForPromises ballot=3 promises=0 accepted=0 quorum=5
[step=45] DELIVER from=1 to=7 type=Prepare { ballot: 3 } queue_len=17
[PAXOS-TICK] phase=WaitingForPromises elapsed=0 timeout=15 ballot=4 promises=0 accepted=0
[step=46] DELIVER from=1 to=8 type=Prepare { ballot: 3 } queue_len=17
[PAXOS-TICK] phase=WaitingForPromises elapsed=1 timeout=15 ballot=4 promises=0 accepted=0
[step=47] DELIVER from=1 to=9 type=Prepare { ballot: 3 } queue_len=17
[PAXOS-TICK] phase=WaitingForPromises elapsed=2 timeout=15 ballot=4 promises=0 accepted=0
[step=48] DELIVER from=1 to=1 type=Promise { ballot: 3, accepted_ballot: None, accepted_value: None } queue_len=17
[PROMISE-TRACE] from=1 received_ballot=3 current_ballot=4 match=false
[PAXOS-TICK] phase=WaitingForPromises elapsed=3 timeout=15 ballot=4 promises=0 accepted=0
[step=49] DELIVER from=2 to=1 type=Promise { ballot: 3, accepted_ballot: None, accepted_value: None } queue_len=16
[PROMISE-TRACE] from=2 received_ballot=3 current_ballot=4 match=false
[PAXOS-TICK] phase=WaitingForPromises elapsed=4 timeout=15 ballot=4 promises=0 accepted=0
[step=50] DELIVER from=3 to=1 type=Promise { ballot: 3, accepted_ballot: None, accepted_value: None } queue_len=15
[PROMISE-TRACE] from=3 received_ballot=3 current_ballot=4 match=false
[PAXOS-TICK] phase=WaitingForPromises elapsed=5 timeout=15 ballot=4 promises=0 accepted=0
[step=51] DELIVER from=4 to=1 type=Promise { ballot: 3, accepted_ballot: None, accepted_value: None } queue_len=14
[PROMISE-TRACE] from=4 received_ballot=3 current_ballot=4 match=false
[PAXOS-TICK] phase=WaitingForPromises elapsed=6 timeout=15 ballot=4 promises=0 accepted=0
[step=52] DELIVER from=5 to=1 type=Promise { ballot: 3, accepted_ballot: None, accepted_value: None } queue_len=13
[PROMISE-TRACE] from=5 received_ballot=3 current_ballot=4 match=false
[PAXOS-TICK] phase=WaitingForPromises elapsed=7 timeout=15 ballot=4 promises=0 accepted=0
[step=53] DELIVER from=6 to=1 type=Promise { ballot: 3, accepted_ballot: None, accepted_value: None } queue_len=12
[PROMISE-TRACE] from=6 received_ballot=3 current_ballot=4 match=false
[PAXOS-TICK] phase=WaitingForPromises elapsed=8 timeout=15 ballot=4 promises=0 accepted=0
[step=54] DELIVER from=1 to=1 type=Prepare { ballot: 4 } queue_len=11
[PAXOS-TICK] phase=WaitingForPromises elapsed=9 timeout=15 ballot=4 promises=0 accepted=0
[step=55] DELIVER from=1 to=2 type=Prepare { ballot: 4 } queue_len=11
[PAXOS-TICK] phase=WaitingForPromises elapsed=10 timeout=15 ballot=4 promises=0 accepted=0
[step=56] DELIVER from=1 to=3 type=Prepare { ballot: 4 } queue_len=11
[PAXOS-TICK] phase=WaitingForPromises elapsed=11 timeout=15 ballot=4 promises=0 accepted=0
[step=57] DELIVER from=1 to=4 type=Prepare { ballot: 4 } queue_len=11
[PAXOS-TICK] phase=WaitingForPromises elapsed=12 timeout=15 ballot=4 promises=0 accepted=0
[step=58] DELIVER from=1 to=5 type=Prepare { ballot: 4 } queue_len=11
[PAXOS-TICK] phase=WaitingForPromises elapsed=13 timeout=15 ballot=4 promises=0 accepted=0
[step=59] DELIVER from=1 to=6 type=Prepare { ballot: 4 } queue_len=11
[PAXOS-TICK] phase=WaitingForPromises elapsed=14 timeout=15 ballot=4 promises=0 accepted=0
[TIMEOUT-CAUSE] phase=WaitingForPromises ballot=4 promises=0 accepted=0 quorum=5
[step=60] DELIVER from=1 to=7 type=Prepare { ballot: 4 } queue_len=20
[PAXOS-TICK] phase=WaitingForPromises elapsed=0 timeout=15 ballot=5 promises=0 accepted=0
[step=61] DELIVER from=1 to=8 type=Prepare { ballot: 4 } queue_len=20
[PAXOS-TICK] phase=WaitingForPromises elapsed=1 timeout=15 ballot=5 promises=0 accepted=0
[step=62] DELIVER from=1 to=9 type=Prepare { ballot: 4 } queue_len=20
[PAXOS-TICK] phase=WaitingForPromises elapsed=2 timeout=15 ballot=5 promises=0 accepted=0
[step=63] DELIVER from=7 to=1 type=Promise { ballot: 3, accepted_ballot: None, accepted_value: None } queue_len=20
[PROMISE-TRACE] from=7 received_ballot=3 current_ballot=5 match=false
[PAXOS-TICK] phase=WaitingForPromises elapsed=3 timeout=15 ballot=5 promises=0 accepted=0
[step=64] DELIVER from=8 to=1 type=Promise { ballot: 3, accepted_ballot: None, accepted_value: None } queue_len=19
[PROMISE-TRACE] from=8 received_ballot=3 current_ballot=5 match=false
[PAXOS-TICK] phase=WaitingForPromises elapsed=4 timeout=15 ballot=5 promises=0 accepted=0
[step=65] DELIVER from=9 to=1 type=Promise { ballot: 3, accepted_ballot: None, accepted_value: None } queue_len=18
[PROMISE-TRACE] from=9 received_ballot=3 current_ballot=5 match=false
[PAXOS-TICK] phase=WaitingForPromises elapsed=5 timeout=15 ballot=5 promises=0 accepted=0
[step=66] DELIVER from=1 to=1 type=Promise { ballot: 4, accepted_ballot: None, accepted_value: None } queue_len=17
[PROMISE-TRACE] from=1 received_ballot=4 current_ballot=5 match=false
[PAXOS-TICK] phase=WaitingForPromises elapsed=6 timeout=15 ballot=5 promises=0 accepted=0
[step=67] DELIVER from=2 to=1 type=Promise { ballot: 4, accepted_ballot: None, accepted_value: None } queue_len=16
[PROMISE-TRACE] from=2 received_ballot=4 current_ballot=5 match=false
[PAXOS-TICK] phase=WaitingForPromises elapsed=7 timeout=15 ballot=5 promises=0 accepted=0
[step=68] DELIVER from=3 to=1 type=Promise { ballot: 4, accepted_ballot: None, accepted_value: None } queue_len=15
[PROMISE-TRACE] from=3 received_ballot=4 current_ballot=5 match=false
[PAXOS-TICK] phase=WaitingForPromises elapsed=8 timeout=15 ballot=5 promises=0 accepted=0
[step=69] DELIVER from=4 to=1 type=Promise { ballot: 4, accepted_ballot: None, accepted_value: None } queue_len=14
[PROMISE-TRACE] from=4 received_ballot=4 current_ballot=5 match=false
[PAXOS-TICK] phase=WaitingForPromises elapsed=9 timeout=15 ballot=5 promises=0 accepted=0
[step=70] DELIVER from=5 to=1 type=Promise { ballot: 4, accepted_ballot: None, accepted_value: None } queue_len=13
[PROMISE-TRACE] from=5 received_ballot=4 current_ballot=5 match=false
[PAXOS-TICK] phase=WaitingForPromises elapsed=10 timeout=15 ballot=5 promises=0 accepted=0
[step=71] DELIVER from=6 to=1 type=Promise { ballot: 4, accepted_ballot: None, accepted_value: None } queue_len=12
[PROMISE-TRACE] from=6 received_ballot=4 current_ballot=5 match=false
[PAXOS-TICK] phase=WaitingForPromises elapsed=11 timeout=15 ballot=5 promises=0 accepted=0
[step=72] DELIVER from=1 to=1 type=Prepare { ballot: 5 } queue_len=11
[PAXOS-TICK] phase=WaitingForPromises elapsed=12 timeout=15 ballot=5 promises=0 accepted=0
[step=73] DELIVER from=1 to=2 type=Prepare { ballot: 5 } queue_len=11
[PAXOS-TICK] phase=WaitingForPromises elapsed=13 timeout=15 ballot=5 promises=0 accepted=0
[step=74] DELIVER from=1 to=3 type=Prepare { ballot: 5 } queue_len=11
[PAXOS-TICK] phase=WaitingForPromises elapsed=14 timeout=15 ballot=5 promises=0 accepted=0
[TIMEOUT-CAUSE] phase=WaitingForPromises ballot=5 promises=0 accepted=0 quorum=5
[step=75] DELIVER from=1 to=4 type=Prepare { ballot: 5 } queue_len=20
[PAXOS-TICK] phase=WaitingForPromises elapsed=0 timeout=15 ballot=6 promises=0 accepted=0
[step=76] DELIVER from=1 to=5 type=Prepare { ballot: 5 } queue_len=20
[PAXOS-TICK] phase=WaitingForPromises elapsed=1 timeout=15 ballot=6 promises=0 accepted=0
[step=77] DELIVER from=1 to=6 type=Prepare { ballot: 5 } queue_len=20
[PAXOS-TICK] phase=WaitingForPromises elapsed=2 timeout=15 ballot=6 promises=0 accepted=0
[step=78] DELIVER from=1 to=7 type=Prepare { ballot: 5 } queue_len=20
[PAXOS-TICK] phase=WaitingForPromises elapsed=3 timeout=15 ballot=6 promises=0 accepted=0
[step=79] DELIVER from=1 to=8 type=Prepare { ballot: 5 } queue_len=20
[PAXOS-TICK] phase=WaitingForPromises elapsed=4 timeout=15 ballot=6 promises=0 accepted=0
[step=80] DELIVER from=1 to=9 type=Prepare { ballot: 5 } queue_len=20
[PAXOS-TICK] phase=WaitingForPromises elapsed=5 timeout=15 ballot=6 promises=0 accepted=0
[step=81] DELIVER from=7 to=1 type=Promise { ballot: 4, accepted_ballot: None, accepted_value: None } queue_len=20
[PROMISE-TRACE] from=7 received_ballot=4 current_ballot=6 match=false
[PAXOS-TICK] phase=WaitingForPromises elapsed=6 timeout=15 ballot=6 promises=0 accepted=0
[step=82] DELIVER from=8 to=1 type=Promise { ballot: 4, accepted_ballot: None, accepted_value: None } queue_len=19
[PROMISE-TRACE] from=8 received_ballot=4 current_ballot=6 match=false
[PAXOS-TICK] phase=WaitingForPromises elapsed=7 timeout=15 ballot=6 promises=0 accepted=0
[step=83] DELIVER from=9 to=1 type=Promise { ballot: 4, accepted_ballot: None, accepted_value: None } queue_len=18
[PROMISE-TRACE] from=9 received_ballot=4 current_ballot=6 match=false
[PAXOS-TICK] phase=WaitingForPromises elapsed=8 timeout=15 ballot=6 promises=0 accepted=0
[step=84] DELIVER from=1 to=1 type=Promise { ballot: 5, accepted_ballot: None, accepted_value: None } queue_len=17
[PROMISE-TRACE] from=1 received_ballot=5 current_ballot=6 match=false
[PAXOS-TICK] phase=WaitingForPromises elapsed=9 timeout=15 ballot=6 promises=0 accepted=0
[step=85] DELIVER from=2 to=1 type=Promise { ballot: 5, accepted_ballot: None, accepted_value: None } queue_len=16
[PROMISE-TRACE] from=2 received_ballot=5 current_ballot=6 match=false
[PAXOS-TICK] phase=WaitingForPromises elapsed=10 timeout=15 ballot=6 promises=0 accepted=0
[step=86] DELIVER from=3 to=1 type=Promise { ballot: 5, accepted_ballot: None, accepted_value: None } queue_len=15
[PROMISE-TRACE] from=3 received_ballot=5 current_ballot=6 match=false
[PAXOS-TICK] phase=WaitingForPromises elapsed=11 timeout=15 ballot=6 promises=0 accepted=0
[step=87] DELIVER from=1 to=1 type=Prepare { ballot: 6 } queue_len=14
[PAXOS-TICK] phase=WaitingForPromises elapsed=12 timeout=15 ballot=6 promises=0 accepted=0
[step=88] DELIVER from=1 to=2 type=Prepare { ballot: 6 } queue_len=14
[PAXOS-TICK] phase=WaitingForPromises elapsed=13 timeout=15 ballot=6 promises=0 accepted=0
[step=89] DELIVER from=1 to=3 type=Prepare { ballot: 6 } queue_len=14
[PAXOS-TICK] phase=WaitingForPromises elapsed=14 timeout=15 ballot=6 promises=0 accepted=0
[TIMEOUT-CAUSE] phase=WaitingForPromises ballot=6 promises=0 accepted=0 quorum=5
[step=90] DELIVER from=1 to=4 type=Prepare { ballot: 6 } queue_len=23
[PAXOS-TICK] phase=WaitingForPromises elapsed=0 timeout=15 ballot=7 promises=0 accepted=0
[step=91] DELIVER from=1 to=5 type=Prepare { ballot: 6 } queue_len=23
[PAXOS-TICK] phase=WaitingForPromises elapsed=1 timeout=15 ballot=7 promises=0 accepted=0
[step=92] DELIVER from=1 to=6 type=Prepare { ballot: 6 } queue_len=23
[PAXOS-TICK] phase=WaitingForPromises elapsed=2 timeout=15 ballot=7 promises=0 accepted=0
[step=93] DELIVER from=1 to=7 type=Prepare { ballot: 6 } queue_len=23
[PAXOS-TICK] phase=WaitingForPromises elapsed=3 timeout=15 ballot=7 promises=0 accepted=0
[step=94] DELIVER from=1 to=8 type=Prepare { ballot: 6 } queue_len=23
[PAXOS-TICK] phase=WaitingForPromises elapsed=4 timeout=15 ballot=7 promises=0 accepted=0
[step=95] DELIVER from=1 to=9 type=Prepare { ballot: 6 } queue_len=23
[PAXOS-TICK] phase=WaitingForPromises elapsed=5 timeout=15 ballot=7 promises=0 accepted=0
[step=96] DELIVER from=4 to=1 type=Promise { ballot: 5, accepted_ballot: None, accepted_value: None } queue_len=23
[PROMISE-TRACE] from=4 received_ballot=5 current_ballot=7 match=false
[PAXOS-TICK] phase=WaitingForPromises elapsed=6 timeout=15 ballot=7 promises=0 accepted=0
[step=97] DELIVER from=5 to=1 type=Promise { ballot: 5, accepted_ballot: None, accepted_value: None } queue_len=22
[PROMISE-TRACE] from=5 received_ballot=5 current_ballot=7 match=false
[PAXOS-TICK] phase=WaitingForPromises elapsed=7 timeout=15 ballot=7 promises=0 accepted=0
[step=98] DELIVER from=6 to=1 type=Promise { ballot: 5, accepted_ballot: None, accepted_value: None } queue_len=21
[PROMISE-TRACE] from=6 received_ballot=5 current_ballot=7 match=false
[PAXOS-TICK] phase=WaitingForPromises elapsed=8 timeout=15 ballot=7 promises=0 accepted=0
[step=99] DELIVER from=7 to=1 type=Promise { ballot: 5, accepted_ballot: None, accepted_value: None } queue_len=20
[PROMISE-TRACE] from=7 received_ballot=5 current_ballot=7 match=false
[PAXOS-TICK] phase=WaitingForPromises elapsed=9 timeout=15 ballot=7 promises=0 accepted=0
[step=100] DELIVER from=8 to=1 type=Promise { ballot: 5, accepted_ballot: None, accepted_value: None } queue_len=19
[PROMISE-TRACE] from=8 received_ballot=5 current_ballot=7 match=false
[PAXOS-TICK] phase=WaitingForPromises elapsed=10 timeout=15 ballot=7 promises=0 accepted=0
[step=101] DELIVER from=9 to=1 type=Promise { ballot: 5, accepted_ballot: None, accepted_value: None } queue_len=18
[PROMISE-TRACE] from=9 received_ballot=5 current_ballot=7 match=false
[PAXOS-TICK] phase=WaitingForPromises elapsed=11 timeout=15 ballot=7 promises=0 accepted=0
[step=102] DELIVER from=1 to=1 type=Promise { ballot: 6, accepted_ballot: None, accepted_value: None } queue_len=17
[PROMISE-TRACE] from=1 received_ballot=6 current_ballot=7 match=false
[PAXOS-TICK] phase=WaitingForPromises elapsed=12 timeout=15 ballot=7 promises=0 accepted=0
[step=103] DELIVER from=2 to=1 type=Promise { ballot: 6, accepted_ballot: None, accepted_value: None } queue_len=16
[PROMISE-TRACE] from=2 received_ballot=6 current_ballot=7 match=false
[PAXOS-TICK] phase=WaitingForPromises elapsed=13 timeout=15 ballot=7 promises=0 accepted=0
[step=104] DELIVER from=3 to=1 type=Promise { ballot: 6, accepted_ballot: None, accepted_value: None } queue_len=15
[PROMISE-TRACE] from=3 received_ballot=6 current_ballot=7 match=false
[PAXOS-TICK] phase=WaitingForPromises elapsed=14 timeout=15 ballot=7 promises=0 accepted=0
[TIMEOUT-CAUSE] phase=WaitingForPromises ballot=7 promises=0 accepted=0 quorum=5
[step=105] DELIVER from=1 to=1 type=Prepare { ballot: 7 } queue_len=23
[PAXOS-TICK] phase=WaitingForPromises elapsed=0 timeout=15 ballot=8 promises=0 accepted=0
[step=106] DELIVER from=1 to=2 type=Prepare { ballot: 7 } queue_len=23
[PAXOS-TICK] phase=WaitingForPromises elapsed=1 timeout=15 ballot=8 promises=0 accepted=0
[step=107] DELIVER from=1 to=3 type=Prepare { ballot: 7 } queue_len=23
[PAXOS-TICK] phase=WaitingForPromises elapsed=2 timeout=15 ballot=8 promises=0 accepted=0
[step=108] DELIVER from=1 to=4 type=Prepare { ballot: 7 } queue_len=23
[PAXOS-TICK] phase=WaitingForPromises elapsed=3 timeout=15 ballot=8 promises=0 accepted=0
[step=109] DELIVER from=1 to=5 type=Prepare { ballot: 7 } queue_len=23
[PAXOS-TICK] phase=WaitingForPromises elapsed=4 timeout=15 ballot=8 promises=0 accepted=0
[step=110] DELIVER from=1 to=6 type=Prepare { ballot: 7 } queue_len=23
[PAXOS-TICK] phase=WaitingForPromises elapsed=5 timeout=15 ballot=8 promises=0 accepted=0
[step=111] DELIVER from=1 to=7 type=Prepare { ballot: 7 } queue_len=23
[PAXOS-TICK] phase=WaitingForPromises elapsed=6 timeout=15 ballot=8 promises=0 accepted=0
[step=112] DELIVER from=1 to=8 type=Prepare { ballot: 7 } queue_len=23
[PAXOS-TICK] phase=WaitingForPromises elapsed=7 timeout=15 ballot=8 promises=0 accepted=0
[step=113] DELIVER from=1 to=9 type=Prepare { ballot: 7 } queue_len=23
[PAXOS-TICK] phase=WaitingForPromises elapsed=8 timeout=15 ballot=8 promises=0 accepted=0
[step=114] DELIVER from=4 to=1 type=Promise { ballot: 6, accepted_ballot: None, accepted_value: None } queue_len=23
[PROMISE-TRACE] from=4 received_ballot=6 current_ballot=8 match=false
[PAXOS-TICK] phase=WaitingForPromises elapsed=9 timeout=15 ballot=8 promises=0 accepted=0
[step=115] DELIVER from=5 to=1 type=Promise { ballot: 6, accepted_ballot: None, accepted_value: None } queue_len=22
[PROMISE-TRACE] from=5 received_ballot=6 current_ballot=8 match=false
[PAXOS-TICK] phase=WaitingForPromises elapsed=10 timeout=15 ballot=8 promises=0 accepted=0
[step=116] DELIVER from=6 to=1 type=Promise { ballot: 6, accepted_ballot: None, accepted_value: None } queue_len=21
[PROMISE-TRACE] from=6 received_ballot=6 current_ballot=8 match=false
[PAXOS-TICK] phase=WaitingForPromises elapsed=11 timeout=15 ballot=8 promises=0 accepted=0
[step=117] DELIVER from=7 to=1 type=Promise { ballot: 6, accepted_ballot: None, accepted_value: None } queue_len=20
[PROMISE-TRACE] from=7 received_ballot=6 current_ballot=8 match=false
[PAXOS-TICK] phase=WaitingForPromises elapsed=12 timeout=15 ballot=8 promises=0 accepted=0
[step=118] DELIVER from=8 to=1 type=Promise { ballot: 6, accepted_ballot: None, accepted_value: None } queue_len=19
[PROMISE-TRACE] from=8 received_ballot=6 current_ballot=8 match=false
[PAXOS-TICK] phase=WaitingForPromises elapsed=13 timeout=15 ballot=8 promises=0 accepted=0
[step=119] DELIVER from=9 to=1 type=Promise { ballot: 6, accepted_ballot: None, accepted_value: None } queue_len=18
[PROMISE-TRACE] from=9 received_ballot=6 current_ballot=8 match=false
[PAXOS-TICK] phase=WaitingForPromises elapsed=14 timeout=15 ballot=8 promises=0 accepted=0
[TIMEOUT-CAUSE] phase=WaitingForPromises ballot=8 promises=0 accepted=0 quorum=5
[step=120] DELIVER from=1 to=1 type=Prepare { ballot: 8 } queue_len=26
[PAXOS-TICK] phase=WaitingForPromises elapsed=0 timeout=15 ballot=9 promises=0 accepted=0
[step=121] DELIVER from=1 to=2 type=Prepare { ballot: 8 } queue_len=26
[PAXOS-TICK] phase=WaitingForPromises elapsed=1 timeout=15 ballot=9 promises=0 accepted=0
[step=122] DELIVER from=1 to=3 type=Prepare { ballot: 8 } queue_len=26
[PAXOS-TICK] phase=WaitingForPromises elapsed=2 timeout=15 ballot=9 promises=0 accepted=0
[step=123] DELIVER from=1 to=4 type=Prepare { ballot: 8 } queue_len=26
[PAXOS-TICK] phase=WaitingForPromises elapsed=3 timeout=15 ballot=9 promises=0 accepted=0
[step=124] DELIVER from=1 to=5 type=Prepare { ballot: 8 } queue_len=26
[PAXOS-TICK] phase=WaitingForPromises elapsed=4 timeout=15 ballot=9 promises=0 accepted=0
[step=125] DELIVER from=1 to=6 type=Prepare { ballot: 8 } queue_len=26
[PAXOS-TICK] phase=WaitingForPromises elapsed=5 timeout=15 ballot=9 promises=0 accepted=0
[step=126] DELIVER from=1 to=7 type=Prepare { ballot: 8 } queue_len=26
[PAXOS-TICK] phase=WaitingForPromises elapsed=6 timeout=15 ballot=9 promises=0 accepted=0
[step=127] DELIVER from=1 to=8 type=Prepare { ballot: 8 } queue_len=26
[PAXOS-TICK] phase=WaitingForPromises elapsed=7 timeout=15 ballot=9 promises=0 accepted=0
[step=128] DELIVER from=1 to=9 type=Prepare { ballot: 8 } queue_len=26
[PAXOS-TICK] phase=WaitingForPromises elapsed=8 timeout=15 ballot=9 promises=0 accepted=0
[step=129] DELIVER from=1 to=1 type=Promise { ballot: 7, accepted_ballot: None, accepted_value: None } queue_len=26
[PROMISE-TRACE] from=1 received_ballot=7 current_ballot=9 match=false
[PAXOS-TICK] phase=WaitingForPromises elapsed=9 timeout=15 ballot=9 promises=0 accepted=0
[step=130] DELIVER from=2 to=1 type=Promise { ballot: 7, accepted_ballot: None, accepted_value: None } queue_len=25
[PROMISE-TRACE] from=2 received_ballot=7 current_ballot=9 match=false
[PAXOS-TICK] phase=WaitingForPromises elapsed=10 timeout=15 ballot=9 promises=0 accepted=0
[step=131] DELIVER from=3 to=1 type=Promise { ballot: 7, accepted_ballot: None, accepted_value: None } queue_len=24
[PROMISE-TRACE] from=3 received_ballot=7 current_ballot=9 match=false
[PAXOS-TICK] phase=WaitingForPromises elapsed=11 timeout=15 ballot=9 promises=0 accepted=0
[step=132] DELIVER from=4 to=1 type=Promise { ballot: 7, accepted_ballot: None, accepted_value: None } queue_len=23
[PROMISE-TRACE] from=4 received_ballot=7 current_ballot=9 match=false
[PAXOS-TICK] phase=WaitingForPromises elapsed=12 timeout=15 ballot=9 promises=0 accepted=0
[step=133] DELIVER from=5 to=1 type=Promise { ballot: 7, accepted_ballot: None, accepted_value: None } queue_len=22
[PROMISE-TRACE] from=5 received_ballot=7 current_ballot=9 match=false
[PAXOS-TICK] phase=WaitingForPromises elapsed=13 timeout=15 ballot=9 promises=0 accepted=0
[step=134] DELIVER from=6 to=1 type=Promise { ballot: 7, accepted_ballot: None, accepted_value: None } queue_len=21
[PROMISE-TRACE] from=6 received_ballot=7 current_ballot=9 match=false
[PAXOS-TICK] phase=WaitingForPromises elapsed=14 timeout=15 ballot=9 promises=0 accepted=0
[TIMEOUT-CAUSE] phase=WaitingForPromises ballot=9 promises=0 accepted=0 quorum=5
[step=135] DELIVER from=7 to=1 type=Promise { ballot: 7, accepted_ballot: None, accepted_value: None } queue_len=29
[PROMISE-TRACE] from=7 received_ballot=7 current_ballot=10 match=false
[PAXOS-TICK] phase=WaitingForPromises elapsed=0 timeout=15 ballot=10 promises=0 accepted=0
[step=136] DELIVER from=8 to=1 type=Promise { ballot: 7, accepted_ballot: None, accepted_value: None } queue_len=28
[PROMISE-TRACE] from=8 received_ballot=7 current_ballot=10 match=false
[PAXOS-TICK] phase=WaitingForPromises elapsed=1 timeout=15 ballot=10 promises=0 accepted=0
[step=137] DELIVER from=9 to=1 type=Promise { ballot: 7, accepted_ballot: None, accepted_value: None } queue_len=27
[PROMISE-TRACE] from=9 received_ballot=7 current_ballot=10 match=false
[PAXOS-TICK] phase=WaitingForPromises elapsed=2 timeout=15 ballot=10 promises=0 accepted=0
[step=138] DELIVER from=1 to=1 type=Prepare { ballot: 9 } queue_len=26
[PAXOS-TICK] phase=WaitingForPromises elapsed=3 timeout=15 ballot=10 promises=0 accepted=0
[step=139] DELIVER from=1 to=2 type=Prepare { ballot: 9 } queue_len=26
[PAXOS-TICK] phase=WaitingForPromises elapsed=4 timeout=15 ballot=10 promises=0 accepted=0
[step=140] DELIVER from=1 to=3 type=Prepare { ballot: 9 } queue_len=26
[PAXOS-TICK] phase=WaitingForPromises elapsed=5 timeout=15 ballot=10 promises=0 accepted=0
[step=141] DELIVER from=1 to=4 type=Prepare { ballot: 9 } queue_len=26
[PAXOS-TICK] phase=WaitingForPromises elapsed=6 timeout=15 ballot=10 promises=0 accepted=0
[step=142] DELIVER from=1 to=5 type=Prepare { ballot: 9 } queue_len=26
[PAXOS-TICK] phase=WaitingForPromises elapsed=7 timeout=15 ballot=10 promises=0 accepted=0
[step=143] DELIVER from=1 to=6 type=Prepare { ballot: 9 } queue_len=26
[PAXOS-TICK] phase=WaitingForPromises elapsed=8 timeout=15 ballot=10 promises=0 accepted=0
[step=144] DELIVER from=1 to=7 type=Prepare { ballot: 9 } queue_len=26
[PAXOS-TICK] phase=WaitingForPromises elapsed=9 timeout=15 ballot=10 promises=0 accepted=0
[step=145] DELIVER from=1 to=8 type=Prepare { ballot: 9 } queue_len=26
[PAXOS-TICK] phase=WaitingForPromises elapsed=10 timeout=15 ballot=10 promises=0 accepted=0
[step=146] DELIVER from=1 to=9 type=Prepare { ballot: 9 } queue_len=26
[PAXOS-TICK] phase=WaitingForPromises elapsed=11 timeout=15 ballot=10 promises=0 accepted=0
[step=147] DELIVER from=1 to=1 type=Promise { ballot: 8, accepted_ballot: None, accepted_value: None } queue_len=26
[PROMISE-TRACE] from=1 received_ballot=8 current_ballot=10 match=false
[PAXOS-TICK] phase=WaitingForPromises elapsed=12 timeout=15 ballot=10 promises=0 accepted=0
[step=148] DELIVER from=2 to=1 type=Promise { ballot: 8, accepted_ballot: None, accepted_value: None } queue_len=25
[PROMISE-TRACE] from=2 received_ballot=8 current_ballot=10 match=false
[PAXOS-TICK] phase=WaitingForPromises elapsed=13 timeout=15 ballot=10 promises=0 accepted=0
[step=149] DELIVER from=3 to=1 type=Promise { ballot: 8, accepted_ballot: None, accepted_value: None } queue_len=24
[PROMISE-TRACE] from=3 received_ballot=8 current_ballot=10 match=false
[PAXOS-TICK] phase=WaitingForPromises elapsed=14 timeout=15 ballot=10 promises=0 accepted=0
[TIMEOUT-CAUSE] phase=WaitingForPromises ballot=10 promises=0 accepted=0 quorum=5
[step=150] DELIVER from=4 to=1 type=Promise { ballot: 8, accepted_ballot: None, accepted_value: None } queue_len=32
[PROMISE-TRACE] from=4 received_ballot=8 current_ballot=11 match=false
[PAXOS-TICK] phase=WaitingForPromises elapsed=0 timeout=15 ballot=11 promises=0 accepted=0
[step=151] DELIVER from=5 to=1 type=Promise { ballot: 8, accepted_ballot: None, accepted_value: None } queue_len=31
[PROMISE-TRACE] from=5 received_ballot=8 current_ballot=11 match=false
[PAXOS-TICK] phase=WaitingForPromises elapsed=1 timeout=15 ballot=11 promises=0 accepted=0
[step=152] DELIVER from=6 to=1 type=Promise { ballot: 8, accepted_ballot: None, accepted_value: None } queue_len=30
[PROMISE-TRACE] from=6 received_ballot=8 current_ballot=11 match=false
[PAXOS-TICK] phase=WaitingForPromises elapsed=2 timeout=15 ballot=11 promises=0 accepted=0
[step=153] DELIVER from=7 to=1 type=Promise { ballot: 8, accepted_ballot: None, accepted_value: None } queue_len=29
[PROMISE-TRACE] from=7 received_ballot=8 current_ballot=11 match=false
[PAXOS-TICK] phase=WaitingForPromises elapsed=3 timeout=15 ballot=11 promises=0 accepted=0
[step=154] DELIVER from=8 to=1 type=Promise { ballot: 8, accepted_ballot: None, accepted_value: None } queue_len=28
[PROMISE-TRACE] from=8 received_ballot=8 current_ballot=11 match=false
[PAXOS-TICK] phase=WaitingForPromises elapsed=4 timeout=15 ballot=11 promises=0 accepted=0
[step=155] DELIVER from=9 to=1 type=Promise { ballot: 8, accepted_ballot: None, accepted_value: None } queue_len=27
[PROMISE-TRACE] from=9 received_ballot=8 current_ballot=11 match=false
[PAXOS-TICK] phase=WaitingForPromises elapsed=5 timeout=15 ballot=11 promises=0 accepted=0
[step=156] DELIVER from=1 to=1 type=Prepare { ballot: 10 } queue_len=26
[PAXOS-TICK] phase=WaitingForPromises elapsed=6 timeout=15 ballot=11 promises=0 accepted=0
[step=157] DELIVER from=1 to=2 type=Prepare { ballot: 10 } queue_len=26
[PAXOS-TICK] phase=WaitingForPromises elapsed=7 timeout=15 ballot=11 promises=0 accepted=0
[step=158] DELIVER from=1 to=3 type=Prepare { ballot: 10 } queue_len=26
[PAXOS-TICK] phase=WaitingForPromises elapsed=8 timeout=15 ballot=11 promises=0 accepted=0
[step=159] DELIVER from=1 to=4 type=Prepare { ballot: 10 } queue_len=26
[PAXOS-TICK] phase=WaitingForPromises elapsed=9 timeout=15 ballot=11 promises=0 accepted=0
[step=160] DELIVER from=1 to=5 type=Prepare { ballot: 10 } queue_len=26
[PAXOS-TICK] phase=WaitingForPromises elapsed=10 timeout=15 ballot=11 promises=0 accepted=0
[step=161] DELIVER from=1 to=6 type=Prepare { ballot: 10 } queue_len=26
[PAXOS-TICK] phase=WaitingForPromises elapsed=11 timeout=15 ballot=11 promises=0 accepted=0
[step=162] DELIVER from=1 to=7 type=Prepare { ballot: 10 } queue_len=26
[PAXOS-TICK] phase=WaitingForPromises elapsed=12 timeout=15 ballot=11 promises=0 accepted=0
[step=163] DELIVER from=1 to=8 type=Prepare { ballot: 10 } queue_len=26
[PAXOS-TICK] phase=WaitingForPromises elapsed=13 timeout=15 ballot=11 promises=0 accepted=0
[step=164] DELIVER from=1 to=9 type=Prepare { ballot: 10 } queue_len=26
[PAXOS-TICK] phase=WaitingForPromises elapsed=14 timeout=15 ballot=11 promises=0 accepted=0
[TIMEOUT-CAUSE] phase=WaitingForPromises ballot=11 promises=0 accepted=0 quorum=5
[step=165] DELIVER from=1 to=1 type=Promise { ballot: 9, accepted_ballot: None, accepted_value: None } queue_len=35
[PROMISE-TRACE] from=1 received_ballot=9 current_ballot=12 match=false
[PAXOS-TICK] phase=WaitingForPromises elapsed=0 timeout=15 ballot=12 promises=0 accepted=0
[step=166] DELIVER from=2 to=1 type=Promise { ballot: 9, accepted_ballot: None, accepted_value: None } queue_len=34
[PROMISE-TRACE] from=2 received_ballot=9 current_ballot=12 match=false
[PAXOS-TICK] phase=WaitingForPromises elapsed=1 timeout=15 ballot=12 promises=0 accepted=0
[step=167] DELIVER from=3 to=1 type=Promise { ballot: 9, accepted_ballot: None, accepted_value: None } queue_len=33
[PROMISE-TRACE] from=3 received_ballot=9 current_ballot=12 match=false
[PAXOS-TICK] phase=WaitingForPromises elapsed=2 timeout=15 ballot=12 promises=0 accepted=0
[step=168] DELIVER from=4 to=1 type=Promise { ballot: 9, accepted_ballot: None, accepted_value: None } queue_len=32
[PROMISE-TRACE] from=4 received_ballot=9 current_ballot=12 match=false
[PAXOS-TICK] phase=WaitingForPromises elapsed=3 timeout=15 ballot=12 promises=0 accepted=0
[step=169] DELIVER from=5 to=1 type=Promise { ballot: 9, accepted_ballot: None, accepted_value: None } queue_len=31
[PROMISE-TRACE] from=5 received_ballot=9 current_ballot=12 match=false
[PAXOS-TICK] phase=WaitingForPromises elapsed=4 timeout=15 ballot=12 promises=0 accepted=0
[step=170] DELIVER from=6 to=1 type=Promise { ballot: 9, accepted_ballot: None, accepted_value: None } queue_len=30
[PROMISE-TRACE] from=6 received_ballot=9 current_ballot=12 match=false
[PAXOS-TICK] phase=WaitingForPromises elapsed=5 timeout=15 ballot=12 promises=0 accepted=0
[step=171] DELIVER from=7 to=1 type=Promise { ballot: 9, accepted_ballot: None, accepted_value: None } queue_len=29
[PROMISE-TRACE] from=7 received_ballot=9 current_ballot=12 match=false
[PAXOS-TICK] phase=WaitingForPromises elapsed=6 timeout=15 ballot=12 promises=0 accepted=0
[step=172] DELIVER from=8 to=1 type=Promise { ballot: 9, accepted_ballot: None, accepted_value: None } queue_len=28
[PROMISE-TRACE] from=8 received_ballot=9 current_ballot=12 match=false
[PAXOS-TICK] phase=WaitingForPromises elapsed=7 timeout=15 ballot=12 promises=0 accepted=0
[step=173] DELIVER from=9 to=1 type=Promise { ballot: 9, accepted_ballot: None, accepted_value: None } queue_len=27
[PROMISE-TRACE] from=9 received_ballot=9 current_ballot=12 match=false
[PAXOS-TICK] phase=WaitingForPromises elapsed=8 timeout=15 ballot=12 promises=0 accepted=0
[step=174] DELIVER from=1 to=1 type=Prepare { ballot: 11 } queue_len=26
[PAXOS-TICK] phase=WaitingForPromises elapsed=9 timeout=15 ballot=12 promises=0 accepted=0
[step=175] DELIVER from=1 to=2 type=Prepare { ballot: 11 } queue_len=26
[PAXOS-TICK] phase=WaitingForPromises elapsed=10 timeout=15 ballot=12 promises=0 accepted=0
[step=176] DELIVER from=1 to=3 type=Prepare { ballot: 11 } queue_len=26
[PAXOS-TICK] phase=WaitingForPromises elapsed=11 timeout=15 ballot=12 promises=0 accepted=0
[step=177] DELIVER from=1 to=4 type=Prepare { ballot: 11 } queue_len=26
[PAXOS-TICK] phase=WaitingForPromises elapsed=12 timeout=15 ballot=12 promises=0 accepted=0
[step=178] DELIVER from=1 to=5 type=Prepare { ballot: 11 } queue_len=26
[PAXOS-TICK] phase=WaitingForPromises elapsed=13 timeout=15 ballot=12 promises=0 accepted=0
[step=179] DELIVER from=1 to=6 type=Prepare { ballot: 11 } queue_len=26
[PAXOS-TICK] phase=WaitingForPromises elapsed=14 timeout=15 ballot=12 promises=0 accepted=0
[TIMEOUT-CAUSE] phase=WaitingForPromises ballot=12 promises=0 accepted=0 quorum=5
[step=180] DELIVER from=1 to=7 type=Prepare { ballot: 11 } queue_len=35
[PAXOS-TICK] phase=WaitingForPromises elapsed=0 timeout=15 ballot=13 promises=0 accepted=0
[step=181] DELIVER from=1 to=8 type=Prepare { ballot: 11 } queue_len=35
[PAXOS-TICK] phase=WaitingForPromises elapsed=1 timeout=15 ballot=13 promises=0 accepted=0
[step=182] DELIVER from=1 to=9 type=Prepare { ballot: 11 } queue_len=35
[PAXOS-TICK] phase=WaitingForPromises elapsed=2 timeout=15 ballot=13 promises=0 accepted=0
[step=183] DELIVER from=1 to=1 type=Promise { ballot: 10, accepted_ballot: None, accepted_value: None } queue_len=35
[PROMISE-TRACE] from=1 received_ballot=10 current_ballot=13 match=false
[PAXOS-TICK] phase=WaitingForPromises elapsed=3 timeout=15 ballot=13 promises=0 accepted=0
[step=184] DELIVER from=2 to=1 type=Promise { ballot: 10, accepted_ballot: None, accepted_value: None } queue_len=34
[PROMISE-TRACE] from=2 received_ballot=10 current_ballot=13 match=false
[PAXOS-TICK] phase=WaitingForPromises elapsed=4 timeout=15 ballot=13 promises=0 accepted=0
[step=185] DELIVER from=3 to=1 type=Promise { ballot: 10, accepted_ballot: None, accepted_value: None } queue_len=33
[PROMISE-TRACE] from=3 received_ballot=10 current_ballot=13 match=false
[PAXOS-TICK] phase=WaitingForPromises elapsed=5 timeout=15 ballot=13 promises=0 accepted=0
[step=186] DELIVER from=4 to=1 type=Promise { ballot: 10, accepted_ballot: None, accepted_value: None } queue_len=32
[PROMISE-TRACE] from=4 received_ballot=10 current_ballot=13 match=false
[PAXOS-TICK] phase=WaitingForPromises elapsed=6 timeout=15 ballot=13 promises=0 accepted=0
[step=187] DELIVER from=5 to=1 type=Promise { ballot: 10, accepted_ballot: None, accepted_value: None } queue_len=31
[PROMISE-TRACE] from=5 received_ballot=10 current_ballot=13 match=false
[PAXOS-TICK] phase=WaitingForPromises elapsed=7 timeout=15 ballot=13 promises=0 accepted=0
[step=188] DELIVER from=6 to=1 type=Promise { ballot: 10, accepted_ballot: None, accepted_value: None } queue_len=30
[PROMISE-TRACE] from=6 received_ballot=10 current_ballot=13 match=false
[PAXOS-TICK] phase=WaitingForPromises elapsed=8 timeout=15 ballot=13 promises=0 accepted=0
[step=189] DELIVER from=7 to=1 type=Promise { ballot: 10, accepted_ballot: None, accepted_value: None } queue_len=29
[PROMISE-TRACE] from=7 received_ballot=10 current_ballot=13 match=false
[PAXOS-TICK] phase=WaitingForPromises elapsed=9 timeout=15 ballot=13 promises=0 accepted=0
[step=190] DELIVER from=8 to=1 type=Promise { ballot: 10, accepted_ballot: None, accepted_value: None } queue_len=28
[PROMISE-TRACE] from=8 received_ballot=10 current_ballot=13 match=false
[PAXOS-TICK] phase=WaitingForPromises elapsed=10 timeout=15 ballot=13 promises=0 accepted=0
[step=191] DELIVER from=9 to=1 type=Promise { ballot: 10, accepted_ballot: None, accepted_value: None } queue_len=27
[PROMISE-TRACE] from=9 received_ballot=10 current_ballot=13 match=false
[PAXOS-TICK] phase=WaitingForPromises elapsed=11 timeout=15 ballot=13 promises=0 accepted=0
[step=192] DELIVER from=1 to=1 type=Prepare { ballot: 12 } queue_len=26
[PAXOS-TICK] phase=WaitingForPromises elapsed=12 timeout=15 ballot=13 promises=0 accepted=0
[step=193] DELIVER from=1 to=2 type=Prepare { ballot: 12 } queue_len=26
[PAXOS-TICK] phase=WaitingForPromises elapsed=13 timeout=15 ballot=13 promises=0 accepted=0
[step=194] DELIVER from=1 to=3 type=Prepare { ballot: 12 } queue_len=26
[PAXOS-TICK] phase=WaitingForPromises elapsed=14 timeout=15 ballot=13 promises=0 accepted=0
[TIMEOUT-CAUSE] phase=WaitingForPromises ballot=13 promises=0 accepted=0 quorum=5
[step=195] DELIVER from=1 to=4 type=Prepare { ballot: 12 } queue_len=35
[PAXOS-TICK] phase=WaitingForPromises elapsed=0 timeout=15 ballot=14 promises=0 accepted=0
[step=196] DELIVER from=1 to=5 type=Prepare { ballot: 12 } queue_len=35
[PAXOS-TICK] phase=WaitingForPromises elapsed=1 timeout=15 ballot=14 promises=0 accepted=0
[step=197] DELIVER from=1 to=6 type=Prepare { ballot: 12 } queue_len=35
[PAXOS-TICK] phase=WaitingForPromises elapsed=2 timeout=15 ballot=14 promises=0 accepted=0
[step=198] DELIVER from=1 to=7 type=Prepare { ballot: 12 } queue_len=35
[PAXOS-TICK] phase=WaitingForPromises elapsed=3 timeout=15 ballot=14 promises=0 accepted=0
[step=199] DELIVER from=1 to=8 type=Prepare { ballot: 12 } queue_len=35
[PAXOS-TICK] phase=WaitingForPromises elapsed=4 timeout=15 ballot=14 promises=0 accepted=0
[step=200] DELIVER from=1 to=9 type=Prepare { ballot: 12 } queue_len=35
[PAXOS-TICK] phase=WaitingForPromises elapsed=5 timeout=15 ballot=14 promises=0 accepted=0
[step=201] DELIVER from=1 to=1 type=Promise { ballot: 11, accepted_ballot: None, accepted_value: None } queue_len=35
[PROMISE-TRACE] from=1 received_ballot=11 current_ballot=14 match=false
[PAXOS-TICK] phase=WaitingForPromises elapsed=6 timeout=15 ballot=14 promises=0 accepted=0
[step=202] DELIVER from=2 to=1 type=Promise { ballot: 11, accepted_ballot: None, accepted_value: None } queue_len=34
[PROMISE-TRACE] from=2 received_ballot=11 current_ballot=14 match=false
[PAXOS-TICK] phase=WaitingForPromises elapsed=7 timeout=15 ballot=14 promises=0 accepted=0
[step=203] DELIVER from=3 to=1 type=Promise { ballot: 11, accepted_ballot: None, accepted_value: None } queue_len=33
[PROMISE-TRACE] from=3 received_ballot=11 current_ballot=14 match=false
[PAXOS-TICK] phase=WaitingForPromises elapsed=8 timeout=15 ballot=14 promises=0 accepted=0
[step=204] DELIVER from=4 to=1 type=Promise { ballot: 11, accepted_ballot: None, accepted_value: None } queue_len=32
[PROMISE-TRACE] from=4 received_ballot=11 current_ballot=14 match=false
[PAXOS-TICK] phase=WaitingForPromises elapsed=9 timeout=15 ballot=14 promises=0 accepted=0
[step=205] DELIVER from=5 to=1 type=Promise { ballot: 11, accepted_ballot: None, accepted_value: None } queue_len=31
[PROMISE-TRACE] from=5 received_ballot=11 current_ballot=14 match=false
[PAXOS-TICK] phase=WaitingForPromises elapsed=10 timeout=15 ballot=14 promises=0 accepted=0
[step=206] DELIVER from=6 to=1 type=Promise { ballot: 11, accepted_ballot: None, accepted_value: None } queue_len=30
[PROMISE-TRACE] from=6 received_ballot=11 current_ballot=14 match=false
[PAXOS-TICK] phase=WaitingForPromises elapsed=11 timeout=15 ballot=14 promises=0 accepted=0
[step=207] DELIVER from=1 to=1 type=Prepare { ballot: 13 } queue_len=29
[PAXOS-TICK] phase=WaitingForPromises elapsed=12 timeout=15 ballot=14 promises=0 accepted=0
[step=208] DELIVER from=1 to=2 type=Prepare { ballot: 13 } queue_len=29
[PAXOS-TICK] phase=WaitingForPromises elapsed=13 timeout=15 ballot=14 promises=0 accepted=0
[step=209] DELIVER from=1 to=3 type=Prepare { ballot: 13 } queue_len=29
[PAXOS-TICK] phase=WaitingForPromises elapsed=14 timeout=15 ballot=14 promises=0 accepted=0
[TIMEOUT-CAUSE] phase=WaitingForPromises ballot=14 promises=0 accepted=0 quorum=5
[step=210] DELIVER from=1 to=4 type=Prepare { ballot: 13 } queue_len=38
[PAXOS-TICK] phase=WaitingForPromises elapsed=0 timeout=15 ballot=15 promises=0 accepted=0
[step=211] DELIVER from=1 to=5 type=Prepare { ballot: 13 } queue_len=38
[PAXOS-TICK] phase=WaitingForPromises elapsed=1 timeout=15 ballot=15 promises=0 accepted=0
[step=212] DELIVER from=1 to=6 type=Prepare { ballot: 13 } queue_len=38
[PAXOS-TICK] phase=WaitingForPromises elapsed=2 timeout=15 ballot=15 promises=0 accepted=0
[step=213] DELIVER from=1 to=7 type=Prepare { ballot: 13 } queue_len=38
[PAXOS-TICK] phase=WaitingForPromises elapsed=3 timeout=15 ballot=15 promises=0 accepted=0
[step=214] DELIVER from=1 to=8 type=Prepare { ballot: 13 } queue_len=38
[PAXOS-TICK] phase=WaitingForPromises elapsed=4 timeout=15 ballot=15 promises=0 accepted=0
[step=215] DELIVER from=1 to=9 type=Prepare { ballot: 13 } queue_len=38
[PAXOS-TICK] phase=WaitingForPromises elapsed=5 timeout=15 ballot=15 promises=0 accepted=0
[step=216] DELIVER from=7 to=1 type=Promise { ballot: 11, accepted_ballot: None, accepted_value: None } queue_len=38
[PROMISE-TRACE] from=7 received_ballot=11 current_ballot=15 match=false
[PAXOS-TICK] phase=WaitingForPromises elapsed=6 timeout=15 ballot=15 promises=0 accepted=0
[step=217] DELIVER from=8 to=1 type=Promise { ballot: 11, accepted_ballot: None, accepted_value: None } queue_len=37
[PROMISE-TRACE] from=8 received_ballot=11 current_ballot=15 match=false
[PAXOS-TICK] phase=WaitingForPromises elapsed=7 timeout=15 ballot=15 promises=0 accepted=0
[step=218] DELIVER from=9 to=1 type=Promise { ballot: 11, accepted_ballot: None, accepted_value: None } queue_len=36
[PROMISE-TRACE] from=9 received_ballot=11 current_ballot=15 match=false
[PAXOS-TICK] phase=WaitingForPromises elapsed=8 timeout=15 ballot=15 promises=0 accepted=0
[step=219] DELIVER from=1 to=1 type=Promise { ballot: 12, accepted_ballot: None, accepted_value: None } queue_len=35
[PROMISE-TRACE] from=1 received_ballot=12 current_ballot=15 match=false
[PAXOS-TICK] phase=WaitingForPromises elapsed=9 timeout=15 ballot=15 promises=0 accepted=0
[step=220] DELIVER from=2 to=1 type=Promise { ballot: 12, accepted_ballot: None, accepted_value: None } queue_len=34
[PROMISE-TRACE] from=2 received_ballot=12 current_ballot=15 match=false
[PAXOS-TICK] phase=WaitingForPromises elapsed=10 timeout=15 ballot=15 promises=0 accepted=0
[step=221] DELIVER from=3 to=1 type=Promise { ballot: 12, accepted_ballot: None, accepted_value: None } queue_len=33
[PROMISE-TRACE] from=3 received_ballot=12 current_ballot=15 match=false
[PAXOS-TICK] phase=WaitingForPromises elapsed=11 timeout=15 ballot=15 promises=0 accepted=0
[step=222] DELIVER from=1 to=1 type=Prepare { ballot: 14 } queue_len=32
[PAXOS-TICK] phase=WaitingForPromises elapsed=12 timeout=15 ballot=15 promises=0 accepted=0
[step=223] DELIVER from=1 to=2 type=Prepare { ballot: 14 } queue_len=32
[PAXOS-TICK] phase=WaitingForPromises elapsed=13 timeout=15 ballot=15 promises=0 accepted=0
[step=224] DELIVER from=1 to=3 type=Prepare { ballot: 14 } queue_len=32
[PAXOS-TICK] phase=WaitingForPromises elapsed=14 timeout=15 ballot=15 promises=0 accepted=0
[TIMEOUT-CAUSE] phase=WaitingForPromises ballot=15 promises=0 accepted=0 quorum=5
[step=225] DELIVER from=1 to=4 type=Prepare { ballot: 14 } queue_len=41
[PAXOS-TICK] phase=WaitingForPromises elapsed=0 timeout=15 ballot=16 promises=0 accepted=0
[step=226] DELIVER from=1 to=5 type=Prepare { ballot: 14 } queue_len=41
[PAXOS-TICK] phase=WaitingForPromises elapsed=1 timeout=15 ballot=16 promises=0 accepted=0
[step=227] DELIVER from=1 to=6 type=Prepare { ballot: 14 } queue_len=41
[PAXOS-TICK] phase=WaitingForPromises elapsed=2 timeout=15 ballot=16 promises=0 accepted=0
[step=228] DELIVER from=1 to=7 type=Prepare { ballot: 14 } queue_len=41
[PAXOS-TICK] phase=WaitingForPromises elapsed=3 timeout=15 ballot=16 promises=0 accepted=0
[step=229] DELIVER from=1 to=8 type=Prepare { ballot: 14 } queue_len=41
[PAXOS-TICK] phase=WaitingForPromises elapsed=4 timeout=15 ballot=16 promises=0 accepted=0
[step=230] DELIVER from=1 to=9 type=Prepare { ballot: 14 } queue_len=41
[PAXOS-TICK] phase=WaitingForPromises elapsed=5 timeout=15 ballot=16 promises=0 accepted=0
[step=231] DELIVER from=4 to=1 type=Promise { ballot: 12, accepted_ballot: None, accepted_value: None } queue_len=41
[PROMISE-TRACE] from=4 received_ballot=12 current_ballot=16 match=false
[PAXOS-TICK] phase=WaitingForPromises elapsed=6 timeout=15 ballot=16 promises=0 accepted=0
[step=232] DELIVER from=5 to=1 type=Promise { ballot: 12, accepted_ballot: None, accepted_value: None } queue_len=40
[PROMISE-TRACE] from=5 received_ballot=12 current_ballot=16 match=false
[PAXOS-TICK] phase=WaitingForPromises elapsed=7 timeout=15 ballot=16 promises=0 accepted=0
[step=233] DELIVER from=6 to=1 type=Promise { ballot: 12, accepted_ballot: None, accepted_value: None } queue_len=39
[PROMISE-TRACE] from=6 received_ballot=12 current_ballot=16 match=false
[PAXOS-TICK] phase=WaitingForPromises elapsed=8 timeout=15 ballot=16 promises=0 accepted=0
[step=234] DELIVER from=7 to=1 type=Promise { ballot: 12, accepted_ballot: None, accepted_value: None } queue_len=38
[PROMISE-TRACE] from=7 received_ballot=12 current_ballot=16 match=false
[PAXOS-TICK] phase=WaitingForPromises elapsed=9 timeout=15 ballot=16 promises=0 accepted=0
[step=235] DELIVER from=8 to=1 type=Promise { ballot: 12, accepted_ballot: None, accepted_value: None } queue_len=37
[PROMISE-TRACE] from=8 received_ballot=12 current_ballot=16 match=false
[PAXOS-TICK] phase=WaitingForPromises elapsed=10 timeout=15 ballot=16 promises=0 accepted=0
[step=236] DELIVER from=9 to=1 type=Promise { ballot: 12, accepted_ballot: None, accepted_value: None } queue_len=36
[PROMISE-TRACE] from=9 received_ballot=12 current_ballot=16 match=false
[PAXOS-TICK] phase=WaitingForPromises elapsed=11 timeout=15 ballot=16 promises=0 accepted=0
[step=237] DELIVER from=1 to=1 type=Promise { ballot: 13, accepted_ballot: None, accepted_value: None } queue_len=35
[PROMISE-TRACE] from=1 received_ballot=13 current_ballot=16 match=false
[PAXOS-TICK] phase=WaitingForPromises elapsed=12 timeout=15 ballot=16 promises=0 accepted=0
[step=238] DELIVER from=2 to=1 type=Promise { ballot: 13, accepted_ballot: None, accepted_value: None } queue_len=34
[PROMISE-TRACE] from=2 received_ballot=13 current_ballot=16 match=false
[PAXOS-TICK] phase=WaitingForPromises elapsed=13 timeout=15 ballot=16 promises=0 accepted=0
[step=239] DELIVER from=3 to=1 type=Promise { ballot: 13, accepted_ballot: None, accepted_value: None } queue_len=33
[PROMISE-TRACE] from=3 received_ballot=13 current_ballot=16 match=false
[PAXOS-TICK] phase=WaitingForPromises elapsed=14 timeout=15 ballot=16 promises=0 accepted=0
[TIMEOUT-CAUSE] phase=WaitingForPromises ballot=16 promises=0 accepted=0 quorum=5
[step=240] DELIVER from=1 to=1 type=Prepare { ballot: 15 } queue_len=41
[PAXOS-TICK] phase=WaitingForPromises elapsed=0 timeout=15 ballot=17 promises=0 accepted=0
[step=241] DELIVER from=1 to=2 type=Prepare { ballot: 15 } queue_len=41
[PAXOS-TICK] phase=WaitingForPromises elapsed=1 timeout=15 ballot=17 promises=0 accepted=0
[step=242] DELIVER from=1 to=3 type=Prepare { ballot: 15 } queue_len=41
[PAXOS-TICK] phase=WaitingForPromises elapsed=2 timeout=15 ballot=17 promises=0 accepted=0
[step=243] DELIVER from=1 to=4 type=Prepare { ballot: 15 } queue_len=41
[PAXOS-TICK] phase=WaitingForPromises elapsed=3 timeout=15 ballot=17 promises=0 accepted=0
[step=244] DELIVER from=1 to=5 type=Prepare { ballot: 15 } queue_len=41
[PAXOS-TICK] phase=WaitingForPromises elapsed=4 timeout=15 ballot=17 promises=0 accepted=0
[step=245] DELIVER from=1 to=6 type=Prepare { ballot: 15 } queue_len=41
[PAXOS-TICK] phase=WaitingForPromises elapsed=5 timeout=15 ballot=17 promises=0 accepted=0
[step=246] DELIVER from=1 to=7 type=Prepare { ballot: 15 } queue_len=41
[PAXOS-TICK] phase=WaitingForPromises elapsed=6 timeout=15 ballot=17 promises=0 accepted=0
[step=247] DELIVER from=1 to=8 type=Prepare { ballot: 15 } queue_len=41
[PAXOS-TICK] phase=WaitingForPromises elapsed=7 timeout=15 ballot=17 promises=0 accepted=0
[step=248] DELIVER from=1 to=9 type=Prepare { ballot: 15 } queue_len=41
[PAXOS-TICK] phase=WaitingForPromises elapsed=8 timeout=15 ballot=17 promises=0 accepted=0
[step=249] DELIVER from=4 to=1 type=Promise { ballot: 13, accepted_ballot: None, accepted_value: None } queue_len=41
[PROMISE-TRACE] from=4 received_ballot=13 current_ballot=17 match=false
[PAXOS-TICK] phase=WaitingForPromises elapsed=9 timeout=15 ballot=17 promises=0 accepted=0
[step=250] DELIVER from=5 to=1 type=Promise { ballot: 13, accepted_ballot: None, accepted_value: None } queue_len=40
[PROMISE-TRACE] from=5 received_ballot=13 current_ballot=17 match=false
[PAXOS-TICK] phase=WaitingForPromises elapsed=10 timeout=15 ballot=17 promises=0 accepted=0
[step=251] DELIVER from=6 to=1 type=Promise { ballot: 13, accepted_ballot: None, accepted_value: None } queue_len=39
[PROMISE-TRACE] from=6 received_ballot=13 current_ballot=17 match=false
[PAXOS-TICK] phase=WaitingForPromises elapsed=11 timeout=15 ballot=17 promises=0 accepted=0
[step=252] DELIVER from=7 to=1 type=Promise { ballot: 13, accepted_ballot: None, accepted_value: None } queue_len=38
[PROMISE-TRACE] from=7 received_ballot=13 current_ballot=17 match=false
[PAXOS-TICK] phase=WaitingForPromises elapsed=12 timeout=15 ballot=17 promises=0 accepted=0
[step=253] DELIVER from=8 to=1 type=Promise { ballot: 13, accepted_ballot: None, accepted_value: None } queue_len=37
[PROMISE-TRACE] from=8 received_ballot=13 current_ballot=17 match=false
[PAXOS-TICK] phase=WaitingForPromises elapsed=13 timeout=15 ballot=17 promises=0 accepted=0
[step=254] DELIVER from=9 to=1 type=Promise { ballot: 13, accepted_ballot: None, accepted_value: None } queue_len=36
[PROMISE-TRACE] from=9 received_ballot=13 current_ballot=17 match=false
[PAXOS-TICK] phase=WaitingForPromises elapsed=14 timeout=15 ballot=17 promises=0 accepted=0
[TIMEOUT-CAUSE] phase=WaitingForPromises ballot=17 promises=0 accepted=0 quorum=5
[step=255] DELIVER from=1 to=1 type=Promise { ballot: 14, accepted_ballot: None, accepted_value: None } queue_len=44
[PROMISE-TRACE] from=1 received_ballot=14 current_ballot=18 match=false
[PAXOS-TICK] phase=WaitingForPromises elapsed=0 timeout=15 ballot=18 promises=0 accepted=0
[step=256] DELIVER from=2 to=1 type=Promise { ballot: 14, accepted_ballot: None, accepted_value: None } queue_len=43
[PROMISE-TRACE] from=2 received_ballot=14 current_ballot=18 match=false
[PAXOS-TICK] phase=WaitingForPromises elapsed=1 timeout=15 ballot=18 promises=0 accepted=0
[step=257] DELIVER from=3 to=1 type=Promise { ballot: 14, accepted_ballot: None, accepted_value: None } queue_len=42
[PROMISE-TRACE] from=3 received_ballot=14 current_ballot=18 match=false
[PAXOS-TICK] phase=WaitingForPromises elapsed=2 timeout=15 ballot=18 promises=0 accepted=0
[step=258] DELIVER from=1 to=1 type=Prepare { ballot: 16 } queue_len=41
[PAXOS-TICK] phase=WaitingForPromises elapsed=3 timeout=15 ballot=18 promises=0 accepted=0
[step=259] DELIVER from=1 to=2 type=Prepare { ballot: 16 } queue_len=41
[PAXOS-TICK] phase=WaitingForPromises elapsed=4 timeout=15 ballot=18 promises=0 accepted=0
[step=260] DELIVER from=1 to=3 type=Prepare { ballot: 16 } queue_len=41
[PAXOS-TICK] phase=WaitingForPromises elapsed=5 timeout=15 ballot=18 promises=0 accepted=0
[step=261] DELIVER from=1 to=4 type=Prepare { ballot: 16 } queue_len=41
[PAXOS-TICK] phase=WaitingForPromises elapsed=6 timeout=15 ballot=18 promises=0 accepted=0
[step=262] DELIVER from=1 to=5 type=Prepare { ballot: 16 } queue_len=41
[PAXOS-TICK] phase=WaitingForPromises elapsed=7 timeout=15 ballot=18 promises=0 accepted=0
[step=263] DELIVER from=1 to=6 type=Prepare { ballot: 16 } queue_len=41
[PAXOS-TICK] phase=WaitingForPromises elapsed=8 timeout=15 ballot=18 promises=0 accepted=0
[step=264] DELIVER from=1 to=7 type=Prepare { ballot: 16 } queue_len=41
[PAXOS-TICK] phase=WaitingForPromises elapsed=9 timeout=15 ballot=18 promises=0 accepted=0
[step=265] DELIVER from=1 to=8 type=Prepare { ballot: 16 } queue_len=41
[PAXOS-TICK] phase=WaitingForPromises elapsed=10 timeout=15 ballot=18 promises=0 accepted=0
[step=266] DELIVER from=1 to=9 type=Prepare { ballot: 16 } queue_len=41
[PAXOS-TICK] phase=WaitingForPromises elapsed=11 timeout=15 ballot=18 promises=0 accepted=0
[step=267] DELIVER from=4 to=1 type=Promise { ballot: 14, accepted_ballot: None, accepted_value: None } queue_len=41
[PROMISE-TRACE] from=4 received_ballot=14 current_ballot=18 match=false
[PAXOS-TICK] phase=WaitingForPromises elapsed=12 timeout=15 ballot=18 promises=0 accepted=0
[step=268] DELIVER from=5 to=1 type=Promise { ballot: 14, accepted_ballot: None, accepted_value: None } queue_len=40
[PROMISE-TRACE] from=5 received_ballot=14 current_ballot=18 match=false
[PAXOS-TICK] phase=WaitingForPromises elapsed=13 timeout=15 ballot=18 promises=0 accepted=0
[step=269] DELIVER from=6 to=1 type=Promise { ballot: 14, accepted_ballot: None, accepted_value: None } queue_len=39
[PROMISE-TRACE] from=6 received_ballot=14 current_ballot=18 match=false
[PAXOS-TICK] phase=WaitingForPromises elapsed=14 timeout=15 ballot=18 promises=0 accepted=0
[TIMEOUT-CAUSE] phase=WaitingForPromises ballot=18 promises=0 accepted=0 quorum=5
[step=270] DELIVER from=7 to=1 type=Promise { ballot: 14, accepted_ballot: None, accepted_value: None } queue_len=47
[PROMISE-TRACE] from=7 received_ballot=14 current_ballot=19 match=false
[PAXOS-TICK] phase=WaitingForPromises elapsed=0 timeout=15 ballot=19 promises=0 accepted=0
[step=271] DELIVER from=8 to=1 type=Promise { ballot: 14, accepted_ballot: None, accepted_value: None } queue_len=46
[PROMISE-TRACE] from=8 received_ballot=14 current_ballot=19 match=false
[PAXOS-TICK] phase=WaitingForPromises elapsed=1 timeout=15 ballot=19 promises=0 accepted=0
[step=272] DELIVER from=9 to=1 type=Promise { ballot: 14, accepted_ballot: None, accepted_value: None } queue_len=45
[PROMISE-TRACE] from=9 received_ballot=14 current_ballot=19 match=false
[PAXOS-TICK] phase=WaitingForPromises elapsed=2 timeout=15 ballot=19 promises=0 accepted=0
[step=273] DELIVER from=1 to=1 type=Prepare { ballot: 17 } queue_len=44
[PAXOS-TICK] phase=WaitingForPromises elapsed=3 timeout=15 ballot=19 promises=0 accepted=0
[step=274] DELIVER from=1 to=2 type=Prepare { ballot: 17 } queue_len=44
[PAXOS-TICK] phase=WaitingForPromises elapsed=4 timeout=15 ballot=19 promises=0 accepted=0
[step=275] DELIVER from=1 to=3 type=Prepare { ballot: 17 } queue_len=44
[PAXOS-TICK] phase=WaitingForPromises elapsed=5 timeout=15 ballot=19 promises=0 accepted=0
[step=276] DELIVER from=1 to=4 type=Prepare { ballot: 17 } queue_len=44
[PAXOS-TICK] phase=WaitingForPromises elapsed=6 timeout=15 ballot=19 promises=0 accepted=0
[step=277] DELIVER from=1 to=5 type=Prepare { ballot: 17 } queue_len=44
[PAXOS-TICK] phase=WaitingForPromises elapsed=7 timeout=15 ballot=19 promises=0 accepted=0
[step=278] DELIVER from=1 to=6 type=Prepare { ballot: 17 } queue_len=44
[PAXOS-TICK] phase=WaitingForPromises elapsed=8 timeout=15 ballot=19 promises=0 accepted=0
[step=279] DELIVER from=1 to=7 type=Prepare { ballot: 17 } queue_len=44
[PAXOS-TICK] phase=WaitingForPromises elapsed=9 timeout=15 ballot=19 promises=0 accepted=0
[step=280] DELIVER from=1 to=8 type=Prepare { ballot: 17 } queue_len=44
[PAXOS-TICK] phase=WaitingForPromises elapsed=10 timeout=15 ballot=19 promises=0 accepted=0
[step=281] DELIVER from=1 to=9 type=Prepare { ballot: 17 } queue_len=44
[PAXOS-TICK] phase=WaitingForPromises elapsed=11 timeout=15 ballot=19 promises=0 accepted=0
[step=282] DELIVER from=1 to=1 type=Promise { ballot: 15, accepted_ballot: None, accepted_value: None } queue_len=44
[PROMISE-TRACE] from=1 received_ballot=15 current_ballot=19 match=false
[PAXOS-TICK] phase=WaitingForPromises elapsed=12 timeout=15 ballot=19 promises=0 accepted=0
[step=283] DELIVER from=2 to=1 type=Promise { ballot: 15, accepted_ballot: None, accepted_value: None } queue_len=43
[PROMISE-TRACE] from=2 received_ballot=15 current_ballot=19 match=false
[PAXOS-TICK] phase=WaitingForPromises elapsed=13 timeout=15 ballot=19 promises=0 accepted=0
[step=284] DELIVER from=3 to=1 type=Promise { ballot: 15, accepted_ballot: None, accepted_value: None } queue_len=42
[PROMISE-TRACE] from=3 received_ballot=15 current_ballot=19 match=false
[PAXOS-TICK] phase=WaitingForPromises elapsed=14 timeout=15 ballot=19 promises=0 accepted=0
[TIMEOUT-CAUSE] phase=WaitingForPromises ballot=19 promises=0 accepted=0 quorum=5
[step=285] DELIVER from=4 to=1 type=Promise { ballot: 15, accepted_ballot: None, accepted_value: None } queue_len=50
[PROMISE-TRACE] from=4 received_ballot=15 current_ballot=20 match=false
[PAXOS-TICK] phase=WaitingForPromises elapsed=0 timeout=15 ballot=20 promises=0 accepted=0
[step=286] DELIVER from=5 to=1 type=Promise { ballot: 15, accepted_ballot: None, accepted_value: None } queue_len=49
[PROMISE-TRACE] from=5 received_ballot=15 current_ballot=20 match=false
[PAXOS-TICK] phase=WaitingForPromises elapsed=1 timeout=15 ballot=20 promises=0 accepted=0
[step=287] DELIVER from=6 to=1 type=Promise { ballot: 15, accepted_ballot: None, accepted_value: None } queue_len=48
[PROMISE-TRACE] from=6 received_ballot=15 current_ballot=20 match=false
[PAXOS-TICK] phase=WaitingForPromises elapsed=2 timeout=15 ballot=20 promises=0 accepted=0
[step=288] DELIVER from=7 to=1 type=Promise { ballot: 15, accepted_ballot: None, accepted_value: None } queue_len=47
[PROMISE-TRACE] from=7 received_ballot=15 current_ballot=20 match=false
[PAXOS-TICK] phase=WaitingForPromises elapsed=3 timeout=15 ballot=20 promises=0 accepted=0
[step=289] DELIVER from=8 to=1 type=Promise { ballot: 15, accepted_ballot: None, accepted_value: None } queue_len=46
[PROMISE-TRACE] from=8 received_ballot=15 current_ballot=20 match=false
[PAXOS-TICK] phase=WaitingForPromises elapsed=4 timeout=15 ballot=20 promises=0 accepted=0
[step=290] DELIVER from=9 to=1 type=Promise { ballot: 15, accepted_ballot: None, accepted_value: None } queue_len=45
[PROMISE-TRACE] from=9 received_ballot=15 current_ballot=20 match=false
[PAXOS-TICK] phase=WaitingForPromises elapsed=5 timeout=15 ballot=20 promises=0 accepted=0
[step=291] DELIVER from=1 to=1 type=Prepare { ballot: 18 } queue_len=44
[PAXOS-TICK] phase=WaitingForPromises elapsed=6 timeout=15 ballot=20 promises=0 accepted=0
[step=292] DELIVER from=1 to=2 type=Prepare { ballot: 18 } queue_len=44
[PAXOS-TICK] phase=WaitingForPromises elapsed=7 timeout=15 ballot=20 promises=0 accepted=0
[step=293] DELIVER from=1 to=3 type=Prepare { ballot: 18 } queue_len=44
[PAXOS-TICK] phase=WaitingForPromises elapsed=8 timeout=15 ballot=20 promises=0 accepted=0
[step=294] DELIVER from=1 to=4 type=Prepare { ballot: 18 } queue_len=44
[PAXOS-TICK] phase=WaitingForPromises elapsed=9 timeout=15 ballot=20 promises=0 accepted=0
[step=295] DELIVER from=1 to=5 type=Prepare { ballot: 18 } queue_len=44
[PAXOS-TICK] phase=WaitingForPromises elapsed=10 timeout=15 ballot=20 promises=0 accepted=0
[step=296] DELIVER from=1 to=6 type=Prepare { ballot: 18 } queue_len=44
[PAXOS-TICK] phase=WaitingForPromises elapsed=11 timeout=15 ballot=20 promises=0 accepted=0
[step=297] DELIVER from=1 to=7 type=Prepare { ballot: 18 } queue_len=44
[PAXOS-TICK] phase=WaitingForPromises elapsed=12 timeout=15 ballot=20 promises=0 accepted=0
[step=298] DELIVER from=1 to=8 type=Prepare { ballot: 18 } queue_len=44
[PAXOS-TICK] phase=WaitingForPromises elapsed=13 timeout=15 ballot=20 promises=0 accepted=0
[step=299] DELIVER from=1 to=9 type=Prepare { ballot: 18 } queue_len=44
[PAXOS-TICK] phase=WaitingForPromises elapsed=14 timeout=15 ballot=20 promises=0 accepted=0
[TIMEOUT-CAUSE] phase=WaitingForPromises ballot=20 promises=0 accepted=0 quorum=5
[step=300] DELIVER from=1 to=1 type=Promise { ballot: 16, accepted_ballot: None, accepted_value: None } queue_len=53
[PROMISE-TRACE] from=1 received_ballot=16 current_ballot=21 match=false
[PAXOS-TICK] phase=WaitingForPromises elapsed=0 timeout=15 ballot=21 promises=0 accepted=0
[step=301] DELIVER from=2 to=1 type=Promise { ballot: 16, accepted_ballot: None, accepted_value: None } queue_len=52
[PROMISE-TRACE] from=2 received_ballot=16 current_ballot=21 match=false
[PAXOS-TICK] phase=WaitingForPromises elapsed=1 timeout=15 ballot=21 promises=0 accepted=0
[step=302] DELIVER from=3 to=1 type=Promise { ballot: 16, accepted_ballot: None, accepted_value: None } queue_len=51
[PROMISE-TRACE] from=3 received_ballot=16 current_ballot=21 match=false
[PAXOS-TICK] phase=WaitingForPromises elapsed=2 timeout=15 ballot=21 promises=0 accepted=0
[step=303] DELIVER from=4 to=1 type=Promise { ballot: 16, accepted_ballot: None, accepted_value: None } queue_len=50
[PROMISE-TRACE] from=4 received_ballot=16 current_ballot=21 match=false
[PAXOS-TICK] phase=WaitingForPromises elapsed=3 timeout=15 ballot=21 promises=0 accepted=0
[step=304] DELIVER from=5 to=1 type=Promise { ballot: 16, accepted_ballot: None, accepted_value: None } queue_len=49
[PROMISE-TRACE] from=5 received_ballot=16 current_ballot=21 match=false
[PAXOS-TICK] phase=WaitingForPromises elapsed=4 timeout=15 ballot=21 promises=0 accepted=0
[step=305] DELIVER from=6 to=1 type=Promise { ballot: 16, accepted_ballot: None, accepted_value: None } queue_len=48
[PROMISE-TRACE] from=6 received_ballot=16 current_ballot=21 match=false
[PAXOS-TICK] phase=WaitingForPromises elapsed=5 timeout=15 ballot=21 promises=0 accepted=0
[step=306] DELIVER from=7 to=1 type=Promise { ballot: 16, accepted_ballot: None, accepted_value: None } queue_len=47
[PROMISE-TRACE] from=7 received_ballot=16 current_ballot=21 match=false
[PAXOS-TICK] phase=WaitingForPromises elapsed=6 timeout=15 ballot=21 promises=0 accepted=0
[step=307] DELIVER from=8 to=1 type=Promise { ballot: 16, accepted_ballot: None, accepted_value: None } queue_len=46
[PROMISE-TRACE] from=8 received_ballot=16 current_ballot=21 match=false
[PAXOS-TICK] phase=WaitingForPromises elapsed=7 timeout=15 ballot=21 promises=0 accepted=0
[step=308] DELIVER from=9 to=1 type=Promise { ballot: 16, accepted_ballot: None, accepted_value: None } queue_len=45
[PROMISE-TRACE] from=9 received_ballot=16 current_ballot=21 match=false
[PAXOS-TICK] phase=WaitingForPromises elapsed=8 timeout=15 ballot=21 promises=0 accepted=0
[step=309] DELIVER from=1 to=1 type=Prepare { ballot: 19 } queue_len=44
[PAXOS-TICK] phase=WaitingForPromises elapsed=9 timeout=15 ballot=21 promises=0 accepted=0
[step=310] DELIVER from=1 to=2 type=Prepare { ballot: 19 } queue_len=44
[PAXOS-TICK] phase=WaitingForPromises elapsed=10 timeout=15 ballot=21 promises=0 accepted=0
[step=311] DELIVER from=1 to=3 type=Prepare { ballot: 19 } queue_len=44
[PAXOS-TICK] phase=WaitingForPromises elapsed=11 timeout=15 ballot=21 promises=0 accepted=0
[step=312] DELIVER from=1 to=4 type=Prepare { ballot: 19 } queue_len=44
[PAXOS-TICK] phase=WaitingForPromises elapsed=12 timeout=15 ballot=21 promises=0 accepted=0
[step=313] DELIVER from=1 to=5 type=Prepare { ballot: 19 } queue_len=44
[PAXOS-TICK] phase=WaitingForPromises elapsed=13 timeout=15 ballot=21 promises=0 accepted=0
[step=314] DELIVER from=1 to=6 type=Prepare { ballot: 19 } queue_len=44
[PAXOS-TICK] phase=WaitingForPromises elapsed=14 timeout=15 ballot=21 promises=0 accepted=0
[TIMEOUT-CAUSE] phase=WaitingForPromises ballot=21 promises=0 accepted=0 quorum=5
[step=315] DELIVER from=1 to=7 type=Prepare { ballot: 19 } queue_len=53
[PAXOS-TICK] phase=WaitingForPromises elapsed=0 timeout=15 ballot=22 promises=0 accepted=0
[step=316] DELIVER from=1 to=8 type=Prepare { ballot: 19 } queue_len=53
[PAXOS-TICK] phase=WaitingForPromises elapsed=1 timeout=15 ballot=22 promises=0 accepted=0
[step=317] DELIVER from=1 to=9 type=Prepare { ballot: 19 } queue_len=53
[PAXOS-TICK] phase=WaitingForPromises elapsed=2 timeout=15 ballot=22 promises=0 accepted=0
[step=318] DELIVER from=1 to=1 type=Promise { ballot: 17, accepted_ballot: None, accepted_value: None } queue_len=53
[PROMISE-TRACE] from=1 received_ballot=17 current_ballot=22 match=false
[PAXOS-TICK] phase=WaitingForPromises elapsed=3 timeout=15 ballot=22 promises=0 accepted=0
[step=319] DELIVER from=2 to=1 type=Promise { ballot: 17, accepted_ballot: None, accepted_value: None } queue_len=52
[PROMISE-TRACE] from=2 received_ballot=17 current_ballot=22 match=false
[PAXOS-TICK] phase=WaitingForPromises elapsed=4 timeout=15 ballot=22 promises=0 accepted=0
[step=320] DELIVER from=3 to=1 type=Promise { ballot: 17, accepted_ballot: None, accepted_value: None } queue_len=51
[PROMISE-TRACE] from=3 received_ballot=17 current_ballot=22 match=false
[PAXOS-TICK] phase=WaitingForPromises elapsed=5 timeout=15 ballot=22 promises=0 accepted=0
[step=321] DELIVER from=4 to=1 type=Promise { ballot: 17, accepted_ballot: None, accepted_value: None } queue_len=50
[PROMISE-TRACE] from=4 received_ballot=17 current_ballot=22 match=false
[PAXOS-TICK] phase=WaitingForPromises elapsed=6 timeout=15 ballot=22 promises=0 accepted=0
[step=322] DELIVER from=5 to=1 type=Promise { ballot: 17, accepted_ballot: None, accepted_value: None } queue_len=49
[PROMISE-TRACE] from=5 received_ballot=17 current_ballot=22 match=false
[PAXOS-TICK] phase=WaitingForPromises elapsed=7 timeout=15 ballot=22 promises=0 accepted=0
[step=323] DELIVER from=6 to=1 type=Promise { ballot: 17, accepted_ballot: None, accepted_value: None } queue_len=48
[PROMISE-TRACE] from=6 received_ballot=17 current_ballot=22 match=false
[PAXOS-TICK] phase=WaitingForPromises elapsed=8 timeout=15 ballot=22 promises=0 accepted=0
[step=324] DELIVER from=7 to=1 type=Promise { ballot: 17, accepted_ballot: None, accepted_value: None } queue_len=47
[PROMISE-TRACE] from=7 received_ballot=17 current_ballot=22 match=false
[PAXOS-TICK] phase=WaitingForPromises elapsed=9 timeout=15 ballot=22 promises=0 accepted=0
[step=325] DELIVER from=8 to=1 type=Promise { ballot: 17, accepted_ballot: None, accepted_value: None } queue_len=46
[PROMISE-TRACE] from=8 received_ballot=17 current_ballot=22 match=false
[PAXOS-TICK] phase=WaitingForPromises elapsed=10 timeout=15 ballot=22 promises=0 accepted=0
[step=326] DELIVER from=9 to=1 type=Promise { ballot: 17, accepted_ballot: None, accepted_value: None } queue_len=45
[PROMISE-TRACE] from=9 received_ballot=17 current_ballot=22 match=false
[PAXOS-TICK] phase=WaitingForPromises elapsed=11 timeout=15 ballot=22 promises=0 accepted=0
[step=327] DELIVER from=1 to=1 type=Prepare { ballot: 20 } queue_len=44
[PAXOS-TICK] phase=WaitingForPromises elapsed=12 timeout=15 ballot=22 promises=0 accepted=0
[step=328] DELIVER from=1 to=2 type=Prepare { ballot: 20 } queue_len=44
[PAXOS-TICK] phase=WaitingForPromises elapsed=13 timeout=15 ballot=22 promises=0 accepted=0
[step=329] DELIVER from=1 to=3 type=Prepare { ballot: 20 } queue_len=44
[PAXOS-TICK] phase=WaitingForPromises elapsed=14 timeout=15 ballot=22 promises=0 accepted=0
[TIMEOUT-CAUSE] phase=WaitingForPromises ballot=22 promises=0 accepted=0 quorum=5
[step=330] DELIVER from=1 to=4 type=Prepare { ballot: 20 } queue_len=53
[PAXOS-TICK] phase=WaitingForPromises elapsed=0 timeout=15 ballot=23 promises=0 accepted=0
[step=331] DELIVER from=1 to=5 type=Prepare { ballot: 20 } queue_len=53
[PAXOS-TICK] phase=WaitingForPromises elapsed=1 timeout=15 ballot=23 promises=0 accepted=0
[step=332] DELIVER from=1 to=6 type=Prepare { ballot: 20 } queue_len=53
[PAXOS-TICK] phase=WaitingForPromises elapsed=2 timeout=15 ballot=23 promises=0 accepted=0
[step=333] DELIVER from=1 to=7 type=Prepare { ballot: 20 } queue_len=53
[PAXOS-TICK] phase=WaitingForPromises elapsed=3 timeout=15 ballot=23 promises=0 accepted=0
[step=334] DELIVER from=1 to=8 type=Prepare { ballot: 20 } queue_len=53
[PAXOS-TICK] phase=WaitingForPromises elapsed=4 timeout=15 ballot=23 promises=0 accepted=0
[step=335] DELIVER from=1 to=9 type=Prepare { ballot: 20 } queue_len=53
[PAXOS-TICK] phase=WaitingForPromises elapsed=5 timeout=15 ballot=23 promises=0 accepted=0
[step=336] DELIVER from=1 to=1 type=Promise { ballot: 18, accepted_ballot: None, accepted_value: None } queue_len=53
[PROMISE-TRACE] from=1 received_ballot=18 current_ballot=23 match=false
[PAXOS-TICK] phase=WaitingForPromises elapsed=6 timeout=15 ballot=23 promises=0 accepted=0
[step=337] DELIVER from=2 to=1 type=Promise { ballot: 18, accepted_ballot: None, accepted_value: None } queue_len=52
[PROMISE-TRACE] from=2 received_ballot=18 current_ballot=23 match=false
[PAXOS-TICK] phase=WaitingForPromises elapsed=7 timeout=15 ballot=23 promises=0 accepted=0
[step=338] DELIVER from=3 to=1 type=Promise { ballot: 18, accepted_ballot: None, accepted_value: None } queue_len=51
[PROMISE-TRACE] from=3 received_ballot=18 current_ballot=23 match=false
[PAXOS-TICK] phase=WaitingForPromises elapsed=8 timeout=15 ballot=23 promises=0 accepted=0
[step=339] DELIVER from=4 to=1 type=Promise { ballot: 18, accepted_ballot: None, accepted_value: None } queue_len=50
[PROMISE-TRACE] from=4 received_ballot=18 current_ballot=23 match=false
[PAXOS-TICK] phase=WaitingForPromises elapsed=9 timeout=15 ballot=23 promises=0 accepted=0
[step=340] DELIVER from=5 to=1 type=Promise { ballot: 18, accepted_ballot: None, accepted_value: None } queue_len=49
[PROMISE-TRACE] from=5 received_ballot=18 current_ballot=23 match=false
[PAXOS-TICK] phase=WaitingForPromises elapsed=10 timeout=15 ballot=23 promises=0 accepted=0
[step=341] DELIVER from=6 to=1 type=Promise { ballot: 18, accepted_ballot: None, accepted_value: None } queue_len=48
[PROMISE-TRACE] from=6 received_ballot=18 current_ballot=23 match=false
[PAXOS-TICK] phase=WaitingForPromises elapsed=11 timeout=15 ballot=23 promises=0 accepted=0
[step=342] DELIVER from=7 to=1 type=Promise { ballot: 18, accepted_ballot: None, accepted_value: None } queue_len=47
[PROMISE-TRACE] from=7 received_ballot=18 current_ballot=23 match=false
[PAXOS-TICK] phase=WaitingForPromises elapsed=12 timeout=15 ballot=23 promises=0 accepted=0
[step=343] DELIVER from=8 to=1 type=Promise { ballot: 18, accepted_ballot: None, accepted_value: None } queue_len=46
[PROMISE-TRACE] from=8 received_ballot=18 current_ballot=23 match=false
[PAXOS-TICK] phase=WaitingForPromises elapsed=13 timeout=15 ballot=23 promises=0 accepted=0
[step=344] DELIVER from=9 to=1 type=Promise { ballot: 18, accepted_ballot: None, accepted_value: None } queue_len=45
[PROMISE-TRACE] from=9 received_ballot=18 current_ballot=23 match=false
[PAXOS-TICK] phase=WaitingForPromises elapsed=14 timeout=15 ballot=23 promises=0 accepted=0
[TIMEOUT-CAUSE] phase=WaitingForPromises ballot=23 promises=0 accepted=0 quorum=5
[step=345] DELIVER from=1 to=1 type=Prepare { ballot: 21 } queue_len=53
[PAXOS-TICK] phase=WaitingForPromises elapsed=0 timeout=15 ballot=24 promises=0 accepted=0
[step=346] DELIVER from=1 to=2 type=Prepare { ballot: 21 } queue_len=53
[PAXOS-TICK] phase=WaitingForPromises elapsed=1 timeout=15 ballot=24 promises=0 accepted=0
[step=347] DELIVER from=1 to=3 type=Prepare { ballot: 21 } queue_len=53
[PAXOS-TICK] phase=WaitingForPromises elapsed=2 timeout=15 ballot=24 promises=0 accepted=0
[step=348] DELIVER from=1 to=4 type=Prepare { ballot: 21 } queue_len=53
[PAXOS-TICK] phase=WaitingForPromises elapsed=3 timeout=15 ballot=24 promises=0 accepted=0
[step=349] DELIVER from=1 to=5 type=Prepare { ballot: 21 } queue_len=53
[PAXOS-TICK] phase=WaitingForPromises elapsed=4 timeout=15 ballot=24 promises=0 accepted=0
[step=350] DELIVER from=1 to=6 type=Prepare { ballot: 21 } queue_len=53
[PAXOS-TICK] phase=WaitingForPromises elapsed=5 timeout=15 ballot=24 promises=0 accepted=0
[step=351] DELIVER from=1 to=7 type=Prepare { ballot: 21 } queue_len=53
[PAXOS-TICK] phase=WaitingForPromises elapsed=6 timeout=15 ballot=24 promises=0 accepted=0
[step=352] DELIVER from=1 to=8 type=Prepare { ballot: 21 } queue_len=53
[PAXOS-TICK] phase=WaitingForPromises elapsed=7 timeout=15 ballot=24 promises=0 accepted=0
[step=353] DELIVER from=1 to=9 type=Prepare { ballot: 21 } queue_len=53
[PAXOS-TICK] phase=WaitingForPromises elapsed=8 timeout=15 ballot=24 promises=0 accepted=0
[step=354] DELIVER from=1 to=1 type=Promise { ballot: 19, accepted_ballot: None, accepted_value: None } queue_len=53
[PROMISE-TRACE] from=1 received_ballot=19 current_ballot=24 match=false
[PAXOS-TICK] phase=WaitingForPromises elapsed=9 timeout=15 ballot=24 promises=0 accepted=0
[step=355] DELIVER from=2 to=1 type=Promise { ballot: 19, accepted_ballot: None, accepted_value: None } queue_len=52
[PROMISE-TRACE] from=2 received_ballot=19 current_ballot=24 match=false
[PAXOS-TICK] phase=WaitingForPromises elapsed=10 timeout=15 ballot=24 promises=0 accepted=0
[step=356] DELIVER from=3 to=1 type=Promise { ballot: 19, accepted_ballot: None, accepted_value: None } queue_len=51
[PROMISE-TRACE] from=3 received_ballot=19 current_ballot=24 match=false
[PAXOS-TICK] phase=WaitingForPromises elapsed=11 timeout=15 ballot=24 promises=0 accepted=0
[step=357] DELIVER from=4 to=1 type=Promise { ballot: 19, accepted_ballot: None, accepted_value: None } queue_len=50
[PROMISE-TRACE] from=4 received_ballot=19 current_ballot=24 match=false
[PAXOS-TICK] phase=WaitingForPromises elapsed=12 timeout=15 ballot=24 promises=0 accepted=0
[step=358] DELIVER from=5 to=1 type=Promise { ballot: 19, accepted_ballot: None, accepted_value: None } queue_len=49
[PROMISE-TRACE] from=5 received_ballot=19 current_ballot=24 match=false
[PAXOS-TICK] phase=WaitingForPromises elapsed=13 timeout=15 ballot=24 promises=0 accepted=0
[step=359] DELIVER from=6 to=1 type=Promise { ballot: 19, accepted_ballot: None, accepted_value: None } queue_len=48
[PROMISE-TRACE] from=6 received_ballot=19 current_ballot=24 match=false
[PAXOS-TICK] phase=WaitingForPromises elapsed=14 timeout=15 ballot=24 promises=0 accepted=0
[TIMEOUT-CAUSE] phase=WaitingForPromises ballot=24 promises=0 accepted=0 quorum=5
[step=360] DELIVER from=1 to=1 type=Prepare { ballot: 22 } queue_len=56
[PAXOS-TICK] phase=WaitingForPromises elapsed=0 timeout=15 ballot=25 promises=0 accepted=0
[step=361] DELIVER from=1 to=2 type=Prepare { ballot: 22 } queue_len=56
[PAXOS-TICK] phase=WaitingForPromises elapsed=1 timeout=15 ballot=25 promises=0 accepted=0
[step=362] DELIVER from=1 to=3 type=Prepare { ballot: 22 } queue_len=56
[PAXOS-TICK] phase=WaitingForPromises elapsed=2 timeout=15 ballot=25 promises=0 accepted=0
[step=363] DELIVER from=1 to=4 type=Prepare { ballot: 22 } queue_len=56
[PAXOS-TICK] phase=WaitingForPromises elapsed=3 timeout=15 ballot=25 promises=0 accepted=0
[step=364] DELIVER from=1 to=5 type=Prepare { ballot: 22 } queue_len=56
[PAXOS-TICK] phase=WaitingForPromises elapsed=4 timeout=15 ballot=25 promises=0 accepted=0
[step=365] DELIVER from=1 to=6 type=Prepare { ballot: 22 } queue_len=56
[PAXOS-TICK] phase=WaitingForPromises elapsed=5 timeout=15 ballot=25 promises=0 accepted=0
[step=366] DELIVER from=1 to=7 type=Prepare { ballot: 22 } queue_len=56
[PAXOS-TICK] phase=WaitingForPromises elapsed=6 timeout=15 ballot=25 promises=0 accepted=0
[step=367] DELIVER from=1 to=8 type=Prepare { ballot: 22 } queue_len=56
[PAXOS-TICK] phase=WaitingForPromises elapsed=7 timeout=15 ballot=25 promises=0 accepted=0
[step=368] DELIVER from=1 to=9 type=Prepare { ballot: 22 } queue_len=56
[PAXOS-TICK] phase=WaitingForPromises elapsed=8 timeout=15 ballot=25 promises=0 accepted=0
[step=369] DELIVER from=7 to=1 type=Promise { ballot: 19, accepted_ballot: None, accepted_value: None } queue_len=56
[PROMISE-TRACE] from=7 received_ballot=19 current_ballot=25 match=false
[PAXOS-TICK] phase=WaitingForPromises elapsed=9 timeout=15 ballot=25 promises=0 accepted=0
[step=370] DELIVER from=8 to=1 type=Promise { ballot: 19, accepted_ballot: None, accepted_value: None } queue_len=55
[PROMISE-TRACE] from=8 received_ballot=19 current_ballot=25 match=false
[PAXOS-TICK] phase=WaitingForPromises elapsed=10 timeout=15 ballot=25 promises=0 accepted=0
[step=371] DELIVER from=9 to=1 type=Promise { ballot: 19, accepted_ballot: None, accepted_value: None } queue_len=54
[PROMISE-TRACE] from=9 received_ballot=19 current_ballot=25 match=false
[PAXOS-TICK] phase=WaitingForPromises elapsed=11 timeout=15 ballot=25 promises=0 accepted=0
[step=372] DELIVER from=1 to=1 type=Promise { ballot: 20, accepted_ballot: None, accepted_value: None } queue_len=53
[PROMISE-TRACE] from=1 received_ballot=20 current_ballot=25 match=false
[PAXOS-TICK] phase=WaitingForPromises elapsed=12 timeout=15 ballot=25 promises=0 accepted=0
[step=373] DELIVER from=2 to=1 type=Promise { ballot: 20, accepted_ballot: None, accepted_value: None } queue_len=52
[PROMISE-TRACE] from=2 received_ballot=20 current_ballot=25 match=false
[PAXOS-TICK] phase=WaitingForPromises elapsed=13 timeout=15 ballot=25 promises=0 accepted=0
[step=374] DELIVER from=3 to=1 type=Promise { ballot: 20, accepted_ballot: None, accepted_value: None } queue_len=51
[PROMISE-TRACE] from=3 received_ballot=20 current_ballot=25 match=false
[PAXOS-TICK] phase=WaitingForPromises elapsed=14 timeout=15 ballot=25 promises=0 accepted=0
[TIMEOUT-CAUSE] phase=WaitingForPromises ballot=25 promises=0 accepted=0 quorum=5
[step=375] DELIVER from=1 to=1 type=Prepare { ballot: 23 } queue_len=59
[PAXOS-TICK] phase=WaitingForPromises elapsed=0 timeout=15 ballot=26 promises=0 accepted=0
[step=376] DELIVER from=1 to=2 type=Prepare { ballot: 23 } queue_len=59
[PAXOS-TICK] phase=WaitingForPromises elapsed=1 timeout=15 ballot=26 promises=0 accepted=0
[step=377] DELIVER from=1 to=3 type=Prepare { ballot: 23 } queue_len=59
[PAXOS-TICK] phase=WaitingForPromises elapsed=2 timeout=15 ballot=26 promises=0 accepted=0
[step=378] DELIVER from=1 to=4 type=Prepare { ballot: 23 } queue_len=59
[PAXOS-TICK] phase=WaitingForPromises elapsed=3 timeout=15 ballot=26 promises=0 accepted=0
[step=379] DELIVER from=1 to=5 type=Prepare { ballot: 23 } queue_len=59
[PAXOS-TICK] phase=WaitingForPromises elapsed=4 timeout=15 ballot=26 promises=0 accepted=0
[step=380] DELIVER from=1 to=6 type=Prepare { ballot: 23 } queue_len=59
[PAXOS-TICK] phase=WaitingForPromises elapsed=5 timeout=15 ballot=26 promises=0 accepted=0
[step=381] DELIVER from=1 to=7 type=Prepare { ballot: 23 } queue_len=59
[PAXOS-TICK] phase=WaitingForPromises elapsed=6 timeout=15 ballot=26 promises=0 accepted=0
[step=382] DELIVER from=1 to=8 type=Prepare { ballot: 23 } queue_len=59
[PAXOS-TICK] phase=WaitingForPromises elapsed=7 timeout=15 ballot=26 promises=0 accepted=0
[step=383] DELIVER from=1 to=9 type=Prepare { ballot: 23 } queue_len=59
[PAXOS-TICK] phase=WaitingForPromises elapsed=8 timeout=15 ballot=26 promises=0 accepted=0
[step=384] DELIVER from=4 to=1 type=Promise { ballot: 20, accepted_ballot: None, accepted_value: None } queue_len=59
[PROMISE-TRACE] from=4 received_ballot=20 current_ballot=26 match=false
[PAXOS-TICK] phase=WaitingForPromises elapsed=9 timeout=15 ballot=26 promises=0 accepted=0
[step=385] DELIVER from=5 to=1 type=Promise { ballot: 20, accepted_ballot: None, accepted_value: None } queue_len=58
[PROMISE-TRACE] from=5 received_ballot=20 current_ballot=26 match=false
[PAXOS-TICK] phase=WaitingForPromises elapsed=10 timeout=15 ballot=26 promises=0 accepted=0
[step=386] DELIVER from=6 to=1 type=Promise { ballot: 20, accepted_ballot: None, accepted_value: None } queue_len=57
[PROMISE-TRACE] from=6 received_ballot=20 current_ballot=26 match=false
[PAXOS-TICK] phase=WaitingForPromises elapsed=11 timeout=15 ballot=26 promises=0 accepted=0
[step=387] DELIVER from=7 to=1 type=Promise { ballot: 20, accepted_ballot: None, accepted_value: None } queue_len=56
[PROMISE-TRACE] from=7 received_ballot=20 current_ballot=26 match=false
[PAXOS-TICK] phase=WaitingForPromises elapsed=12 timeout=15 ballot=26 promises=0 accepted=0
[step=388] DELIVER from=8 to=1 type=Promise { ballot: 20, accepted_ballot: None, accepted_value: None } queue_len=55
[PROMISE-TRACE] from=8 received_ballot=20 current_ballot=26 match=false
[PAXOS-TICK] phase=WaitingForPromises elapsed=13 timeout=15 ballot=26 promises=0 accepted=0
[step=389] DELIVER from=9 to=1 type=Promise { ballot: 20, accepted_ballot: None, accepted_value: None } queue_len=54
[PROMISE-TRACE] from=9 received_ballot=20 current_ballot=26 match=false
[PAXOS-TICK] phase=WaitingForPromises elapsed=14 timeout=15 ballot=26 promises=0 accepted=0
[TIMEOUT-CAUSE] phase=WaitingForPromises ballot=26 promises=0 accepted=0 quorum=5
[step=390] DELIVER from=1 to=1 type=Prepare { ballot: 24 } queue_len=62
[PAXOS-TICK] phase=WaitingForPromises elapsed=0 timeout=15 ballot=27 promises=0 accepted=0
[step=391] DELIVER from=1 to=2 type=Prepare { ballot: 24 } queue_len=62
[PAXOS-TICK] phase=WaitingForPromises elapsed=1 timeout=15 ballot=27 promises=0 accepted=0
[step=392] DELIVER from=1 to=3 type=Prepare { ballot: 24 } queue_len=62
[PAXOS-TICK] phase=WaitingForPromises elapsed=2 timeout=15 ballot=27 promises=0 accepted=0
[step=393] DELIVER from=1 to=4 type=Prepare { ballot: 24 } queue_len=62
[PAXOS-TICK] phase=WaitingForPromises elapsed=3 timeout=15 ballot=27 promises=0 accepted=0
[step=394] DELIVER from=1 to=5 type=Prepare { ballot: 24 } queue_len=62
[PAXOS-TICK] phase=WaitingForPromises elapsed=4 timeout=15 ballot=27 promises=0 accepted=0
[step=395] DELIVER from=1 to=6 type=Prepare { ballot: 24 } queue_len=62
[PAXOS-TICK] phase=WaitingForPromises elapsed=5 timeout=15 ballot=27 promises=0 accepted=0
[step=396] DELIVER from=1 to=7 type=Prepare { ballot: 24 } queue_len=62
[PAXOS-TICK] phase=WaitingForPromises elapsed=6 timeout=15 ballot=27 promises=0 accepted=0
[step=397] DELIVER from=1 to=8 type=Prepare { ballot: 24 } queue_len=62
[PAXOS-TICK] phase=WaitingForPromises elapsed=7 timeout=15 ballot=27 promises=0 accepted=0
[step=398] DELIVER from=1 to=9 type=Prepare { ballot: 24 } queue_len=62
[PAXOS-TICK] phase=WaitingForPromises elapsed=8 timeout=15 ballot=27 promises=0 accepted=0
[step=399] DELIVER from=1 to=1 type=Promise { ballot: 21, accepted_ballot: None, accepted_value: None } queue_len=62
[PROMISE-TRACE] from=1 received_ballot=21 current_ballot=27 match=false
[PAXOS-TICK] phase=WaitingForPromises elapsed=9 timeout=15 ballot=27 promises=0 accepted=0
[step=400] DELIVER from=2 to=1 type=Promise { ballot: 21, accepted_ballot: None, accepted_value: None } queue_len=61
[PROMISE-TRACE] from=2 received_ballot=21 current_ballot=27 match=false
[PAXOS-TICK] phase=WaitingForPromises elapsed=10 timeout=15 ballot=27 promises=0 accepted=0
[step=401] DELIVER from=3 to=1 type=Promise { ballot: 21, accepted_ballot: None, accepted_value: None } queue_len=60
[PROMISE-TRACE] from=3 received_ballot=21 current_ballot=27 match=false
[PAXOS-TICK] phase=WaitingForPromises elapsed=11 timeout=15 ballot=27 promises=0 accepted=0
[step=402] DELIVER from=4 to=1 type=Promise { ballot: 21, accepted_ballot: None, accepted_value: None } queue_len=59
[PROMISE-TRACE] from=4 received_ballot=21 current_ballot=27 match=false
[PAXOS-TICK] phase=WaitingForPromises elapsed=12 timeout=15 ballot=27 promises=0 accepted=0
[step=403] DELIVER from=5 to=1 type=Promise { ballot: 21, accepted_ballot: None, accepted_value: None } queue_len=58
[PROMISE-TRACE] from=5 received_ballot=21 current_ballot=27 match=false
[PAXOS-TICK] phase=WaitingForPromises elapsed=13 timeout=15 ballot=27 promises=0 accepted=0
[step=404] DELIVER from=6 to=1 type=Promise { ballot: 21, accepted_ballot: None, accepted_value: None } queue_len=57
[PROMISE-TRACE] from=6 received_ballot=21 current_ballot=27 match=false
[PAXOS-TICK] phase=WaitingForPromises elapsed=14 timeout=15 ballot=27 promises=0 accepted=0
[TIMEOUT-CAUSE] phase=WaitingForPromises ballot=27 promises=0 accepted=0 quorum=5
[step=405] DELIVER from=7 to=1 type=Promise { ballot: 21, accepted_ballot: None, accepted_value: None } queue_len=65
[PROMISE-TRACE] from=7 received_ballot=21 current_ballot=28 match=false
[PAXOS-TICK] phase=WaitingForPromises elapsed=0 timeout=15 ballot=28 promises=0 accepted=0
[step=406] DELIVER from=8 to=1 type=Promise { ballot: 21, accepted_ballot: None, accepted_value: None } queue_len=64
[PROMISE-TRACE] from=8 received_ballot=21 current_ballot=28 match=false
[PAXOS-TICK] phase=WaitingForPromises elapsed=1 timeout=15 ballot=28 promises=0 accepted=0
[step=407] DELIVER from=9 to=1 type=Promise { ballot: 21, accepted_ballot: None, accepted_value: None } queue_len=63
[PROMISE-TRACE] from=9 received_ballot=21 current_ballot=28 match=false
[PAXOS-TICK] phase=WaitingForPromises elapsed=2 timeout=15 ballot=28 promises=0 accepted=0
[step=408] DELIVER from=1 to=1 type=Prepare { ballot: 25 } queue_len=62
[PAXOS-TICK] phase=WaitingForPromises elapsed=3 timeout=15 ballot=28 promises=0 accepted=0
[step=409] DELIVER from=1 to=2 type=Prepare { ballot: 25 } queue_len=62
[PAXOS-TICK] phase=WaitingForPromises elapsed=4 timeout=15 ballot=28 promises=0 accepted=0
[step=410] DELIVER from=1 to=3 type=Prepare { ballot: 25 } queue_len=62
[PAXOS-TICK] phase=WaitingForPromises elapsed=5 timeout=15 ballot=28 promises=0 accepted=0
[step=411] DELIVER from=1 to=4 type=Prepare { ballot: 25 } queue_len=62
[PAXOS-TICK] phase=WaitingForPromises elapsed=6 timeout=15 ballot=28 promises=0 accepted=0
[step=412] DELIVER from=1 to=5 type=Prepare { ballot: 25 } queue_len=62
[PAXOS-TICK] phase=WaitingForPromises elapsed=7 timeout=15 ballot=28 promises=0 accepted=0
[step=413] DELIVER from=1 to=6 type=Prepare { ballot: 25 } queue_len=62
[PAXOS-TICK] phase=WaitingForPromises elapsed=8 timeout=15 ballot=28 promises=0 accepted=0
[step=414] DELIVER from=1 to=7 type=Prepare { ballot: 25 } queue_len=62
[PAXOS-TICK] phase=WaitingForPromises elapsed=9 timeout=15 ballot=28 promises=0 accepted=0
[step=415] DELIVER from=1 to=8 type=Prepare { ballot: 25 } queue_len=62
[PAXOS-TICK] phase=WaitingForPromises elapsed=10 timeout=15 ballot=28 promises=0 accepted=0
[step=416] DELIVER from=1 to=9 type=Prepare { ballot: 25 } queue_len=62
[PAXOS-TICK] phase=WaitingForPromises elapsed=11 timeout=15 ballot=28 promises=0 accepted=0
[step=417] DELIVER from=1 to=1 type=Promise { ballot: 22, accepted_ballot: None, accepted_value: None } queue_len=62
[PROMISE-TRACE] from=1 received_ballot=22 current_ballot=28 match=false
[PAXOS-TICK] phase=WaitingForPromises elapsed=12 timeout=15 ballot=28 promises=0 accepted=0
[step=418] DELIVER from=2 to=1 type=Promise { ballot: 22, accepted_ballot: None, accepted_value: None } queue_len=61
[PROMISE-TRACE] from=2 received_ballot=22 current_ballot=28 match=false
[PAXOS-TICK] phase=WaitingForPromises elapsed=13 timeout=15 ballot=28 promises=0 accepted=0
[step=419] DELIVER from=3 to=1 type=Promise { ballot: 22, accepted_ballot: None, accepted_value: None } queue_len=60
[PROMISE-TRACE] from=3 received_ballot=22 current_ballot=28 match=false
[PAXOS-TICK] phase=WaitingForPromises elapsed=14 timeout=15 ballot=28 promises=0 accepted=0
[TIMEOUT-CAUSE] phase=WaitingForPromises ballot=28 promises=0 accepted=0 quorum=5
[step=420] DELIVER from=4 to=1 type=Promise { ballot: 22, accepted_ballot: None, accepted_value: None } queue_len=68
[PROMISE-TRACE] from=4 received_ballot=22 current_ballot=29 match=false
[PAXOS-TICK] phase=WaitingForPromises elapsed=0 timeout=15 ballot=29 promises=0 accepted=0
[step=421] DELIVER from=5 to=1 type=Promise { ballot: 22, accepted_ballot: None, accepted_value: None } queue_len=67
[PROMISE-TRACE] from=5 received_ballot=22 current_ballot=29 match=false
[PAXOS-TICK] phase=WaitingForPromises elapsed=1 timeout=15 ballot=29 promises=0 accepted=0
[step=422] DELIVER from=6 to=1 type=Promise { ballot: 22, accepted_ballot: None, accepted_value: None } queue_len=66
[PROMISE-TRACE] from=6 received_ballot=22 current_ballot=29 match=false
[PAXOS-TICK] phase=WaitingForPromises elapsed=2 timeout=15 ballot=29 promises=0 accepted=0
[step=423] DELIVER from=7 to=1 type=Promise { ballot: 22, accepted_ballot: None, accepted_value: None } queue_len=65
[PROMISE-TRACE] from=7 received_ballot=22 current_ballot=29 match=false
[PAXOS-TICK] phase=WaitingForPromises elapsed=3 timeout=15 ballot=29 promises=0 accepted=0
[step=424] DELIVER from=8 to=1 type=Promise { ballot: 22, accepted_ballot: None, accepted_value: None } queue_len=64
[PROMISE-TRACE] from=8 received_ballot=22 current_ballot=29 match=false
[PAXOS-TICK] phase=WaitingForPromises elapsed=4 timeout=15 ballot=29 promises=0 accepted=0
[step=425] DELIVER from=9 to=1 type=Promise { ballot: 22, accepted_ballot: None, accepted_value: None } queue_len=63
[PROMISE-TRACE] from=9 received_ballot=22 current_ballot=29 match=false
[PAXOS-TICK] phase=WaitingForPromises elapsed=5 timeout=15 ballot=29 promises=0 accepted=0
[step=426] DELIVER from=1 to=1 type=Prepare { ballot: 26 } queue_len=62
[PAXOS-TICK] phase=WaitingForPromises elapsed=6 timeout=15 ballot=29 promises=0 accepted=0
[step=427] DELIVER from=1 to=2 type=Prepare { ballot: 26 } queue_len=62
[PAXOS-TICK] phase=WaitingForPromises elapsed=7 timeout=15 ballot=29 promises=0 accepted=0
[step=428] DELIVER from=1 to=3 type=Prepare { ballot: 26 } queue_len=62
[PAXOS-TICK] phase=WaitingForPromises elapsed=8 timeout=15 ballot=29 promises=0 accepted=0
[step=429] DELIVER from=1 to=4 type=Prepare { ballot: 26 } queue_len=62
[PAXOS-TICK] phase=WaitingForPromises elapsed=9 timeout=15 ballot=29 promises=0 accepted=0
[step=430] DELIVER from=1 to=5 type=Prepare { ballot: 26 } queue_len=62
[PAXOS-TICK] phase=WaitingForPromises elapsed=10 timeout=15 ballot=29 promises=0 accepted=0
[step=431] DELIVER from=1 to=6 type=Prepare { ballot: 26 } queue_len=62
[PAXOS-TICK] phase=WaitingForPromises elapsed=11 timeout=15 ballot=29 promises=0 accepted=0
[step=432] DELIVER from=1 to=7 type=Prepare { ballot: 26 } queue_len=62
[PAXOS-TICK] phase=WaitingForPromises elapsed=12 timeout=15 ballot=29 promises=0 accepted=0
[step=433] DELIVER from=1 to=8 type=Prepare { ballot: 26 } queue_len=62
[PAXOS-TICK] phase=WaitingForPromises elapsed=13 timeout=15 ballot=29 promises=0 accepted=0
[step=434] DELIVER from=1 to=9 type=Prepare { ballot: 26 } queue_len=62
[PAXOS-TICK] phase=WaitingForPromises elapsed=14 timeout=15 ballot=29 promises=0 accepted=0
[TIMEOUT-CAUSE] phase=WaitingForPromises ballot=29 promises=0 accepted=0 quorum=5
[step=435] DELIVER from=1 to=1 type=Promise { ballot: 23, accepted_ballot: None, accepted_value: None } queue_len=71
[PROMISE-TRACE] from=1 received_ballot=23 current_ballot=30 match=false
[PAXOS-TICK] phase=WaitingForPromises elapsed=0 timeout=15 ballot=30 promises=0 accepted=0
[step=436] DELIVER from=2 to=1 type=Promise { ballot: 23, accepted_ballot: None, accepted_value: None } queue_len=70
[PROMISE-TRACE] from=2 received_ballot=23 current_ballot=30 match=false
[PAXOS-TICK] phase=WaitingForPromises elapsed=1 timeout=15 ballot=30 promises=0 accepted=0
[step=437] DELIVER from=3 to=1 type=Promise { ballot: 23, accepted_ballot: None, accepted_value: None } queue_len=69
[PROMISE-TRACE] from=3 received_ballot=23 current_ballot=30 match=false
[PAXOS-TICK] phase=WaitingForPromises elapsed=2 timeout=15 ballot=30 promises=0 accepted=0
[step=438] DELIVER from=4 to=1 type=Promise { ballot: 23, accepted_ballot: None, accepted_value: None } queue_len=68
[PROMISE-TRACE] from=4 received_ballot=23 current_ballot=30 match=false
[PAXOS-TICK] phase=WaitingForPromises elapsed=3 timeout=15 ballot=30 promises=0 accepted=0
[step=439] DELIVER from=5 to=1 type=Promise { ballot: 23, accepted_ballot: None, accepted_value: None } queue_len=67
[PROMISE-TRACE] from=5 received_ballot=23 current_ballot=30 match=false
[PAXOS-TICK] phase=WaitingForPromises elapsed=4 timeout=15 ballot=30 promises=0 accepted=0
[step=440] DELIVER from=6 to=1 type=Promise { ballot: 23, accepted_ballot: None, accepted_value: None } queue_len=66
[PROMISE-TRACE] from=6 received_ballot=23 current_ballot=30 match=false
[PAXOS-TICK] phase=WaitingForPromises elapsed=5 timeout=15 ballot=30 promises=0 accepted=0
[step=441] DELIVER from=7 to=1 type=Promise { ballot: 23, accepted_ballot: None, accepted_value: None } queue_len=65
[PROMISE-TRACE] from=7 received_ballot=23 current_ballot=30 match=false
[PAXOS-TICK] phase=WaitingForPromises elapsed=6 timeout=15 ballot=30 promises=0 accepted=0
[step=442] DELIVER from=8 to=1 type=Promise { ballot: 23, accepted_ballot: None, accepted_value: None } queue_len=64
[PROMISE-TRACE] from=8 received_ballot=23 current_ballot=30 match=false
[PAXOS-TICK] phase=WaitingForPromises elapsed=7 timeout=15 ballot=30 promises=0 accepted=0
[step=443] DELIVER from=9 to=1 type=Promise { ballot: 23, accepted_ballot: None, accepted_value: None } queue_len=63
[PROMISE-TRACE] from=9 received_ballot=23 current_ballot=30 match=false
[PAXOS-TICK] phase=WaitingForPromises elapsed=8 timeout=15 ballot=30 promises=0 accepted=0
[step=444] DELIVER from=1 to=1 type=Prepare { ballot: 27 } queue_len=62
[PAXOS-TICK] phase=WaitingForPromises elapsed=9 timeout=15 ballot=30 promises=0 accepted=0
[step=445] DELIVER from=1 to=2 type=Prepare { ballot: 27 } queue_len=62
[PAXOS-TICK] phase=WaitingForPromises elapsed=10 timeout=15 ballot=30 promises=0 accepted=0
[step=446] DELIVER from=1 to=3 type=Prepare { ballot: 27 } queue_len=62
[PAXOS-TICK] phase=WaitingForPromises elapsed=11 timeout=15 ballot=30 promises=0 accepted=0
[step=447] DELIVER from=1 to=4 type=Prepare { ballot: 27 } queue_len=62
[PAXOS-TICK] phase=WaitingForPromises elapsed=12 timeout=15 ballot=30 promises=0 accepted=0
[step=448] DELIVER from=1 to=5 type=Prepare { ballot: 27 } queue_len=62
[PAXOS-TICK] phase=WaitingForPromises elapsed=13 timeout=15 ballot=30 promises=0 accepted=0
[step=449] DELIVER from=1 to=6 type=Prepare { ballot: 27 } queue_len=62
[PAXOS-TICK] phase=WaitingForPromises elapsed=14 timeout=15 ballot=30 promises=0 accepted=0
[TIMEOUT-CAUSE] phase=WaitingForPromises ballot=30 promises=0 accepted=0 quorum=5
[step=450] DELIVER from=1 to=7 type=Prepare { ballot: 27 } queue_len=71
[PAXOS-TICK] phase=WaitingForPromises elapsed=0 timeout=15 ballot=31 promises=0 accepted=0
[step=451] DELIVER from=1 to=8 type=Prepare { ballot: 27 } queue_len=71
[PAXOS-TICK] phase=WaitingForPromises elapsed=1 timeout=15 ballot=31 promises=0 accepted=0
[step=452] DELIVER from=1 to=9 type=Prepare { ballot: 27 } queue_len=71
[PAXOS-TICK] phase=WaitingForPromises elapsed=2 timeout=15 ballot=31 promises=0 accepted=0
[step=453] DELIVER from=1 to=1 type=Promise { ballot: 24, accepted_ballot: None, accepted_value: None } queue_len=71
[PROMISE-TRACE] from=1 received_ballot=24 current_ballot=31 match=false
[PAXOS-TICK] phase=WaitingForPromises elapsed=3 timeout=15 ballot=31 promises=0 accepted=0
[step=454] DELIVER from=2 to=1 type=Promise { ballot: 24, accepted_ballot: None, accepted_value: None } queue_len=70
[PROMISE-TRACE] from=2 received_ballot=24 current_ballot=31 match=false
[PAXOS-TICK] phase=WaitingForPromises elapsed=4 timeout=15 ballot=31 promises=0 accepted=0
[step=455] DELIVER from=3 to=1 type=Promise { ballot: 24, accepted_ballot: None, accepted_value: None } queue_len=69
[PROMISE-TRACE] from=3 received_ballot=24 current_ballot=31 match=false
[PAXOS-TICK] phase=WaitingForPromises elapsed=5 timeout=15 ballot=31 promises=0 accepted=0
[step=456] DELIVER from=4 to=1 type=Promise { ballot: 24, accepted_ballot: None, accepted_value: None } queue_len=68
[PROMISE-TRACE] from=4 received_ballot=24 current_ballot=31 match=false
[PAXOS-TICK] phase=WaitingForPromises elapsed=6 timeout=15 ballot=31 promises=0 accepted=0
[step=457] DELIVER from=5 to=1 type=Promise { ballot: 24, accepted_ballot: None, accepted_value: None } queue_len=67
[PROMISE-TRACE] from=5 received_ballot=24 current_ballot=31 match=false
[PAXOS-TICK] phase=WaitingForPromises elapsed=7 timeout=15 ballot=31 promises=0 accepted=0
[step=458] DELIVER from=6 to=1 type=Promise { ballot: 24, accepted_ballot: None, accepted_value: None } queue_len=66
[PROMISE-TRACE] from=6 received_ballot=24 current_ballot=31 match=false
[PAXOS-TICK] phase=WaitingForPromises elapsed=8 timeout=15 ballot=31 promises=0 accepted=0
[step=459] DELIVER from=7 to=1 type=Promise { ballot: 24, accepted_ballot: None, accepted_value: None } queue_len=65
[PROMISE-TRACE] from=7 received_ballot=24 current_ballot=31 match=false
[PAXOS-TICK] phase=WaitingForPromises elapsed=9 timeout=15 ballot=31 promises=0 accepted=0
[step=460] DELIVER from=8 to=1 type=Promise { ballot: 24, accepted_ballot: None, accepted_value: None } queue_len=64
[PROMISE-TRACE] from=8 received_ballot=24 current_ballot=31 match=false
[PAXOS-TICK] phase=WaitingForPromises elapsed=10 timeout=15 ballot=31 promises=0 accepted=0
[step=461] DELIVER from=9 to=1 type=Promise { ballot: 24, accepted_ballot: None, accepted_value: None } queue_len=63
[PROMISE-TRACE] from=9 received_ballot=24 current_ballot=31 match=false
[PAXOS-TICK] phase=WaitingForPromises elapsed=11 timeout=15 ballot=31 promises=0 accepted=0
[step=462] DELIVER from=1 to=1 type=Prepare { ballot: 28 } queue_len=62
[PAXOS-TICK] phase=WaitingForPromises elapsed=12 timeout=15 ballot=31 promises=0 accepted=0
[step=463] DELIVER from=1 to=2 type=Prepare { ballot: 28 } queue_len=62
[PAXOS-TICK] phase=WaitingForPromises elapsed=13 timeout=15 ballot=31 promises=0 accepted=0
[step=464] DELIVER from=1 to=3 type=Prepare { ballot: 28 } queue_len=62
[PAXOS-TICK] phase=WaitingForPromises elapsed=14 timeout=15 ballot=31 promises=0 accepted=0
[TIMEOUT-CAUSE] phase=WaitingForPromises ballot=31 promises=0 accepted=0 quorum=5
[step=465] DELIVER from=1 to=4 type=Prepare { ballot: 28 } queue_len=71
[PAXOS-TICK] phase=WaitingForPromises elapsed=0 timeout=15 ballot=32 promises=0 accepted=0
[step=466] DELIVER from=1 to=5 type=Prepare { ballot: 28 } queue_len=71
[PAXOS-TICK] phase=WaitingForPromises elapsed=1 timeout=15 ballot=32 promises=0 accepted=0
[step=467] DELIVER from=1 to=6 type=Prepare { ballot: 28 } queue_len=71
[PAXOS-TICK] phase=WaitingForPromises elapsed=2 timeout=15 ballot=32 promises=0 accepted=0
[step=468] DELIVER from=1 to=7 type=Prepare { ballot: 28 } queue_len=71
[PAXOS-TICK] phase=WaitingForPromises elapsed=3 timeout=15 ballot=32 promises=0 accepted=0
[step=469] DELIVER from=1 to=8 type=Prepare { ballot: 28 } queue_len=71
[PAXOS-TICK] phase=WaitingForPromises elapsed=4 timeout=15 ballot=32 promises=0 accepted=0
[step=470] DELIVER from=1 to=9 type=Prepare { ballot: 28 } queue_len=71
[PAXOS-TICK] phase=WaitingForPromises elapsed=5 timeout=15 ballot=32 promises=0 accepted=0
[step=471] DELIVER from=1 to=1 type=Promise { ballot: 25, accepted_ballot: None, accepted_value: None } queue_len=71
[PROMISE-TRACE] from=1 received_ballot=25 current_ballot=32 match=false
[PAXOS-TICK] phase=WaitingForPromises elapsed=6 timeout=15 ballot=32 promises=0 accepted=0
[step=472] DELIVER from=2 to=1 type=Promise { ballot: 25, accepted_ballot: None, accepted_value: None } queue_len=70
[PROMISE-TRACE] from=2 received_ballot=25 current_ballot=32 match=false
[PAXOS-TICK] phase=WaitingForPromises elapsed=7 timeout=15 ballot=32 promises=0 accepted=0
[step=473] DELIVER from=3 to=1 type=Promise { ballot: 25, accepted_ballot: None, accepted_value: None } queue_len=69
[PROMISE-TRACE] from=3 received_ballot=25 current_ballot=32 match=false
[PAXOS-TICK] phase=WaitingForPromises elapsed=8 timeout=15 ballot=32 promises=0 accepted=0
[step=474] DELIVER from=4 to=1 type=Promise { ballot: 25, accepted_ballot: None, accepted_value: None } queue_len=68
[PROMISE-TRACE] from=4 received_ballot=25 current_ballot=32 match=false
[PAXOS-TICK] phase=WaitingForPromises elapsed=9 timeout=15 ballot=32 promises=0 accepted=0
[step=475] DELIVER from=5 to=1 type=Promise { ballot: 25, accepted_ballot: None, accepted_value: None } queue_len=67
[PROMISE-TRACE] from=5 received_ballot=25 current_ballot=32 match=false
[PAXOS-TICK] phase=WaitingForPromises elapsed=10 timeout=15 ballot=32 promises=0 accepted=0
[step=476] DELIVER from=6 to=1 type=Promise { ballot: 25, accepted_ballot: None, accepted_value: None } queue_len=66
[PROMISE-TRACE] from=6 received_ballot=25 current_ballot=32 match=false
[PAXOS-TICK] phase=WaitingForPromises elapsed=11 timeout=15 ballot=32 promises=0 accepted=0
[step=477] DELIVER from=7 to=1 type=Promise { ballot: 25, accepted_ballot: None, accepted_value: None } queue_len=65
[PROMISE-TRACE] from=7 received_ballot=25 current_ballot=32 match=false
[PAXOS-TICK] phase=WaitingForPromises elapsed=12 timeout=15 ballot=32 promises=0 accepted=0
[step=478] DELIVER from=8 to=1 type=Promise { ballot: 25, accepted_ballot: None, accepted_value: None } queue_len=64
[PROMISE-TRACE] from=8 received_ballot=25 current_ballot=32 match=false
[PAXOS-TICK] phase=WaitingForPromises elapsed=13 timeout=15 ballot=32 promises=0 accepted=0
[step=479] DELIVER from=9 to=1 type=Promise { ballot: 25, accepted_ballot: None, accepted_value: None } queue_len=63
[PROMISE-TRACE] from=9 received_ballot=25 current_ballot=32 match=false
[PAXOS-TICK] phase=WaitingForPromises elapsed=14 timeout=15 ballot=32 promises=0 accepted=0
[TIMEOUT-CAUSE] phase=WaitingForPromises ballot=32 promises=0 accepted=0 quorum=5
[step=480] DELIVER from=1 to=1 type=Prepare { ballot: 29 } queue_len=71
[PAXOS-TICK] phase=WaitingForPromises elapsed=0 timeout=15 ballot=33 promises=0 accepted=0
[step=481] DELIVER from=1 to=2 type=Prepare { ballot: 29 } queue_len=71
[PAXOS-TICK] phase=WaitingForPromises elapsed=1 timeout=15 ballot=33 promises=0 accepted=0
[step=482] DELIVER from=1 to=3 type=Prepare { ballot: 29 } queue_len=71
[PAXOS-TICK] phase=WaitingForPromises elapsed=2 timeout=15 ballot=33 promises=0 accepted=0
[step=483] DELIVER from=1 to=4 type=Prepare { ballot: 29 } queue_len=71
[PAXOS-TICK] phase=WaitingForPromises elapsed=3 timeout=15 ballot=33 promises=0 accepted=0
[step=484] DELIVER from=1 to=5 type=Prepare { ballot: 29 } queue_len=71
[PAXOS-TICK] phase=WaitingForPromises elapsed=4 timeout=15 ballot=33 promises=0 accepted=0
[step=485] DELIVER from=1 to=6 type=Prepare { ballot: 29 } queue_len=71
[PAXOS-TICK] phase=WaitingForPromises elapsed=5 timeout=15 ballot=33 promises=0 accepted=0
[step=486] DELIVER from=1 to=7 type=Prepare { ballot: 29 } queue_len=71
[PAXOS-TICK] phase=WaitingForPromises elapsed=6 timeout=15 ballot=33 promises=0 accepted=0
[step=487] DELIVER from=1 to=8 type=Prepare { ballot: 29 } queue_len=71
[PAXOS-TICK] phase=WaitingForPromises elapsed=7 timeout=15 ballot=33 promises=0 accepted=0
[step=488] DELIVER from=1 to=9 type=Prepare { ballot: 29 } queue_len=71
[PAXOS-TICK] phase=WaitingForPromises elapsed=8 timeout=15 ballot=33 promises=0 accepted=0
[step=489] DELIVER from=1 to=1 type=Promise { ballot: 26, accepted_ballot: None, accepted_value: None } queue_len=71
[PROMISE-TRACE] from=1 received_ballot=26 current_ballot=33 match=false
[PAXOS-TICK] phase=WaitingForPromises elapsed=9 timeout=15 ballot=33 promises=0 accepted=0
[step=490] DELIVER from=2 to=1 type=Promise { ballot: 26, accepted_ballot: None, accepted_value: None } queue_len=70
[PROMISE-TRACE] from=2 received_ballot=26 current_ballot=33 match=false
[PAXOS-TICK] phase=WaitingForPromises elapsed=10 timeout=15 ballot=33 promises=0 accepted=0
[step=491] DELIVER from=3 to=1 type=Promise { ballot: 26, accepted_ballot: None, accepted_value: None } queue_len=69
[PROMISE-TRACE] from=3 received_ballot=26 current_ballot=33 match=false
[PAXOS-TICK] phase=WaitingForPromises elapsed=11 timeout=15 ballot=33 promises=0 accepted=0
[step=492] DELIVER from=4 to=1 type=Promise { ballot: 26, accepted_ballot: None, accepted_value: None } queue_len=68
[PROMISE-TRACE] from=4 received_ballot=26 current_ballot=33 match=false
[PAXOS-TICK] phase=WaitingForPromises elapsed=12 timeout=15 ballot=33 promises=0 accepted=0
[step=493] DELIVER from=5 to=1 type=Promise { ballot: 26, accepted_ballot: None, accepted_value: None } queue_len=67
[PROMISE-TRACE] from=5 received_ballot=26 current_ballot=33 match=false
[PAXOS-TICK] phase=WaitingForPromises elapsed=13 timeout=15 ballot=33 promises=0 accepted=0
[step=494] DELIVER from=6 to=1 type=Promise { ballot: 26, accepted_ballot: None, accepted_value: None } queue_len=66
[PROMISE-TRACE] from=6 received_ballot=26 current_ballot=33 match=false
[PAXOS-TICK] phase=WaitingForPromises elapsed=14 timeout=15 ballot=33 promises=0 accepted=0
[TIMEOUT-CAUSE] phase=WaitingForPromises ballot=33 promises=0 accepted=0 quorum=5
[step=495] DELIVER from=7 to=1 type=Promise { ballot: 26, accepted_ballot: None, accepted_value: None } queue_len=74
[PROMISE-TRACE] from=7 received_ballot=26 current_ballot=34 match=false
[PAXOS-TICK] phase=WaitingForPromises elapsed=0 timeout=15 ballot=34 promises=0 accepted=0
[step=496] DELIVER from=8 to=1 type=Promise { ballot: 26, accepted_ballot: None, accepted_value: None } queue_len=73
[PROMISE-TRACE] from=8 received_ballot=26 current_ballot=34 match=false
[PAXOS-TICK] phase=WaitingForPromises elapsed=1 timeout=15 ballot=34 promises=0 accepted=0
[step=497] DELIVER from=9 to=1 type=Promise { ballot: 26, accepted_ballot: None, accepted_value: None } queue_len=72
[PROMISE-TRACE] from=9 received_ballot=26 current_ballot=34 match=false
[PAXOS-TICK] phase=WaitingForPromises elapsed=2 timeout=15 ballot=34 promises=0 accepted=0
[step=498] DELIVER from=1 to=1 type=Prepare { ballot: 30 } queue_len=71
[PAXOS-TICK] phase=WaitingForPromises elapsed=3 timeout=15 ballot=34 promises=0 accepted=0
[step=499] DELIVER from=1 to=2 type=Prepare { ballot: 30 } queue_len=71
[PAXOS-TICK] phase=WaitingForPromises elapsed=4 timeout=15 ballot=34 promises=0 accepted=0
[step=500] DELIVER from=1 to=3 type=Prepare { ballot: 30 } queue_len=71
[PAXOS-TICK] phase=WaitingForPromises elapsed=5 timeout=15 ballot=34 promises=0 accepted=0
[step=501] DELIVER from=1 to=4 type=Prepare { ballot: 30 } queue_len=71
[PAXOS-TICK] phase=WaitingForPromises elapsed=6 timeout=15 ballot=34 promises=0 accepted=0
[step=502] DELIVER from=1 to=5 type=Prepare { ballot: 30 } queue_len=71
[PAXOS-TICK] phase=WaitingForPromises elapsed=7 timeout=15 ballot=34 promises=0 accepted=0
[step=503] DELIVER from=1 to=6 type=Prepare { ballot: 30 } queue_len=71
[PAXOS-TICK] phase=WaitingForPromises elapsed=8 timeout=15 ballot=34 promises=0 accepted=0
[step=504] DELIVER from=1 to=7 type=Prepare { ballot: 30 } queue_len=71
[PAXOS-TICK] phase=WaitingForPromises elapsed=9 timeout=15 ballot=34 promises=0 accepted=0
[step=505] DELIVER from=1 to=8 type=Prepare { ballot: 30 } queue_len=71
[PAXOS-TICK] phase=WaitingForPromises elapsed=10 timeout=15 ballot=34 promises=0 accepted=0
[step=506] DELIVER from=1 to=9 type=Prepare { ballot: 30 } queue_len=71
[PAXOS-TICK] phase=WaitingForPromises elapsed=11 timeout=15 ballot=34 promises=0 accepted=0
[step=507] DELIVER from=1 to=1 type=Promise { ballot: 27, accepted_ballot: None, accepted_value: None } queue_len=71
[PROMISE-TRACE] from=1 received_ballot=27 current_ballot=34 match=false
[PAXOS-TICK] phase=WaitingForPromises elapsed=12 timeout=15 ballot=34 promises=0 accepted=0
[step=508] DELIVER from=2 to=1 type=Promise { ballot: 27, accepted_ballot: None, accepted_value: None } queue_len=70
[PROMISE-TRACE] from=2 received_ballot=27 current_ballot=34 match=false
[PAXOS-TICK] phase=WaitingForPromises elapsed=13 timeout=15 ballot=34 promises=0 accepted=0
[step=509] DELIVER from=3 to=1 type=Promise { ballot: 27, accepted_ballot: None, accepted_value: None } queue_len=69
[PROMISE-TRACE] from=3 received_ballot=27 current_ballot=34 match=false
[PAXOS-TICK] phase=WaitingForPromises elapsed=14 timeout=15 ballot=34 promises=0 accepted=0
[TIMEOUT-CAUSE] phase=WaitingForPromises ballot=34 promises=0 accepted=0 quorum=5
[step=510] DELIVER from=4 to=1 type=Promise { ballot: 27, accepted_ballot: None, accepted_value: None } queue_len=77
[PROMISE-TRACE] from=4 received_ballot=27 current_ballot=35 match=false
[PAXOS-TICK] phase=WaitingForPromises elapsed=0 timeout=15 ballot=35 promises=0 accepted=0
[step=511] DELIVER from=5 to=1 type=Promise { ballot: 27, accepted_ballot: None, accepted_value: None } queue_len=76
[PROMISE-TRACE] from=5 received_ballot=27 current_ballot=35 match=false
[PAXOS-TICK] phase=WaitingForPromises elapsed=1 timeout=15 ballot=35 promises=0 accepted=0
[step=512] DELIVER from=6 to=1 type=Promise { ballot: 27, accepted_ballot: None, accepted_value: None } queue_len=75
[PROMISE-TRACE] from=6 received_ballot=27 current_ballot=35 match=false
[PAXOS-TICK] phase=WaitingForPromises elapsed=2 timeout=15 ballot=35 promises=0 accepted=0
[step=513] DELIVER from=1 to=1 type=Prepare { ballot: 31 } queue_len=74
[PAXOS-TICK] phase=WaitingForPromises elapsed=3 timeout=15 ballot=35 promises=0 accepted=0
[step=514] DELIVER from=1 to=2 type=Prepare { ballot: 31 } queue_len=74
[PAXOS-TICK] phase=WaitingForPromises elapsed=4 timeout=15 ballot=35 promises=0 accepted=0
[step=515] DELIVER from=1 to=3 type=Prepare { ballot: 31 } queue_len=74
[PAXOS-TICK] phase=WaitingForPromises elapsed=5 timeout=15 ballot=35 promises=0 accepted=0
[step=516] DELIVER from=1 to=4 type=Prepare { ballot: 31 } queue_len=74
[PAXOS-TICK] phase=WaitingForPromises elapsed=6 timeout=15 ballot=35 promises=0 accepted=0
[step=517] DELIVER from=1 to=5 type=Prepare { ballot: 31 } queue_len=74
[PAXOS-TICK] phase=WaitingForPromises elapsed=7 timeout=15 ballot=35 promises=0 accepted=0
[step=518] DELIVER from=1 to=6 type=Prepare { ballot: 31 } queue_len=74
[PAXOS-TICK] phase=WaitingForPromises elapsed=8 timeout=15 ballot=35 promises=0 accepted=0
[step=519] DELIVER from=1 to=7 type=Prepare { ballot: 31 } queue_len=74
[PAXOS-TICK] phase=WaitingForPromises elapsed=9 timeout=15 ballot=35 promises=0 accepted=0
[step=520] DELIVER from=1 to=8 type=Prepare { ballot: 31 } queue_len=74
[PAXOS-TICK] phase=WaitingForPromises elapsed=10 timeout=15 ballot=35 promises=0 accepted=0
[step=521] DELIVER from=1 to=9 type=Prepare { ballot: 31 } queue_len=74
[PAXOS-TICK] phase=WaitingForPromises elapsed=11 timeout=15 ballot=35 promises=0 accepted=0
[step=522] DELIVER from=7 to=1 type=Promise { ballot: 27, accepted_ballot: None, accepted_value: None } queue_len=74
[PROMISE-TRACE] from=7 received_ballot=27 current_ballot=35 match=false
[PAXOS-TICK] phase=WaitingForPromises elapsed=12 timeout=15 ballot=35 promises=0 accepted=0
[step=523] DELIVER from=8 to=1 type=Promise { ballot: 27, accepted_ballot: None, accepted_value: None } queue_len=73
[PROMISE-TRACE] from=8 received_ballot=27 current_ballot=35 match=false
[PAXOS-TICK] phase=WaitingForPromises elapsed=13 timeout=15 ballot=35 promises=0 accepted=0
[step=524] DELIVER from=9 to=1 type=Promise { ballot: 27, accepted_ballot: None, accepted_value: None } queue_len=72
[PROMISE-TRACE] from=9 received_ballot=27 current_ballot=35 match=false
[PAXOS-TICK] phase=WaitingForPromises elapsed=14 timeout=15 ballot=35 promises=0 accepted=0
[TIMEOUT-CAUSE] phase=WaitingForPromises ballot=35 promises=0 accepted=0 quorum=5
[step=525] DELIVER from=1 to=1 type=Promise { ballot: 28, accepted_ballot: None, accepted_value: None } queue_len=80
[PROMISE-TRACE] from=1 received_ballot=28 current_ballot=36 match=false
[PAXOS-TICK] phase=WaitingForPromises elapsed=0 timeout=15 ballot=36 promises=0 accepted=0
[step=526] DELIVER from=2 to=1 type=Promise { ballot: 28, accepted_ballot: None, accepted_value: None } queue_len=79
[PROMISE-TRACE] from=2 received_ballot=28 current_ballot=36 match=false
[PAXOS-TICK] phase=WaitingForPromises elapsed=1 timeout=15 ballot=36 promises=0 accepted=0
[step=527] DELIVER from=3 to=1 type=Promise { ballot: 28, accepted_ballot: None, accepted_value: None } queue_len=78
[PROMISE-TRACE] from=3 received_ballot=28 current_ballot=36 match=false
[PAXOS-TICK] phase=WaitingForPromises elapsed=2 timeout=15 ballot=36 promises=0 accepted=0
[step=528] DELIVER from=1 to=1 type=Prepare { ballot: 32 } queue_len=77
[PAXOS-TICK] phase=WaitingForPromises elapsed=3 timeout=15 ballot=36 promises=0 accepted=0
[step=529] DELIVER from=1 to=2 type=Prepare { ballot: 32 } queue_len=77
[PAXOS-TICK] phase=WaitingForPromises elapsed=4 timeout=15 ballot=36 promises=0 accepted=0
[step=530] DELIVER from=1 to=3 type=Prepare { ballot: 32 } queue_len=77
[PAXOS-TICK] phase=WaitingForPromises elapsed=5 timeout=15 ballot=36 promises=0 accepted=0
[step=531] DELIVER from=1 to=4 type=Prepare { ballot: 32 } queue_len=77
[PAXOS-TICK] phase=WaitingForPromises elapsed=6 timeout=15 ballot=36 promises=0 accepted=0
[step=532] DELIVER from=1 to=5 type=Prepare { ballot: 32 } queue_len=77
[PAXOS-TICK] phase=WaitingForPromises elapsed=7 timeout=15 ballot=36 promises=0 accepted=0
[step=533] DELIVER from=1 to=6 type=Prepare { ballot: 32 } queue_len=77
[PAXOS-TICK] phase=WaitingForPromises elapsed=8 timeout=15 ballot=36 promises=0 accepted=0
[step=534] DELIVER from=1 to=7 type=Prepare { ballot: 32 } queue_len=77
[PAXOS-TICK] phase=WaitingForPromises elapsed=9 timeout=15 ballot=36 promises=0 accepted=0
[step=535] DELIVER from=1 to=8 type=Prepare { ballot: 32 } queue_len=77
[PAXOS-TICK] phase=WaitingForPromises elapsed=10 timeout=15 ballot=36 promises=0 accepted=0
[step=536] DELIVER from=1 to=9 type=Prepare { ballot: 32 } queue_len=77
[PAXOS-TICK] phase=WaitingForPromises elapsed=11 timeout=15 ballot=36 promises=0 accepted=0
[step=537] DELIVER from=4 to=1 type=Promise { ballot: 28, accepted_ballot: None, accepted_value: None } queue_len=77
[PROMISE-TRACE] from=4 received_ballot=28 current_ballot=36 match=false
[PAXOS-TICK] phase=WaitingForPromises elapsed=12 timeout=15 ballot=36 promises=0 accepted=0
[step=538] DELIVER from=5 to=1 type=Promise { ballot: 28, accepted_ballot: None, accepted_value: None } queue_len=76
[PROMISE-TRACE] from=5 received_ballot=28 current_ballot=36 match=false
[PAXOS-TICK] phase=WaitingForPromises elapsed=13 timeout=15 ballot=36 promises=0 accepted=0
[step=539] DELIVER from=6 to=1 type=Promise { ballot: 28, accepted_ballot: None, accepted_value: None } queue_len=75
[PROMISE-TRACE] from=6 received_ballot=28 current_ballot=36 match=false
[PAXOS-TICK] phase=WaitingForPromises elapsed=14 timeout=15 ballot=36 promises=0 accepted=0
[TIMEOUT-CAUSE] phase=WaitingForPromises ballot=36 promises=0 accepted=0 quorum=5
[step=540] DELIVER from=7 to=1 type=Promise { ballot: 28, accepted_ballot: None, accepted_value: None } queue_len=83
[PROMISE-TRACE] from=7 received_ballot=28 current_ballot=37 match=false
[PAXOS-TICK] phase=WaitingForPromises elapsed=0 timeout=15 ballot=37 promises=0 accepted=0
[step=541] DELIVER from=8 to=1 type=Promise { ballot: 28, accepted_ballot: None, accepted_value: None } queue_len=82
[PROMISE-TRACE] from=8 received_ballot=28 current_ballot=37 match=false
[PAXOS-TICK] phase=WaitingForPromises elapsed=1 timeout=15 ballot=37 promises=0 accepted=0
[step=542] DELIVER from=9 to=1 type=Promise { ballot: 28, accepted_ballot: None, accepted_value: None } queue_len=81
[PROMISE-TRACE] from=9 received_ballot=28 current_ballot=37 match=false
[PAXOS-TICK] phase=WaitingForPromises elapsed=2 timeout=15 ballot=37 promises=0 accepted=0
[step=543] DELIVER from=1 to=1 type=Prepare { ballot: 33 } queue_len=80
[PAXOS-TICK] phase=WaitingForPromises elapsed=3 timeout=15 ballot=37 promises=0 accepted=0
[step=544] DELIVER from=1 to=2 type=Prepare { ballot: 33 } queue_len=80
[PAXOS-TICK] phase=WaitingForPromises elapsed=4 timeout=15 ballot=37 promises=0 accepted=0
[step=545] DELIVER from=1 to=3 type=Prepare { ballot: 33 } queue_len=80
[PAXOS-TICK] phase=WaitingForPromises elapsed=5 timeout=15 ballot=37 promises=0 accepted=0
[step=546] DELIVER from=1 to=4 type=Prepare { ballot: 33 } queue_len=80
[PAXOS-TICK] phase=WaitingForPromises elapsed=6 timeout=15 ballot=37 promises=0 accepted=0
[step=547] DELIVER from=1 to=5 type=Prepare { ballot: 33 } queue_len=80
[PAXOS-TICK] phase=WaitingForPromises elapsed=7 timeout=15 ballot=37 promises=0 accepted=0
[step=548] DELIVER from=1 to=6 type=Prepare { ballot: 33 } queue_len=80
[PAXOS-TICK] phase=WaitingForPromises elapsed=8 timeout=15 ballot=37 promises=0 accepted=0
[step=549] DELIVER from=1 to=7 type=Prepare { ballot: 33 } queue_len=80
[PAXOS-TICK] phase=WaitingForPromises elapsed=9 timeout=15 ballot=37 promises=0 accepted=0
[step=550] DELIVER from=1 to=8 type=Prepare { ballot: 33 } queue_len=80
[PAXOS-TICK] phase=WaitingForPromises elapsed=10 timeout=15 ballot=37 promises=0 accepted=0
[step=551] DELIVER from=1 to=9 type=Prepare { ballot: 33 } queue_len=80
[PAXOS-TICK] phase=WaitingForPromises elapsed=11 timeout=15 ballot=37 promises=0 accepted=0
[step=552] DELIVER from=1 to=1 type=Promise { ballot: 29, accepted_ballot: None, accepted_value: None } queue_len=80
[PROMISE-TRACE] from=1 received_ballot=29 current_ballot=37 match=false
[PAXOS-TICK] phase=WaitingForPromises elapsed=12 timeout=15 ballot=37 promises=0 accepted=0
[step=553] DELIVER from=2 to=1 type=Promise { ballot: 29, accepted_ballot: None, accepted_value: None } queue_len=79
[PROMISE-TRACE] from=2 received_ballot=29 current_ballot=37 match=false
[PAXOS-TICK] phase=WaitingForPromises elapsed=13 timeout=15 ballot=37 promises=0 accepted=0
[step=554] DELIVER from=3 to=1 type=Promise { ballot: 29, accepted_ballot: None, accepted_value: None } queue_len=78
[PROMISE-TRACE] from=3 received_ballot=29 current_ballot=37 match=false
[PAXOS-TICK] phase=WaitingForPromises elapsed=14 timeout=15 ballot=37 promises=0 accepted=0
[TIMEOUT-CAUSE] phase=WaitingForPromises ballot=37 promises=0 accepted=0 quorum=5
[step=555] DELIVER from=4 to=1 type=Promise { ballot: 29, accepted_ballot: None, accepted_value: None } queue_len=86
[PROMISE-TRACE] from=4 received_ballot=29 current_ballot=38 match=false
[PAXOS-TICK] phase=WaitingForPromises elapsed=0 timeout=15 ballot=38 promises=0 accepted=0
[step=556] DELIVER from=5 to=1 type=Promise { ballot: 29, accepted_ballot: None, accepted_value: None } queue_len=85
[PROMISE-TRACE] from=5 received_ballot=29 current_ballot=38 match=false
[PAXOS-TICK] phase=WaitingForPromises elapsed=1 timeout=15 ballot=38 promises=0 accepted=0
[step=557] DELIVER from=6 to=1 type=Promise { ballot: 29, accepted_ballot: None, accepted_value: None } queue_len=84
[PROMISE-TRACE] from=6 received_ballot=29 current_ballot=38 match=false
[PAXOS-TICK] phase=WaitingForPromises elapsed=2 timeout=15 ballot=38 promises=0 accepted=0
[step=558] DELIVER from=7 to=1 type=Promise { ballot: 29, accepted_ballot: None, accepted_value: None } queue_len=83
[PROMISE-TRACE] from=7 received_ballot=29 current_ballot=38 match=false
[PAXOS-TICK] phase=WaitingForPromises elapsed=3 timeout=15 ballot=38 promises=0 accepted=0
[step=559] DELIVER from=8 to=1 type=Promise { ballot: 29, accepted_ballot: None, accepted_value: None } queue_len=82
[PROMISE-TRACE] from=8 received_ballot=29 current_ballot=38 match=false
[PAXOS-TICK] phase=WaitingForPromises elapsed=4 timeout=15 ballot=38 promises=0 accepted=0
[step=560] DELIVER from=9 to=1 type=Promise { ballot: 29, accepted_ballot: None, accepted_value: None } queue_len=81
[PROMISE-TRACE] from=9 received_ballot=29 current_ballot=38 match=false
[PAXOS-TICK] phase=WaitingForPromises elapsed=5 timeout=15 ballot=38 promises=0 accepted=0
[step=561] DELIVER from=1 to=1 type=Prepare { ballot: 34 } queue_len=80
[PAXOS-TICK] phase=WaitingForPromises elapsed=6 timeout=15 ballot=38 promises=0 accepted=0
[step=562] DELIVER from=1 to=2 type=Prepare { ballot: 34 } queue_len=80
[PAXOS-TICK] phase=WaitingForPromises elapsed=7 timeout=15 ballot=38 promises=0 accepted=0
[step=563] DELIVER from=1 to=3 type=Prepare { ballot: 34 } queue_len=80
[PAXOS-TICK] phase=WaitingForPromises elapsed=8 timeout=15 ballot=38 promises=0 accepted=0
[step=564] DELIVER from=1 to=4 type=Prepare { ballot: 34 } queue_len=80
[PAXOS-TICK] phase=WaitingForPromises elapsed=9 timeout=15 ballot=38 promises=0 accepted=0
[step=565] DELIVER from=1 to=5 type=Prepare { ballot: 34 } queue_len=80
[PAXOS-TICK] phase=WaitingForPromises elapsed=10 timeout=15 ballot=38 promises=0 accepted=0
[step=566] DELIVER from=1 to=6 type=Prepare { ballot: 34 } queue_len=80
[PAXOS-TICK] phase=WaitingForPromises elapsed=11 timeout=15 ballot=38 promises=0 accepted=0
[step=567] DELIVER from=1 to=7 type=Prepare { ballot: 34 } queue_len=80
[PAXOS-TICK] phase=WaitingForPromises elapsed=12 timeout=15 ballot=38 promises=0 accepted=0
[step=568] DELIVER from=1 to=8 type=Prepare { ballot: 34 } queue_len=80
[PAXOS-TICK] phase=WaitingForPromises elapsed=13 timeout=15 ballot=38 promises=0 accepted=0
[step=569] DELIVER from=1 to=9 type=Prepare { ballot: 34 } queue_len=80
[PAXOS-TICK] phase=WaitingForPromises elapsed=14 timeout=15 ballot=38 promises=0 accepted=0
[TIMEOUT-CAUSE] phase=WaitingForPromises ballot=38 promises=0 accepted=0 quorum=5
[step=570] DELIVER from=1 to=1 type=Promise { ballot: 30, accepted_ballot: None, accepted_value: None } queue_len=89
[PROMISE-TRACE] from=1 received_ballot=30 current_ballot=39 match=false
[PAXOS-TICK] phase=WaitingForPromises elapsed=0 timeout=15 ballot=39 promises=0 accepted=0
[step=571] DELIVER from=2 to=1 type=Promise { ballot: 30, accepted_ballot: None, accepted_value: None } queue_len=88
[PROMISE-TRACE] from=2 received_ballot=30 current_ballot=39 match=false
[PAXOS-TICK] phase=WaitingForPromises elapsed=1 timeout=15 ballot=39 promises=0 accepted=0
[step=572] DELIVER from=3 to=1 type=Promise { ballot: 30, accepted_ballot: None, accepted_value: None } queue_len=87
[PROMISE-TRACE] from=3 received_ballot=30 current_ballot=39 match=false
[PAXOS-TICK] phase=WaitingForPromises elapsed=2 timeout=15 ballot=39 promises=0 accepted=0
[step=573] DELIVER from=4 to=1 type=Promise { ballot: 30, accepted_ballot: None, accepted_value: None } queue_len=86
[PROMISE-TRACE] from=4 received_ballot=30 current_ballot=39 match=false
[PAXOS-TICK] phase=WaitingForPromises elapsed=3 timeout=15 ballot=39 promises=0 accepted=0
[step=574] DELIVER from=5 to=1 type=Promise { ballot: 30, accepted_ballot: None, accepted_value: None } queue_len=85
[PROMISE-TRACE] from=5 received_ballot=30 current_ballot=39 match=false
[PAXOS-TICK] phase=WaitingForPromises elapsed=4 timeout=15 ballot=39 promises=0 accepted=0
[step=575] DELIVER from=6 to=1 type=Promise { ballot: 30, accepted_ballot: None, accepted_value: None } queue_len=84
[PROMISE-TRACE] from=6 received_ballot=30 current_ballot=39 match=false
[PAXOS-TICK] phase=WaitingForPromises elapsed=5 timeout=15 ballot=39 promises=0 accepted=0
[step=576] DELIVER from=7 to=1 type=Promise { ballot: 30, accepted_ballot: None, accepted_value: None } queue_len=83
[PROMISE-TRACE] from=7 received_ballot=30 current_ballot=39 match=false
[PAXOS-TICK] phase=WaitingForPromises elapsed=6 timeout=15 ballot=39 promises=0 accepted=0
[step=577] DELIVER from=8 to=1 type=Promise { ballot: 30, accepted_ballot: None, accepted_value: None } queue_len=82
[PROMISE-TRACE] from=8 received_ballot=30 current_ballot=39 match=false
[PAXOS-TICK] phase=WaitingForPromises elapsed=7 timeout=15 ballot=39 promises=0 accepted=0
[step=578] DELIVER from=9 to=1 type=Promise { ballot: 30, accepted_ballot: None, accepted_value: None } queue_len=81
[PROMISE-TRACE] from=9 received_ballot=30 current_ballot=39 match=false
[PAXOS-TICK] phase=WaitingForPromises elapsed=8 timeout=15 ballot=39 promises=0 accepted=0
[step=579] DELIVER from=1 to=1 type=Prepare { ballot: 35 } queue_len=80
[PAXOS-TICK] phase=WaitingForPromises elapsed=9 timeout=15 ballot=39 promises=0 accepted=0
[step=580] DELIVER from=1 to=2 type=Prepare { ballot: 35 } queue_len=80
[PAXOS-TICK] phase=WaitingForPromises elapsed=10 timeout=15 ballot=39 promises=0 accepted=0
[step=581] DELIVER from=1 to=3 type=Prepare { ballot: 35 } queue_len=80
[PAXOS-TICK] phase=WaitingForPromises elapsed=11 timeout=15 ballot=39 promises=0 accepted=0
[step=582] DELIVER from=1 to=4 type=Prepare { ballot: 35 } queue_len=80
[PAXOS-TICK] phase=WaitingForPromises elapsed=12 timeout=15 ballot=39 promises=0 accepted=0
[step=583] DELIVER from=1 to=5 type=Prepare { ballot: 35 } queue_len=80
[PAXOS-TICK] phase=WaitingForPromises elapsed=13 timeout=15 ballot=39 promises=0 accepted=0
[step=584] DELIVER from=1 to=6 type=Prepare { ballot: 35 } queue_len=80
[PAXOS-TICK] phase=WaitingForPromises elapsed=14 timeout=15 ballot=39 promises=0 accepted=0
[TIMEOUT-CAUSE] phase=WaitingForPromises ballot=39 promises=0 accepted=0 quorum=5
[step=585] DELIVER from=1 to=7 type=Prepare { ballot: 35 } queue_len=89
[PAXOS-TICK] phase=WaitingForPromises elapsed=0 timeout=15 ballot=40 promises=0 accepted=0
[step=586] DELIVER from=1 to=8 type=Prepare { ballot: 35 } queue_len=89
[PAXOS-TICK] phase=WaitingForPromises elapsed=1 timeout=15 ballot=40 promises=0 accepted=0
[step=587] DELIVER from=1 to=9 type=Prepare { ballot: 35 } queue_len=89
[PAXOS-TICK] phase=WaitingForPromises elapsed=2 timeout=15 ballot=40 promises=0 accepted=0
[step=588] DELIVER from=1 to=1 type=Promise { ballot: 31, accepted_ballot: None, accepted_value: None } queue_len=89
[PROMISE-TRACE] from=1 received_ballot=31 current_ballot=40 match=false
[PAXOS-TICK] phase=WaitingForPromises elapsed=3 timeout=15 ballot=40 promises=0 accepted=0
[step=589] DELIVER from=2 to=1 type=Promise { ballot: 31, accepted_ballot: None, accepted_value: None } queue_len=88
[PROMISE-TRACE] from=2 received_ballot=31 current_ballot=40 match=false
[PAXOS-TICK] phase=WaitingForPromises elapsed=4 timeout=15 ballot=40 promises=0 accepted=0
[step=590] DELIVER from=3 to=1 type=Promise { ballot: 31, accepted_ballot: None, accepted_value: None } queue_len=87
[PROMISE-TRACE] from=3 received_ballot=31 current_ballot=40 match=false
[PAXOS-TICK] phase=WaitingForPromises elapsed=5 timeout=15 ballot=40 promises=0 accepted=0
[step=591] DELIVER from=4 to=1 type=Promise { ballot: 31, accepted_ballot: None, accepted_value: None } queue_len=86
[PROMISE-TRACE] from=4 received_ballot=31 current_ballot=40 match=false
[PAXOS-TICK] phase=WaitingForPromises elapsed=6 timeout=15 ballot=40 promises=0 accepted=0
[step=592] DELIVER from=5 to=1 type=Promise { ballot: 31, accepted_ballot: None, accepted_value: None } queue_len=85
[PROMISE-TRACE] from=5 received_ballot=31 current_ballot=40 match=false
[PAXOS-TICK] phase=WaitingForPromises elapsed=7 timeout=15 ballot=40 promises=0 accepted=0
[step=593] DELIVER from=6 to=1 type=Promise { ballot: 31, accepted_ballot: None, accepted_value: None } queue_len=84
[PROMISE-TRACE] from=6 received_ballot=31 current_ballot=40 match=false
[PAXOS-TICK] phase=WaitingForPromises elapsed=8 timeout=15 ballot=40 promises=0 accepted=0
[step=594] DELIVER from=7 to=1 type=Promise { ballot: 31, accepted_ballot: None, accepted_value: None } queue_len=83
[PROMISE-TRACE] from=7 received_ballot=31 current_ballot=40 match=false
[PAXOS-TICK] phase=WaitingForPromises elapsed=9 timeout=15 ballot=40 promises=0 accepted=0
[step=595] DELIVER from=8 to=1 type=Promise { ballot: 31, accepted_ballot: None, accepted_value: None } queue_len=82
[PROMISE-TRACE] from=8 received_ballot=31 current_ballot=40 match=false
[PAXOS-TICK] phase=WaitingForPromises elapsed=10 timeout=15 ballot=40 promises=0 accepted=0
[step=596] DELIVER from=9 to=1 type=Promise { ballot: 31, accepted_ballot: None, accepted_value: None } queue_len=81
[PROMISE-TRACE] from=9 received_ballot=31 current_ballot=40 match=false
[PAXOS-TICK] phase=WaitingForPromises elapsed=11 timeout=15 ballot=40 promises=0 accepted=0
[step=597] DELIVER from=1 to=1 type=Prepare { ballot: 36 } queue_len=80
[PAXOS-TICK] phase=WaitingForPromises elapsed=12 timeout=15 ballot=40 promises=0 accepted=0
[step=598] DELIVER from=1 to=2 type=Prepare { ballot: 36 } queue_len=80
[PAXOS-TICK] phase=WaitingForPromises elapsed=13 timeout=15 ballot=40 promises=0 accepted=0
[step=599] DELIVER from=1 to=3 type=Prepare { ballot: 36 } queue_len=80
[PAXOS-TICK] phase=WaitingForPromises elapsed=14 timeout=15 ballot=40 promises=0 accepted=0
[TIMEOUT-CAUSE] phase=WaitingForPromises ballot=40 promises=0 accepted=0 quorum=5
[step=600] DELIVER from=1 to=4 type=Prepare { ballot: 36 } queue_len=89
[PAXOS-TICK] phase=WaitingForPromises elapsed=0 timeout=15 ballot=41 promises=0 accepted=0
[step=601] DELIVER from=1 to=5 type=Prepare { ballot: 36 } queue_len=89
[PAXOS-TICK] phase=WaitingForPromises elapsed=1 timeout=15 ballot=41 promises=0 accepted=0
[step=602] DELIVER from=1 to=6 type=Prepare { ballot: 36 } queue_len=89
[PAXOS-TICK] phase=WaitingForPromises elapsed=2 timeout=15 ballot=41 promises=0 accepted=0
[step=603] DELIVER from=1 to=7 type=Prepare { ballot: 36 } queue_len=89
[PAXOS-TICK] phase=WaitingForPromises elapsed=3 timeout=15 ballot=41 promises=0 accepted=0
[step=604] DELIVER from=1 to=8 type=Prepare { ballot: 36 } queue_len=89
[PAXOS-TICK] phase=WaitingForPromises elapsed=4 timeout=15 ballot=41 promises=0 accepted=0
[step=605] DELIVER from=1 to=9 type=Prepare { ballot: 36 } queue_len=89
[PAXOS-TICK] phase=WaitingForPromises elapsed=5 timeout=15 ballot=41 promises=0 accepted=0
[step=606] DELIVER from=1 to=1 type=Promise { ballot: 32, accepted_ballot: None, accepted_value: None } queue_len=89
[PROMISE-TRACE] from=1 received_ballot=32 current_ballot=41 match=false
[PAXOS-TICK] phase=WaitingForPromises elapsed=6 timeout=15 ballot=41 promises=0 accepted=0
[step=607] DELIVER from=2 to=1 type=Promise { ballot: 32, accepted_ballot: None, accepted_value: None } queue_len=88
[PROMISE-TRACE] from=2 received_ballot=32 current_ballot=41 match=false
[PAXOS-TICK] phase=WaitingForPromises elapsed=7 timeout=15 ballot=41 promises=0 accepted=0
[step=608] DELIVER from=3 to=1 type=Promise { ballot: 32, accepted_ballot: None, accepted_value: None } queue_len=87
[PROMISE-TRACE] from=3 received_ballot=32 current_ballot=41 match=false
[PAXOS-TICK] phase=WaitingForPromises elapsed=8 timeout=15 ballot=41 promises=0 accepted=0
[step=609] DELIVER from=4 to=1 type=Promise { ballot: 32, accepted_ballot: None, accepted_value: None } queue_len=86
[PROMISE-TRACE] from=4 received_ballot=32 current_ballot=41 match=false
[PAXOS-TICK] phase=WaitingForPromises elapsed=9 timeout=15 ballot=41 promises=0 accepted=0
[step=610] DELIVER from=5 to=1 type=Promise { ballot: 32, accepted_ballot: None, accepted_value: None } queue_len=85
[PROMISE-TRACE] from=5 received_ballot=32 current_ballot=41 match=false
[PAXOS-TICK] phase=WaitingForPromises elapsed=10 timeout=15 ballot=41 promises=0 accepted=0
[step=611] DELIVER from=6 to=1 type=Promise { ballot: 32, accepted_ballot: None, accepted_value: None } queue_len=84
[PROMISE-TRACE] from=6 received_ballot=32 current_ballot=41 match=false
[PAXOS-TICK] phase=WaitingForPromises elapsed=11 timeout=15 ballot=41 promises=0 accepted=0
[step=612] DELIVER from=7 to=1 type=Promise { ballot: 32, accepted_ballot: None, accepted_value: None } queue_len=83
[PROMISE-TRACE] from=7 received_ballot=32 current_ballot=41 match=false
[PAXOS-TICK] phase=WaitingForPromises elapsed=12 timeout=15 ballot=41 promises=0 accepted=0
[step=613] DELIVER from=8 to=1 type=Promise { ballot: 32, accepted_ballot: None, accepted_value: None } queue_len=82
[PROMISE-TRACE] from=8 received_ballot=32 current_ballot=41 match=false
[PAXOS-TICK] phase=WaitingForPromises elapsed=13 timeout=15 ballot=41 promises=0 accepted=0
[step=614] DELIVER from=9 to=1 type=Promise { ballot: 32, accepted_ballot: None, accepted_value: None } queue_len=81
[PROMISE-TRACE] from=9 received_ballot=32 current_ballot=41 match=false
[PAXOS-TICK] phase=WaitingForPromises elapsed=14 timeout=15 ballot=41 promises=0 accepted=0
[TIMEOUT-CAUSE] phase=WaitingForPromises ballot=41 promises=0 accepted=0 quorum=5
[step=615] DELIVER from=1 to=1 type=Prepare { ballot: 37 } queue_len=89
[PAXOS-TICK] phase=WaitingForPromises elapsed=0 timeout=15 ballot=42 promises=0 accepted=0
[step=616] DELIVER from=1 to=2 type=Prepare { ballot: 37 } queue_len=89
[PAXOS-TICK] phase=WaitingForPromises elapsed=1 timeout=15 ballot=42 promises=0 accepted=0
[step=617] DELIVER from=1 to=3 type=Prepare { ballot: 37 } queue_len=89
[PAXOS-TICK] phase=WaitingForPromises elapsed=2 timeout=15 ballot=42 promises=0 accepted=0
[step=618] DELIVER from=1 to=4 type=Prepare { ballot: 37 } queue_len=89
[PAXOS-TICK] phase=WaitingForPromises elapsed=3 timeout=15 ballot=42 promises=0 accepted=0
[step=619] DELIVER from=1 to=5 type=Prepare { ballot: 37 } queue_len=89
[PAXOS-TICK] phase=WaitingForPromises elapsed=4 timeout=15 ballot=42 promises=0 accepted=0
[step=620] DELIVER from=1 to=6 type=Prepare { ballot: 37 } queue_len=89
[PAXOS-TICK] phase=WaitingForPromises elapsed=5 timeout=15 ballot=42 promises=0 accepted=0
[step=621] DELIVER from=1 to=7 type=Prepare { ballot: 37 } queue_len=89
[PAXOS-TICK] phase=WaitingForPromises elapsed=6 timeout=15 ballot=42 promises=0 accepted=0
[step=622] DELIVER from=1 to=8 type=Prepare { ballot: 37 } queue_len=89
[PAXOS-TICK] phase=WaitingForPromises elapsed=7 timeout=15 ballot=42 promises=0 accepted=0
[step=623] DELIVER from=1 to=9 type=Prepare { ballot: 37 } queue_len=89
[PAXOS-TICK] phase=WaitingForPromises elapsed=8 timeout=15 ballot=42 promises=0 accepted=0
[step=624] DELIVER from=1 to=1 type=Promise { ballot: 33, accepted_ballot: None, accepted_value: None } queue_len=89
[PROMISE-TRACE] from=1 received_ballot=33 current_ballot=42 match=false
[PAXOS-TICK] phase=WaitingForPromises elapsed=9 timeout=15 ballot=42 promises=0 accepted=0
[step=625] DELIVER from=2 to=1 type=Promise { ballot: 33, accepted_ballot: None, accepted_value: None } queue_len=88
[PROMISE-TRACE] from=2 received_ballot=33 current_ballot=42 match=false
[PAXOS-TICK] phase=WaitingForPromises elapsed=10 timeout=15 ballot=42 promises=0 accepted=0
[step=626] DELIVER from=3 to=1 type=Promise { ballot: 33, accepted_ballot: None, accepted_value: None } queue_len=87
[PROMISE-TRACE] from=3 received_ballot=33 current_ballot=42 match=false
[PAXOS-TICK] phase=WaitingForPromises elapsed=11 timeout=15 ballot=42 promises=0 accepted=0
[step=627] DELIVER from=4 to=1 type=Promise { ballot: 33, accepted_ballot: None, accepted_value: None } queue_len=86
[PROMISE-TRACE] from=4 received_ballot=33 current_ballot=42 match=false
[PAXOS-TICK] phase=WaitingForPromises elapsed=12 timeout=15 ballot=42 promises=0 accepted=0
[step=628] DELIVER from=5 to=1 type=Promise { ballot: 33, accepted_ballot: None, accepted_value: None } queue_len=85
[PROMISE-TRACE] from=5 received_ballot=33 current_ballot=42 match=false
[PAXOS-TICK] phase=WaitingForPromises elapsed=13 timeout=15 ballot=42 promises=0 accepted=0
[step=629] DELIVER from=6 to=1 type=Promise { ballot: 33, accepted_ballot: None, accepted_value: None } queue_len=84
[PROMISE-TRACE] from=6 received_ballot=33 current_ballot=42 match=false
[PAXOS-TICK] phase=WaitingForPromises elapsed=14 timeout=15 ballot=42 promises=0 accepted=0
[TIMEOUT-CAUSE] phase=WaitingForPromises ballot=42 promises=0 accepted=0 quorum=5
[step=630] DELIVER from=7 to=1 type=Promise { ballot: 33, accepted_ballot: None, accepted_value: None } queue_len=92
[PROMISE-TRACE] from=7 received_ballot=33 current_ballot=43 match=false
[PAXOS-TICK] phase=WaitingForPromises elapsed=0 timeout=15 ballot=43 promises=0 accepted=0
[step=631] DELIVER from=8 to=1 type=Promise { ballot: 33, accepted_ballot: None, accepted_value: None } queue_len=91
[PROMISE-TRACE] from=8 received_ballot=33 current_ballot=43 match=false
[PAXOS-TICK] phase=WaitingForPromises elapsed=1 timeout=15 ballot=43 promises=0 accepted=0
[step=632] DELIVER from=9 to=1 type=Promise { ballot: 33, accepted_ballot: None, accepted_value: None } queue_len=90
[PROMISE-TRACE] from=9 received_ballot=33 current_ballot=43 match=false
[PAXOS-TICK] phase=WaitingForPromises elapsed=2 timeout=15 ballot=43 promises=0 accepted=0
[step=633] DELIVER from=1 to=1 type=Prepare { ballot: 38 } queue_len=89
[PAXOS-TICK] phase=WaitingForPromises elapsed=3 timeout=15 ballot=43 promises=0 accepted=0
[step=634] DELIVER from=1 to=2 type=Prepare { ballot: 38 } queue_len=89
[PAXOS-TICK] phase=WaitingForPromises elapsed=4 timeout=15 ballot=43 promises=0 accepted=0
[step=635] DELIVER from=1 to=3 type=Prepare { ballot: 38 } queue_len=89
[PAXOS-TICK] phase=WaitingForPromises elapsed=5 timeout=15 ballot=43 promises=0 accepted=0
[step=636] DELIVER from=1 to=4 type=Prepare { ballot: 38 } queue_len=89
[PAXOS-TICK] phase=WaitingForPromises elapsed=6 timeout=15 ballot=43 promises=0 accepted=0
[step=637] DELIVER from=1 to=5 type=Prepare { ballot: 38 } queue_len=89
[PAXOS-TICK] phase=WaitingForPromises elapsed=7 timeout=15 ballot=43 promises=0 accepted=0
[step=638] DELIVER from=1 to=6 type=Prepare { ballot: 38 } queue_len=89
[PAXOS-TICK] phase=WaitingForPromises elapsed=8 timeout=15 ballot=43 promises=0 accepted=0
[step=639] DELIVER from=1 to=7 type=Prepare { ballot: 38 } queue_len=89
[PAXOS-TICK] phase=WaitingForPromises elapsed=9 timeout=15 ballot=43 promises=0 accepted=0
[step=640] DELIVER from=1 to=8 type=Prepare { ballot: 38 } queue_len=89
[PAXOS-TICK] phase=WaitingForPromises elapsed=10 timeout=15 ballot=43 promises=0 accepted=0
[step=641] DELIVER from=1 to=9 type=Prepare { ballot: 38 } queue_len=89
[PAXOS-TICK] phase=WaitingForPromises elapsed=11 timeout=15 ballot=43 promises=0 accepted=0
[step=642] DELIVER from=1 to=1 type=Promise { ballot: 34, accepted_ballot: None, accepted_value: None } queue_len=89
[PROMISE-TRACE] from=1 received_ballot=34 current_ballot=43 match=false
[PAXOS-TICK] phase=WaitingForPromises elapsed=12 timeout=15 ballot=43 promises=0 accepted=0
[step=643] DELIVER from=2 to=1 type=Promise { ballot: 34, accepted_ballot: None, accepted_value: None } queue_len=88
[PROMISE-TRACE] from=2 received_ballot=34 current_ballot=43 match=false
[PAXOS-TICK] phase=WaitingForPromises elapsed=13 timeout=15 ballot=43 promises=0 accepted=0
[step=644] DELIVER from=3 to=1 type=Promise { ballot: 34, accepted_ballot: None, accepted_value: None } queue_len=87
[PROMISE-TRACE] from=3 received_ballot=34 current_ballot=43 match=false
[PAXOS-TICK] phase=WaitingForPromises elapsed=14 timeout=15 ballot=43 promises=0 accepted=0
[TIMEOUT-CAUSE] phase=WaitingForPromises ballot=43 promises=0 accepted=0 quorum=5
[step=645] DELIVER from=4 to=1 type=Promise { ballot: 34, accepted_ballot: None, accepted_value: None } queue_len=95
[PROMISE-TRACE] from=4 received_ballot=34 current_ballot=44 match=false
[PAXOS-TICK] phase=WaitingForPromises elapsed=0 timeout=15 ballot=44 promises=0 accepted=0
[step=646] DELIVER from=5 to=1 type=Promise { ballot: 34, accepted_ballot: None, accepted_value: None } queue_len=94
[PROMISE-TRACE] from=5 received_ballot=34 current_ballot=44 match=false
[PAXOS-TICK] phase=WaitingForPromises elapsed=1 timeout=15 ballot=44 promises=0 accepted=0
[step=647] DELIVER from=6 to=1 type=Promise { ballot: 34, accepted_ballot: None, accepted_value: None } queue_len=93
[PROMISE-TRACE] from=6 received_ballot=34 current_ballot=44 match=false
[PAXOS-TICK] phase=WaitingForPromises elapsed=2 timeout=15 ballot=44 promises=0 accepted=0
[step=648] DELIVER from=7 to=1 type=Promise { ballot: 34, accepted_ballot: None, accepted_value: None } queue_len=92
[PROMISE-TRACE] from=7 received_ballot=34 current_ballot=44 match=false
[PAXOS-TICK] phase=WaitingForPromises elapsed=3 timeout=15 ballot=44 promises=0 accepted=0
[step=649] DELIVER from=8 to=1 type=Promise { ballot: 34, accepted_ballot: None, accepted_value: None } queue_len=91
[PROMISE-TRACE] from=8 received_ballot=34 current_ballot=44 match=false
[PAXOS-TICK] phase=WaitingForPromises elapsed=4 timeout=15 ballot=44 promises=0 accepted=0
[step=650] DELIVER from=9 to=1 type=Promise { ballot: 34, accepted_ballot: None, accepted_value: None } queue_len=90
[PROMISE-TRACE] from=9 received_ballot=34 current_ballot=44 match=false
[PAXOS-TICK] phase=WaitingForPromises elapsed=5 timeout=15 ballot=44 promises=0 accepted=0
[step=651] DELIVER from=1 to=1 type=Prepare { ballot: 39 } queue_len=89
[PAXOS-TICK] phase=WaitingForPromises elapsed=6 timeout=15 ballot=44 promises=0 accepted=0
[step=652] DELIVER from=1 to=2 type=Prepare { ballot: 39 } queue_len=89
[PAXOS-TICK] phase=WaitingForPromises elapsed=7 timeout=15 ballot=44 promises=0 accepted=0
[step=653] DELIVER from=1 to=3 type=Prepare { ballot: 39 } queue_len=89
[PAXOS-TICK] phase=WaitingForPromises elapsed=8 timeout=15 ballot=44 promises=0 accepted=0
[step=654] DELIVER from=1 to=4 type=Prepare { ballot: 39 } queue_len=89
[PAXOS-TICK] phase=WaitingForPromises elapsed=9 timeout=15 ballot=44 promises=0 accepted=0
[step=655] DELIVER from=1 to=5 type=Prepare { ballot: 39 } queue_len=89
[PAXOS-TICK] phase=WaitingForPromises elapsed=10 timeout=15 ballot=44 promises=0 accepted=0
[step=656] DELIVER from=1 to=6 type=Prepare { ballot: 39 } queue_len=89
[PAXOS-TICK] phase=WaitingForPromises elapsed=11 timeout=15 ballot=44 promises=0 accepted=0
[step=657] DELIVER from=1 to=7 type=Prepare { ballot: 39 } queue_len=89
[PAXOS-TICK] phase=WaitingForPromises elapsed=12 timeout=15 ballot=44 promises=0 accepted=0
[step=658] DELIVER from=1 to=8 type=Prepare { ballot: 39 } queue_len=89
[PAXOS-TICK] phase=WaitingForPromises elapsed=13 timeout=15 ballot=44 promises=0 accepted=0
[step=659] DELIVER from=1 to=9 type=Prepare { ballot: 39 } queue_len=89
[PAXOS-TICK] phase=WaitingForPromises elapsed=14 timeout=15 ballot=44 promises=0 accepted=0
[TIMEOUT-CAUSE] phase=WaitingForPromises ballot=44 promises=0 accepted=0 quorum=5
[step=660] DELIVER from=1 to=1 type=Promise { ballot: 35, accepted_ballot: None, accepted_value: None } queue_len=98
[PROMISE-TRACE] from=1 received_ballot=35 current_ballot=45 match=false
[PAXOS-TICK] phase=WaitingForPromises elapsed=0 timeout=15 ballot=45 promises=0 accepted=0
[step=661] DELIVER from=2 to=1 type=Promise { ballot: 35, accepted_ballot: None, accepted_value: None } queue_len=97
[PROMISE-TRACE] from=2 received_ballot=35 current_ballot=45 match=false
[PAXOS-TICK] phase=WaitingForPromises elapsed=1 timeout=15 ballot=45 promises=0 accepted=0
[step=662] DELIVER from=3 to=1 type=Promise { ballot: 35, accepted_ballot: None, accepted_value: None } queue_len=96
[PROMISE-TRACE] from=3 received_ballot=35 current_ballot=45 match=false
[PAXOS-TICK] phase=WaitingForPromises elapsed=2 timeout=15 ballot=45 promises=0 accepted=0
[step=663] DELIVER from=4 to=1 type=Promise { ballot: 35, accepted_ballot: None, accepted_value: None } queue_len=95
[PROMISE-TRACE] from=4 received_ballot=35 current_ballot=45 match=false
[PAXOS-TICK] phase=WaitingForPromises elapsed=3 timeout=15 ballot=45 promises=0 accepted=0
[step=664] DELIVER from=5 to=1 type=Promise { ballot: 35, accepted_ballot: None, accepted_value: None } queue_len=94
[PROMISE-TRACE] from=5 received_ballot=35 current_ballot=45 match=false
[PAXOS-TICK] phase=WaitingForPromises elapsed=4 timeout=15 ballot=45 promises=0 accepted=0
[step=665] DELIVER from=6 to=1 type=Promise { ballot: 35, accepted_ballot: None, accepted_value: None } queue_len=93
[PROMISE-TRACE] from=6 received_ballot=35 current_ballot=45 match=false
[PAXOS-TICK] phase=WaitingForPromises elapsed=5 timeout=15 ballot=45 promises=0 accepted=0
[step=666] DELIVER from=1 to=1 type=Prepare { ballot: 40 } queue_len=92
[PAXOS-TICK] phase=WaitingForPromises elapsed=6 timeout=15 ballot=45 promises=0 accepted=0
[step=667] DELIVER from=1 to=2 type=Prepare { ballot: 40 } queue_len=92
[PAXOS-TICK] phase=WaitingForPromises elapsed=7 timeout=15 ballot=45 promises=0 accepted=0
[step=668] DELIVER from=1 to=3 type=Prepare { ballot: 40 } queue_len=92
[PAXOS-TICK] phase=WaitingForPromises elapsed=8 timeout=15 ballot=45 promises=0 accepted=0
[step=669] DELIVER from=1 to=4 type=Prepare { ballot: 40 } queue_len=92
[PAXOS-TICK] phase=WaitingForPromises elapsed=9 timeout=15 ballot=45 promises=0 accepted=0
[step=670] DELIVER from=1 to=5 type=Prepare { ballot: 40 } queue_len=92
[PAXOS-TICK] phase=WaitingForPromises elapsed=10 timeout=15 ballot=45 promises=0 accepted=0
[step=671] DELIVER from=1 to=6 type=Prepare { ballot: 40 } queue_len=92
[PAXOS-TICK] phase=WaitingForPromises elapsed=11 timeout=15 ballot=45 promises=0 accepted=0
[step=672] DELIVER from=1 to=7 type=Prepare { ballot: 40 } queue_len=92
[PAXOS-TICK] phase=WaitingForPromises elapsed=12 timeout=15 ballot=45 promises=0 accepted=0
[step=673] DELIVER from=1 to=8 type=Prepare { ballot: 40 } queue_len=92
[PAXOS-TICK] phase=WaitingForPromises elapsed=13 timeout=15 ballot=45 promises=0 accepted=0
[step=674] DELIVER from=1 to=9 type=Prepare { ballot: 40 } queue_len=92
[PAXOS-TICK] phase=WaitingForPromises elapsed=14 timeout=15 ballot=45 promises=0 accepted=0
[TIMEOUT-CAUSE] phase=WaitingForPromises ballot=45 promises=0 accepted=0 quorum=5
[step=675] DELIVER from=7 to=1 type=Promise { ballot: 35, accepted_ballot: None, accepted_value: None } queue_len=101
[PROMISE-TRACE] from=7 received_ballot=35 current_ballot=46 match=false
[PAXOS-TICK] phase=WaitingForPromises elapsed=0 timeout=15 ballot=46 promises=0 accepted=0
[step=676] DELIVER from=8 to=1 type=Promise { ballot: 35, accepted_ballot: None, accepted_value: None } queue_len=100
[PROMISE-TRACE] from=8 received_ballot=35 current_ballot=46 match=false
[PAXOS-TICK] phase=WaitingForPromises elapsed=1 timeout=15 ballot=46 promises=0 accepted=0
[step=677] DELIVER from=9 to=1 type=Promise { ballot: 35, accepted_ballot: None, accepted_value: None } queue_len=99
[PROMISE-TRACE] from=9 received_ballot=35 current_ballot=46 match=false
[PAXOS-TICK] phase=WaitingForPromises elapsed=2 timeout=15 ballot=46 promises=0 accepted=0
[step=678] DELIVER from=1 to=1 type=Promise { ballot: 36, accepted_ballot: None, accepted_value: None } queue_len=98
[PROMISE-TRACE] from=1 received_ballot=36 current_ballot=46 match=false
[PAXOS-TICK] phase=WaitingForPromises elapsed=3 timeout=15 ballot=46 promises=0 accepted=0
[step=679] DELIVER from=2 to=1 type=Promise { ballot: 36, accepted_ballot: None, accepted_value: None } queue_len=97
[PROMISE-TRACE] from=2 received_ballot=36 current_ballot=46 match=false
[PAXOS-TICK] phase=WaitingForPromises elapsed=4 timeout=15 ballot=46 promises=0 accepted=0
[step=680] DELIVER from=3 to=1 type=Promise { ballot: 36, accepted_ballot: None, accepted_value: None } queue_len=96
[PROMISE-TRACE] from=3 received_ballot=36 current_ballot=46 match=false
[PAXOS-TICK] phase=WaitingForPromises elapsed=5 timeout=15 ballot=46 promises=0 accepted=0
[step=681] DELIVER from=1 to=1 type=Prepare { ballot: 41 } queue_len=95
[PAXOS-TICK] phase=WaitingForPromises elapsed=6 timeout=15 ballot=46 promises=0 accepted=0
[step=682] DELIVER from=1 to=2 type=Prepare { ballot: 41 } queue_len=95
[PAXOS-TICK] phase=WaitingForPromises elapsed=7 timeout=15 ballot=46 promises=0 accepted=0
[step=683] DELIVER from=1 to=3 type=Prepare { ballot: 41 } queue_len=95
[PAXOS-TICK] phase=WaitingForPromises elapsed=8 timeout=15 ballot=46 promises=0 accepted=0
[step=684] DELIVER from=1 to=4 type=Prepare { ballot: 41 } queue_len=95
[PAXOS-TICK] phase=WaitingForPromises elapsed=9 timeout=15 ballot=46 promises=0 accepted=0
[step=685] DELIVER from=1 to=5 type=Prepare { ballot: 41 } queue_len=95
[PAXOS-TICK] phase=WaitingForPromises elapsed=10 timeout=15 ballot=46 promises=0 accepted=0
[step=686] DELIVER from=1 to=6 type=Prepare { ballot: 41 } queue_len=95
[PAXOS-TICK] phase=WaitingForPromises elapsed=11 timeout=15 ballot=46 promises=0 accepted=0
[step=687] DELIVER from=1 to=7 type=Prepare { ballot: 41 } queue_len=95
[PAXOS-TICK] phase=WaitingForPromises elapsed=12 timeout=15 ballot=46 promises=0 accepted=0
[step=688] DELIVER from=1 to=8 type=Prepare { ballot: 41 } queue_len=95
[PAXOS-TICK] phase=WaitingForPromises elapsed=13 timeout=15 ballot=46 promises=0 accepted=0
[step=689] DELIVER from=1 to=9 type=Prepare { ballot: 41 } queue_len=95
[PAXOS-TICK] phase=WaitingForPromises elapsed=14 timeout=15 ballot=46 promises=0 accepted=0
[TIMEOUT-CAUSE] phase=WaitingForPromises ballot=46 promises=0 accepted=0 quorum=5
[step=690] DELIVER from=4 to=1 type=Promise { ballot: 36, accepted_ballot: None, accepted_value: None } queue_len=104
[PROMISE-TRACE] from=4 received_ballot=36 current_ballot=47 match=false
[PAXOS-TICK] phase=WaitingForPromises elapsed=0 timeout=15 ballot=47 promises=0 accepted=0
[step=691] DELIVER from=5 to=1 type=Promise { ballot: 36, accepted_ballot: None, accepted_value: None } queue_len=103
[PROMISE-TRACE] from=5 received_ballot=36 current_ballot=47 match=false
[PAXOS-TICK] phase=WaitingForPromises elapsed=1 timeout=15 ballot=47 promises=0 accepted=0
[step=692] DELIVER from=6 to=1 type=Promise { ballot: 36, accepted_ballot: None, accepted_value: None } queue_len=102
[PROMISE-TRACE] from=6 received_ballot=36 current_ballot=47 match=false
[PAXOS-TICK] phase=WaitingForPromises elapsed=2 timeout=15 ballot=47 promises=0 accepted=0
[step=693] DELIVER from=7 to=1 type=Promise { ballot: 36, accepted_ballot: None, accepted_value: None } queue_len=101
[PROMISE-TRACE] from=7 received_ballot=36 current_ballot=47 match=false
[PAXOS-TICK] phase=WaitingForPromises elapsed=3 timeout=15 ballot=47 promises=0 accepted=0
[step=694] DELIVER from=8 to=1 type=Promise { ballot: 36, accepted_ballot: None, accepted_value: None } queue_len=100
[PROMISE-TRACE] from=8 received_ballot=36 current_ballot=47 match=false
[PAXOS-TICK] phase=WaitingForPromises elapsed=4 timeout=15 ballot=47 promises=0 accepted=0
[step=695] DELIVER from=9 to=1 type=Promise { ballot: 36, accepted_ballot: None, accepted_value: None } queue_len=99
[PROMISE-TRACE] from=9 received_ballot=36 current_ballot=47 match=false
[PAXOS-TICK] phase=WaitingForPromises elapsed=5 timeout=15 ballot=47 promises=0 accepted=0
[step=696] DELIVER from=1 to=1 type=Prepare { ballot: 42 } queue_len=98
[PAXOS-TICK] phase=WaitingForPromises elapsed=6 timeout=15 ballot=47 promises=0 accepted=0
[step=697] DELIVER from=1 to=2 type=Prepare { ballot: 42 } queue_len=98
[PAXOS-TICK] phase=WaitingForPromises elapsed=7 timeout=15 ballot=47 promises=0 accepted=0
[step=698] DELIVER from=1 to=3 type=Prepare { ballot: 42 } queue_len=98
[PAXOS-TICK] phase=WaitingForPromises elapsed=8 timeout=15 ballot=47 promises=0 accepted=0
[step=699] DELIVER from=1 to=4 type=Prepare { ballot: 42 } queue_len=98
[PAXOS-TICK] phase=WaitingForPromises elapsed=9 timeout=15 ballot=47 promises=0 accepted=0
[step=700] DELIVER from=1 to=5 type=Prepare { ballot: 42 } queue_len=98
[PAXOS-TICK] phase=WaitingForPromises elapsed=10 timeout=15 ballot=47 promises=0 accepted=0
[step=701] DELIVER from=1 to=6 type=Prepare { ballot: 42 } queue_len=98
[PAXOS-TICK] phase=WaitingForPromises elapsed=11 timeout=15 ballot=47 promises=0 accepted=0
[step=702] DELIVER from=1 to=7 type=Prepare { ballot: 42 } queue_len=98
[PAXOS-TICK] phase=WaitingForPromises elapsed=12 timeout=15 ballot=47 promises=0 accepted=0
[step=703] DELIVER from=1 to=8 type=Prepare { ballot: 42 } queue_len=98
[PAXOS-TICK] phase=WaitingForPromises elapsed=13 timeout=15 ballot=47 promises=0 accepted=0
[step=704] DELIVER from=1 to=9 type=Prepare { ballot: 42 } queue_len=98
[PAXOS-TICK] phase=WaitingForPromises elapsed=14 timeout=15 ballot=47 promises=0 accepted=0
[TIMEOUT-CAUSE] phase=WaitingForPromises ballot=47 promises=0 accepted=0 quorum=5
[step=705] DELIVER from=1 to=1 type=Promise { ballot: 37, accepted_ballot: None, accepted_value: None } queue_len=107
[PROMISE-TRACE] from=1 received_ballot=37 current_ballot=48 match=false
[PAXOS-TICK] phase=WaitingForPromises elapsed=0 timeout=15 ballot=48 promises=0 accepted=0
[step=706] DELIVER from=2 to=1 type=Promise { ballot: 37, accepted_ballot: None, accepted_value: None } queue_len=106
[PROMISE-TRACE] from=2 received_ballot=37 current_ballot=48 match=false
[PAXOS-TICK] phase=WaitingForPromises elapsed=1 timeout=15 ballot=48 promises=0 accepted=0
[step=707] DELIVER from=3 to=1 type=Promise { ballot: 37, accepted_ballot: None, accepted_value: None } queue_len=105
[PROMISE-TRACE] from=3 received_ballot=37 current_ballot=48 match=false
[PAXOS-TICK] phase=WaitingForPromises elapsed=2 timeout=15 ballot=48 promises=0 accepted=0
[step=708] DELIVER from=4 to=1 type=Promise { ballot: 37, accepted_ballot: None, accepted_value: None } queue_len=104
[PROMISE-TRACE] from=4 received_ballot=37 current_ballot=48 match=false
[PAXOS-TICK] phase=WaitingForPromises elapsed=3 timeout=15 ballot=48 promises=0 accepted=0
[step=709] DELIVER from=5 to=1 type=Promise { ballot: 37, accepted_ballot: None, accepted_value: None } queue_len=103
[PROMISE-TRACE] from=5 received_ballot=37 current_ballot=48 match=false
[PAXOS-TICK] phase=WaitingForPromises elapsed=4 timeout=15 ballot=48 promises=0 accepted=0
[step=710] DELIVER from=6 to=1 type=Promise { ballot: 37, accepted_ballot: None, accepted_value: None } queue_len=102
[PROMISE-TRACE] from=6 received_ballot=37 current_ballot=48 match=false
[PAXOS-TICK] phase=WaitingForPromises elapsed=5 timeout=15 ballot=48 promises=0 accepted=0
[step=711] DELIVER from=7 to=1 type=Promise { ballot: 37, accepted_ballot: None, accepted_value: None } queue_len=101
[PROMISE-TRACE] from=7 received_ballot=37 current_ballot=48 match=false
[PAXOS-TICK] phase=WaitingForPromises elapsed=6 timeout=15 ballot=48 promises=0 accepted=0
[step=712] DELIVER from=8 to=1 type=Promise { ballot: 37, accepted_ballot: None, accepted_value: None } queue_len=100
[PROMISE-TRACE] from=8 received_ballot=37 current_ballot=48 match=false
[PAXOS-TICK] phase=WaitingForPromises elapsed=7 timeout=15 ballot=48 promises=0 accepted=0
[step=713] DELIVER from=9 to=1 type=Promise { ballot: 37, accepted_ballot: None, accepted_value: None } queue_len=99
[PROMISE-TRACE] from=9 received_ballot=37 current_ballot=48 match=false
[PAXOS-TICK] phase=WaitingForPromises elapsed=8 timeout=15 ballot=48 promises=0 accepted=0
[step=714] DELIVER from=1 to=1 type=Prepare { ballot: 43 } queue_len=98
[PAXOS-TICK] phase=WaitingForPromises elapsed=9 timeout=15 ballot=48 promises=0 accepted=0
[step=715] DELIVER from=1 to=2 type=Prepare { ballot: 43 } queue_len=98
[PAXOS-TICK] phase=WaitingForPromises elapsed=10 timeout=15 ballot=48 promises=0 accepted=0
[step=716] DELIVER from=1 to=3 type=Prepare { ballot: 43 } queue_len=98
[PAXOS-TICK] phase=WaitingForPromises elapsed=11 timeout=15 ballot=48 promises=0 accepted=0
[step=717] DELIVER from=1 to=4 type=Prepare { ballot: 43 } queue_len=98
[PAXOS-TICK] phase=WaitingForPromises elapsed=12 timeout=15 ballot=48 promises=0 accepted=0
[step=718] DELIVER from=1 to=5 type=Prepare { ballot: 43 } queue_len=98
[PAXOS-TICK] phase=WaitingForPromises elapsed=13 timeout=15 ballot=48 promises=0 accepted=0
[step=719] DELIVER from=1 to=6 type=Prepare { ballot: 43 } queue_len=98
[PAXOS-TICK] phase=WaitingForPromises elapsed=14 timeout=15 ballot=48 promises=0 accepted=0
[TIMEOUT-CAUSE] phase=WaitingForPromises ballot=48 promises=0 accepted=0 quorum=5
[step=720] DELIVER from=1 to=7 type=Prepare { ballot: 43 } queue_len=107
[PAXOS-TICK] phase=WaitingForPromises elapsed=0 timeout=15 ballot=49 promises=0 accepted=0
[step=721] DELIVER from=1 to=8 type=Prepare { ballot: 43 } queue_len=107
[PAXOS-TICK] phase=WaitingForPromises elapsed=1 timeout=15 ballot=49 promises=0 accepted=0
[step=722] DELIVER from=1 to=9 type=Prepare { ballot: 43 } queue_len=107
[PAXOS-TICK] phase=WaitingForPromises elapsed=2 timeout=15 ballot=49 promises=0 accepted=0
[step=723] DELIVER from=1 to=1 type=Promise { ballot: 38, accepted_ballot: None, accepted_value: None } queue_len=107
[PROMISE-TRACE] from=1 received_ballot=38 current_ballot=49 match=false
[PAXOS-TICK] phase=WaitingForPromises elapsed=3 timeout=15 ballot=49 promises=0 accepted=0
[step=724] DELIVER from=2 to=1 type=Promise { ballot: 38, accepted_ballot: None, accepted_value: None } queue_len=106
[PROMISE-TRACE] from=2 received_ballot=38 current_ballot=49 match=false
[PAXOS-TICK] phase=WaitingForPromises elapsed=4 timeout=15 ballot=49 promises=0 accepted=0
[step=725] DELIVER from=3 to=1 type=Promise { ballot: 38, accepted_ballot: None, accepted_value: None } queue_len=105
[PROMISE-TRACE] from=3 received_ballot=38 current_ballot=49 match=false
[PAXOS-TICK] phase=WaitingForPromises elapsed=5 timeout=15 ballot=49 promises=0 accepted=0
[step=726] DELIVER from=4 to=1 type=Promise { ballot: 38, accepted_ballot: None, accepted_value: None } queue_len=104
[PROMISE-TRACE] from=4 received_ballot=38 current_ballot=49 match=false
[PAXOS-TICK] phase=WaitingForPromises elapsed=6 timeout=15 ballot=49 promises=0 accepted=0
[step=727] DELIVER from=5 to=1 type=Promise { ballot: 38, accepted_ballot: None, accepted_value: None } queue_len=103
[PROMISE-TRACE] from=5 received_ballot=38 current_ballot=49 match=false
[PAXOS-TICK] phase=WaitingForPromises elapsed=7 timeout=15 ballot=49 promises=0 accepted=0
[step=728] DELIVER from=6 to=1 type=Promise { ballot: 38, accepted_ballot: None, accepted_value: None } queue_len=102
[PROMISE-TRACE] from=6 received_ballot=38 current_ballot=49 match=false
[PAXOS-TICK] phase=WaitingForPromises elapsed=8 timeout=15 ballot=49 promises=0 accepted=0
[step=729] DELIVER from=7 to=1 type=Promise { ballot: 38, accepted_ballot: None, accepted_value: None } queue_len=101
[PROMISE-TRACE] from=7 received_ballot=38 current_ballot=49 match=false
[PAXOS-TICK] phase=WaitingForPromises elapsed=9 timeout=15 ballot=49 promises=0 accepted=0
[step=730] DELIVER from=8 to=1 type=Promise { ballot: 38, accepted_ballot: None, accepted_value: None } queue_len=100
[PROMISE-TRACE] from=8 received_ballot=38 current_ballot=49 match=false
[PAXOS-TICK] phase=WaitingForPromises elapsed=10 timeout=15 ballot=49 promises=0 accepted=0
[step=731] DELIVER from=9 to=1 type=Promise { ballot: 38, accepted_ballot: None, accepted_value: None } queue_len=99
[PROMISE-TRACE] from=9 received_ballot=38 current_ballot=49 match=false
[PAXOS-TICK] phase=WaitingForPromises elapsed=11 timeout=15 ballot=49 promises=0 accepted=0
[step=732] DELIVER from=1 to=1 type=Prepare { ballot: 44 } queue_len=98
[PAXOS-TICK] phase=WaitingForPromises elapsed=12 timeout=15 ballot=49 promises=0 accepted=0
[step=733] DELIVER from=1 to=2 type=Prepare { ballot: 44 } queue_len=98
[PAXOS-TICK] phase=WaitingForPromises elapsed=13 timeout=15 ballot=49 promises=0 accepted=0
[step=734] DELIVER from=1 to=3 type=Prepare { ballot: 44 } queue_len=98
[PAXOS-TICK] phase=WaitingForPromises elapsed=14 timeout=15 ballot=49 promises=0 accepted=0
[TIMEOUT-CAUSE] phase=WaitingForPromises ballot=49 promises=0 accepted=0 quorum=5
[step=735] DELIVER from=1 to=4 type=Prepare { ballot: 44 } queue_len=107
[PAXOS-TICK] phase=WaitingForPromises elapsed=0 timeout=15 ballot=50 promises=0 accepted=0
[step=736] DELIVER from=1 to=5 type=Prepare { ballot: 44 } queue_len=107
[PAXOS-TICK] phase=WaitingForPromises elapsed=1 timeout=15 ballot=50 promises=0 accepted=0
[step=737] DELIVER from=1 to=6 type=Prepare { ballot: 44 } queue_len=107
[PAXOS-TICK] phase=WaitingForPromises elapsed=2 timeout=15 ballot=50 promises=0 accepted=0
[step=738] DELIVER from=1 to=7 type=Prepare { ballot: 44 } queue_len=107
[PAXOS-TICK] phase=WaitingForPromises elapsed=3 timeout=15 ballot=50 promises=0 accepted=0
[step=739] DELIVER from=1 to=8 type=Prepare { ballot: 44 } queue_len=107
[PAXOS-TICK] phase=WaitingForPromises elapsed=4 timeout=15 ballot=50 promises=0 accepted=0
[step=740] DELIVER from=1 to=9 type=Prepare { ballot: 44 } queue_len=107
[PAXOS-TICK] phase=WaitingForPromises elapsed=5 timeout=15 ballot=50 promises=0 accepted=0
[step=741] DELIVER from=1 to=1 type=Promise { ballot: 39, accepted_ballot: None, accepted_value: None } queue_len=107
[PROMISE-TRACE] from=1 received_ballot=39 current_ballot=50 match=false
[PAXOS-TICK] phase=WaitingForPromises elapsed=6 timeout=15 ballot=50 promises=0 accepted=0
[step=742] DELIVER from=2 to=1 type=Promise { ballot: 39, accepted_ballot: None, accepted_value: None } queue_len=106
[PROMISE-TRACE] from=2 received_ballot=39 current_ballot=50 match=false
[PAXOS-TICK] phase=WaitingForPromises elapsed=7 timeout=15 ballot=50 promises=0 accepted=0
[step=743] DELIVER from=3 to=1 type=Promise { ballot: 39, accepted_ballot: None, accepted_value: None } queue_len=105
[PROMISE-TRACE] from=3 received_ballot=39 current_ballot=50 match=false
[PAXOS-TICK] phase=WaitingForPromises elapsed=8 timeout=15 ballot=50 promises=0 accepted=0
[step=744] DELIVER from=4 to=1 type=Promise { ballot: 39, accepted_ballot: None, accepted_value: None } queue_len=104
[PROMISE-TRACE] from=4 received_ballot=39 current_ballot=50 match=false
[PAXOS-TICK] phase=WaitingForPromises elapsed=9 timeout=15 ballot=50 promises=0 accepted=0
[step=745] DELIVER from=5 to=1 type=Promise { ballot: 39, accepted_ballot: None, accepted_value: None } queue_len=103
[PROMISE-TRACE] from=5 received_ballot=39 current_ballot=50 match=false
[PAXOS-TICK] phase=WaitingForPromises elapsed=10 timeout=15 ballot=50 promises=0 accepted=0
[step=746] DELIVER from=6 to=1 type=Promise { ballot: 39, accepted_ballot: None, accepted_value: None } queue_len=102
[PROMISE-TRACE] from=6 received_ballot=39 current_ballot=50 match=false
[PAXOS-TICK] phase=WaitingForPromises elapsed=11 timeout=15 ballot=50 promises=0 accepted=0
[step=747] DELIVER from=7 to=1 type=Promise { ballot: 39, accepted_ballot: None, accepted_value: None } queue_len=101
[PROMISE-TRACE] from=7 received_ballot=39 current_ballot=50 match=false
[PAXOS-TICK] phase=WaitingForPromises elapsed=12 timeout=15 ballot=50 promises=0 accepted=0
[step=748] DELIVER from=8 to=1 type=Promise { ballot: 39, accepted_ballot: None, accepted_value: None } queue_len=100
[PROMISE-TRACE] from=8 received_ballot=39 current_ballot=50 match=false
[PAXOS-TICK] phase=WaitingForPromises elapsed=13 timeout=15 ballot=50 promises=0 accepted=0
[step=749] DELIVER from=9 to=1 type=Promise { ballot: 39, accepted_ballot: None, accepted_value: None } queue_len=99
[PROMISE-TRACE] from=9 received_ballot=39 current_ballot=50 match=false
[PAXOS-TICK] phase=WaitingForPromises elapsed=14 timeout=15 ballot=50 promises=0 accepted=0
[TIMEOUT-CAUSE] phase=WaitingForPromises ballot=50 promises=0 accepted=0 quorum=5
[step=750] DELIVER from=1 to=1 type=Prepare { ballot: 45 } queue_len=107
[PAXOS-TICK] phase=WaitingForPromises elapsed=0 timeout=15 ballot=51 promises=0 accepted=0
[step=751] DELIVER from=1 to=2 type=Prepare { ballot: 45 } queue_len=107
[PAXOS-TICK] phase=WaitingForPromises elapsed=1 timeout=15 ballot=51 promises=0 accepted=0
[step=752] DELIVER from=1 to=3 type=Prepare { ballot: 45 } queue_len=107
[PAXOS-TICK] phase=WaitingForPromises elapsed=2 timeout=15 ballot=51 promises=0 accepted=0
[step=753] DELIVER from=1 to=4 type=Prepare { ballot: 45 } queue_len=107
[PAXOS-TICK] phase=WaitingForPromises elapsed=3 timeout=15 ballot=51 promises=0 accepted=0
[step=754] DELIVER from=1 to=5 type=Prepare { ballot: 45 } queue_len=107
[PAXOS-TICK] phase=WaitingForPromises elapsed=4 timeout=15 ballot=51 promises=0 accepted=0
[step=755] DELIVER from=1 to=6 type=Prepare { ballot: 45 } queue_len=107
[PAXOS-TICK] phase=WaitingForPromises elapsed=5 timeout=15 ballot=51 promises=0 accepted=0
[step=756] DELIVER from=1 to=7 type=Prepare { ballot: 45 } queue_len=107
[PAXOS-TICK] phase=WaitingForPromises elapsed=6 timeout=15 ballot=51 promises=0 accepted=0
[step=757] DELIVER from=1 to=8 type=Prepare { ballot: 45 } queue_len=107
[PAXOS-TICK] phase=WaitingForPromises elapsed=7 timeout=15 ballot=51 promises=0 accepted=0
[step=758] DELIVER from=1 to=9 type=Prepare { ballot: 45 } queue_len=107
[PAXOS-TICK] phase=WaitingForPromises elapsed=8 timeout=15 ballot=51 promises=0 accepted=0
[step=759] DELIVER from=1 to=1 type=Promise { ballot: 40, accepted_ballot: None, accepted_value: None } queue_len=107
[PROMISE-TRACE] from=1 received_ballot=40 current_ballot=51 match=false
[PAXOS-TICK] phase=WaitingForPromises elapsed=9 timeout=15 ballot=51 promises=0 accepted=0
[step=760] DELIVER from=2 to=1 type=Promise { ballot: 40, accepted_ballot: None, accepted_value: None } queue_len=106
[PROMISE-TRACE] from=2 received_ballot=40 current_ballot=51 match=false
[PAXOS-TICK] phase=WaitingForPromises elapsed=10 timeout=15 ballot=51 promises=0 accepted=0
[step=761] DELIVER from=3 to=1 type=Promise { ballot: 40, accepted_ballot: None, accepted_value: None } queue_len=105
[PROMISE-TRACE] from=3 received_ballot=40 current_ballot=51 match=false
[PAXOS-TICK] phase=WaitingForPromises elapsed=11 timeout=15 ballot=51 promises=0 accepted=0
[step=762] DELIVER from=4 to=1 type=Promise { ballot: 40, accepted_ballot: None, accepted_value: None } queue_len=104
[PROMISE-TRACE] from=4 received_ballot=40 current_ballot=51 match=false
[PAXOS-TICK] phase=WaitingForPromises elapsed=12 timeout=15 ballot=51 promises=0 accepted=0
[step=763] DELIVER from=5 to=1 type=Promise { ballot: 40, accepted_ballot: None, accepted_value: None } queue_len=103
[PROMISE-TRACE] from=5 received_ballot=40 current_ballot=51 match=false
[PAXOS-TICK] phase=WaitingForPromises elapsed=13 timeout=15 ballot=51 promises=0 accepted=0
[step=764] DELIVER from=6 to=1 type=Promise { ballot: 40, accepted_ballot: None, accepted_value: None } queue_len=102
[PROMISE-TRACE] from=6 received_ballot=40 current_ballot=51 match=false
[PAXOS-TICK] phase=WaitingForPromises elapsed=14 timeout=15 ballot=51 promises=0 accepted=0
[TIMEOUT-CAUSE] phase=WaitingForPromises ballot=51 promises=0 accepted=0 quorum=5
[step=765] DELIVER from=7 to=1 type=Promise { ballot: 40, accepted_ballot: None, accepted_value: None } queue_len=110
[PROMISE-TRACE] from=7 received_ballot=40 current_ballot=52 match=false
[PAXOS-TICK] phase=WaitingForPromises elapsed=0 timeout=15 ballot=52 promises=0 accepted=0
[step=766] DELIVER from=8 to=1 type=Promise { ballot: 40, accepted_ballot: None, accepted_value: None } queue_len=109
[PROMISE-TRACE] from=8 received_ballot=40 current_ballot=52 match=false
[PAXOS-TICK] phase=WaitingForPromises elapsed=1 timeout=15 ballot=52 promises=0 accepted=0
[step=767] DELIVER from=9 to=1 type=Promise { ballot: 40, accepted_ballot: None, accepted_value: None } queue_len=108
[PROMISE-TRACE] from=9 received_ballot=40 current_ballot=52 match=false
[PAXOS-TICK] phase=WaitingForPromises elapsed=2 timeout=15 ballot=52 promises=0 accepted=0
[step=768] DELIVER from=1 to=1 type=Prepare { ballot: 46 } queue_len=107
[PAXOS-TICK] phase=WaitingForPromises elapsed=3 timeout=15 ballot=52 promises=0 accepted=0
[step=769] DELIVER from=1 to=2 type=Prepare { ballot: 46 } queue_len=107
[PAXOS-TICK] phase=WaitingForPromises elapsed=4 timeout=15 ballot=52 promises=0 accepted=0
[step=770] DELIVER from=1 to=3 type=Prepare { ballot: 46 } queue_len=107
[PAXOS-TICK] phase=WaitingForPromises elapsed=5 timeout=15 ballot=52 promises=0 accepted=0
[step=771] DELIVER from=1 to=4 type=Prepare { ballot: 46 } queue_len=107
[PAXOS-TICK] phase=WaitingForPromises elapsed=6 timeout=15 ballot=52 promises=0 accepted=0
[step=772] DELIVER from=1 to=5 type=Prepare { ballot: 46 } queue_len=107
[PAXOS-TICK] phase=WaitingForPromises elapsed=7 timeout=15 ballot=52 promises=0 accepted=0
[step=773] DELIVER from=1 to=6 type=Prepare { ballot: 46 } queue_len=107
[PAXOS-TICK] phase=WaitingForPromises elapsed=8 timeout=15 ballot=52 promises=0 accepted=0
[step=774] DELIVER from=1 to=7 type=Prepare { ballot: 46 } queue_len=107
[PAXOS-TICK] phase=WaitingForPromises elapsed=9 timeout=15 ballot=52 promises=0 accepted=0
[step=775] DELIVER from=1 to=8 type=Prepare { ballot: 46 } queue_len=107
[PAXOS-TICK] phase=WaitingForPromises elapsed=10 timeout=15 ballot=52 promises=0 accepted=0
[step=776] DELIVER from=1 to=9 type=Prepare { ballot: 46 } queue_len=107
[PAXOS-TICK] phase=WaitingForPromises elapsed=11 timeout=15 ballot=52 promises=0 accepted=0
[step=777] DELIVER from=1 to=1 type=Promise { ballot: 41, accepted_ballot: None, accepted_value: None } queue_len=107
[PROMISE-TRACE] from=1 received_ballot=41 current_ballot=52 match=false
[PAXOS-TICK] phase=WaitingForPromises elapsed=12 timeout=15 ballot=52 promises=0 accepted=0
[step=778] DELIVER from=2 to=1 type=Promise { ballot: 41, accepted_ballot: None, accepted_value: None } queue_len=106
[PROMISE-TRACE] from=2 received_ballot=41 current_ballot=52 match=false
[PAXOS-TICK] phase=WaitingForPromises elapsed=13 timeout=15 ballot=52 promises=0 accepted=0
[step=779] DELIVER from=3 to=1 type=Promise { ballot: 41, accepted_ballot: None, accepted_value: None } queue_len=105
[PROMISE-TRACE] from=3 received_ballot=41 current_ballot=52 match=false
[PAXOS-TICK] phase=WaitingForPromises elapsed=14 timeout=15 ballot=52 promises=0 accepted=0
[TIMEOUT-CAUSE] phase=WaitingForPromises ballot=52 promises=0 accepted=0 quorum=5
[step=780] DELIVER from=4 to=1 type=Promise { ballot: 41, accepted_ballot: None, accepted_value: None } queue_len=113
[PROMISE-TRACE] from=4 received_ballot=41 current_ballot=53 match=false
[PAXOS-TICK] phase=WaitingForPromises elapsed=0 timeout=15 ballot=53 promises=0 accepted=0
[step=781] DELIVER from=5 to=1 type=Promise { ballot: 41, accepted_ballot: None, accepted_value: None } queue_len=112
[PROMISE-TRACE] from=5 received_ballot=41 current_ballot=53 match=false
[PAXOS-TICK] phase=WaitingForPromises elapsed=1 timeout=15 ballot=53 promises=0 accepted=0
[step=782] DELIVER from=6 to=1 type=Promise { ballot: 41, accepted_ballot: None, accepted_value: None } queue_len=111
[PROMISE-TRACE] from=6 received_ballot=41 current_ballot=53 match=false
[PAXOS-TICK] phase=WaitingForPromises elapsed=2 timeout=15 ballot=53 promises=0 accepted=0
[step=783] DELIVER from=7 to=1 type=Promise { ballot: 41, accepted_ballot: None, accepted_value: None } queue_len=110
[PROMISE-TRACE] from=7 received_ballot=41 current_ballot=53 match=false
[PAXOS-TICK] phase=WaitingForPromises elapsed=3 timeout=15 ballot=53 promises=0 accepted=0
[step=784] DELIVER from=8 to=1 type=Promise { ballot: 41, accepted_ballot: None, accepted_value: None } queue_len=109
[PROMISE-TRACE] from=8 received_ballot=41 current_ballot=53 match=false
[PAXOS-TICK] phase=WaitingForPromises elapsed=4 timeout=15 ballot=53 promises=0 accepted=0
[step=785] DELIVER from=9 to=1 type=Promise { ballot: 41, accepted_ballot: None, accepted_value: None } queue_len=108
[PROMISE-TRACE] from=9 received_ballot=41 current_ballot=53 match=false
[PAXOS-TICK] phase=WaitingForPromises elapsed=5 timeout=15 ballot=53 promises=0 accepted=0
[step=786] DELIVER from=1 to=1 type=Prepare { ballot: 47 } queue_len=107
[PAXOS-TICK] phase=WaitingForPromises elapsed=6 timeout=15 ballot=53 promises=0 accepted=0
[step=787] DELIVER from=1 to=2 type=Prepare { ballot: 47 } queue_len=107
[PAXOS-TICK] phase=WaitingForPromises elapsed=7 timeout=15 ballot=53 promises=0 accepted=0
[step=788] DELIVER from=1 to=3 type=Prepare { ballot: 47 } queue_len=107
[PAXOS-TICK] phase=WaitingForPromises elapsed=8 timeout=15 ballot=53 promises=0 accepted=0
[step=789] DELIVER from=1 to=4 type=Prepare { ballot: 47 } queue_len=107
[PAXOS-TICK] phase=WaitingForPromises elapsed=9 timeout=15 ballot=53 promises=0 accepted=0
[step=790] DELIVER from=1 to=5 type=Prepare { ballot: 47 } queue_len=107
[PAXOS-TICK] phase=WaitingForPromises elapsed=10 timeout=15 ballot=53 promises=0 accepted=0
[step=791] DELIVER from=1 to=6 type=Prepare { ballot: 47 } queue_len=107
[PAXOS-TICK] phase=WaitingForPromises elapsed=11 timeout=15 ballot=53 promises=0 accepted=0
[step=792] DELIVER from=1 to=7 type=Prepare { ballot: 47 } queue_len=107
[PAXOS-TICK] phase=WaitingForPromises elapsed=12 timeout=15 ballot=53 promises=0 accepted=0
[step=793] DELIVER from=1 to=8 type=Prepare { ballot: 47 } queue_len=107
[PAXOS-TICK] phase=WaitingForPromises elapsed=13 timeout=15 ballot=53 promises=0 accepted=0
[step=794] DELIVER from=1 to=9 type=Prepare { ballot: 47 } queue_len=107
[PAXOS-TICK] phase=WaitingForPromises elapsed=14 timeout=15 ballot=53 promises=0 accepted=0
[TIMEOUT-CAUSE] phase=WaitingForPromises ballot=53 promises=0 accepted=0 quorum=5
[step=795] DELIVER from=1 to=1 type=Promise { ballot: 42, accepted_ballot: None, accepted_value: None } queue_len=116
[PROMISE-TRACE] from=1 received_ballot=42 current_ballot=54 match=false
[PAXOS-TICK] phase=WaitingForPromises elapsed=0 timeout=15 ballot=54 promises=0 accepted=0
[step=796] DELIVER from=2 to=1 type=Promise { ballot: 42, accepted_ballot: None, accepted_value: None } queue_len=115
[PROMISE-TRACE] from=2 received_ballot=42 current_ballot=54 match=false
[PAXOS-TICK] phase=WaitingForPromises elapsed=1 timeout=15 ballot=54 promises=0 accepted=0
[step=797] DELIVER from=3 to=1 type=Promise { ballot: 42, accepted_ballot: None, accepted_value: None } queue_len=114
[PROMISE-TRACE] from=3 received_ballot=42 current_ballot=54 match=false
[PAXOS-TICK] phase=WaitingForPromises elapsed=2 timeout=15 ballot=54 promises=0 accepted=0
[step=798] DELIVER from=4 to=1 type=Promise { ballot: 42, accepted_ballot: None, accepted_value: None } queue_len=113
[PROMISE-TRACE] from=4 received_ballot=42 current_ballot=54 match=false
[PAXOS-TICK] phase=WaitingForPromises elapsed=3 timeout=15 ballot=54 promises=0 accepted=0
[step=799] DELIVER from=5 to=1 type=Promise { ballot: 42, accepted_ballot: None, accepted_value: None } queue_len=112
[PROMISE-TRACE] from=5 received_ballot=42 current_ballot=54 match=false
[PAXOS-TICK] phase=WaitingForPromises elapsed=4 timeout=15 ballot=54 promises=0 accepted=0
[step=800] DELIVER from=6 to=1 type=Promise { ballot: 42, accepted_ballot: None, accepted_value: None } queue_len=111
[PROMISE-TRACE] from=6 received_ballot=42 current_ballot=54 match=false
[PAXOS-TICK] phase=WaitingForPromises elapsed=5 timeout=15 ballot=54 promises=0 accepted=0
[step=801] DELIVER from=7 to=1 type=Promise { ballot: 42, accepted_ballot: None, accepted_value: None } queue_len=110
[PROMISE-TRACE] from=7 received_ballot=42 current_ballot=54 match=false
[PAXOS-TICK] phase=WaitingForPromises elapsed=6 timeout=15 ballot=54 promises=0 accepted=0
[step=802] DELIVER from=8 to=1 type=Promise { ballot: 42, accepted_ballot: None, accepted_value: None } queue_len=109
[PROMISE-TRACE] from=8 received_ballot=42 current_ballot=54 match=false
[PAXOS-TICK] phase=WaitingForPromises elapsed=7 timeout=15 ballot=54 promises=0 accepted=0
[step=803] DELIVER from=9 to=1 type=Promise { ballot: 42, accepted_ballot: None, accepted_value: None } queue_len=108
[PROMISE-TRACE] from=9 received_ballot=42 current_ballot=54 match=false
[PAXOS-TICK] phase=WaitingForPromises elapsed=8 timeout=15 ballot=54 promises=0 accepted=0
[step=804] DELIVER from=1 to=1 type=Prepare { ballot: 48 } queue_len=107
[PAXOS-TICK] phase=WaitingForPromises elapsed=9 timeout=15 ballot=54 promises=0 accepted=0
[step=805] DELIVER from=1 to=2 type=Prepare { ballot: 48 } queue_len=107
[PAXOS-TICK] phase=WaitingForPromises elapsed=10 timeout=15 ballot=54 promises=0 accepted=0
[step=806] DELIVER from=1 to=3 type=Prepare { ballot: 48 } queue_len=107
[PAXOS-TICK] phase=WaitingForPromises elapsed=11 timeout=15 ballot=54 promises=0 accepted=0
[step=807] DELIVER from=1 to=4 type=Prepare { ballot: 48 } queue_len=107
[PAXOS-TICK] phase=WaitingForPromises elapsed=12 timeout=15 ballot=54 promises=0 accepted=0
[step=808] DELIVER from=1 to=5 type=Prepare { ballot: 48 } queue_len=107
[PAXOS-TICK] phase=WaitingForPromises elapsed=13 timeout=15 ballot=54 promises=0 accepted=0
[step=809] DELIVER from=1 to=6 type=Prepare { ballot: 48 } queue_len=107
[PAXOS-TICK] phase=WaitingForPromises elapsed=14 timeout=15 ballot=54 promises=0 accepted=0
[TIMEOUT-CAUSE] phase=WaitingForPromises ballot=54 promises=0 accepted=0 quorum=5
[step=810] DELIVER from=1 to=7 type=Prepare { ballot: 48 } queue_len=116
[PAXOS-TICK] phase=WaitingForPromises elapsed=0 timeout=15 ballot=55 promises=0 accepted=0
[step=811] DELIVER from=1 to=8 type=Prepare { ballot: 48 } queue_len=116
[PAXOS-TICK] phase=WaitingForPromises elapsed=1 timeout=15 ballot=55 promises=0 accepted=0
[step=812] DELIVER from=1 to=9 type=Prepare { ballot: 48 } queue_len=116
[PAXOS-TICK] phase=WaitingForPromises elapsed=2 timeout=15 ballot=55 promises=0 accepted=0
[step=813] DELIVER from=1 to=1 type=Promise { ballot: 43, accepted_ballot: None, accepted_value: None } queue_len=116
[PROMISE-TRACE] from=1 received_ballot=43 current_ballot=55 match=false
[PAXOS-TICK] phase=WaitingForPromises elapsed=3 timeout=15 ballot=55 promises=0 accepted=0
[step=814] DELIVER from=2 to=1 type=Promise { ballot: 43, accepted_ballot: None, accepted_value: None } queue_len=115
[PROMISE-TRACE] from=2 received_ballot=43 current_ballot=55 match=false
[PAXOS-TICK] phase=WaitingForPromises elapsed=4 timeout=15 ballot=55 promises=0 accepted=0
[step=815] DELIVER from=3 to=1 type=Promise { ballot: 43, accepted_ballot: None, accepted_value: None } queue_len=114
[PROMISE-TRACE] from=3 received_ballot=43 current_ballot=55 match=false
[PAXOS-TICK] phase=WaitingForPromises elapsed=5 timeout=15 ballot=55 promises=0 accepted=0
[step=816] DELIVER from=4 to=1 type=Promise { ballot: 43, accepted_ballot: None, accepted_value: None } queue_len=113
[PROMISE-TRACE] from=4 received_ballot=43 current_ballot=55 match=false
[PAXOS-TICK] phase=WaitingForPromises elapsed=6 timeout=15 ballot=55 promises=0 accepted=0
[step=817] DELIVER from=5 to=1 type=Promise { ballot: 43, accepted_ballot: None, accepted_value: None } queue_len=112
[PROMISE-TRACE] from=5 received_ballot=43 current_ballot=55 match=false
[PAXOS-TICK] phase=WaitingForPromises elapsed=7 timeout=15 ballot=55 promises=0 accepted=0
[step=818] DELIVER from=6 to=1 type=Promise { ballot: 43, accepted_ballot: None, accepted_value: None } queue_len=111
[PROMISE-TRACE] from=6 received_ballot=43 current_ballot=55 match=false
[PAXOS-TICK] phase=WaitingForPromises elapsed=8 timeout=15 ballot=55 promises=0 accepted=0
[step=819] DELIVER from=1 to=1 type=Prepare { ballot: 49 } queue_len=110
[PAXOS-TICK] phase=WaitingForPromises elapsed=9 timeout=15 ballot=55 promises=0 accepted=0
[step=820] DELIVER from=1 to=2 type=Prepare { ballot: 49 } queue_len=110
[PAXOS-TICK] phase=WaitingForPromises elapsed=10 timeout=15 ballot=55 promises=0 accepted=0
[step=821] DELIVER from=1 to=3 type=Prepare { ballot: 49 } queue_len=110
[PAXOS-TICK] phase=WaitingForPromises elapsed=11 timeout=15 ballot=55 promises=0 accepted=0
[step=822] DELIVER from=1 to=4 type=Prepare { ballot: 49 } queue_len=110
[PAXOS-TICK] phase=WaitingForPromises elapsed=12 timeout=15 ballot=55 promises=0 accepted=0
[step=823] DELIVER from=1 to=5 type=Prepare { ballot: 49 } queue_len=110
[PAXOS-TICK] phase=WaitingForPromises elapsed=13 timeout=15 ballot=55 promises=0 accepted=0
[step=824] DELIVER from=1 to=6 type=Prepare { ballot: 49 } queue_len=110
[PAXOS-TICK] phase=WaitingForPromises elapsed=14 timeout=15 ballot=55 promises=0 accepted=0
[TIMEOUT-CAUSE] phase=WaitingForPromises ballot=55 promises=0 accepted=0 quorum=5
[step=825] DELIVER from=1 to=7 type=Prepare { ballot: 49 } queue_len=119
[PAXOS-TICK] phase=WaitingForPromises elapsed=0 timeout=15 ballot=56 promises=0 accepted=0
[step=826] DELIVER from=1 to=8 type=Prepare { ballot: 49 } queue_len=119
[PAXOS-TICK] phase=WaitingForPromises elapsed=1 timeout=15 ballot=56 promises=0 accepted=0
[step=827] DELIVER from=1 to=9 type=Prepare { ballot: 49 } queue_len=119
[PAXOS-TICK] phase=WaitingForPromises elapsed=2 timeout=15 ballot=56 promises=0 accepted=0
[step=828] DELIVER from=7 to=1 type=Promise { ballot: 43, accepted_ballot: None, accepted_value: None } queue_len=119
[PROMISE-TRACE] from=7 received_ballot=43 current_ballot=56 match=false
[PAXOS-TICK] phase=WaitingForPromises elapsed=3 timeout=15 ballot=56 promises=0 accepted=0
[step=829] DELIVER from=8 to=1 type=Promise { ballot: 43, accepted_ballot: None, accepted_value: None } queue_len=118
[PROMISE-TRACE] from=8 received_ballot=43 current_ballot=56 match=false
[PAXOS-TICK] phase=WaitingForPromises elapsed=4 timeout=15 ballot=56 promises=0 accepted=0
[step=830] DELIVER from=9 to=1 type=Promise { ballot: 43, accepted_ballot: None, accepted_value: None } queue_len=117
[PROMISE-TRACE] from=9 received_ballot=43 current_ballot=56 match=false
[PAXOS-TICK] phase=WaitingForPromises elapsed=5 timeout=15 ballot=56 promises=0 accepted=0
[step=831] DELIVER from=1 to=1 type=Promise { ballot: 44, accepted_ballot: None, accepted_value: None } queue_len=116
[PROMISE-TRACE] from=1 received_ballot=44 current_ballot=56 match=false
[PAXOS-TICK] phase=WaitingForPromises elapsed=6 timeout=15 ballot=56 promises=0 accepted=0
[step=832] DELIVER from=2 to=1 type=Promise { ballot: 44, accepted_ballot: None, accepted_value: None } queue_len=115
[PROMISE-TRACE] from=2 received_ballot=44 current_ballot=56 match=false
[PAXOS-TICK] phase=WaitingForPromises elapsed=7 timeout=15 ballot=56 promises=0 accepted=0
[step=833] DELIVER from=3 to=1 type=Promise { ballot: 44, accepted_ballot: None, accepted_value: None } queue_len=114
[PROMISE-TRACE] from=3 received_ballot=44 current_ballot=56 match=false
[PAXOS-TICK] phase=WaitingForPromises elapsed=8 timeout=15 ballot=56 promises=0 accepted=0
[step=834] DELIVER from=1 to=1 type=Prepare { ballot: 50 } queue_len=113
[PAXOS-TICK] phase=WaitingForPromises elapsed=9 timeout=15 ballot=56 promises=0 accepted=0
[step=835] DELIVER from=1 to=2 type=Prepare { ballot: 50 } queue_len=113
[PAXOS-TICK] phase=WaitingForPromises elapsed=10 timeout=15 ballot=56 promises=0 accepted=0
[step=836] DELIVER from=1 to=3 type=Prepare { ballot: 50 } queue_len=113
[PAXOS-TICK] phase=WaitingForPromises elapsed=11 timeout=15 ballot=56 promises=0 accepted=0
[step=837] DELIVER from=1 to=4 type=Prepare { ballot: 50 } queue_len=113
[PAXOS-TICK] phase=WaitingForPromises elapsed=12 timeout=15 ballot=56 promises=0 accepted=0
[step=838] DELIVER from=1 to=5 type=Prepare { ballot: 50 } queue_len=113
[PAXOS-TICK] phase=WaitingForPromises elapsed=13 timeout=15 ballot=56 promises=0 accepted=0
[step=839] DELIVER from=1 to=6 type=Prepare { ballot: 50 } queue_len=113
[PAXOS-TICK] phase=WaitingForPromises elapsed=14 timeout=15 ballot=56 promises=0 accepted=0
[TIMEOUT-CAUSE] phase=WaitingForPromises ballot=56 promises=0 accepted=0 quorum=5
[step=840] DELIVER from=1 to=7 type=Prepare { ballot: 50 } queue_len=122
[PAXOS-TICK] phase=WaitingForPromises elapsed=0 timeout=15 ballot=57 promises=0 accepted=0
[step=841] DELIVER from=1 to=8 type=Prepare { ballot: 50 } queue_len=122
[PAXOS-TICK] phase=WaitingForPromises elapsed=1 timeout=15 ballot=57 promises=0 accepted=0
[step=842] DELIVER from=1 to=9 type=Prepare { ballot: 50 } queue_len=122
[PAXOS-TICK] phase=WaitingForPromises elapsed=2 timeout=15 ballot=57 promises=0 accepted=0
[step=843] DELIVER from=4 to=1 type=Promise { ballot: 44, accepted_ballot: None, accepted_value: None } queue_len=122
[PROMISE-TRACE] from=4 received_ballot=44 current_ballot=57 match=false
[PAXOS-TICK] phase=WaitingForPromises elapsed=3 timeout=15 ballot=57 promises=0 accepted=0
[step=844] DELIVER from=5 to=1 type=Promise { ballot: 44, accepted_ballot: None, accepted_value: None } queue_len=121
[PROMISE-TRACE] from=5 received_ballot=44 current_ballot=57 match=false
[PAXOS-TICK] phase=WaitingForPromises elapsed=4 timeout=15 ballot=57 promises=0 accepted=0
[step=845] DELIVER from=6 to=1 type=Promise { ballot: 44, accepted_ballot: None, accepted_value: None } queue_len=120
[PROMISE-TRACE] from=6 received_ballot=44 current_ballot=57 match=false
[PAXOS-TICK] phase=WaitingForPromises elapsed=5 timeout=15 ballot=57 promises=0 accepted=0
[step=846] DELIVER from=7 to=1 type=Promise { ballot: 44, accepted_ballot: None, accepted_value: None } queue_len=119
[PROMISE-TRACE] from=7 received_ballot=44 current_ballot=57 match=false
[PAXOS-TICK] phase=WaitingForPromises elapsed=6 timeout=15 ballot=57 promises=0 accepted=0
[step=847] DELIVER from=8 to=1 type=Promise { ballot: 44, accepted_ballot: None, accepted_value: None } queue_len=118
[PROMISE-TRACE] from=8 received_ballot=44 current_ballot=57 match=false
[PAXOS-TICK] phase=WaitingForPromises elapsed=7 timeout=15 ballot=57 promises=0 accepted=0
[step=848] DELIVER from=9 to=1 type=Promise { ballot: 44, accepted_ballot: None, accepted_value: None } queue_len=117
[PROMISE-TRACE] from=9 received_ballot=44 current_ballot=57 match=false
[PAXOS-TICK] phase=WaitingForPromises elapsed=8 timeout=15 ballot=57 promises=0 accepted=0
[step=849] DELIVER from=1 to=1 type=Prepare { ballot: 51 } queue_len=116
[PAXOS-TICK] phase=WaitingForPromises elapsed=9 timeout=15 ballot=57 promises=0 accepted=0
[step=850] DELIVER from=1 to=2 type=Prepare { ballot: 51 } queue_len=116
[PAXOS-TICK] phase=WaitingForPromises elapsed=10 timeout=15 ballot=57 promises=0 accepted=0
[step=851] DELIVER from=1 to=3 type=Prepare { ballot: 51 } queue_len=116
[PAXOS-TICK] phase=WaitingForPromises elapsed=11 timeout=15 ballot=57 promises=0 accepted=0
[step=852] DELIVER from=1 to=4 type=Prepare { ballot: 51 } queue_len=116
[PAXOS-TICK] phase=WaitingForPromises elapsed=12 timeout=15 ballot=57 promises=0 accepted=0
[step=853] DELIVER from=1 to=5 type=Prepare { ballot: 51 } queue_len=116
[PAXOS-TICK] phase=WaitingForPromises elapsed=13 timeout=15 ballot=57 promises=0 accepted=0
[step=854] DELIVER from=1 to=6 type=Prepare { ballot: 51 } queue_len=116
[PAXOS-TICK] phase=WaitingForPromises elapsed=14 timeout=15 ballot=57 promises=0 accepted=0
[TIMEOUT-CAUSE] phase=WaitingForPromises ballot=57 promises=0 accepted=0 quorum=5
[step=855] DELIVER from=1 to=7 type=Prepare { ballot: 51 } queue_len=125
[PAXOS-TICK] phase=WaitingForPromises elapsed=0 timeout=15 ballot=58 promises=0 accepted=0
[step=856] DELIVER from=1 to=8 type=Prepare { ballot: 51 } queue_len=125
[PAXOS-TICK] phase=WaitingForPromises elapsed=1 timeout=15 ballot=58 promises=0 accepted=0
[step=857] DELIVER from=1 to=9 type=Prepare { ballot: 51 } queue_len=125
[PAXOS-TICK] phase=WaitingForPromises elapsed=2 timeout=15 ballot=58 promises=0 accepted=0
[step=858] DELIVER from=1 to=1 type=Promise { ballot: 45, accepted_ballot: None, accepted_value: None } queue_len=125
[PROMISE-TRACE] from=1 received_ballot=45 current_ballot=58 match=false
[PAXOS-TICK] phase=WaitingForPromises elapsed=3 timeout=15 ballot=58 promises=0 accepted=0
[step=859] DELIVER from=2 to=1 type=Promise { ballot: 45, accepted_ballot: None, accepted_value: None } queue_len=124
[PROMISE-TRACE] from=2 received_ballot=45 current_ballot=58 match=false
[PAXOS-TICK] phase=WaitingForPromises elapsed=4 timeout=15 ballot=58 promises=0 accepted=0
[step=860] DELIVER from=3 to=1 type=Promise { ballot: 45, accepted_ballot: None, accepted_value: None } queue_len=123
[PROMISE-TRACE] from=3 received_ballot=45 current_ballot=58 match=false
[PAXOS-TICK] phase=WaitingForPromises elapsed=5 timeout=15 ballot=58 promises=0 accepted=0
[step=861] DELIVER from=4 to=1 type=Promise { ballot: 45, accepted_ballot: None, accepted_value: None } queue_len=122
[PROMISE-TRACE] from=4 received_ballot=45 current_ballot=58 match=false
[PAXOS-TICK] phase=WaitingForPromises elapsed=6 timeout=15 ballot=58 promises=0 accepted=0
[step=862] DELIVER from=5 to=1 type=Promise { ballot: 45, accepted_ballot: None, accepted_value: None } queue_len=121
[PROMISE-TRACE] from=5 received_ballot=45 current_ballot=58 match=false
[PAXOS-TICK] phase=WaitingForPromises elapsed=7 timeout=15 ballot=58 promises=0 accepted=0
[step=863] DELIVER from=6 to=1 type=Promise { ballot: 45, accepted_ballot: None, accepted_value: None } queue_len=120
[PROMISE-TRACE] from=6 received_ballot=45 current_ballot=58 match=false
[PAXOS-TICK] phase=WaitingForPromises elapsed=8 timeout=15 ballot=58 promises=0 accepted=0
[step=864] DELIVER from=7 to=1 type=Promise { ballot: 45, accepted_ballot: None, accepted_value: None } queue_len=119
[PROMISE-TRACE] from=7 received_ballot=45 current_ballot=58 match=false
[PAXOS-TICK] phase=WaitingForPromises elapsed=9 timeout=15 ballot=58 promises=0 accepted=0
[step=865] DELIVER from=8 to=1 type=Promise { ballot: 45, accepted_ballot: None, accepted_value: None } queue_len=118
[PROMISE-TRACE] from=8 received_ballot=45 current_ballot=58 match=false
[PAXOS-TICK] phase=WaitingForPromises elapsed=10 timeout=15 ballot=58 promises=0 accepted=0
[step=866] DELIVER from=9 to=1 type=Promise { ballot: 45, accepted_ballot: None, accepted_value: None } queue_len=117
[PROMISE-TRACE] from=9 received_ballot=45 current_ballot=58 match=false
[PAXOS-TICK] phase=WaitingForPromises elapsed=11 timeout=15 ballot=58 promises=0 accepted=0
[step=867] DELIVER from=1 to=1 type=Prepare { ballot: 52 } queue_len=116
[PAXOS-TICK] phase=WaitingForPromises elapsed=12 timeout=15 ballot=58 promises=0 accepted=0
[step=868] DELIVER from=1 to=2 type=Prepare { ballot: 52 } queue_len=116
[PAXOS-TICK] phase=WaitingForPromises elapsed=13 timeout=15 ballot=58 promises=0 accepted=0
[step=869] DELIVER from=1 to=3 type=Prepare { ballot: 52 } queue_len=116
[PAXOS-TICK] phase=WaitingForPromises elapsed=14 timeout=15 ballot=58 promises=0 accepted=0
[TIMEOUT-CAUSE] phase=WaitingForPromises ballot=58 promises=0 accepted=0 quorum=5
[step=870] DELIVER from=1 to=4 type=Prepare { ballot: 52 } queue_len=125
[PAXOS-TICK] phase=WaitingForPromises elapsed=0 timeout=15 ballot=59 promises=0 accepted=0
[step=871] DELIVER from=1 to=5 type=Prepare { ballot: 52 } queue_len=125
[PAXOS-TICK] phase=WaitingForPromises elapsed=1 timeout=15 ballot=59 promises=0 accepted=0
[step=872] DELIVER from=1 to=6 type=Prepare { ballot: 52 } queue_len=125
[PAXOS-TICK] phase=WaitingForPromises elapsed=2 timeout=15 ballot=59 promises=0 accepted=0
[step=873] DELIVER from=1 to=7 type=Prepare { ballot: 52 } queue_len=125
[PAXOS-TICK] phase=WaitingForPromises elapsed=3 timeout=15 ballot=59 promises=0 accepted=0
[step=874] DELIVER from=1 to=8 type=Prepare { ballot: 52 } queue_len=125
[PAXOS-TICK] phase=WaitingForPromises elapsed=4 timeout=15 ballot=59 promises=0 accepted=0
[step=875] DELIVER from=1 to=9 type=Prepare { ballot: 52 } queue_len=125
[PAXOS-TICK] phase=WaitingForPromises elapsed=5 timeout=15 ballot=59 promises=0 accepted=0
[step=876] DELIVER from=1 to=1 type=Promise { ballot: 46, accepted_ballot: None, accepted_value: None } queue_len=125
[PROMISE-TRACE] from=1 received_ballot=46 current_ballot=59 match=false
[PAXOS-TICK] phase=WaitingForPromises elapsed=6 timeout=15 ballot=59 promises=0 accepted=0
[step=877] DELIVER from=2 to=1 type=Promise { ballot: 46, accepted_ballot: None, accepted_value: None } queue_len=124
[PROMISE-TRACE] from=2 received_ballot=46 current_ballot=59 match=false
[PAXOS-TICK] phase=WaitingForPromises elapsed=7 timeout=15 ballot=59 promises=0 accepted=0
[step=878] DELIVER from=3 to=1 type=Promise { ballot: 46, accepted_ballot: None, accepted_value: None } queue_len=123
[PROMISE-TRACE] from=3 received_ballot=46 current_ballot=59 match=false
[PAXOS-TICK] phase=WaitingForPromises elapsed=8 timeout=15 ballot=59 promises=0 accepted=0
[step=879] DELIVER from=4 to=1 type=Promise { ballot: 46, accepted_ballot: None, accepted_value: None } queue_len=122
[PROMISE-TRACE] from=4 received_ballot=46 current_ballot=59 match=false
[PAXOS-TICK] phase=WaitingForPromises elapsed=9 timeout=15 ballot=59 promises=0 accepted=0
[step=880] DELIVER from=5 to=1 type=Promise { ballot: 46, accepted_ballot: None, accepted_value: None } queue_len=121
[PROMISE-TRACE] from=5 received_ballot=46 current_ballot=59 match=false
[PAXOS-TICK] phase=WaitingForPromises elapsed=10 timeout=15 ballot=59 promises=0 accepted=0
[step=881] DELIVER from=6 to=1 type=Promise { ballot: 46, accepted_ballot: None, accepted_value: None } queue_len=120
[PROMISE-TRACE] from=6 received_ballot=46 current_ballot=59 match=false
[PAXOS-TICK] phase=WaitingForPromises elapsed=11 timeout=15 ballot=59 promises=0 accepted=0
[step=882] DELIVER from=7 to=1 type=Promise { ballot: 46, accepted_ballot: None, accepted_value: None } queue_len=119
[PROMISE-TRACE] from=7 received_ballot=46 current_ballot=59 match=false
[PAXOS-TICK] phase=WaitingForPromises elapsed=12 timeout=15 ballot=59 promises=0 accepted=0
[step=883] DELIVER from=8 to=1 type=Promise { ballot: 46, accepted_ballot: None, accepted_value: None } queue_len=118
[PROMISE-TRACE] from=8 received_ballot=46 current_ballot=59 match=false
[PAXOS-TICK] phase=WaitingForPromises elapsed=13 timeout=15 ballot=59 promises=0 accepted=0
[step=884] DELIVER from=9 to=1 type=Promise { ballot: 46, accepted_ballot: None, accepted_value: None } queue_len=117
[PROMISE-TRACE] from=9 received_ballot=46 current_ballot=59 match=false
[PAXOS-TICK] phase=WaitingForPromises elapsed=14 timeout=15 ballot=59 promises=0 accepted=0
[TIMEOUT-CAUSE] phase=WaitingForPromises ballot=59 promises=0 accepted=0 quorum=5
[step=885] DELIVER from=1 to=1 type=Prepare { ballot: 53 } queue_len=125
[PAXOS-TICK] phase=WaitingForPromises elapsed=0 timeout=15 ballot=60 promises=0 accepted=0
[step=886] DELIVER from=1 to=2 type=Prepare { ballot: 53 } queue_len=125
[PAXOS-TICK] phase=WaitingForPromises elapsed=1 timeout=15 ballot=60 promises=0 accepted=0
[step=887] DELIVER from=1 to=3 type=Prepare { ballot: 53 } queue_len=125
[PAXOS-TICK] phase=WaitingForPromises elapsed=2 timeout=15 ballot=60 promises=0 accepted=0
[step=888] DELIVER from=1 to=4 type=Prepare { ballot: 53 } queue_len=125
[PAXOS-TICK] phase=WaitingForPromises elapsed=3 timeout=15 ballot=60 promises=0 accepted=0
[step=889] DELIVER from=1 to=5 type=Prepare { ballot: 53 } queue_len=125
[PAXOS-TICK] phase=WaitingForPromises elapsed=4 timeout=15 ballot=60 promises=0 accepted=0
[step=890] DELIVER from=1 to=6 type=Prepare { ballot: 53 } queue_len=125
[PAXOS-TICK] phase=WaitingForPromises elapsed=5 timeout=15 ballot=60 promises=0 accepted=0
[step=891] DELIVER from=1 to=7 type=Prepare { ballot: 53 } queue_len=125
[PAXOS-TICK] phase=WaitingForPromises elapsed=6 timeout=15 ballot=60 promises=0 accepted=0
[step=892] DELIVER from=1 to=8 type=Prepare { ballot: 53 } queue_len=125
[PAXOS-TICK] phase=WaitingForPromises elapsed=7 timeout=15 ballot=60 promises=0 accepted=0
[step=893] DELIVER from=1 to=9 type=Prepare { ballot: 53 } queue_len=125
[PAXOS-TICK] phase=WaitingForPromises elapsed=8 timeout=15 ballot=60 promises=0 accepted=0
[step=894] DELIVER from=1 to=1 type=Promise { ballot: 47, accepted_ballot: None, accepted_value: None } queue_len=125
[PROMISE-TRACE] from=1 received_ballot=47 current_ballot=60 match=false
[PAXOS-TICK] phase=WaitingForPromises elapsed=9 timeout=15 ballot=60 promises=0 accepted=0
[step=895] DELIVER from=2 to=1 type=Promise { ballot: 47, accepted_ballot: None, accepted_value: None } queue_len=124
[PROMISE-TRACE] from=2 received_ballot=47 current_ballot=60 match=false
[PAXOS-TICK] phase=WaitingForPromises elapsed=10 timeout=15 ballot=60 promises=0 accepted=0
[step=896] DELIVER from=3 to=1 type=Promise { ballot: 47, accepted_ballot: None, accepted_value: None } queue_len=123
[PROMISE-TRACE] from=3 received_ballot=47 current_ballot=60 match=false
[PAXOS-TICK] phase=WaitingForPromises elapsed=11 timeout=15 ballot=60 promises=0 accepted=0
[step=897] DELIVER from=4 to=1 type=Promise { ballot: 47, accepted_ballot: None, accepted_value: None } queue_len=122
[PROMISE-TRACE] from=4 received_ballot=47 current_ballot=60 match=false
[PAXOS-TICK] phase=WaitingForPromises elapsed=12 timeout=15 ballot=60 promises=0 accepted=0
[step=898] DELIVER from=5 to=1 type=Promise { ballot: 47, accepted_ballot: None, accepted_value: None } queue_len=121
[PROMISE-TRACE] from=5 received_ballot=47 current_ballot=60 match=false
[PAXOS-TICK] phase=WaitingForPromises elapsed=13 timeout=15 ballot=60 promises=0 accepted=0
[step=899] DELIVER from=6 to=1 type=Promise { ballot: 47, accepted_ballot: None, accepted_value: None } queue_len=120
[PROMISE-TRACE] from=6 received_ballot=47 current_ballot=60 match=false
[PAXOS-TICK] phase=WaitingForPromises elapsed=14 timeout=15 ballot=60 promises=0 accepted=0
[TIMEOUT-CAUSE] phase=WaitingForPromises ballot=60 promises=0 accepted=0 quorum=5
[step=900] DELIVER from=7 to=1 type=Promise { ballot: 47, accepted_ballot: None, accepted_value: None } queue_len=128
[PROMISE-TRACE] from=7 received_ballot=47 current_ballot=61 match=false
[PAXOS-TICK] phase=WaitingForPromises elapsed=0 timeout=15 ballot=61 promises=0 accepted=0
[step=901] DELIVER from=8 to=1 type=Promise { ballot: 47, accepted_ballot: None, accepted_value: None } queue_len=127
[PROMISE-TRACE] from=8 received_ballot=47 current_ballot=61 match=false
[PAXOS-TICK] phase=WaitingForPromises elapsed=1 timeout=15 ballot=61 promises=0 accepted=0
[step=902] DELIVER from=9 to=1 type=Promise { ballot: 47, accepted_ballot: None, accepted_value: None } queue_len=126
[PROMISE-TRACE] from=9 received_ballot=47 current_ballot=61 match=false
[PAXOS-TICK] phase=WaitingForPromises elapsed=2 timeout=15 ballot=61 promises=0 accepted=0
[step=903] DELIVER from=1 to=1 type=Prepare { ballot: 54 } queue_len=125
[PAXOS-TICK] phase=WaitingForPromises elapsed=3 timeout=15 ballot=61 promises=0 accepted=0
[step=904] DELIVER from=1 to=2 type=Prepare { ballot: 54 } queue_len=125
[PAXOS-TICK] phase=WaitingForPromises elapsed=4 timeout=15 ballot=61 promises=0 accepted=0
[step=905] DELIVER from=1 to=3 type=Prepare { ballot: 54 } queue_len=125
[PAXOS-TICK] phase=WaitingForPromises elapsed=5 timeout=15 ballot=61 promises=0 accepted=0
[step=906] DELIVER from=1 to=4 type=Prepare { ballot: 54 } queue_len=125
[PAXOS-TICK] phase=WaitingForPromises elapsed=6 timeout=15 ballot=61 promises=0 accepted=0
[step=907] DELIVER from=1 to=5 type=Prepare { ballot: 54 } queue_len=125
[PAXOS-TICK] phase=WaitingForPromises elapsed=7 timeout=15 ballot=61 promises=0 accepted=0
[step=908] DELIVER from=1 to=6 type=Prepare { ballot: 54 } queue_len=125
[PAXOS-TICK] phase=WaitingForPromises elapsed=8 timeout=15 ballot=61 promises=0 accepted=0
[step=909] DELIVER from=1 to=7 type=Prepare { ballot: 54 } queue_len=125
[PAXOS-TICK] phase=WaitingForPromises elapsed=9 timeout=15 ballot=61 promises=0 accepted=0
[step=910] DELIVER from=1 to=8 type=Prepare { ballot: 54 } queue_len=125
[PAXOS-TICK] phase=WaitingForPromises elapsed=10 timeout=15 ballot=61 promises=0 accepted=0
[step=911] DELIVER from=1 to=9 type=Prepare { ballot: 54 } queue_len=125
[PAXOS-TICK] phase=WaitingForPromises elapsed=11 timeout=15 ballot=61 promises=0 accepted=0
[step=912] DELIVER from=1 to=1 type=Promise { ballot: 48, accepted_ballot: None, accepted_value: None } queue_len=125
[PROMISE-TRACE] from=1 received_ballot=48 current_ballot=61 match=false
[PAXOS-TICK] phase=WaitingForPromises elapsed=12 timeout=15 ballot=61 promises=0 accepted=0
[step=913] DELIVER from=2 to=1 type=Promise { ballot: 48, accepted_ballot: None, accepted_value: None } queue_len=124
[PROMISE-TRACE] from=2 received_ballot=48 current_ballot=61 match=false
[PAXOS-TICK] phase=WaitingForPromises elapsed=13 timeout=15 ballot=61 promises=0 accepted=0
[step=914] DELIVER from=3 to=1 type=Promise { ballot: 48, accepted_ballot: None, accepted_value: None } queue_len=123
[PROMISE-TRACE] from=3 received_ballot=48 current_ballot=61 match=false
[PAXOS-TICK] phase=WaitingForPromises elapsed=14 timeout=15 ballot=61 promises=0 accepted=0
[TIMEOUT-CAUSE] phase=WaitingForPromises ballot=61 promises=0 accepted=0 quorum=5
[step=915] DELIVER from=4 to=1 type=Promise { ballot: 48, accepted_ballot: None, accepted_value: None } queue_len=131
[PROMISE-TRACE] from=4 received_ballot=48 current_ballot=62 match=false
[PAXOS-TICK] phase=WaitingForPromises elapsed=0 timeout=15 ballot=62 promises=0 accepted=0
[step=916] DELIVER from=5 to=1 type=Promise { ballot: 48, accepted_ballot: None, accepted_value: None } queue_len=130
[PROMISE-TRACE] from=5 received_ballot=48 current_ballot=62 match=false
[PAXOS-TICK] phase=WaitingForPromises elapsed=1 timeout=15 ballot=62 promises=0 accepted=0
[step=917] DELIVER from=6 to=1 type=Promise { ballot: 48, accepted_ballot: None, accepted_value: None } queue_len=129
[PROMISE-TRACE] from=6 received_ballot=48 current_ballot=62 match=false
[PAXOS-TICK] phase=WaitingForPromises elapsed=2 timeout=15 ballot=62 promises=0 accepted=0
[step=918] DELIVER from=1 to=1 type=Prepare { ballot: 55 } queue_len=128
[PAXOS-TICK] phase=WaitingForPromises elapsed=3 timeout=15 ballot=62 promises=0 accepted=0
[step=919] DELIVER from=1 to=2 type=Prepare { ballot: 55 } queue_len=128
[PAXOS-TICK] phase=WaitingForPromises elapsed=4 timeout=15 ballot=62 promises=0 accepted=0
[step=920] DELIVER from=1 to=3 type=Prepare { ballot: 55 } queue_len=128
[PAXOS-TICK] phase=WaitingForPromises elapsed=5 timeout=15 ballot=62 promises=0 accepted=0
[step=921] DELIVER from=1 to=4 type=Prepare { ballot: 55 } queue_len=128
[PAXOS-TICK] phase=WaitingForPromises elapsed=6 timeout=15 ballot=62 promises=0 accepted=0
[step=922] DELIVER from=1 to=5 type=Prepare { ballot: 55 } queue_len=128
[PAXOS-TICK] phase=WaitingForPromises elapsed=7 timeout=15 ballot=62 promises=0 accepted=0
[step=923] DELIVER from=1 to=6 type=Prepare { ballot: 55 } queue_len=128
[PAXOS-TICK] phase=WaitingForPromises elapsed=8 timeout=15 ballot=62 promises=0 accepted=0
[step=924] DELIVER from=1 to=7 type=Prepare { ballot: 55 } queue_len=128
[PAXOS-TICK] phase=WaitingForPromises elapsed=9 timeout=15 ballot=62 promises=0 accepted=0
[step=925] DELIVER from=1 to=8 type=Prepare { ballot: 55 } queue_len=128
[PAXOS-TICK] phase=WaitingForPromises elapsed=10 timeout=15 ballot=62 promises=0 accepted=0
[step=926] DELIVER from=1 to=9 type=Prepare { ballot: 55 } queue_len=128
[PAXOS-TICK] phase=WaitingForPromises elapsed=11 timeout=15 ballot=62 promises=0 accepted=0
[step=927] DELIVER from=7 to=1 type=Promise { ballot: 48, accepted_ballot: None, accepted_value: None } queue_len=128
[PROMISE-TRACE] from=7 received_ballot=48 current_ballot=62 match=false
[PAXOS-TICK] phase=WaitingForPromises elapsed=12 timeout=15 ballot=62 promises=0 accepted=0
[step=928] DELIVER from=8 to=1 type=Promise { ballot: 48, accepted_ballot: None, accepted_value: None } queue_len=127
[PROMISE-TRACE] from=8 received_ballot=48 current_ballot=62 match=false
[PAXOS-TICK] phase=WaitingForPromises elapsed=13 timeout=15 ballot=62 promises=0 accepted=0
[step=929] DELIVER from=9 to=1 type=Promise { ballot: 48, accepted_ballot: None, accepted_value: None } queue_len=126
[PROMISE-TRACE] from=9 received_ballot=48 current_ballot=62 match=false
[PAXOS-TICK] phase=WaitingForPromises elapsed=14 timeout=15 ballot=62 promises=0 accepted=0
[TIMEOUT-CAUSE] phase=WaitingForPromises ballot=62 promises=0 accepted=0 quorum=5
[step=930] DELIVER from=1 to=1 type=Promise { ballot: 49, accepted_ballot: None, accepted_value: None } queue_len=134
[PROMISE-TRACE] from=1 received_ballot=49 current_ballot=63 match=false
[PAXOS-TICK] phase=WaitingForPromises elapsed=0 timeout=15 ballot=63 promises=0 accepted=0
[step=931] DELIVER from=2 to=1 type=Promise { ballot: 49, accepted_ballot: None, accepted_value: None } queue_len=133
[PROMISE-TRACE] from=2 received_ballot=49 current_ballot=63 match=false
[PAXOS-TICK] phase=WaitingForPromises elapsed=1 timeout=15 ballot=63 promises=0 accepted=0
[step=932] DELIVER from=3 to=1 type=Promise { ballot: 49, accepted_ballot: None, accepted_value: None } queue_len=132
[PROMISE-TRACE] from=3 received_ballot=49 current_ballot=63 match=false
[PAXOS-TICK] phase=WaitingForPromises elapsed=2 timeout=15 ballot=63 promises=0 accepted=0
[step=933] DELIVER from=4 to=1 type=Promise { ballot: 49, accepted_ballot: None, accepted_value: None } queue_len=131
[PROMISE-TRACE] from=4 received_ballot=49 current_ballot=63 match=false
[PAXOS-TICK] phase=WaitingForPromises elapsed=3 timeout=15 ballot=63 promises=0 accepted=0
[step=934] DELIVER from=5 to=1 type=Promise { ballot: 49, accepted_ballot: None, accepted_value: None } queue_len=130
[PROMISE-TRACE] from=5 received_ballot=49 current_ballot=63 match=false
[PAXOS-TICK] phase=WaitingForPromises elapsed=4 timeout=15 ballot=63 promises=0 accepted=0
[step=935] DELIVER from=6 to=1 type=Promise { ballot: 49, accepted_ballot: None, accepted_value: None } queue_len=129
[PROMISE-TRACE] from=6 received_ballot=49 current_ballot=63 match=false
[PAXOS-TICK] phase=WaitingForPromises elapsed=5 timeout=15 ballot=63 promises=0 accepted=0
[step=936] DELIVER from=1 to=1 type=Prepare { ballot: 56 } queue_len=128
[PAXOS-TICK] phase=WaitingForPromises elapsed=6 timeout=15 ballot=63 promises=0 accepted=0
[step=937] DELIVER from=1 to=2 type=Prepare { ballot: 56 } queue_len=128
[PAXOS-TICK] phase=WaitingForPromises elapsed=7 timeout=15 ballot=63 promises=0 accepted=0
[step=938] DELIVER from=1 to=3 type=Prepare { ballot: 56 } queue_len=128
[PAXOS-TICK] phase=WaitingForPromises elapsed=8 timeout=15 ballot=63 promises=0 accepted=0
[step=939] DELIVER from=1 to=4 type=Prepare { ballot: 56 } queue_len=128
[PAXOS-TICK] phase=WaitingForPromises elapsed=9 timeout=15 ballot=63 promises=0 accepted=0
[step=940] DELIVER from=1 to=5 type=Prepare { ballot: 56 } queue_len=128
[PAXOS-TICK] phase=WaitingForPromises elapsed=10 timeout=15 ballot=63 promises=0 accepted=0
[step=941] DELIVER from=1 to=6 type=Prepare { ballot: 56 } queue_len=128
[PAXOS-TICK] phase=WaitingForPromises elapsed=11 timeout=15 ballot=63 promises=0 accepted=0
[step=942] DELIVER from=1 to=7 type=Prepare { ballot: 56 } queue_len=128
[PAXOS-TICK] phase=WaitingForPromises elapsed=12 timeout=15 ballot=63 promises=0 accepted=0
[step=943] DELIVER from=1 to=8 type=Prepare { ballot: 56 } queue_len=128
[PAXOS-TICK] phase=WaitingForPromises elapsed=13 timeout=15 ballot=63 promises=0 accepted=0
[step=944] DELIVER from=1 to=9 type=Prepare { ballot: 56 } queue_len=128
[PAXOS-TICK] phase=WaitingForPromises elapsed=14 timeout=15 ballot=63 promises=0 accepted=0
[TIMEOUT-CAUSE] phase=WaitingForPromises ballot=63 promises=0 accepted=0 quorum=5
[step=945] DELIVER from=7 to=1 type=Promise { ballot: 49, accepted_ballot: None, accepted_value: None } queue_len=137
[PROMISE-TRACE] from=7 received_ballot=49 current_ballot=64 match=false
[PAXOS-TICK] phase=WaitingForPromises elapsed=0 timeout=15 ballot=64 promises=0 accepted=0
[step=946] DELIVER from=8 to=1 type=Promise { ballot: 49, accepted_ballot: None, accepted_value: None } queue_len=136
[PROMISE-TRACE] from=8 received_ballot=49 current_ballot=64 match=false
[PAXOS-TICK] phase=WaitingForPromises elapsed=1 timeout=15 ballot=64 promises=0 accepted=0
[step=947] DELIVER from=9 to=1 type=Promise { ballot: 49, accepted_ballot: None, accepted_value: None } queue_len=135
[PROMISE-TRACE] from=9 received_ballot=49 current_ballot=64 match=false
[PAXOS-TICK] phase=WaitingForPromises elapsed=2 timeout=15 ballot=64 promises=0 accepted=0
[step=948] DELIVER from=1 to=1 type=Promise { ballot: 50, accepted_ballot: None, accepted_value: None } queue_len=134
[PROMISE-TRACE] from=1 received_ballot=50 current_ballot=64 match=false
[PAXOS-TICK] phase=WaitingForPromises elapsed=3 timeout=15 ballot=64 promises=0 accepted=0
[step=949] DELIVER from=2 to=1 type=Promise { ballot: 50, accepted_ballot: None, accepted_value: None } queue_len=133
[PROMISE-TRACE] from=2 received_ballot=50 current_ballot=64 match=false
[PAXOS-TICK] phase=WaitingForPromises elapsed=4 timeout=15 ballot=64 promises=0 accepted=0
[step=950] DELIVER from=3 to=1 type=Promise { ballot: 50, accepted_ballot: None, accepted_value: None } queue_len=132
[PROMISE-TRACE] from=3 received_ballot=50 current_ballot=64 match=false
[PAXOS-TICK] phase=WaitingForPromises elapsed=5 timeout=15 ballot=64 promises=0 accepted=0
[step=951] DELIVER from=4 to=1 type=Promise { ballot: 50, accepted_ballot: None, accepted_value: None } queue_len=131
[PROMISE-TRACE] from=4 received_ballot=50 current_ballot=64 match=false
[PAXOS-TICK] phase=WaitingForPromises elapsed=6 timeout=15 ballot=64 promises=0 accepted=0
[step=952] DELIVER from=5 to=1 type=Promise { ballot: 50, accepted_ballot: None, accepted_value: None } queue_len=130
[PROMISE-TRACE] from=5 received_ballot=50 current_ballot=64 match=false
[PAXOS-TICK] phase=WaitingForPromises elapsed=7 timeout=15 ballot=64 promises=0 accepted=0
[step=953] DELIVER from=6 to=1 type=Promise { ballot: 50, accepted_ballot: None, accepted_value: None } queue_len=129
[PROMISE-TRACE] from=6 received_ballot=50 current_ballot=64 match=false
[PAXOS-TICK] phase=WaitingForPromises elapsed=8 timeout=15 ballot=64 promises=0 accepted=0
[step=954] DELIVER from=1 to=1 type=Prepare { ballot: 57 } queue_len=128
[PAXOS-TICK] phase=WaitingForPromises elapsed=9 timeout=15 ballot=64 promises=0 accepted=0
[step=955] DELIVER from=1 to=2 type=Prepare { ballot: 57 } queue_len=128
[PAXOS-TICK] phase=WaitingForPromises elapsed=10 timeout=15 ballot=64 promises=0 accepted=0
[step=956] DELIVER from=1 to=3 type=Prepare { ballot: 57 } queue_len=128
[PAXOS-TICK] phase=WaitingForPromises elapsed=11 timeout=15 ballot=64 promises=0 accepted=0
[step=957] DELIVER from=1 to=4 type=Prepare { ballot: 57 } queue_len=128
[PAXOS-TICK] phase=WaitingForPromises elapsed=12 timeout=15 ballot=64 promises=0 accepted=0
[step=958] DELIVER from=1 to=5 type=Prepare { ballot: 57 } queue_len=128
[PAXOS-TICK] phase=WaitingForPromises elapsed=13 timeout=15 ballot=64 promises=0 accepted=0
[step=959] DELIVER from=1 to=6 type=Prepare { ballot: 57 } queue_len=128
[PAXOS-TICK] phase=WaitingForPromises elapsed=14 timeout=15 ballot=64 promises=0 accepted=0
[TIMEOUT-CAUSE] phase=WaitingForPromises ballot=64 promises=0 accepted=0 quorum=5
[step=960] DELIVER from=1 to=7 type=Prepare { ballot: 57 } queue_len=137
[PAXOS-TICK] phase=WaitingForPromises elapsed=0 timeout=15 ballot=65 promises=0 accepted=0
[step=961] DELIVER from=1 to=8 type=Prepare { ballot: 57 } queue_len=137
[PAXOS-TICK] phase=WaitingForPromises elapsed=1 timeout=15 ballot=65 promises=0 accepted=0
[step=962] DELIVER from=1 to=9 type=Prepare { ballot: 57 } queue_len=137
[PAXOS-TICK] phase=WaitingForPromises elapsed=2 timeout=15 ballot=65 promises=0 accepted=0
[step=963] DELIVER from=7 to=1 type=Promise { ballot: 50, accepted_ballot: None, accepted_value: None } queue_len=137
[PROMISE-TRACE] from=7 received_ballot=50 current_ballot=65 match=false
[PAXOS-TICK] phase=WaitingForPromises elapsed=3 timeout=15 ballot=65 promises=0 accepted=0
[step=964] DELIVER from=8 to=1 type=Promise { ballot: 50, accepted_ballot: None, accepted_value: None } queue_len=136
[PROMISE-TRACE] from=8 received_ballot=50 current_ballot=65 match=false
[PAXOS-TICK] phase=WaitingForPromises elapsed=4 timeout=15 ballot=65 promises=0 accepted=0
[step=965] DELIVER from=9 to=1 type=Promise { ballot: 50, accepted_ballot: None, accepted_value: None } queue_len=135
[PROMISE-TRACE] from=9 received_ballot=50 current_ballot=65 match=false
[PAXOS-TICK] phase=WaitingForPromises elapsed=5 timeout=15 ballot=65 promises=0 accepted=0
[step=966] DELIVER from=1 to=1 type=Promise { ballot: 51, accepted_ballot: None, accepted_value: None } queue_len=134
[PROMISE-TRACE] from=1 received_ballot=51 current_ballot=65 match=false
[PAXOS-TICK] phase=WaitingForPromises elapsed=6 timeout=15 ballot=65 promises=0 accepted=0
[step=967] DELIVER from=2 to=1 type=Promise { ballot: 51, accepted_ballot: None, accepted_value: None } queue_len=133
[PROMISE-TRACE] from=2 received_ballot=51 current_ballot=65 match=false
[PAXOS-TICK] phase=WaitingForPromises elapsed=7 timeout=15 ballot=65 promises=0 accepted=0
[step=968] DELIVER from=3 to=1 type=Promise { ballot: 51, accepted_ballot: None, accepted_value: None } queue_len=132
[PROMISE-TRACE] from=3 received_ballot=51 current_ballot=65 match=false
[PAXOS-TICK] phase=WaitingForPromises elapsed=8 timeout=15 ballot=65 promises=0 accepted=0
[step=969] DELIVER from=4 to=1 type=Promise { ballot: 51, accepted_ballot: None, accepted_value: None } queue_len=131
[PROMISE-TRACE] from=4 received_ballot=51 current_ballot=65 match=false
[PAXOS-TICK] phase=WaitingForPromises elapsed=9 timeout=15 ballot=65 promises=0 accepted=0
[step=970] DELIVER from=5 to=1 type=Promise { ballot: 51, accepted_ballot: None, accepted_value: None } queue_len=130
[PROMISE-TRACE] from=5 received_ballot=51 current_ballot=65 match=false
[PAXOS-TICK] phase=WaitingForPromises elapsed=10 timeout=15 ballot=65 promises=0 accepted=0
[step=971] DELIVER from=6 to=1 type=Promise { ballot: 51, accepted_ballot: None, accepted_value: None } queue_len=129
[PROMISE-TRACE] from=6 received_ballot=51 current_ballot=65 match=false
[PAXOS-TICK] phase=WaitingForPromises elapsed=11 timeout=15 ballot=65 promises=0 accepted=0
[step=972] DELIVER from=1 to=1 type=Prepare { ballot: 58 } queue_len=128
[PAXOS-TICK] phase=WaitingForPromises elapsed=12 timeout=15 ballot=65 promises=0 accepted=0
[step=973] DELIVER from=1 to=2 type=Prepare { ballot: 58 } queue_len=128
[PAXOS-TICK] phase=WaitingForPromises elapsed=13 timeout=15 ballot=65 promises=0 accepted=0
[step=974] DELIVER from=1 to=3 type=Prepare { ballot: 58 } queue_len=128
[PAXOS-TICK] phase=WaitingForPromises elapsed=14 timeout=15 ballot=65 promises=0 accepted=0
[TIMEOUT-CAUSE] phase=WaitingForPromises ballot=65 promises=0 accepted=0 quorum=5
[step=975] DELIVER from=1 to=4 type=Prepare { ballot: 58 } queue_len=137
[PAXOS-TICK] phase=WaitingForPromises elapsed=0 timeout=15 ballot=66 promises=0 accepted=0
[step=976] DELIVER from=1 to=5 type=Prepare { ballot: 58 } queue_len=137
[PAXOS-TICK] phase=WaitingForPromises elapsed=1 timeout=15 ballot=66 promises=0 accepted=0
[step=977] DELIVER from=1 to=6 type=Prepare { ballot: 58 } queue_len=137
[PAXOS-TICK] phase=WaitingForPromises elapsed=2 timeout=15 ballot=66 promises=0 accepted=0
[step=978] DELIVER from=1 to=7 type=Prepare { ballot: 58 } queue_len=137
[PAXOS-TICK] phase=WaitingForPromises elapsed=3 timeout=15 ballot=66 promises=0 accepted=0
[step=979] DELIVER from=1 to=8 type=Prepare { ballot: 58 } queue_len=137
[PAXOS-TICK] phase=WaitingForPromises elapsed=4 timeout=15 ballot=66 promises=0 accepted=0
[step=980] DELIVER from=1 to=9 type=Prepare { ballot: 58 } queue_len=137
[PAXOS-TICK] phase=WaitingForPromises elapsed=5 timeout=15 ballot=66 promises=0 accepted=0
[step=981] DELIVER from=7 to=1 type=Promise { ballot: 51, accepted_ballot: None, accepted_value: None } queue_len=137
[PROMISE-TRACE] from=7 received_ballot=51 current_ballot=66 match=false
[PAXOS-TICK] phase=WaitingForPromises elapsed=6 timeout=15 ballot=66 promises=0 accepted=0
[step=982] DELIVER from=8 to=1 type=Promise { ballot: 51, accepted_ballot: None, accepted_value: None } queue_len=136
[PROMISE-TRACE] from=8 received_ballot=51 current_ballot=66 match=false
[PAXOS-TICK] phase=WaitingForPromises elapsed=7 timeout=15 ballot=66 promises=0 accepted=0
[step=983] DELIVER from=9 to=1 type=Promise { ballot: 51, accepted_ballot: None, accepted_value: None } queue_len=135
[PROMISE-TRACE] from=9 received_ballot=51 current_ballot=66 match=false
[PAXOS-TICK] phase=WaitingForPromises elapsed=8 timeout=15 ballot=66 promises=0 accepted=0
[step=984] DELIVER from=1 to=1 type=Promise { ballot: 52, accepted_ballot: None, accepted_value: None } queue_len=134
[PROMISE-TRACE] from=1 received_ballot=52 current_ballot=66 match=false
[PAXOS-TICK] phase=WaitingForPromises elapsed=9 timeout=15 ballot=66 promises=0 accepted=0
[step=985] DELIVER from=2 to=1 type=Promise { ballot: 52, accepted_ballot: None, accepted_value: None } queue_len=133
[PROMISE-TRACE] from=2 received_ballot=52 current_ballot=66 match=false
[PAXOS-TICK] phase=WaitingForPromises elapsed=10 timeout=15 ballot=66 promises=0 accepted=0
[step=986] DELIVER from=3 to=1 type=Promise { ballot: 52, accepted_ballot: None, accepted_value: None } queue_len=132
[PROMISE-TRACE] from=3 received_ballot=52 current_ballot=66 match=false
[PAXOS-TICK] phase=WaitingForPromises elapsed=11 timeout=15 ballot=66 promises=0 accepted=0
[step=987] DELIVER from=1 to=1 type=Prepare { ballot: 59 } queue_len=131
[PAXOS-TICK] phase=WaitingForPromises elapsed=12 timeout=15 ballot=66 promises=0 accepted=0
[step=988] DELIVER from=1 to=2 type=Prepare { ballot: 59 } queue_len=131
[PAXOS-TICK] phase=WaitingForPromises elapsed=13 timeout=15 ballot=66 promises=0 accepted=0
[step=989] DELIVER from=1 to=3 type=Prepare { ballot: 59 } queue_len=131
[PAXOS-TICK] phase=WaitingForPromises elapsed=14 timeout=15 ballot=66 promises=0 accepted=0
[TIMEOUT-CAUSE] phase=WaitingForPromises ballot=66 promises=0 accepted=0 quorum=5
[step=990] DELIVER from=1 to=4 type=Prepare { ballot: 59 } queue_len=140
[PAXOS-TICK] phase=WaitingForPromises elapsed=0 timeout=15 ballot=67 promises=0 accepted=0
[step=991] DELIVER from=1 to=5 type=Prepare { ballot: 59 } queue_len=140
[PAXOS-TICK] phase=WaitingForPromises elapsed=1 timeout=15 ballot=67 promises=0 accepted=0
[step=992] DELIVER from=1 to=6 type=Prepare { ballot: 59 } queue_len=140
[PAXOS-TICK] phase=WaitingForPromises elapsed=2 timeout=15 ballot=67 promises=0 accepted=0
[step=993] DELIVER from=1 to=7 type=Prepare { ballot: 59 } queue_len=140
[PAXOS-TICK] phase=WaitingForPromises elapsed=3 timeout=15 ballot=67 promises=0 accepted=0
[step=994] DELIVER from=1 to=8 type=Prepare { ballot: 59 } queue_len=140
[PAXOS-TICK] phase=WaitingForPromises elapsed=4 timeout=15 ballot=67 promises=0 accepted=0
[step=995] DELIVER from=1 to=9 type=Prepare { ballot: 59 } queue_len=140
[PAXOS-TICK] phase=WaitingForPromises elapsed=5 timeout=15 ballot=67 promises=0 accepted=0
[step=996] DELIVER from=4 to=1 type=Promise { ballot: 52, accepted_ballot: None, accepted_value: None } queue_len=140
[PROMISE-TRACE] from=4 received_ballot=52 current_ballot=67 match=false
[PAXOS-TICK] phase=WaitingForPromises elapsed=6 timeout=15 ballot=67 promises=0 accepted=0
[step=997] DELIVER from=5 to=1 type=Promise { ballot: 52, accepted_ballot: None, accepted_value: None } queue_len=139
[PROMISE-TRACE] from=5 received_ballot=52 current_ballot=67 match=false
[PAXOS-TICK] phase=WaitingForPromises elapsed=7 timeout=15 ballot=67 promises=0 accepted=0
[step=998] DELIVER from=6 to=1 type=Promise { ballot: 52, accepted_ballot: None, accepted_value: None } queue_len=138
[PROMISE-TRACE] from=6 received_ballot=52 current_ballot=67 match=false
[PAXOS-TICK] phase=WaitingForPromises elapsed=8 timeout=15 ballot=67 promises=0 accepted=0
[step=999] DELIVER from=7 to=1 type=Promise { ballot: 52, accepted_ballot: None, accepted_value: None } queue_len=137
[PROMISE-TRACE] from=7 received_ballot=52 current_ballot=67 match=false
[PAXOS-TICK] phase=WaitingForPromises elapsed=9 timeout=15 ballot=67 promises=0 accepted=0
[step=1000] DELIVER from=8 to=1 type=Promise { ballot: 52, accepted_ballot: None, accepted_value: None } queue_len=136
[PROMISE-TRACE] from=8 received_ballot=52 current_ballot=67 match=false
[PAXOS-TICK] phase=WaitingForPromises elapsed=10 timeout=15 ballot=67 promises=0 accepted=0
[step=1001] DELIVER from=9 to=1 type=Promise { ballot: 52, accepted_ballot: None, accepted_value: None } queue_len=135
[PROMISE-TRACE] from=9 received_ballot=52 current_ballot=67 match=false
[PAXOS-TICK] phase=WaitingForPromises elapsed=11 timeout=15 ballot=67 promises=0 accepted=0
[step=1002] DELIVER from=1 to=1 type=Prepare { ballot: 60 } queue_len=134
[PAXOS-TICK] phase=WaitingForPromises elapsed=12 timeout=15 ballot=67 promises=0 accepted=0
[step=1003] DELIVER from=1 to=2 type=Prepare { ballot: 60 } queue_len=134
[PAXOS-TICK] phase=WaitingForPromises elapsed=13 timeout=15 ballot=67 promises=0 accepted=0
[step=1004] DELIVER from=1 to=3 type=Prepare { ballot: 60 } queue_len=134
[PAXOS-TICK] phase=WaitingForPromises elapsed=14 timeout=15 ballot=67 promises=0 accepted=0
[TIMEOUT-CAUSE] phase=WaitingForPromises ballot=67 promises=0 accepted=0 quorum=5
[step=1005] DELIVER from=1 to=4 type=Prepare { ballot: 60 } queue_len=143
[PAXOS-TICK] phase=WaitingForPromises elapsed=0 timeout=15 ballot=68 promises=0 accepted=0
[step=1006] DELIVER from=1 to=5 type=Prepare { ballot: 60 } queue_len=143
[PAXOS-TICK] phase=WaitingForPromises elapsed=1 timeout=15 ballot=68 promises=0 accepted=0
[step=1007] DELIVER from=1 to=6 type=Prepare { ballot: 60 } queue_len=143
[PAXOS-TICK] phase=WaitingForPromises elapsed=2 timeout=15 ballot=68 promises=0 accepted=0
[step=1008] DELIVER from=1 to=7 type=Prepare { ballot: 60 } queue_len=143
[PAXOS-TICK] phase=WaitingForPromises elapsed=3 timeout=15 ballot=68 promises=0 accepted=0
[step=1009] DELIVER from=1 to=8 type=Prepare { ballot: 60 } queue_len=143
[PAXOS-TICK] phase=WaitingForPromises elapsed=4 timeout=15 ballot=68 promises=0 accepted=0
[step=1010] DELIVER from=1 to=9 type=Prepare { ballot: 60 } queue_len=143
[PAXOS-TICK] phase=WaitingForPromises elapsed=5 timeout=15 ballot=68 promises=0 accepted=0
[step=1011] DELIVER from=1 to=1 type=Promise { ballot: 53, accepted_ballot: None, accepted_value: None } queue_len=143
[PROMISE-TRACE] from=1 received_ballot=53 current_ballot=68 match=false
[PAXOS-TICK] phase=WaitingForPromises elapsed=6 timeout=15 ballot=68 promises=0 accepted=0
[step=1012] DELIVER from=2 to=1 type=Promise { ballot: 53, accepted_ballot: None, accepted_value: None } queue_len=142
[PROMISE-TRACE] from=2 received_ballot=53 current_ballot=68 match=false
[PAXOS-TICK] phase=WaitingForPromises elapsed=7 timeout=15 ballot=68 promises=0 accepted=0
[step=1013] DELIVER from=3 to=1 type=Promise { ballot: 53, accepted_ballot: None, accepted_value: None } queue_len=141
[PROMISE-TRACE] from=3 received_ballot=53 current_ballot=68 match=false
[PAXOS-TICK] phase=WaitingForPromises elapsed=8 timeout=15 ballot=68 promises=0 accepted=0
[step=1014] DELIVER from=4 to=1 type=Promise { ballot: 53, accepted_ballot: None, accepted_value: None } queue_len=140
[PROMISE-TRACE] from=4 received_ballot=53 current_ballot=68 match=false
[PAXOS-TICK] phase=WaitingForPromises elapsed=9 timeout=15 ballot=68 promises=0 accepted=0
[step=1015] DELIVER from=5 to=1 type=Promise { ballot: 53, accepted_ballot: None, accepted_value: None } queue_len=139
[PROMISE-TRACE] from=5 received_ballot=53 current_ballot=68 match=false
[PAXOS-TICK] phase=WaitingForPromises elapsed=10 timeout=15 ballot=68 promises=0 accepted=0
[step=1016] DELIVER from=6 to=1 type=Promise { ballot: 53, accepted_ballot: None, accepted_value: None } queue_len=138
[PROMISE-TRACE] from=6 received_ballot=53 current_ballot=68 match=false
[PAXOS-TICK] phase=WaitingForPromises elapsed=11 timeout=15 ballot=68 promises=0 accepted=0
[step=1017] DELIVER from=7 to=1 type=Promise { ballot: 53, accepted_ballot: None, accepted_value: None } queue_len=137
[PROMISE-TRACE] from=7 received_ballot=53 current_ballot=68 match=false
[PAXOS-TICK] phase=WaitingForPromises elapsed=12 timeout=15 ballot=68 promises=0 accepted=0
[step=1018] DELIVER from=8 to=1 type=Promise { ballot: 53, accepted_ballot: None, accepted_value: None } queue_len=136
[PROMISE-TRACE] from=8 received_ballot=53 current_ballot=68 match=false
[PAXOS-TICK] phase=WaitingForPromises elapsed=13 timeout=15 ballot=68 promises=0 accepted=0
[step=1019] DELIVER from=9 to=1 type=Promise { ballot: 53, accepted_ballot: None, accepted_value: None } queue_len=135
[PROMISE-TRACE] from=9 received_ballot=53 current_ballot=68 match=false
[PAXOS-TICK] phase=WaitingForPromises elapsed=14 timeout=15 ballot=68 promises=0 accepted=0
[TIMEOUT-CAUSE] phase=WaitingForPromises ballot=68 promises=0 accepted=0 quorum=5
[step=1020] DELIVER from=1 to=1 type=Prepare { ballot: 61 } queue_len=143
[PAXOS-TICK] phase=WaitingForPromises elapsed=0 timeout=15 ballot=69 promises=0 accepted=0
[step=1021] DELIVER from=1 to=2 type=Prepare { ballot: 61 } queue_len=143
[PAXOS-TICK] phase=WaitingForPromises elapsed=1 timeout=15 ballot=69 promises=0 accepted=0
[step=1022] DELIVER from=1 to=3 type=Prepare { ballot: 61 } queue_len=143
[PAXOS-TICK] phase=WaitingForPromises elapsed=2 timeout=15 ballot=69 promises=0 accepted=0
[step=1023] DELIVER from=1 to=4 type=Prepare { ballot: 61 } queue_len=143
[PAXOS-TICK] phase=WaitingForPromises elapsed=3 timeout=15 ballot=69 promises=0 accepted=0
[step=1024] DELIVER from=1 to=5 type=Prepare { ballot: 61 } queue_len=143
[PAXOS-TICK] phase=WaitingForPromises elapsed=4 timeout=15 ballot=69 promises=0 accepted=0
[step=1025] DELIVER from=1 to=6 type=Prepare { ballot: 61 } queue_len=143
[PAXOS-TICK] phase=WaitingForPromises elapsed=5 timeout=15 ballot=69 promises=0 accepted=0
[step=1026] DELIVER from=1 to=7 type=Prepare { ballot: 61 } queue_len=143
[PAXOS-TICK] phase=WaitingForPromises elapsed=6 timeout=15 ballot=69 promises=0 accepted=0
[step=1027] DELIVER from=1 to=8 type=Prepare { ballot: 61 } queue_len=143
[PAXOS-TICK] phase=WaitingForPromises elapsed=7 timeout=15 ballot=69 promises=0 accepted=0
[step=1028] DELIVER from=1 to=9 type=Prepare { ballot: 61 } queue_len=143
[PAXOS-TICK] phase=WaitingForPromises elapsed=8 timeout=15 ballot=69 promises=0 accepted=0
[step=1029] DELIVER from=1 to=1 type=Promise { ballot: 54, accepted_ballot: None, accepted_value: None } queue_len=143
[PROMISE-TRACE] from=1 received_ballot=54 current_ballot=69 match=false
[PAXOS-TICK] phase=WaitingForPromises elapsed=9 timeout=15 ballot=69 promises=0 accepted=0
[step=1030] DELIVER from=2 to=1 type=Promise { ballot: 54, accepted_ballot: None, accepted_value: None } queue_len=142
[PROMISE-TRACE] from=2 received_ballot=54 current_ballot=69 match=false
[PAXOS-TICK] phase=WaitingForPromises elapsed=10 timeout=15 ballot=69 promises=0 accepted=0
[step=1031] DELIVER from=3 to=1 type=Promise { ballot: 54, accepted_ballot: None, accepted_value: None } queue_len=141
[PROMISE-TRACE] from=3 received_ballot=54 current_ballot=69 match=false
[PAXOS-TICK] phase=WaitingForPromises elapsed=11 timeout=15 ballot=69 promises=0 accepted=0
[step=1032] DELIVER from=4 to=1 type=Promise { ballot: 54, accepted_ballot: None, accepted_value: None } queue_len=140
[PROMISE-TRACE] from=4 received_ballot=54 current_ballot=69 match=false
[PAXOS-TICK] phase=WaitingForPromises elapsed=12 timeout=15 ballot=69 promises=0 accepted=0
[step=1033] DELIVER from=5 to=1 type=Promise { ballot: 54, accepted_ballot: None, accepted_value: None } queue_len=139
[PROMISE-TRACE] from=5 received_ballot=54 current_ballot=69 match=false
[PAXOS-TICK] phase=WaitingForPromises elapsed=13 timeout=15 ballot=69 promises=0 accepted=0
[step=1034] DELIVER from=6 to=1 type=Promise { ballot: 54, accepted_ballot: None, accepted_value: None } queue_len=138
[PROMISE-TRACE] from=6 received_ballot=54 current_ballot=69 match=false
[PAXOS-TICK] phase=WaitingForPromises elapsed=14 timeout=15 ballot=69 promises=0 accepted=0
[TIMEOUT-CAUSE] phase=WaitingForPromises ballot=69 promises=0 accepted=0 quorum=5
[step=1035] DELIVER from=7 to=1 type=Promise { ballot: 54, accepted_ballot: None, accepted_value: None } queue_len=146
[PROMISE-TRACE] from=7 received_ballot=54 current_ballot=70 match=false
[PAXOS-TICK] phase=WaitingForPromises elapsed=0 timeout=15 ballot=70 promises=0 accepted=0
[step=1036] DELIVER from=8 to=1 type=Promise { ballot: 54, accepted_ballot: None, accepted_value: None } queue_len=145
[PROMISE-TRACE] from=8 received_ballot=54 current_ballot=70 match=false
[PAXOS-TICK] phase=WaitingForPromises elapsed=1 timeout=15 ballot=70 promises=0 accepted=0
[step=1037] DELIVER from=9 to=1 type=Promise { ballot: 54, accepted_ballot: None, accepted_value: None } queue_len=144
[PROMISE-TRACE] from=9 received_ballot=54 current_ballot=70 match=false
[PAXOS-TICK] phase=WaitingForPromises elapsed=2 timeout=15 ballot=70 promises=0 accepted=0
[step=1038] DELIVER from=1 to=1 type=Prepare { ballot: 62 } queue_len=143
[PAXOS-TICK] phase=WaitingForPromises elapsed=3 timeout=15 ballot=70 promises=0 accepted=0
[step=1039] DELIVER from=1 to=2 type=Prepare { ballot: 62 } queue_len=143
[PAXOS-TICK] phase=WaitingForPromises elapsed=4 timeout=15 ballot=70 promises=0 accepted=0
[step=1040] DELIVER from=1 to=3 type=Prepare { ballot: 62 } queue_len=143
[PAXOS-TICK] phase=WaitingForPromises elapsed=5 timeout=15 ballot=70 promises=0 accepted=0
[step=1041] DELIVER from=1 to=4 type=Prepare { ballot: 62 } queue_len=143
[PAXOS-TICK] phase=WaitingForPromises elapsed=6 timeout=15 ballot=70 promises=0 accepted=0
[step=1042] DELIVER from=1 to=5 type=Prepare { ballot: 62 } queue_len=143
[PAXOS-TICK] phase=WaitingForPromises elapsed=7 timeout=15 ballot=70 promises=0 accepted=0
[step=1043] DELIVER from=1 to=6 type=Prepare { ballot: 62 } queue_len=143
[PAXOS-TICK] phase=WaitingForPromises elapsed=8 timeout=15 ballot=70 promises=0 accepted=0
[step=1044] DELIVER from=1 to=7 type=Prepare { ballot: 62 } queue_len=143
[PAXOS-TICK] phase=WaitingForPromises elapsed=9 timeout=15 ballot=70 promises=0 accepted=0
[step=1045] DELIVER from=1 to=8 type=Prepare { ballot: 62 } queue_len=143
[PAXOS-TICK] phase=WaitingForPromises elapsed=10 timeout=15 ballot=70 promises=0 accepted=0
[step=1046] DELIVER from=1 to=9 type=Prepare { ballot: 62 } queue_len=143
[PAXOS-TICK] phase=WaitingForPromises elapsed=11 timeout=15 ballot=70 promises=0 accepted=0
[step=1047] DELIVER from=1 to=1 type=Promise { ballot: 55, accepted_ballot: None, accepted_value: None } queue_len=143
[PROMISE-TRACE] from=1 received_ballot=55 current_ballot=70 match=false
[PAXOS-TICK] phase=WaitingForPromises elapsed=12 timeout=15 ballot=70 promises=0 accepted=0
[step=1048] DELIVER from=2 to=1 type=Promise { ballot: 55, accepted_ballot: None, accepted_value: None } queue_len=142
[PROMISE-TRACE] from=2 received_ballot=55 current_ballot=70 match=false
[PAXOS-TICK] phase=WaitingForPromises elapsed=13 timeout=15 ballot=70 promises=0 accepted=0
[step=1049] DELIVER from=3 to=1 type=Promise { ballot: 55, accepted_ballot: None, accepted_value: None } queue_len=141
[PROMISE-TRACE] from=3 received_ballot=55 current_ballot=70 match=false
[PAXOS-TICK] phase=WaitingForPromises elapsed=14 timeout=15 ballot=70 promises=0 accepted=0
[TIMEOUT-CAUSE] phase=WaitingForPromises ballot=70 promises=0 accepted=0 quorum=5
[step=1050] DELIVER from=4 to=1 type=Promise { ballot: 55, accepted_ballot: None, accepted_value: None } queue_len=149
[PROMISE-TRACE] from=4 received_ballot=55 current_ballot=71 match=false
[PAXOS-TICK] phase=WaitingForPromises elapsed=0 timeout=15 ballot=71 promises=0 accepted=0
[step=1051] DELIVER from=5 to=1 type=Promise { ballot: 55, accepted_ballot: None, accepted_value: None } queue_len=148
[PROMISE-TRACE] from=5 received_ballot=55 current_ballot=71 match=false
[PAXOS-TICK] phase=WaitingForPromises elapsed=1 timeout=15 ballot=71 promises=0 accepted=0
[step=1052] DELIVER from=6 to=1 type=Promise { ballot: 55, accepted_ballot: None, accepted_value: None } queue_len=147
[PROMISE-TRACE] from=6 received_ballot=55 current_ballot=71 match=false
[PAXOS-TICK] phase=WaitingForPromises elapsed=2 timeout=15 ballot=71 promises=0 accepted=0
[step=1053] DELIVER from=7 to=1 type=Promise { ballot: 55, accepted_ballot: None, accepted_value: None } queue_len=146
[PROMISE-TRACE] from=7 received_ballot=55 current_ballot=71 match=false
[PAXOS-TICK] phase=WaitingForPromises elapsed=3 timeout=15 ballot=71 promises=0 accepted=0
[step=1054] DELIVER from=8 to=1 type=Promise { ballot: 55, accepted_ballot: None, accepted_value: None } queue_len=145
[PROMISE-TRACE] from=8 received_ballot=55 current_ballot=71 match=false
[PAXOS-TICK] phase=WaitingForPromises elapsed=4 timeout=15 ballot=71 promises=0 accepted=0
[step=1055] DELIVER from=9 to=1 type=Promise { ballot: 55, accepted_ballot: None, accepted_value: None } queue_len=144
[PROMISE-TRACE] from=9 received_ballot=55 current_ballot=71 match=false
[PAXOS-TICK] phase=WaitingForPromises elapsed=5 timeout=15 ballot=71 promises=0 accepted=0
[step=1056] DELIVER from=1 to=1 type=Prepare { ballot: 63 } queue_len=143
[PAXOS-TICK] phase=WaitingForPromises elapsed=6 timeout=15 ballot=71 promises=0 accepted=0
[step=1057] DELIVER from=1 to=2 type=Prepare { ballot: 63 } queue_len=143
[PAXOS-TICK] phase=WaitingForPromises elapsed=7 timeout=15 ballot=71 promises=0 accepted=0
[step=1058] DELIVER from=1 to=3 type=Prepare { ballot: 63 } queue_len=143
[PAXOS-TICK] phase=WaitingForPromises elapsed=8 timeout=15 ballot=71 promises=0 accepted=0
[step=1059] DELIVER from=1 to=4 type=Prepare { ballot: 63 } queue_len=143
[PAXOS-TICK] phase=WaitingForPromises elapsed=9 timeout=15 ballot=71 promises=0 accepted=0
[step=1060] DELIVER from=1 to=5 type=Prepare { ballot: 63 } queue_len=143
[PAXOS-TICK] phase=WaitingForPromises elapsed=10 timeout=15 ballot=71 promises=0 accepted=0
[step=1061] DELIVER from=1 to=6 type=Prepare { ballot: 63 } queue_len=143
[PAXOS-TICK] phase=WaitingForPromises elapsed=11 timeout=15 ballot=71 promises=0 accepted=0
[step=1062] DELIVER from=1 to=7 type=Prepare { ballot: 63 } queue_len=143
[PAXOS-TICK] phase=WaitingForPromises elapsed=12 timeout=15 ballot=71 promises=0 accepted=0
[step=1063] DELIVER from=1 to=8 type=Prepare { ballot: 63 } queue_len=143
[PAXOS-TICK] phase=WaitingForPromises elapsed=13 timeout=15 ballot=71 promises=0 accepted=0
[step=1064] DELIVER from=1 to=9 type=Prepare { ballot: 63 } queue_len=143
[PAXOS-TICK] phase=WaitingForPromises elapsed=14 timeout=15 ballot=71 promises=0 accepted=0
[TIMEOUT-CAUSE] phase=WaitingForPromises ballot=71 promises=0 accepted=0 quorum=5
[step=1065] DELIVER from=1 to=1 type=Promise { ballot: 56, accepted_ballot: None, accepted_value: None } queue_len=152
[PROMISE-TRACE] from=1 received_ballot=56 current_ballot=72 match=false
[PAXOS-TICK] phase=WaitingForPromises elapsed=0 timeout=15 ballot=72 promises=0 accepted=0
[step=1066] DELIVER from=2 to=1 type=Promise { ballot: 56, accepted_ballot: None, accepted_value: None } queue_len=151
[PROMISE-TRACE] from=2 received_ballot=56 current_ballot=72 match=false
[PAXOS-TICK] phase=WaitingForPromises elapsed=1 timeout=15 ballot=72 promises=0 accepted=0
[step=1067] DELIVER from=3 to=1 type=Promise { ballot: 56, accepted_ballot: None, accepted_value: None } queue_len=150
[PROMISE-TRACE] from=3 received_ballot=56 current_ballot=72 match=false
[PAXOS-TICK] phase=WaitingForPromises elapsed=2 timeout=15 ballot=72 promises=0 accepted=0
[step=1068] DELIVER from=4 to=1 type=Promise { ballot: 56, accepted_ballot: None, accepted_value: None } queue_len=149
[PROMISE-TRACE] from=4 received_ballot=56 current_ballot=72 match=false
[PAXOS-TICK] phase=WaitingForPromises elapsed=3 timeout=15 ballot=72 promises=0 accepted=0
[step=1069] DELIVER from=5 to=1 type=Promise { ballot: 56, accepted_ballot: None, accepted_value: None } queue_len=148
[PROMISE-TRACE] from=5 received_ballot=56 current_ballot=72 match=false
[PAXOS-TICK] phase=WaitingForPromises elapsed=4 timeout=15 ballot=72 promises=0 accepted=0
[step=1070] DELIVER from=6 to=1 type=Promise { ballot: 56, accepted_ballot: None, accepted_value: None } queue_len=147
[PROMISE-TRACE] from=6 received_ballot=56 current_ballot=72 match=false
[PAXOS-TICK] phase=WaitingForPromises elapsed=5 timeout=15 ballot=72 promises=0 accepted=0
[step=1071] DELIVER from=7 to=1 type=Promise { ballot: 56, accepted_ballot: None, accepted_value: None } queue_len=146
[PROMISE-TRACE] from=7 received_ballot=56 current_ballot=72 match=false
[PAXOS-TICK] phase=WaitingForPromises elapsed=6 timeout=15 ballot=72 promises=0 accepted=0
[step=1072] DELIVER from=8 to=1 type=Promise { ballot: 56, accepted_ballot: None, accepted_value: None } queue_len=145
[PROMISE-TRACE] from=8 received_ballot=56 current_ballot=72 match=false
[PAXOS-TICK] phase=WaitingForPromises elapsed=7 timeout=15 ballot=72 promises=0 accepted=0
[step=1073] DELIVER from=9 to=1 type=Promise { ballot: 56, accepted_ballot: None, accepted_value: None } queue_len=144
[PROMISE-TRACE] from=9 received_ballot=56 current_ballot=72 match=false
[PAXOS-TICK] phase=WaitingForPromises elapsed=8 timeout=15 ballot=72 promises=0 accepted=0
[step=1074] DELIVER from=1 to=1 type=Prepare { ballot: 64 } queue_len=143
[PAXOS-TICK] phase=WaitingForPromises elapsed=9 timeout=15 ballot=72 promises=0 accepted=0
[step=1075] DELIVER from=1 to=2 type=Prepare { ballot: 64 } queue_len=143
[PAXOS-TICK] phase=WaitingForPromises elapsed=10 timeout=15 ballot=72 promises=0 accepted=0
[step=1076] DELIVER from=1 to=3 type=Prepare { ballot: 64 } queue_len=143
[PAXOS-TICK] phase=WaitingForPromises elapsed=11 timeout=15 ballot=72 promises=0 accepted=0
[step=1077] DELIVER from=1 to=4 type=Prepare { ballot: 64 } queue_len=143
[PAXOS-TICK] phase=WaitingForPromises elapsed=12 timeout=15 ballot=72 promises=0 accepted=0
[step=1078] DELIVER from=1 to=5 type=Prepare { ballot: 64 } queue_len=143
[PAXOS-TICK] phase=WaitingForPromises elapsed=13 timeout=15 ballot=72 promises=0 accepted=0
[step=1079] DELIVER from=1 to=6 type=Prepare { ballot: 64 } queue_len=143
[PAXOS-TICK] phase=WaitingForPromises elapsed=14 timeout=15 ballot=72 promises=0 accepted=0
[TIMEOUT-CAUSE] phase=WaitingForPromises ballot=72 promises=0 accepted=0 quorum=5
[step=1080] DELIVER from=1 to=7 type=Prepare { ballot: 64 } queue_len=152
[PAXOS-TICK] phase=WaitingForPromises elapsed=0 timeout=15 ballot=73 promises=0 accepted=0
[step=1081] DELIVER from=1 to=8 type=Prepare { ballot: 64 } queue_len=152
[PAXOS-TICK] phase=WaitingForPromises elapsed=1 timeout=15 ballot=73 promises=0 accepted=0
[step=1082] DELIVER from=1 to=9 type=Prepare { ballot: 64 } queue_len=152
[PAXOS-TICK] phase=WaitingForPromises elapsed=2 timeout=15 ballot=73 promises=0 accepted=0
[step=1083] DELIVER from=1 to=1 type=Promise { ballot: 57, accepted_ballot: None, accepted_value: None } queue_len=152
[PROMISE-TRACE] from=1 received_ballot=57 current_ballot=73 match=false
[PAXOS-TICK] phase=WaitingForPromises elapsed=3 timeout=15 ballot=73 promises=0 accepted=0
[step=1084] DELIVER from=2 to=1 type=Promise { ballot: 57, accepted_ballot: None, accepted_value: None } queue_len=151
[PROMISE-TRACE] from=2 received_ballot=57 current_ballot=73 match=false
[PAXOS-TICK] phase=WaitingForPromises elapsed=4 timeout=15 ballot=73 promises=0 accepted=0
[step=1085] DELIVER from=3 to=1 type=Promise { ballot: 57, accepted_ballot: None, accepted_value: None } queue_len=150
[PROMISE-TRACE] from=3 received_ballot=57 current_ballot=73 match=false
[PAXOS-TICK] phase=WaitingForPromises elapsed=5 timeout=15 ballot=73 promises=0 accepted=0
[step=1086] DELIVER from=4 to=1 type=Promise { ballot: 57, accepted_ballot: None, accepted_value: None } queue_len=149
[PROMISE-TRACE] from=4 received_ballot=57 current_ballot=73 match=false
[PAXOS-TICK] phase=WaitingForPromises elapsed=6 timeout=15 ballot=73 promises=0 accepted=0
[step=1087] DELIVER from=5 to=1 type=Promise { ballot: 57, accepted_ballot: None, accepted_value: None } queue_len=148
[PROMISE-TRACE] from=5 received_ballot=57 current_ballot=73 match=false
[PAXOS-TICK] phase=WaitingForPromises elapsed=7 timeout=15 ballot=73 promises=0 accepted=0
[step=1088] DELIVER from=6 to=1 type=Promise { ballot: 57, accepted_ballot: None, accepted_value: None } queue_len=147
[PROMISE-TRACE] from=6 received_ballot=57 current_ballot=73 match=false
[PAXOS-TICK] phase=WaitingForPromises elapsed=8 timeout=15 ballot=73 promises=0 accepted=0
[step=1089] DELIVER from=1 to=1 type=Prepare { ballot: 65 } queue_len=146
[PAXOS-TICK] phase=WaitingForPromises elapsed=9 timeout=15 ballot=73 promises=0 accepted=0
[step=1090] DELIVER from=1 to=2 type=Prepare { ballot: 65 } queue_len=146
[PAXOS-TICK] phase=WaitingForPromises elapsed=10 timeout=15 ballot=73 promises=0 accepted=0
[step=1091] DELIVER from=1 to=3 type=Prepare { ballot: 65 } queue_len=146
[PAXOS-TICK] phase=WaitingForPromises elapsed=11 timeout=15 ballot=73 promises=0 accepted=0
[step=1092] DELIVER from=1 to=4 type=Prepare { ballot: 65 } queue_len=146
[PAXOS-TICK] phase=WaitingForPromises elapsed=12 timeout=15 ballot=73 promises=0 accepted=0
[step=1093] DELIVER from=1 to=5 type=Prepare { ballot: 65 } queue_len=146
[PAXOS-TICK] phase=WaitingForPromises elapsed=13 timeout=15 ballot=73 promises=0 accepted=0
[step=1094] DELIVER from=1 to=6 type=Prepare { ballot: 65 } queue_len=146
[PAXOS-TICK] phase=WaitingForPromises elapsed=14 timeout=15 ballot=73 promises=0 accepted=0
[TIMEOUT-CAUSE] phase=WaitingForPromises ballot=73 promises=0 accepted=0 quorum=5
[step=1095] DELIVER from=1 to=7 type=Prepare { ballot: 65 } queue_len=155
[PAXOS-TICK] phase=WaitingForPromises elapsed=0 timeout=15 ballot=74 promises=0 accepted=0
[step=1096] DELIVER from=1 to=8 type=Prepare { ballot: 65 } queue_len=155
[PAXOS-TICK] phase=WaitingForPromises elapsed=1 timeout=15 ballot=74 promises=0 accepted=0
[step=1097] DELIVER from=1 to=9 type=Prepare { ballot: 65 } queue_len=155
[PAXOS-TICK] phase=WaitingForPromises elapsed=2 timeout=15 ballot=74 promises=0 accepted=0
[step=1098] DELIVER from=7 to=1 type=Promise { ballot: 57, accepted_ballot: None, accepted_value: None } queue_len=155
[PROMISE-TRACE] from=7 received_ballot=57 current_ballot=74 match=false
[PAXOS-TICK] phase=WaitingForPromises elapsed=3 timeout=15 ballot=74 promises=0 accepted=0
[step=1099] DELIVER from=8 to=1 type=Promise { ballot: 57, accepted_ballot: None, accepted_value: None } queue_len=154
[PROMISE-TRACE] from=8 received_ballot=57 current_ballot=74 match=false
[PAXOS-TICK] phase=WaitingForPromises elapsed=4 timeout=15 ballot=74 promises=0 accepted=0
[step=1100] DELIVER from=9 to=1 type=Promise { ballot: 57, accepted_ballot: None, accepted_value: None } queue_len=153
[PROMISE-TRACE] from=9 received_ballot=57 current_ballot=74 match=false
[PAXOS-TICK] phase=WaitingForPromises elapsed=5 timeout=15 ballot=74 promises=0 accepted=0
[step=1101] DELIVER from=1 to=1 type=Promise { ballot: 58, accepted_ballot: None, accepted_value: None } queue_len=152
[PROMISE-TRACE] from=1 received_ballot=58 current_ballot=74 match=false
[PAXOS-TICK] phase=WaitingForPromises elapsed=6 timeout=15 ballot=74 promises=0 accepted=0
[step=1102] DELIVER from=2 to=1 type=Promise { ballot: 58, accepted_ballot: None, accepted_value: None } queue_len=151
[PROMISE-TRACE] from=2 received_ballot=58 current_ballot=74 match=false
[PAXOS-TICK] phase=WaitingForPromises elapsed=7 timeout=15 ballot=74 promises=0 accepted=0
[step=1103] DELIVER from=3 to=1 type=Promise { ballot: 58, accepted_ballot: None, accepted_value: None } queue_len=150
[PROMISE-TRACE] from=3 received_ballot=58 current_ballot=74 match=false
[PAXOS-TICK] phase=WaitingForPromises elapsed=8 timeout=15 ballot=74 promises=0 accepted=0
[step=1104] DELIVER from=1 to=1 type=Prepare { ballot: 66 } queue_len=149
[PAXOS-TICK] phase=WaitingForPromises elapsed=9 timeout=15 ballot=74 promises=0 accepted=0
[step=1105] DELIVER from=1 to=2 type=Prepare { ballot: 66 } queue_len=149
[PAXOS-TICK] phase=WaitingForPromises elapsed=10 timeout=15 ballot=74 promises=0 accepted=0
[step=1106] DELIVER from=1 to=3 type=Prepare { ballot: 66 } queue_len=149
[PAXOS-TICK] phase=WaitingForPromises elapsed=11 timeout=15 ballot=74 promises=0 accepted=0
[step=1107] DELIVER from=1 to=4 type=Prepare { ballot: 66 } queue_len=149
[PAXOS-TICK] phase=WaitingForPromises elapsed=12 timeout=15 ballot=74 promises=0 accepted=0
[step=1108] DELIVER from=1 to=5 type=Prepare { ballot: 66 } queue_len=149
[PAXOS-TICK] phase=WaitingForPromises elapsed=13 timeout=15 ballot=74 promises=0 accepted=0
[step=1109] DELIVER from=1 to=6 type=Prepare { ballot: 66 } queue_len=149
[PAXOS-TICK] phase=WaitingForPromises elapsed=14 timeout=15 ballot=74 promises=0 accepted=0
[TIMEOUT-CAUSE] phase=WaitingForPromises ballot=74 promises=0 accepted=0 quorum=5
[step=1110] DELIVER from=1 to=7 type=Prepare { ballot: 66 } queue_len=158
[PAXOS-TICK] phase=WaitingForPromises elapsed=0 timeout=15 ballot=75 promises=0 accepted=0
[step=1111] DELIVER from=1 to=8 type=Prepare { ballot: 66 } queue_len=158
[PAXOS-TICK] phase=WaitingForPromises elapsed=1 timeout=15 ballot=75 promises=0 accepted=0
[step=1112] DELIVER from=1 to=9 type=Prepare { ballot: 66 } queue_len=158
[PAXOS-TICK] phase=WaitingForPromises elapsed=2 timeout=15 ballot=75 promises=0 accepted=0
[step=1113] DELIVER from=4 to=1 type=Promise { ballot: 58, accepted_ballot: None, accepted_value: None } queue_len=158
[PROMISE-TRACE] from=4 received_ballot=58 current_ballot=75 match=false
[PAXOS-TICK] phase=WaitingForPromises elapsed=3 timeout=15 ballot=75 promises=0 accepted=0
[step=1114] DELIVER from=5 to=1 type=Promise { ballot: 58, accepted_ballot: None, accepted_value: None } queue_len=157
[PROMISE-TRACE] from=5 received_ballot=58 current_ballot=75 match=false
[PAXOS-TICK] phase=WaitingForPromises elapsed=4 timeout=15 ballot=75 promises=0 accepted=0
[step=1115] DELIVER from=6 to=1 type=Promise { ballot: 58, accepted_ballot: None, accepted_value: None } queue_len=156
[PROMISE-TRACE] from=6 received_ballot=58 current_ballot=75 match=false
[PAXOS-TICK] phase=WaitingForPromises elapsed=5 timeout=15 ballot=75 promises=0 accepted=0
[step=1116] DELIVER from=7 to=1 type=Promise { ballot: 58, accepted_ballot: None, accepted_value: None } queue_len=155
[PROMISE-TRACE] from=7 received_ballot=58 current_ballot=75 match=false
[PAXOS-TICK] phase=WaitingForPromises elapsed=6 timeout=15 ballot=75 promises=0 accepted=0
[step=1117] DELIVER from=8 to=1 type=Promise { ballot: 58, accepted_ballot: None, accepted_value: None } queue_len=154
[PROMISE-TRACE] from=8 received_ballot=58 current_ballot=75 match=false
[PAXOS-TICK] phase=WaitingForPromises elapsed=7 timeout=15 ballot=75 promises=0 accepted=0
[step=1118] DELIVER from=9 to=1 type=Promise { ballot: 58, accepted_ballot: None, accepted_value: None } queue_len=153
[PROMISE-TRACE] from=9 received_ballot=58 current_ballot=75 match=false
[PAXOS-TICK] phase=WaitingForPromises elapsed=8 timeout=15 ballot=75 promises=0 accepted=0
[step=1119] DELIVER from=1 to=1 type=Promise { ballot: 59, accepted_ballot: None, accepted_value: None } queue_len=152
[PROMISE-TRACE] from=1 received_ballot=59 current_ballot=75 match=false
[PAXOS-TICK] phase=WaitingForPromises elapsed=9 timeout=15 ballot=75 promises=0 accepted=0
[step=1120] DELIVER from=2 to=1 type=Promise { ballot: 59, accepted_ballot: None, accepted_value: None } queue_len=151
[PROMISE-TRACE] from=2 received_ballot=59 current_ballot=75 match=false
[PAXOS-TICK] phase=WaitingForPromises elapsed=10 timeout=15 ballot=75 promises=0 accepted=0
[step=1121] DELIVER from=3 to=1 type=Promise { ballot: 59, accepted_ballot: None, accepted_value: None } queue_len=150
[PROMISE-TRACE] from=3 received_ballot=59 current_ballot=75 match=false
[PAXOS-TICK] phase=WaitingForPromises elapsed=11 timeout=15 ballot=75 promises=0 accepted=0
[step=1122] DELIVER from=1 to=1 type=Prepare { ballot: 67 } queue_len=149
[PAXOS-TICK] phase=WaitingForPromises elapsed=12 timeout=15 ballot=75 promises=0 accepted=0
[step=1123] DELIVER from=1 to=2 type=Prepare { ballot: 67 } queue_len=149
[PAXOS-TICK] phase=WaitingForPromises elapsed=13 timeout=15 ballot=75 promises=0 accepted=0
[step=1124] DELIVER from=1 to=3 type=Prepare { ballot: 67 } queue_len=149
[PAXOS-TICK] phase=WaitingForPromises elapsed=14 timeout=15 ballot=75 promises=0 accepted=0
[TIMEOUT-CAUSE] phase=WaitingForPromises ballot=75 promises=0 accepted=0 quorum=5
[step=1125] DELIVER from=1 to=4 type=Prepare { ballot: 67 } queue_len=158
[PAXOS-TICK] phase=WaitingForPromises elapsed=0 timeout=15 ballot=76 promises=0 accepted=0
[step=1126] DELIVER from=1 to=5 type=Prepare { ballot: 67 } queue_len=158
[PAXOS-TICK] phase=WaitingForPromises elapsed=1 timeout=15 ballot=76 promises=0 accepted=0
[step=1127] DELIVER from=1 to=6 type=Prepare { ballot: 67 } queue_len=158
[PAXOS-TICK] phase=WaitingForPromises elapsed=2 timeout=15 ballot=76 promises=0 accepted=0
[step=1128] DELIVER from=1 to=7 type=Prepare { ballot: 67 } queue_len=158
[PAXOS-TICK] phase=WaitingForPromises elapsed=3 timeout=15 ballot=76 promises=0 accepted=0
[step=1129] DELIVER from=1 to=8 type=Prepare { ballot: 67 } queue_len=158
[PAXOS-TICK] phase=WaitingForPromises elapsed=4 timeout=15 ballot=76 promises=0 accepted=0
[step=1130] DELIVER from=1 to=9 type=Prepare { ballot: 67 } queue_len=158
[PAXOS-TICK] phase=WaitingForPromises elapsed=5 timeout=15 ballot=76 promises=0 accepted=0
[step=1131] DELIVER from=4 to=1 type=Promise { ballot: 59, accepted_ballot: None, accepted_value: None } queue_len=158
[PROMISE-TRACE] from=4 received_ballot=59 current_ballot=76 match=false
[PAXOS-TICK] phase=WaitingForPromises elapsed=6 timeout=15 ballot=76 promises=0 accepted=0
[step=1132] DELIVER from=5 to=1 type=Promise { ballot: 59, accepted_ballot: None, accepted_value: None } queue_len=157
[PROMISE-TRACE] from=5 received_ballot=59 current_ballot=76 match=false
[PAXOS-TICK] phase=WaitingForPromises elapsed=7 timeout=15 ballot=76 promises=0 accepted=0
[step=1133] DELIVER from=6 to=1 type=Promise { ballot: 59, accepted_ballot: None, accepted_value: None } queue_len=156
[PROMISE-TRACE] from=6 received_ballot=59 current_ballot=76 match=false
[PAXOS-TICK] phase=WaitingForPromises elapsed=8 timeout=15 ballot=76 promises=0 accepted=0
[step=1134] DELIVER from=7 to=1 type=Promise { ballot: 59, accepted_ballot: None, accepted_value: None } queue_len=155
[PROMISE-TRACE] from=7 received_ballot=59 current_ballot=76 match=false
[PAXOS-TICK] phase=WaitingForPromises elapsed=9 timeout=15 ballot=76 promises=0 accepted=0
[step=1135] DELIVER from=8 to=1 type=Promise { ballot: 59, accepted_ballot: None, accepted_value: None } queue_len=154
[PROMISE-TRACE] from=8 received_ballot=59 current_ballot=76 match=false
[PAXOS-TICK] phase=WaitingForPromises elapsed=10 timeout=15 ballot=76 promises=0 accepted=0
[step=1136] DELIVER from=9 to=1 type=Promise { ballot: 59, accepted_ballot: None, accepted_value: None } queue_len=153
[PROMISE-TRACE] from=9 received_ballot=59 current_ballot=76 match=false
[PAXOS-TICK] phase=WaitingForPromises elapsed=11 timeout=15 ballot=76 promises=0 accepted=0
[step=1137] DELIVER from=1 to=1 type=Promise { ballot: 60, accepted_ballot: None, accepted_value: None } queue_len=152
[PROMISE-TRACE] from=1 received_ballot=60 current_ballot=76 match=false
[PAXOS-TICK] phase=WaitingForPromises elapsed=12 timeout=15 ballot=76 promises=0 accepted=0
[step=1138] DELIVER from=2 to=1 type=Promise { ballot: 60, accepted_ballot: None, accepted_value: None } queue_len=151
[PROMISE-TRACE] from=2 received_ballot=60 current_ballot=76 match=false
[PAXOS-TICK] phase=WaitingForPromises elapsed=13 timeout=15 ballot=76 promises=0 accepted=0
[step=1139] DELIVER from=3 to=1 type=Promise { ballot: 60, accepted_ballot: None, accepted_value: None } queue_len=150
[PROMISE-TRACE] from=3 received_ballot=60 current_ballot=76 match=false
[PAXOS-TICK] phase=WaitingForPromises elapsed=14 timeout=15 ballot=76 promises=0 accepted=0
[TIMEOUT-CAUSE] phase=WaitingForPromises ballot=76 promises=0 accepted=0 quorum=5
[step=1140] DELIVER from=1 to=1 type=Prepare { ballot: 68 } queue_len=158
[PAXOS-TICK] phase=WaitingForPromises elapsed=0 timeout=15 ballot=77 promises=0 accepted=0
[step=1141] DELIVER from=1 to=2 type=Prepare { ballot: 68 } queue_len=158
[PAXOS-TICK] phase=WaitingForPromises elapsed=1 timeout=15 ballot=77 promises=0 accepted=0
[step=1142] DELIVER from=1 to=3 type=Prepare { ballot: 68 } queue_len=158
[PAXOS-TICK] phase=WaitingForPromises elapsed=2 timeout=15 ballot=77 promises=0 accepted=0
[step=1143] DELIVER from=1 to=4 type=Prepare { ballot: 68 } queue_len=158
[PAXOS-TICK] phase=WaitingForPromises elapsed=3 timeout=15 ballot=77 promises=0 accepted=0
[step=1144] DELIVER from=1 to=5 type=Prepare { ballot: 68 } queue_len=158
[PAXOS-TICK] phase=WaitingForPromises elapsed=4 timeout=15 ballot=77 promises=0 accepted=0
[step=1145] DELIVER from=1 to=6 type=Prepare { ballot: 68 } queue_len=158
[PAXOS-TICK] phase=WaitingForPromises elapsed=5 timeout=15 ballot=77 promises=0 accepted=0
[step=1146] DELIVER from=1 to=7 type=Prepare { ballot: 68 } queue_len=158
[PAXOS-TICK] phase=WaitingForPromises elapsed=6 timeout=15 ballot=77 promises=0 accepted=0
[step=1147] DELIVER from=1 to=8 type=Prepare { ballot: 68 } queue_len=158
[PAXOS-TICK] phase=WaitingForPromises elapsed=7 timeout=15 ballot=77 promises=0 accepted=0
[step=1148] DELIVER from=1 to=9 type=Prepare { ballot: 68 } queue_len=158
[PAXOS-TICK] phase=WaitingForPromises elapsed=8 timeout=15 ballot=77 promises=0 accepted=0
[step=1149] DELIVER from=4 to=1 type=Promise { ballot: 60, accepted_ballot: None, accepted_value: None } queue_len=158
[PROMISE-TRACE] from=4 received_ballot=60 current_ballot=77 match=false
[PAXOS-TICK] phase=WaitingForPromises elapsed=9 timeout=15 ballot=77 promises=0 accepted=0
[step=1150] DELIVER from=5 to=1 type=Promise { ballot: 60, accepted_ballot: None, accepted_value: None } queue_len=157
[PROMISE-TRACE] from=5 received_ballot=60 current_ballot=77 match=false
[PAXOS-TICK] phase=WaitingForPromises elapsed=10 timeout=15 ballot=77 promises=0 accepted=0
[step=1151] DELIVER from=6 to=1 type=Promise { ballot: 60, accepted_ballot: None, accepted_value: None } queue_len=156
[PROMISE-TRACE] from=6 received_ballot=60 current_ballot=77 match=false
[PAXOS-TICK] phase=WaitingForPromises elapsed=11 timeout=15 ballot=77 promises=0 accepted=0
[step=1152] DELIVER from=7 to=1 type=Promise { ballot: 60, accepted_ballot: None, accepted_value: None } queue_len=155
[PROMISE-TRACE] from=7 received_ballot=60 current_ballot=77 match=false
[PAXOS-TICK] phase=WaitingForPromises elapsed=12 timeout=15 ballot=77 promises=0 accepted=0
[step=1153] DELIVER from=8 to=1 type=Promise { ballot: 60, accepted_ballot: None, accepted_value: None } queue_len=154
[PROMISE-TRACE] from=8 received_ballot=60 current_ballot=77 match=false
[PAXOS-TICK] phase=WaitingForPromises elapsed=13 timeout=15 ballot=77 promises=0 accepted=0
[step=1154] DELIVER from=9 to=1 type=Promise { ballot: 60, accepted_ballot: None, accepted_value: None } queue_len=153
[PROMISE-TRACE] from=9 received_ballot=60 current_ballot=77 match=false
[PAXOS-TICK] phase=WaitingForPromises elapsed=14 timeout=15 ballot=77 promises=0 accepted=0
[TIMEOUT-CAUSE] phase=WaitingForPromises ballot=77 promises=0 accepted=0 quorum=5
[step=1155] DELIVER from=1 to=1 type=Prepare { ballot: 69 } queue_len=161
[PAXOS-TICK] phase=WaitingForPromises elapsed=0 timeout=15 ballot=78 promises=0 accepted=0
[step=1156] DELIVER from=1 to=2 type=Prepare { ballot: 69 } queue_len=161
[PAXOS-TICK] phase=WaitingForPromises elapsed=1 timeout=15 ballot=78 promises=0 accepted=0
[step=1157] DELIVER from=1 to=3 type=Prepare { ballot: 69 } queue_len=161
[PAXOS-TICK] phase=WaitingForPromises elapsed=2 timeout=15 ballot=78 promises=0 accepted=0
[step=1158] DELIVER from=1 to=4 type=Prepare { ballot: 69 } queue_len=161
[PAXOS-TICK] phase=WaitingForPromises elapsed=3 timeout=15 ballot=78 promises=0 accepted=0
[step=1159] DELIVER from=1 to=5 type=Prepare { ballot: 69 } queue_len=161
[PAXOS-TICK] phase=WaitingForPromises elapsed=4 timeout=15 ballot=78 promises=0 accepted=0
[step=1160] DELIVER from=1 to=6 type=Prepare { ballot: 69 } queue_len=161
[PAXOS-TICK] phase=WaitingForPromises elapsed=5 timeout=15 ballot=78 promises=0 accepted=0
[step=1161] DELIVER from=1 to=7 type=Prepare { ballot: 69 } queue_len=161
[PAXOS-TICK] phase=WaitingForPromises elapsed=6 timeout=15 ballot=78 promises=0 accepted=0
[step=1162] DELIVER from=1 to=8 type=Prepare { ballot: 69 } queue_len=161
[PAXOS-TICK] phase=WaitingForPromises elapsed=7 timeout=15 ballot=78 promises=0 accepted=0
[step=1163] DELIVER from=1 to=9 type=Prepare { ballot: 69 } queue_len=161
[PAXOS-TICK] phase=WaitingForPromises elapsed=8 timeout=15 ballot=78 promises=0 accepted=0
[step=1164] DELIVER from=1 to=1 type=Promise { ballot: 61, accepted_ballot: None, accepted_value: None } queue_len=161
[PROMISE-TRACE] from=1 received_ballot=61 current_ballot=78 match=false
[PAXOS-TICK] phase=WaitingForPromises elapsed=9 timeout=15 ballot=78 promises=0 accepted=0
[step=1165] DELIVER from=2 to=1 type=Promise { ballot: 61, accepted_ballot: None, accepted_value: None } queue_len=160
[PROMISE-TRACE] from=2 received_ballot=61 current_ballot=78 match=false
[PAXOS-TICK] phase=WaitingForPromises elapsed=10 timeout=15 ballot=78 promises=0 accepted=0
[step=1166] DELIVER from=3 to=1 type=Promise { ballot: 61, accepted_ballot: None, accepted_value: None } queue_len=159
[PROMISE-TRACE] from=3 received_ballot=61 current_ballot=78 match=false
[PAXOS-TICK] phase=WaitingForPromises elapsed=11 timeout=15 ballot=78 promises=0 accepted=0
[step=1167] DELIVER from=4 to=1 type=Promise { ballot: 61, accepted_ballot: None, accepted_value: None } queue_len=158
[PROMISE-TRACE] from=4 received_ballot=61 current_ballot=78 match=false
[PAXOS-TICK] phase=WaitingForPromises elapsed=12 timeout=15 ballot=78 promises=0 accepted=0
[step=1168] DELIVER from=5 to=1 type=Promise { ballot: 61, accepted_ballot: None, accepted_value: None } queue_len=157
[PROMISE-TRACE] from=5 received_ballot=61 current_ballot=78 match=false
[PAXOS-TICK] phase=WaitingForPromises elapsed=13 timeout=15 ballot=78 promises=0 accepted=0
[step=1169] DELIVER from=6 to=1 type=Promise { ballot: 61, accepted_ballot: None, accepted_value: None } queue_len=156
[PROMISE-TRACE] from=6 received_ballot=61 current_ballot=78 match=false
[PAXOS-TICK] phase=WaitingForPromises elapsed=14 timeout=15 ballot=78 promises=0 accepted=0
[TIMEOUT-CAUSE] phase=WaitingForPromises ballot=78 promises=0 accepted=0 quorum=5
[step=1170] DELIVER from=7 to=1 type=Promise { ballot: 61, accepted_ballot: None, accepted_value: None } queue_len=164
[PROMISE-TRACE] from=7 received_ballot=61 current_ballot=79 match=false
[PAXOS-TICK] phase=WaitingForPromises elapsed=0 timeout=15 ballot=79 promises=0 accepted=0
[step=1171] DELIVER from=8 to=1 type=Promise { ballot: 61, accepted_ballot: None, accepted_value: None } queue_len=163
[PROMISE-TRACE] from=8 received_ballot=61 current_ballot=79 match=false
[PAXOS-TICK] phase=WaitingForPromises elapsed=1 timeout=15 ballot=79 promises=0 accepted=0
[step=1172] DELIVER from=9 to=1 type=Promise { ballot: 61, accepted_ballot: None, accepted_value: None } queue_len=162
[PROMISE-TRACE] from=9 received_ballot=61 current_ballot=79 match=false
[PAXOS-TICK] phase=WaitingForPromises elapsed=2 timeout=15 ballot=79 promises=0 accepted=0
[step=1173] DELIVER from=1 to=1 type=Prepare { ballot: 70 } queue_len=161
[PAXOS-TICK] phase=WaitingForPromises elapsed=3 timeout=15 ballot=79 promises=0 accepted=0
[step=1174] DELIVER from=1 to=2 type=Prepare { ballot: 70 } queue_len=161
[PAXOS-TICK] phase=WaitingForPromises elapsed=4 timeout=15 ballot=79 promises=0 accepted=0
[step=1175] DELIVER from=1 to=3 type=Prepare { ballot: 70 } queue_len=161
[PAXOS-TICK] phase=WaitingForPromises elapsed=5 timeout=15 ballot=79 promises=0 accepted=0
[step=1176] DELIVER from=1 to=4 type=Prepare { ballot: 70 } queue_len=161
[PAXOS-TICK] phase=WaitingForPromises elapsed=6 timeout=15 ballot=79 promises=0 accepted=0
[step=1177] DELIVER from=1 to=5 type=Prepare { ballot: 70 } queue_len=161
[PAXOS-TICK] phase=WaitingForPromises elapsed=7 timeout=15 ballot=79 promises=0 accepted=0
[step=1178] DELIVER from=1 to=6 type=Prepare { ballot: 70 } queue_len=161
[PAXOS-TICK] phase=WaitingForPromises elapsed=8 timeout=15 ballot=79 promises=0 accepted=0
[step=1179] DELIVER from=1 to=7 type=Prepare { ballot: 70 } queue_len=161
[PAXOS-TICK] phase=WaitingForPromises elapsed=9 timeout=15 ballot=79 promises=0 accepted=0
[step=1180] DELIVER from=1 to=8 type=Prepare { ballot: 70 } queue_len=161
[PAXOS-TICK] phase=WaitingForPromises elapsed=10 timeout=15 ballot=79 promises=0 accepted=0
[step=1181] DELIVER from=1 to=9 type=Prepare { ballot: 70 } queue_len=161
[PAXOS-TICK] phase=WaitingForPromises elapsed=11 timeout=15 ballot=79 promises=0 accepted=0
[step=1182] DELIVER from=1 to=1 type=Promise { ballot: 62, accepted_ballot: None, accepted_value: None } queue_len=161
[PROMISE-TRACE] from=1 received_ballot=62 current_ballot=79 match=false
[PAXOS-TICK] phase=WaitingForPromises elapsed=12 timeout=15 ballot=79 promises=0 accepted=0
[step=1183] DELIVER from=2 to=1 type=Promise { ballot: 62, accepted_ballot: None, accepted_value: None } queue_len=160
[PROMISE-TRACE] from=2 received_ballot=62 current_ballot=79 match=false
[PAXOS-TICK] phase=WaitingForPromises elapsed=13 timeout=15 ballot=79 promises=0 accepted=0
[step=1184] DELIVER from=3 to=1 type=Promise { ballot: 62, accepted_ballot: None, accepted_value: None } queue_len=159
[PROMISE-TRACE] from=3 received_ballot=62 current_ballot=79 match=false
[PAXOS-TICK] phase=WaitingForPromises elapsed=14 timeout=15 ballot=79 promises=0 accepted=0
[TIMEOUT-CAUSE] phase=WaitingForPromises ballot=79 promises=0 accepted=0 quorum=5
[step=1185] DELIVER from=4 to=1 type=Promise { ballot: 62, accepted_ballot: None, accepted_value: None } queue_len=167
[PROMISE-TRACE] from=4 received_ballot=62 current_ballot=80 match=false
[PAXOS-TICK] phase=WaitingForPromises elapsed=0 timeout=15 ballot=80 promises=0 accepted=0
[step=1186] DELIVER from=5 to=1 type=Promise { ballot: 62, accepted_ballot: None, accepted_value: None } queue_len=166
[PROMISE-TRACE] from=5 received_ballot=62 current_ballot=80 match=false
[PAXOS-TICK] phase=WaitingForPromises elapsed=1 timeout=15 ballot=80 promises=0 accepted=0
[step=1187] DELIVER from=6 to=1 type=Promise { ballot: 62, accepted_ballot: None, accepted_value: None } queue_len=165
[PROMISE-TRACE] from=6 received_ballot=62 current_ballot=80 match=false
[PAXOS-TICK] phase=WaitingForPromises elapsed=2 timeout=15 ballot=80 promises=0 accepted=0
[step=1188] DELIVER from=7 to=1 type=Promise { ballot: 62, accepted_ballot: None, accepted_value: None } queue_len=164
[PROMISE-TRACE] from=7 received_ballot=62 current_ballot=80 match=false
[PAXOS-TICK] phase=WaitingForPromises elapsed=3 timeout=15 ballot=80 promises=0 accepted=0
[step=1189] DELIVER from=8 to=1 type=Promise { ballot: 62, accepted_ballot: None, accepted_value: None } queue_len=163
[PROMISE-TRACE] from=8 received_ballot=62 current_ballot=80 match=false
[PAXOS-TICK] phase=WaitingForPromises elapsed=4 timeout=15 ballot=80 promises=0 accepted=0
[step=1190] DELIVER from=9 to=1 type=Promise { ballot: 62, accepted_ballot: None, accepted_value: None } queue_len=162
[PROMISE-TRACE] from=9 received_ballot=62 current_ballot=80 match=false
[PAXOS-TICK] phase=WaitingForPromises elapsed=5 timeout=15 ballot=80 promises=0 accepted=0
[step=1191] DELIVER from=1 to=1 type=Prepare { ballot: 71 } queue_len=161
[PAXOS-TICK] phase=WaitingForPromises elapsed=6 timeout=15 ballot=80 promises=0 accepted=0
[step=1192] DELIVER from=1 to=2 type=Prepare { ballot: 71 } queue_len=161
[PAXOS-TICK] phase=WaitingForPromises elapsed=7 timeout=15 ballot=80 promises=0 accepted=0
[step=1193] DELIVER from=1 to=3 type=Prepare { ballot: 71 } queue_len=161
[PAXOS-TICK] phase=WaitingForPromises elapsed=8 timeout=15 ballot=80 promises=0 accepted=0
[step=1194] DELIVER from=1 to=4 type=Prepare { ballot: 71 } queue_len=161
[PAXOS-TICK] phase=WaitingForPromises elapsed=9 timeout=15 ballot=80 promises=0 accepted=0
[step=1195] DELIVER from=1 to=5 type=Prepare { ballot: 71 } queue_len=161
[PAXOS-TICK] phase=WaitingForPromises elapsed=10 timeout=15 ballot=80 promises=0 accepted=0
[step=1196] DELIVER from=1 to=6 type=Prepare { ballot: 71 } queue_len=161
[PAXOS-TICK] phase=WaitingForPromises elapsed=11 timeout=15 ballot=80 promises=0 accepted=0
[step=1197] DELIVER from=1 to=7 type=Prepare { ballot: 71 } queue_len=161
[PAXOS-TICK] phase=WaitingForPromises elapsed=12 timeout=15 ballot=80 promises=0 accepted=0
[step=1198] DELIVER from=1 to=8 type=Prepare { ballot: 71 } queue_len=161
[PAXOS-TICK] phase=WaitingForPromises elapsed=13 timeout=15 ballot=80 promises=0 accepted=0
[step=1199] DELIVER from=1 to=9 type=Prepare { ballot: 71 } queue_len=161
[PAXOS-TICK] phase=WaitingForPromises elapsed=14 timeout=15 ballot=80 promises=0 accepted=0
[TIMEOUT-CAUSE] phase=WaitingForPromises ballot=80 promises=0 accepted=0 quorum=5
[step=1200] DELIVER from=1 to=1 type=Promise { ballot: 63, accepted_ballot: None, accepted_value: None } queue_len=170
[PROMISE-TRACE] from=1 received_ballot=63 current_ballot=81 match=false
[PAXOS-TICK] phase=WaitingForPromises elapsed=0 timeout=15 ballot=81 promises=0 accepted=0
[step=1201] DELIVER from=2 to=1 type=Promise { ballot: 63, accepted_ballot: None, accepted_value: None } queue_len=169
[PROMISE-TRACE] from=2 received_ballot=63 current_ballot=81 match=false
[PAXOS-TICK] phase=WaitingForPromises elapsed=1 timeout=15 ballot=81 promises=0 accepted=0
[step=1202] DELIVER from=3 to=1 type=Promise { ballot: 63, accepted_ballot: None, accepted_value: None } queue_len=168
[PROMISE-TRACE] from=3 received_ballot=63 current_ballot=81 match=false
[PAXOS-TICK] phase=WaitingForPromises elapsed=2 timeout=15 ballot=81 promises=0 accepted=0
[step=1203] DELIVER from=4 to=1 type=Promise { ballot: 63, accepted_ballot: None, accepted_value: None } queue_len=167
[PROMISE-TRACE] from=4 received_ballot=63 current_ballot=81 match=false
[PAXOS-TICK] phase=WaitingForPromises elapsed=3 timeout=15 ballot=81 promises=0 accepted=0
[step=1204] DELIVER from=5 to=1 type=Promise { ballot: 63, accepted_ballot: None, accepted_value: None } queue_len=166
[PROMISE-TRACE] from=5 received_ballot=63 current_ballot=81 match=false
[PAXOS-TICK] phase=WaitingForPromises elapsed=4 timeout=15 ballot=81 promises=0 accepted=0
[step=1205] DELIVER from=6 to=1 type=Promise { ballot: 63, accepted_ballot: None, accepted_value: None } queue_len=165
[PROMISE-TRACE] from=6 received_ballot=63 current_ballot=81 match=false
[PAXOS-TICK] phase=WaitingForPromises elapsed=5 timeout=15 ballot=81 promises=0 accepted=0
[step=1206] DELIVER from=7 to=1 type=Promise { ballot: 63, accepted_ballot: None, accepted_value: None } queue_len=164
[PROMISE-TRACE] from=7 received_ballot=63 current_ballot=81 match=false
[PAXOS-TICK] phase=WaitingForPromises elapsed=6 timeout=15 ballot=81 promises=0 accepted=0
[step=1207] DELIVER from=8 to=1 type=Promise { ballot: 63, accepted_ballot: None, accepted_value: None } queue_len=163
[PROMISE-TRACE] from=8 received_ballot=63 current_ballot=81 match=false
[PAXOS-TICK] phase=WaitingForPromises elapsed=7 timeout=15 ballot=81 promises=0 accepted=0
[step=1208] DELIVER from=9 to=1 type=Promise { ballot: 63, accepted_ballot: None, accepted_value: None } queue_len=162
[PROMISE-TRACE] from=9 received_ballot=63 current_ballot=81 match=false
[PAXOS-TICK] phase=WaitingForPromises elapsed=8 timeout=15 ballot=81 promises=0 accepted=0
[step=1209] DELIVER from=1 to=1 type=Prepare { ballot: 72 } queue_len=161
[PAXOS-TICK] phase=WaitingForPromises elapsed=9 timeout=15 ballot=81 promises=0 accepted=0
[step=1210] DELIVER from=1 to=2 type=Prepare { ballot: 72 } queue_len=161
[PAXOS-TICK] phase=WaitingForPromises elapsed=10 timeout=15 ballot=81 promises=0 accepted=0
[step=1211] DELIVER from=1 to=3 type=Prepare { ballot: 72 } queue_len=161
[PAXOS-TICK] phase=WaitingForPromises elapsed=11 timeout=15 ballot=81 promises=0 accepted=0
[step=1212] DELIVER from=1 to=4 type=Prepare { ballot: 72 } queue_len=161
[PAXOS-TICK] phase=WaitingForPromises elapsed=12 timeout=15 ballot=81 promises=0 accepted=0
[step=1213] DELIVER from=1 to=5 type=Prepare { ballot: 72 } queue_len=161
[PAXOS-TICK] phase=WaitingForPromises elapsed=13 timeout=15 ballot=81 promises=0 accepted=0
[step=1214] DELIVER from=1 to=6 type=Prepare { ballot: 72 } queue_len=161
[PAXOS-TICK] phase=WaitingForPromises elapsed=14 timeout=15 ballot=81 promises=0 accepted=0
[TIMEOUT-CAUSE] phase=WaitingForPromises ballot=81 promises=0 accepted=0 quorum=5
[step=1215] DELIVER from=1 to=7 type=Prepare { ballot: 72 } queue_len=170
[PAXOS-TICK] phase=WaitingForPromises elapsed=0 timeout=15 ballot=82 promises=0 accepted=0
[step=1216] DELIVER from=1 to=8 type=Prepare { ballot: 72 } queue_len=170
[PAXOS-TICK] phase=WaitingForPromises elapsed=1 timeout=15 ballot=82 promises=0 accepted=0
[step=1217] DELIVER from=1 to=9 type=Prepare { ballot: 72 } queue_len=170
[PAXOS-TICK] phase=WaitingForPromises elapsed=2 timeout=15 ballot=82 promises=0 accepted=0
[step=1218] DELIVER from=1 to=1 type=Promise { ballot: 64, accepted_ballot: None, accepted_value: None } queue_len=170
[PROMISE-TRACE] from=1 received_ballot=64 current_ballot=82 match=false
[PAXOS-TICK] phase=WaitingForPromises elapsed=3 timeout=15 ballot=82 promises=0 accepted=0
[step=1219] DELIVER from=2 to=1 type=Promise { ballot: 64, accepted_ballot: None, accepted_value: None } queue_len=169
[PROMISE-TRACE] from=2 received_ballot=64 current_ballot=82 match=false
[PAXOS-TICK] phase=WaitingForPromises elapsed=4 timeout=15 ballot=82 promises=0 accepted=0
[step=1220] DELIVER from=3 to=1 type=Promise { ballot: 64, accepted_ballot: None, accepted_value: None } queue_len=168
[PROMISE-TRACE] from=3 received_ballot=64 current_ballot=82 match=false
[PAXOS-TICK] phase=WaitingForPromises elapsed=5 timeout=15 ballot=82 promises=0 accepted=0
[step=1221] DELIVER from=4 to=1 type=Promise { ballot: 64, accepted_ballot: None, accepted_value: None } queue_len=167
[PROMISE-TRACE] from=4 received_ballot=64 current_ballot=82 match=false
[PAXOS-TICK] phase=WaitingForPromises elapsed=6 timeout=15 ballot=82 promises=0 accepted=0
[step=1222] DELIVER from=5 to=1 type=Promise { ballot: 64, accepted_ballot: None, accepted_value: None } queue_len=166
[PROMISE-TRACE] from=5 received_ballot=64 current_ballot=82 match=false
[PAXOS-TICK] phase=WaitingForPromises elapsed=7 timeout=15 ballot=82 promises=0 accepted=0
[step=1223] DELIVER from=6 to=1 type=Promise { ballot: 64, accepted_ballot: None, accepted_value: None } queue_len=165
[PROMISE-TRACE] from=6 received_ballot=64 current_ballot=82 match=false
[PAXOS-TICK] phase=WaitingForPromises elapsed=8 timeout=15 ballot=82 promises=0 accepted=0
[step=1224] DELIVER from=1 to=1 type=Prepare { ballot: 73 } queue_len=164
[PAXOS-TICK] phase=WaitingForPromises elapsed=9 timeout=15 ballot=82 promises=0 accepted=0
[step=1225] DELIVER from=1 to=2 type=Prepare { ballot: 73 } queue_len=164
[PAXOS-TICK] phase=WaitingForPromises elapsed=10 timeout=15 ballot=82 promises=0 accepted=0
[step=1226] DELIVER from=1 to=3 type=Prepare { ballot: 73 } queue_len=164
[PAXOS-TICK] phase=WaitingForPromises elapsed=11 timeout=15 ballot=82 promises=0 accepted=0
[step=1227] DELIVER from=1 to=4 type=Prepare { ballot: 73 } queue_len=164
[PAXOS-TICK] phase=WaitingForPromises elapsed=12 timeout=15 ballot=82 promises=0 accepted=0
[step=1228] DELIVER from=1 to=5 type=Prepare { ballot: 73 } queue_len=164
[PAXOS-TICK] phase=WaitingForPromises elapsed=13 timeout=15 ballot=82 promises=0 accepted=0
[step=1229] DELIVER from=1 to=6 type=Prepare { ballot: 73 } queue_len=164
[PAXOS-TICK] phase=WaitingForPromises elapsed=14 timeout=15 ballot=82 promises=0 accepted=0
[TIMEOUT-CAUSE] phase=WaitingForPromises ballot=82 promises=0 accepted=0 quorum=5
[step=1230] DELIVER from=1 to=7 type=Prepare { ballot: 73 } queue_len=173
[PAXOS-TICK] phase=WaitingForPromises elapsed=0 timeout=15 ballot=83 promises=0 accepted=0
[step=1231] DELIVER from=1 to=8 type=Prepare { ballot: 73 } queue_len=173
[PAXOS-TICK] phase=WaitingForPromises elapsed=1 timeout=15 ballot=83 promises=0 accepted=0
[step=1232] DELIVER from=1 to=9 type=Prepare { ballot: 73 } queue_len=173
[PAXOS-TICK] phase=WaitingForPromises elapsed=2 timeout=15 ballot=83 promises=0 accepted=0
[step=1233] DELIVER from=7 to=1 type=Promise { ballot: 64, accepted_ballot: None, accepted_value: None } queue_len=173
[PROMISE-TRACE] from=7 received_ballot=64 current_ballot=83 match=false
[PAXOS-TICK] phase=WaitingForPromises elapsed=3 timeout=15 ballot=83 promises=0 accepted=0
[step=1234] DELIVER from=8 to=1 type=Promise { ballot: 64, accepted_ballot: None, accepted_value: None } queue_len=172
[PROMISE-TRACE] from=8 received_ballot=64 current_ballot=83 match=false
[PAXOS-TICK] phase=WaitingForPromises elapsed=4 timeout=15 ballot=83 promises=0 accepted=0
[step=1235] DELIVER from=9 to=1 type=Promise { ballot: 64, accepted_ballot: None, accepted_value: None } queue_len=171
[PROMISE-TRACE] from=9 received_ballot=64 current_ballot=83 match=false
[PAXOS-TICK] phase=WaitingForPromises elapsed=5 timeout=15 ballot=83 promises=0 accepted=0
[step=1236] DELIVER from=1 to=1 type=Promise { ballot: 65, accepted_ballot: None, accepted_value: None } queue_len=170
[PROMISE-TRACE] from=1 received_ballot=65 current_ballot=83 match=false
[PAXOS-TICK] phase=WaitingForPromises elapsed=6 timeout=15 ballot=83 promises=0 accepted=0
[step=1237] DELIVER from=2 to=1 type=Promise { ballot: 65, accepted_ballot: None, accepted_value: None } queue_len=169
[PROMISE-TRACE] from=2 received_ballot=65 current_ballot=83 match=false
[PAXOS-TICK] phase=WaitingForPromises elapsed=7 timeout=15 ballot=83 promises=0 accepted=0
[step=1238] DELIVER from=3 to=1 type=Promise { ballot: 65, accepted_ballot: None, accepted_value: None } queue_len=168
[PROMISE-TRACE] from=3 received_ballot=65 current_ballot=83 match=false
[PAXOS-TICK] phase=WaitingForPromises elapsed=8 timeout=15 ballot=83 promises=0 accepted=0
[step=1239] DELIVER from=4 to=1 type=Promise { ballot: 65, accepted_ballot: None, accepted_value: None } queue_len=167
[PROMISE-TRACE] from=4 received_ballot=65 current_ballot=83 match=false
[PAXOS-TICK] phase=WaitingForPromises elapsed=9 timeout=15 ballot=83 promises=0 accepted=0
[step=1240] DELIVER from=5 to=1 type=Promise { ballot: 65, accepted_ballot: None, accepted_value: None } queue_len=166
[PROMISE-TRACE] from=5 received_ballot=65 current_ballot=83 match=false
[PAXOS-TICK] phase=WaitingForPromises elapsed=10 timeout=15 ballot=83 promises=0 accepted=0
[step=1241] DELIVER from=6 to=1 type=Promise { ballot: 65, accepted_ballot: None, accepted_value: None } queue_len=165
[PROMISE-TRACE] from=6 received_ballot=65 current_ballot=83 match=false
[PAXOS-TICK] phase=WaitingForPromises elapsed=11 timeout=15 ballot=83 promises=0 accepted=0
[step=1242] DELIVER from=1 to=1 type=Prepare { ballot: 74 } queue_len=164
[PAXOS-TICK] phase=WaitingForPromises elapsed=12 timeout=15 ballot=83 promises=0 accepted=0
[step=1243] DELIVER from=1 to=2 type=Prepare { ballot: 74 } queue_len=164
[PAXOS-TICK] phase=WaitingForPromises elapsed=13 timeout=15 ballot=83 promises=0 accepted=0
[step=1244] DELIVER from=1 to=3 type=Prepare { ballot: 74 } queue_len=164
[PAXOS-TICK] phase=WaitingForPromises elapsed=14 timeout=15 ballot=83 promises=0 accepted=0
[TIMEOUT-CAUSE] phase=WaitingForPromises ballot=83 promises=0 accepted=0 quorum=5
[step=1245] DELIVER from=1 to=4 type=Prepare { ballot: 74 } queue_len=173
[PAXOS-TICK] phase=WaitingForPromises elapsed=0 timeout=15 ballot=84 promises=0 accepted=0
[step=1246] DELIVER from=1 to=5 type=Prepare { ballot: 74 } queue_len=173
[PAXOS-TICK] phase=WaitingForPromises elapsed=1 timeout=15 ballot=84 promises=0 accepted=0
[step=1247] DELIVER from=1 to=6 type=Prepare { ballot: 74 } queue_len=173
[PAXOS-TICK] phase=WaitingForPromises elapsed=2 timeout=15 ballot=84 promises=0 accepted=0
[step=1248] DELIVER from=1 to=7 type=Prepare { ballot: 74 } queue_len=173
[PAXOS-TICK] phase=WaitingForPromises elapsed=3 timeout=15 ballot=84 promises=0 accepted=0
[step=1249] DELIVER from=1 to=8 type=Prepare { ballot: 74 } queue_len=173
[PAXOS-TICK] phase=WaitingForPromises elapsed=4 timeout=15 ballot=84 promises=0 accepted=0
[step=1250] DELIVER from=1 to=9 type=Prepare { ballot: 74 } queue_len=173
[PAXOS-TICK] phase=WaitingForPromises elapsed=5 timeout=15 ballot=84 promises=0 accepted=0
[step=1251] DELIVER from=7 to=1 type=Promise { ballot: 65, accepted_ballot: None, accepted_value: None } queue_len=173
[PROMISE-TRACE] from=7 received_ballot=65 current_ballot=84 match=false
[PAXOS-TICK] phase=WaitingForPromises elapsed=6 timeout=15 ballot=84 promises=0 accepted=0
[step=1252] DELIVER from=8 to=1 type=Promise { ballot: 65, accepted_ballot: None, accepted_value: None } queue_len=172
[PROMISE-TRACE] from=8 received_ballot=65 current_ballot=84 match=false
[PAXOS-TICK] phase=WaitingForPromises elapsed=7 timeout=15 ballot=84 promises=0 accepted=0
[step=1253] DELIVER from=9 to=1 type=Promise { ballot: 65, accepted_ballot: None, accepted_value: None } queue_len=171
[PROMISE-TRACE] from=9 received_ballot=65 current_ballot=84 match=false
[PAXOS-TICK] phase=WaitingForPromises elapsed=8 timeout=15 ballot=84 promises=0 accepted=0
[step=1254] DELIVER from=1 to=1 type=Promise { ballot: 66, accepted_ballot: None, accepted_value: None } queue_len=170
[PROMISE-TRACE] from=1 received_ballot=66 current_ballot=84 match=false
[PAXOS-TICK] phase=WaitingForPromises elapsed=9 timeout=15 ballot=84 promises=0 accepted=0
[step=1255] DELIVER from=2 to=1 type=Promise { ballot: 66, accepted_ballot: None, accepted_value: None } queue_len=169
[PROMISE-TRACE] from=2 received_ballot=66 current_ballot=84 match=false
[PAXOS-TICK] phase=WaitingForPromises elapsed=10 timeout=15 ballot=84 promises=0 accepted=0
[step=1256] DELIVER from=3 to=1 type=Promise { ballot: 66, accepted_ballot: None, accepted_value: None } queue_len=168
[PROMISE-TRACE] from=3 received_ballot=66 current_ballot=84 match=false
[PAXOS-TICK] phase=WaitingForPromises elapsed=11 timeout=15 ballot=84 promises=0 accepted=0
[step=1257] DELIVER from=4 to=1 type=Promise { ballot: 66, accepted_ballot: None, accepted_value: None } queue_len=167
[PROMISE-TRACE] from=4 received_ballot=66 current_ballot=84 match=false
[PAXOS-TICK] phase=WaitingForPromises elapsed=12 timeout=15 ballot=84 promises=0 accepted=0
[step=1258] DELIVER from=5 to=1 type=Promise { ballot: 66, accepted_ballot: None, accepted_value: None } queue_len=166
[PROMISE-TRACE] from=5 received_ballot=66 current_ballot=84 match=false
[PAXOS-TICK] phase=WaitingForPromises elapsed=13 timeout=15 ballot=84 promises=0 accepted=0
[step=1259] DELIVER from=6 to=1 type=Promise { ballot: 66, accepted_ballot: None, accepted_value: None } queue_len=165
[PROMISE-TRACE] from=6 received_ballot=66 current_ballot=84 match=false
[PAXOS-TICK] phase=WaitingForPromises elapsed=14 timeout=15 ballot=84 promises=0 accepted=0
[TIMEOUT-CAUSE] phase=WaitingForPromises ballot=84 promises=0 accepted=0 quorum=5
[step=1260] DELIVER from=1 to=1 type=Prepare { ballot: 75 } queue_len=173
[PAXOS-TICK] phase=WaitingForPromises elapsed=0 timeout=15 ballot=85 promises=0 accepted=0
[step=1261] DELIVER from=1 to=2 type=Prepare { ballot: 75 } queue_len=173
[PAXOS-TICK] phase=WaitingForPromises elapsed=1 timeout=15 ballot=85 promises=0 accepted=0
[step=1262] DELIVER from=1 to=3 type=Prepare { ballot: 75 } queue_len=173
[PAXOS-TICK] phase=WaitingForPromises elapsed=2 timeout=15 ballot=85 promises=0 accepted=0
[step=1263] DELIVER from=1 to=4 type=Prepare { ballot: 75 } queue_len=173
[PAXOS-TICK] phase=WaitingForPromises elapsed=3 timeout=15 ballot=85 promises=0 accepted=0
[step=1264] DELIVER from=1 to=5 type=Prepare { ballot: 75 } queue_len=173
[PAXOS-TICK] phase=WaitingForPromises elapsed=4 timeout=15 ballot=85 promises=0 accepted=0
[step=1265] DELIVER from=1 to=6 type=Prepare { ballot: 75 } queue_len=173
[PAXOS-TICK] phase=WaitingForPromises elapsed=5 timeout=15 ballot=85 promises=0 accepted=0
[step=1266] DELIVER from=1 to=7 type=Prepare { ballot: 75 } queue_len=173
[PAXOS-TICK] phase=WaitingForPromises elapsed=6 timeout=15 ballot=85 promises=0 accepted=0
[step=1267] DELIVER from=1 to=8 type=Prepare { ballot: 75 } queue_len=173
[PAXOS-TICK] phase=WaitingForPromises elapsed=7 timeout=15 ballot=85 promises=0 accepted=0
[step=1268] DELIVER from=1 to=9 type=Prepare { ballot: 75 } queue_len=173
[PAXOS-TICK] phase=WaitingForPromises elapsed=8 timeout=15 ballot=85 promises=0 accepted=0
[step=1269] DELIVER from=7 to=1 type=Promise { ballot: 66, accepted_ballot: None, accepted_value: None } queue_len=173
[PROMISE-TRACE] from=7 received_ballot=66 current_ballot=85 match=false
[PAXOS-TICK] phase=WaitingForPromises elapsed=9 timeout=15 ballot=85 promises=0 accepted=0
[step=1270] DELIVER from=8 to=1 type=Promise { ballot: 66, accepted_ballot: None, accepted_value: None } queue_len=172
[PROMISE-TRACE] from=8 received_ballot=66 current_ballot=85 match=false
[PAXOS-TICK] phase=WaitingForPromises elapsed=10 timeout=15 ballot=85 promises=0 accepted=0
[step=1271] DELIVER from=9 to=1 type=Promise { ballot: 66, accepted_ballot: None, accepted_value: None } queue_len=171
[PROMISE-TRACE] from=9 received_ballot=66 current_ballot=85 match=false
[PAXOS-TICK] phase=WaitingForPromises elapsed=11 timeout=15 ballot=85 promises=0 accepted=0
[step=1272] DELIVER from=1 to=1 type=Promise { ballot: 67, accepted_ballot: None, accepted_value: None } queue_len=170
[PROMISE-TRACE] from=1 received_ballot=67 current_ballot=85 match=false
[PAXOS-TICK] phase=WaitingForPromises elapsed=12 timeout=15 ballot=85 promises=0 accepted=0
[step=1273] DELIVER from=2 to=1 type=Promise { ballot: 67, accepted_ballot: None, accepted_value: None } queue_len=169
[PROMISE-TRACE] from=2 received_ballot=67 current_ballot=85 match=false
[PAXOS-TICK] phase=WaitingForPromises elapsed=13 timeout=15 ballot=85 promises=0 accepted=0
[step=1274] DELIVER from=3 to=1 type=Promise { ballot: 67, accepted_ballot: None, accepted_value: None } queue_len=168
[PROMISE-TRACE] from=3 received_ballot=67 current_ballot=85 match=false
[PAXOS-TICK] phase=WaitingForPromises elapsed=14 timeout=15 ballot=85 promises=0 accepted=0
[TIMEOUT-CAUSE] phase=WaitingForPromises ballot=85 promises=0 accepted=0 quorum=5
[step=1275] DELIVER from=1 to=1 type=Prepare { ballot: 76 } queue_len=176
[PAXOS-TICK] phase=WaitingForPromises elapsed=0 timeout=15 ballot=86 promises=0 accepted=0
[step=1276] DELIVER from=1 to=2 type=Prepare { ballot: 76 } queue_len=176
[PAXOS-TICK] phase=WaitingForPromises elapsed=1 timeout=15 ballot=86 promises=0 accepted=0
[step=1277] DELIVER from=1 to=3 type=Prepare { ballot: 76 } queue_len=176
[PAXOS-TICK] phase=WaitingForPromises elapsed=2 timeout=15 ballot=86 promises=0 accepted=0
[step=1278] DELIVER from=1 to=4 type=Prepare { ballot: 76 } queue_len=176
[PAXOS-TICK] phase=WaitingForPromises elapsed=3 timeout=15 ballot=86 promises=0 accepted=0
[step=1279] DELIVER from=1 to=5 type=Prepare { ballot: 76 } queue_len=176
[PAXOS-TICK] phase=WaitingForPromises elapsed=4 timeout=15 ballot=86 promises=0 accepted=0
[step=1280] DELIVER from=1 to=6 type=Prepare { ballot: 76 } queue_len=176
[PAXOS-TICK] phase=WaitingForPromises elapsed=5 timeout=15 ballot=86 promises=0 accepted=0
[step=1281] DELIVER from=1 to=7 type=Prepare { ballot: 76 } queue_len=176
[PAXOS-TICK] phase=WaitingForPromises elapsed=6 timeout=15 ballot=86 promises=0 accepted=0
[step=1282] DELIVER from=1 to=8 type=Prepare { ballot: 76 } queue_len=176
[PAXOS-TICK] phase=WaitingForPromises elapsed=7 timeout=15 ballot=86 promises=0 accepted=0
[step=1283] DELIVER from=1 to=9 type=Prepare { ballot: 76 } queue_len=176
[PAXOS-TICK] phase=WaitingForPromises elapsed=8 timeout=15 ballot=86 promises=0 accepted=0
[step=1284] DELIVER from=4 to=1 type=Promise { ballot: 67, accepted_ballot: None, accepted_value: None } queue_len=176
[PROMISE-TRACE] from=4 received_ballot=67 current_ballot=86 match=false
[PAXOS-TICK] phase=WaitingForPromises elapsed=9 timeout=15 ballot=86 promises=0 accepted=0
[step=1285] DELIVER from=5 to=1 type=Promise { ballot: 67, accepted_ballot: None, accepted_value: None } queue_len=175
[PROMISE-TRACE] from=5 received_ballot=67 current_ballot=86 match=false
[PAXOS-TICK] phase=WaitingForPromises elapsed=10 timeout=15 ballot=86 promises=0 accepted=0
[step=1286] DELIVER from=6 to=1 type=Promise { ballot: 67, accepted_ballot: None, accepted_value: None } queue_len=174
[PROMISE-TRACE] from=6 received_ballot=67 current_ballot=86 match=false
[PAXOS-TICK] phase=WaitingForPromises elapsed=11 timeout=15 ballot=86 promises=0 accepted=0
[step=1287] DELIVER from=7 to=1 type=Promise { ballot: 67, accepted_ballot: None, accepted_value: None } queue_len=173
[PROMISE-TRACE] from=7 received_ballot=67 current_ballot=86 match=false
[PAXOS-TICK] phase=WaitingForPromises elapsed=12 timeout=15 ballot=86 promises=0 accepted=0
[step=1288] DELIVER from=8 to=1 type=Promise { ballot: 67, accepted_ballot: None, accepted_value: None } queue_len=172
[PROMISE-TRACE] from=8 received_ballot=67 current_ballot=86 match=false
[PAXOS-TICK] phase=WaitingForPromises elapsed=13 timeout=15 ballot=86 promises=0 accepted=0
[step=1289] DELIVER from=9 to=1 type=Promise { ballot: 67, accepted_ballot: None, accepted_value: None } queue_len=171
[PROMISE-TRACE] from=9 received_ballot=67 current_ballot=86 match=false
[PAXOS-TICK] phase=WaitingForPromises elapsed=14 timeout=15 ballot=86 promises=0 accepted=0
[TIMEOUT-CAUSE] phase=WaitingForPromises ballot=86 promises=0 accepted=0 quorum=5
[step=1290] DELIVER from=1 to=1 type=Prepare { ballot: 77 } queue_len=179
[PAXOS-TICK] phase=WaitingForPromises elapsed=0 timeout=15 ballot=87 promises=0 accepted=0
[step=1291] DELIVER from=1 to=2 type=Prepare { ballot: 77 } queue_len=179
[PAXOS-TICK] phase=WaitingForPromises elapsed=1 timeout=15 ballot=87 promises=0 accepted=0
[step=1292] DELIVER from=1 to=3 type=Prepare { ballot: 77 } queue_len=179
[PAXOS-TICK] phase=WaitingForPromises elapsed=2 timeout=15 ballot=87 promises=0 accepted=0
[step=1293] DELIVER from=1 to=4 type=Prepare { ballot: 77 } queue_len=179
[PAXOS-TICK] phase=WaitingForPromises elapsed=3 timeout=15 ballot=87 promises=0 accepted=0
[step=1294] DELIVER from=1 to=5 type=Prepare { ballot: 77 } queue_len=179
[PAXOS-TICK] phase=WaitingForPromises elapsed=4 timeout=15 ballot=87 promises=0 accepted=0
[step=1295] DELIVER from=1 to=6 type=Prepare { ballot: 77 } queue_len=179
[PAXOS-TICK] phase=WaitingForPromises elapsed=5 timeout=15 ballot=87 promises=0 accepted=0
[step=1296] DELIVER from=1 to=7 type=Prepare { ballot: 77 } queue_len=179
[PAXOS-TICK] phase=WaitingForPromises elapsed=6 timeout=15 ballot=87 promises=0 accepted=0
[step=1297] DELIVER from=1 to=8 type=Prepare { ballot: 77 } queue_len=179
[PAXOS-TICK] phase=WaitingForPromises elapsed=7 timeout=15 ballot=87 promises=0 accepted=0
[step=1298] DELIVER from=1 to=9 type=Prepare { ballot: 77 } queue_len=179
[PAXOS-TICK] phase=WaitingForPromises elapsed=8 timeout=15 ballot=87 promises=0 accepted=0
[step=1299] DELIVER from=1 to=1 type=Promise { ballot: 68, accepted_ballot: None, accepted_value: None } queue_len=179
[PROMISE-TRACE] from=1 received_ballot=68 current_ballot=87 match=false
[PAXOS-TICK] phase=WaitingForPromises elapsed=9 timeout=15 ballot=87 promises=0 accepted=0
[step=1300] DELIVER from=2 to=1 type=Promise { ballot: 68, accepted_ballot: None, accepted_value: None } queue_len=178
[PROMISE-TRACE] from=2 received_ballot=68 current_ballot=87 match=false
[PAXOS-TICK] phase=WaitingForPromises elapsed=10 timeout=15 ballot=87 promises=0 accepted=0
[step=1301] DELIVER from=3 to=1 type=Promise { ballot: 68, accepted_ballot: None, accepted_value: None } queue_len=177
[PROMISE-TRACE] from=3 received_ballot=68 current_ballot=87 match=false
[PAXOS-TICK] phase=WaitingForPromises elapsed=11 timeout=15 ballot=87 promises=0 accepted=0
[step=1302] DELIVER from=4 to=1 type=Promise { ballot: 68, accepted_ballot: None, accepted_value: None } queue_len=176
[PROMISE-TRACE] from=4 received_ballot=68 current_ballot=87 match=false
[PAXOS-TICK] phase=WaitingForPromises elapsed=12 timeout=15 ballot=87 promises=0 accepted=0
[step=1303] DELIVER from=5 to=1 type=Promise { ballot: 68, accepted_ballot: None, accepted_value: None } queue_len=175
[PROMISE-TRACE] from=5 received_ballot=68 current_ballot=87 match=false
[PAXOS-TICK] phase=WaitingForPromises elapsed=13 timeout=15 ballot=87 promises=0 accepted=0
[step=1304] DELIVER from=6 to=1 type=Promise { ballot: 68, accepted_ballot: None, accepted_value: None } queue_len=174
[PROMISE-TRACE] from=6 received_ballot=68 current_ballot=87 match=false
[PAXOS-TICK] phase=WaitingForPromises elapsed=14 timeout=15 ballot=87 promises=0 accepted=0
[TIMEOUT-CAUSE] phase=WaitingForPromises ballot=87 promises=0 accepted=0 quorum=5
[step=1305] DELIVER from=7 to=1 type=Promise { ballot: 68, accepted_ballot: None, accepted_value: None } queue_len=182
[PROMISE-TRACE] from=7 received_ballot=68 current_ballot=88 match=false
[PAXOS-TICK] phase=WaitingForPromises elapsed=0 timeout=15 ballot=88 promises=0 accepted=0
[step=1306] DELIVER from=8 to=1 type=Promise { ballot: 68, accepted_ballot: None, accepted_value: None } queue_len=181
[PROMISE-TRACE] from=8 received_ballot=68 current_ballot=88 match=false
[PAXOS-TICK] phase=WaitingForPromises elapsed=1 timeout=15 ballot=88 promises=0 accepted=0
[step=1307] DELIVER from=9 to=1 type=Promise { ballot: 68, accepted_ballot: None, accepted_value: None } queue_len=180
[PROMISE-TRACE] from=9 received_ballot=68 current_ballot=88 match=false
[PAXOS-TICK] phase=WaitingForPromises elapsed=2 timeout=15 ballot=88 promises=0 accepted=0
[step=1308] DELIVER from=1 to=1 type=Prepare { ballot: 78 } queue_len=179
[PAXOS-TICK] phase=WaitingForPromises elapsed=3 timeout=15 ballot=88 promises=0 accepted=0
[step=1309] DELIVER from=1 to=2 type=Prepare { ballot: 78 } queue_len=179
[PAXOS-TICK] phase=WaitingForPromises elapsed=4 timeout=15 ballot=88 promises=0 accepted=0
[step=1310] DELIVER from=1 to=3 type=Prepare { ballot: 78 } queue_len=179
[PAXOS-TICK] phase=WaitingForPromises elapsed=5 timeout=15 ballot=88 promises=0 accepted=0
[step=1311] DELIVER from=1 to=4 type=Prepare { ballot: 78 } queue_len=179
[PAXOS-TICK] phase=WaitingForPromises elapsed=6 timeout=15 ballot=88 promises=0 accepted=0
[step=1312] DELIVER from=1 to=5 type=Prepare { ballot: 78 } queue_len=179
[PAXOS-TICK] phase=WaitingForPromises elapsed=7 timeout=15 ballot=88 promises=0 accepted=0
[step=1313] DELIVER from=1 to=6 type=Prepare { ballot: 78 } queue_len=179
[PAXOS-TICK] phase=WaitingForPromises elapsed=8 timeout=15 ballot=88 promises=0 accepted=0
[step=1314] DELIVER from=1 to=7 type=Prepare { ballot: 78 } queue_len=179
[PAXOS-TICK] phase=WaitingForPromises elapsed=9 timeout=15 ballot=88 promises=0 accepted=0
[step=1315] DELIVER from=1 to=8 type=Prepare { ballot: 78 } queue_len=179
[PAXOS-TICK] phase=WaitingForPromises elapsed=10 timeout=15 ballot=88 promises=0 accepted=0
[step=1316] DELIVER from=1 to=9 type=Prepare { ballot: 78 } queue_len=179
[PAXOS-TICK] phase=WaitingForPromises elapsed=11 timeout=15 ballot=88 promises=0 accepted=0
[step=1317] DELIVER from=1 to=1 type=Promise { ballot: 69, accepted_ballot: None, accepted_value: None } queue_len=179
[PROMISE-TRACE] from=1 received_ballot=69 current_ballot=88 match=false
[PAXOS-TICK] phase=WaitingForPromises elapsed=12 timeout=15 ballot=88 promises=0 accepted=0
[step=1318] DELIVER from=2 to=1 type=Promise { ballot: 69, accepted_ballot: None, accepted_value: None } queue_len=178
[PROMISE-TRACE] from=2 received_ballot=69 current_ballot=88 match=false
[PAXOS-TICK] phase=WaitingForPromises elapsed=13 timeout=15 ballot=88 promises=0 accepted=0
[step=1319] DELIVER from=3 to=1 type=Promise { ballot: 69, accepted_ballot: None, accepted_value: None } queue_len=177
[PROMISE-TRACE] from=3 received_ballot=69 current_ballot=88 match=false
[PAXOS-TICK] phase=WaitingForPromises elapsed=14 timeout=15 ballot=88 promises=0 accepted=0
[TIMEOUT-CAUSE] phase=WaitingForPromises ballot=88 promises=0 accepted=0 quorum=5
[step=1320] DELIVER from=4 to=1 type=Promise { ballot: 69, accepted_ballot: None, accepted_value: None } queue_len=185
[PROMISE-TRACE] from=4 received_ballot=69 current_ballot=89 match=false
[PAXOS-TICK] phase=WaitingForPromises elapsed=0 timeout=15 ballot=89 promises=0 accepted=0
[step=1321] DELIVER from=5 to=1 type=Promise { ballot: 69, accepted_ballot: None, accepted_value: None } queue_len=184
[PROMISE-TRACE] from=5 received_ballot=69 current_ballot=89 match=false
[PAXOS-TICK] phase=WaitingForPromises elapsed=1 timeout=15 ballot=89 promises=0 accepted=0
[step=1322] DELIVER from=6 to=1 type=Promise { ballot: 69, accepted_ballot: None, accepted_value: None } queue_len=183
[PROMISE-TRACE] from=6 received_ballot=69 current_ballot=89 match=false
[PAXOS-TICK] phase=WaitingForPromises elapsed=2 timeout=15 ballot=89 promises=0 accepted=0
[step=1323] DELIVER from=7 to=1 type=Promise { ballot: 69, accepted_ballot: None, accepted_value: None } queue_len=182
[PROMISE-TRACE] from=7 received_ballot=69 current_ballot=89 match=false
[PAXOS-TICK] phase=WaitingForPromises elapsed=3 timeout=15 ballot=89 promises=0 accepted=0
[step=1324] DELIVER from=8 to=1 type=Promise { ballot: 69, accepted_ballot: None, accepted_value: None } queue_len=181
[PROMISE-TRACE] from=8 received_ballot=69 current_ballot=89 match=false
[PAXOS-TICK] phase=WaitingForPromises elapsed=4 timeout=15 ballot=89 promises=0 accepted=0
[step=1325] DELIVER from=9 to=1 type=Promise { ballot: 69, accepted_ballot: None, accepted_value: None } queue_len=180
[PROMISE-TRACE] from=9 received_ballot=69 current_ballot=89 match=false
[PAXOS-TICK] phase=WaitingForPromises elapsed=5 timeout=15 ballot=89 promises=0 accepted=0
[step=1326] DELIVER from=1 to=1 type=Prepare { ballot: 79 } queue_len=179
[PAXOS-TICK] phase=WaitingForPromises elapsed=6 timeout=15 ballot=89 promises=0 accepted=0
[step=1327] DELIVER from=1 to=2 type=Prepare { ballot: 79 } queue_len=179
[PAXOS-TICK] phase=WaitingForPromises elapsed=7 timeout=15 ballot=89 promises=0 accepted=0
[step=1328] DELIVER from=1 to=3 type=Prepare { ballot: 79 } queue_len=179
[PAXOS-TICK] phase=WaitingForPromises elapsed=8 timeout=15 ballot=89 promises=0 accepted=0
[step=1329] DELIVER from=1 to=4 type=Prepare { ballot: 79 } queue_len=179
[PAXOS-TICK] phase=WaitingForPromises elapsed=9 timeout=15 ballot=89 promises=0 accepted=0
[step=1330] DELIVER from=1 to=5 type=Prepare { ballot: 79 } queue_len=179
[PAXOS-TICK] phase=WaitingForPromises elapsed=10 timeout=15 ballot=89 promises=0 accepted=0
[step=1331] DELIVER from=1 to=6 type=Prepare { ballot: 79 } queue_len=179
[PAXOS-TICK] phase=WaitingForPromises elapsed=11 timeout=15 ballot=89 promises=0 accepted=0
[step=1332] DELIVER from=1 to=7 type=Prepare { ballot: 79 } queue_len=179
[PAXOS-TICK] phase=WaitingForPromises elapsed=12 timeout=15 ballot=89 promises=0 accepted=0
[step=1333] DELIVER from=1 to=8 type=Prepare { ballot: 79 } queue_len=179
[PAXOS-TICK] phase=WaitingForPromises elapsed=13 timeout=15 ballot=89 promises=0 accepted=0
[step=1334] DELIVER from=1 to=9 type=Prepare { ballot: 79 } queue_len=179
[PAXOS-TICK] phase=WaitingForPromises elapsed=14 timeout=15 ballot=89 promises=0 accepted=0
[TIMEOUT-CAUSE] phase=WaitingForPromises ballot=89 promises=0 accepted=0 quorum=5
[step=1335] DELIVER from=1 to=1 type=Promise { ballot: 70, accepted_ballot: None, accepted_value: None } queue_len=188
[PROMISE-TRACE] from=1 received_ballot=70 current_ballot=90 match=false
[PAXOS-TICK] phase=WaitingForPromises elapsed=0 timeout=15 ballot=90 promises=0 accepted=0
[step=1336] DELIVER from=2 to=1 type=Promise { ballot: 70, accepted_ballot: None, accepted_value: None } queue_len=187
[PROMISE-TRACE] from=2 received_ballot=70 current_ballot=90 match=false
[PAXOS-TICK] phase=WaitingForPromises elapsed=1 timeout=15 ballot=90 promises=0 accepted=0
[step=1337] DELIVER from=3 to=1 type=Promise { ballot: 70, accepted_ballot: None, accepted_value: None } queue_len=186
[PROMISE-TRACE] from=3 received_ballot=70 current_ballot=90 match=false
[PAXOS-TICK] phase=WaitingForPromises elapsed=2 timeout=15 ballot=90 promises=0 accepted=0
[step=1338] DELIVER from=4 to=1 type=Promise { ballot: 70, accepted_ballot: None, accepted_value: None } queue_len=185
[PROMISE-TRACE] from=4 received_ballot=70 current_ballot=90 match=false
[PAXOS-TICK] phase=WaitingForPromises elapsed=3 timeout=15 ballot=90 promises=0 accepted=0
[step=1339] DELIVER from=5 to=1 type=Promise { ballot: 70, accepted_ballot: None, accepted_value: None } queue_len=184
[PROMISE-TRACE] from=5 received_ballot=70 current_ballot=90 match=false
[PAXOS-TICK] phase=WaitingForPromises elapsed=4 timeout=15 ballot=90 promises=0 accepted=0
[step=1340] DELIVER from=6 to=1 type=Promise { ballot: 70, accepted_ballot: None, accepted_value: None } queue_len=183
[PROMISE-TRACE] from=6 received_ballot=70 current_ballot=90 match=false
[PAXOS-TICK] phase=WaitingForPromises elapsed=5 timeout=15 ballot=90 promises=0 accepted=0
[step=1341] DELIVER from=7 to=1 type=Promise { ballot: 70, accepted_ballot: None, accepted_value: None } queue_len=182
[PROMISE-TRACE] from=7 received_ballot=70 current_ballot=90 match=false
[PAXOS-TICK] phase=WaitingForPromises elapsed=6 timeout=15 ballot=90 promises=0 accepted=0
[step=1342] DELIVER from=8 to=1 type=Promise { ballot: 70, accepted_ballot: None, accepted_value: None } queue_len=181
[PROMISE-TRACE] from=8 received_ballot=70 current_ballot=90 match=false
[PAXOS-TICK] phase=WaitingForPromises elapsed=7 timeout=15 ballot=90 promises=0 accepted=0
[step=1343] DELIVER from=9 to=1 type=Promise { ballot: 70, accepted_ballot: None, accepted_value: None } queue_len=180
[PROMISE-TRACE] from=9 received_ballot=70 current_ballot=90 match=false
[PAXOS-TICK] phase=WaitingForPromises elapsed=8 timeout=15 ballot=90 promises=0 accepted=0
[step=1344] DELIVER from=1 to=1 type=Prepare { ballot: 80 } queue_len=179
[PAXOS-TICK] phase=WaitingForPromises elapsed=9 timeout=15 ballot=90 promises=0 accepted=0
[step=1345] DELIVER from=1 to=2 type=Prepare { ballot: 80 } queue_len=179
[PAXOS-TICK] phase=WaitingForPromises elapsed=10 timeout=15 ballot=90 promises=0 accepted=0
[step=1346] DELIVER from=1 to=3 type=Prepare { ballot: 80 } queue_len=179
[PAXOS-TICK] phase=WaitingForPromises elapsed=11 timeout=15 ballot=90 promises=0 accepted=0
[step=1347] DELIVER from=1 to=4 type=Prepare { ballot: 80 } queue_len=179
[PAXOS-TICK] phase=WaitingForPromises elapsed=12 timeout=15 ballot=90 promises=0 accepted=0
[step=1348] DELIVER from=1 to=5 type=Prepare { ballot: 80 } queue_len=179
[PAXOS-TICK] phase=WaitingForPromises elapsed=13 timeout=15 ballot=90 promises=0 accepted=0
[step=1349] DELIVER from=1 to=6 type=Prepare { ballot: 80 } queue_len=179
[PAXOS-TICK] phase=WaitingForPromises elapsed=14 timeout=15 ballot=90 promises=0 accepted=0
[TIMEOUT-CAUSE] phase=WaitingForPromises ballot=90 promises=0 accepted=0 quorum=5
[step=1350] DELIVER from=1 to=7 type=Prepare { ballot: 80 } queue_len=188
[PAXOS-TICK] phase=WaitingForPromises elapsed=0 timeout=15 ballot=91 promises=0 accepted=0
[step=1351] DELIVER from=1 to=8 type=Prepare { ballot: 80 } queue_len=188
[PAXOS-TICK] phase=WaitingForPromises elapsed=1 timeout=15 ballot=91 promises=0 accepted=0
[step=1352] DELIVER from=1 to=9 type=Prepare { ballot: 80 } queue_len=188
[PAXOS-TICK] phase=WaitingForPromises elapsed=2 timeout=15 ballot=91 promises=0 accepted=0
[step=1353] DELIVER from=1 to=1 type=Promise { ballot: 71, accepted_ballot: None, accepted_value: None } queue_len=188
[PROMISE-TRACE] from=1 received_ballot=71 current_ballot=91 match=false
[PAXOS-TICK] phase=WaitingForPromises elapsed=3 timeout=15 ballot=91 promises=0 accepted=0
[step=1354] DELIVER from=2 to=1 type=Promise { ballot: 71, accepted_ballot: None, accepted_value: None } queue_len=187
[PROMISE-TRACE] from=2 received_ballot=71 current_ballot=91 match=false
[PAXOS-TICK] phase=WaitingForPromises elapsed=4 timeout=15 ballot=91 promises=0 accepted=0
[step=1355] DELIVER from=3 to=1 type=Promise { ballot: 71, accepted_ballot: None, accepted_value: None } queue_len=186
[PROMISE-TRACE] from=3 received_ballot=71 current_ballot=91 match=false
[PAXOS-TICK] phase=WaitingForPromises elapsed=5 timeout=15 ballot=91 promises=0 accepted=0
[step=1356] DELIVER from=4 to=1 type=Promise { ballot: 71, accepted_ballot: None, accepted_value: None } queue_len=185
[PROMISE-TRACE] from=4 received_ballot=71 current_ballot=91 match=false
[PAXOS-TICK] phase=WaitingForPromises elapsed=6 timeout=15 ballot=91 promises=0 accepted=0
[step=1357] DELIVER from=5 to=1 type=Promise { ballot: 71, accepted_ballot: None, accepted_value: None } queue_len=184
[PROMISE-TRACE] from=5 received_ballot=71 current_ballot=91 match=false
[PAXOS-TICK] phase=WaitingForPromises elapsed=7 timeout=15 ballot=91 promises=0 accepted=0
[step=1358] DELIVER from=6 to=1 type=Promise { ballot: 71, accepted_ballot: None, accepted_value: None } queue_len=183
[PROMISE-TRACE] from=6 received_ballot=71 current_ballot=91 match=false
[PAXOS-TICK] phase=WaitingForPromises elapsed=8 timeout=15 ballot=91 promises=0 accepted=0
[step=1359] DELIVER from=7 to=1 type=Promise { ballot: 71, accepted_ballot: None, accepted_value: None } queue_len=182
[PROMISE-TRACE] from=7 received_ballot=71 current_ballot=91 match=false
[PAXOS-TICK] phase=WaitingForPromises elapsed=9 timeout=15 ballot=91 promises=0 accepted=0
[step=1360] DELIVER from=8 to=1 type=Promise { ballot: 71, accepted_ballot: None, accepted_value: None } queue_len=181
[PROMISE-TRACE] from=8 received_ballot=71 current_ballot=91 match=false
[PAXOS-TICK] phase=WaitingForPromises elapsed=10 timeout=15 ballot=91 promises=0 accepted=0
[step=1361] DELIVER from=9 to=1 type=Promise { ballot: 71, accepted_ballot: None, accepted_value: None } queue_len=180
[PROMISE-TRACE] from=9 received_ballot=71 current_ballot=91 match=false
[PAXOS-TICK] phase=WaitingForPromises elapsed=11 timeout=15 ballot=91 promises=0 accepted=0
[step=1362] DELIVER from=1 to=1 type=Prepare { ballot: 81 } queue_len=179
[PAXOS-TICK] phase=WaitingForPromises elapsed=12 timeout=15 ballot=91 promises=0 accepted=0
[step=1363] DELIVER from=1 to=2 type=Prepare { ballot: 81 } queue_len=179
[PAXOS-TICK] phase=WaitingForPromises elapsed=13 timeout=15 ballot=91 promises=0 accepted=0
[step=1364] DELIVER from=1 to=3 type=Prepare { ballot: 81 } queue_len=179
[PAXOS-TICK] phase=WaitingForPromises elapsed=14 timeout=15 ballot=91 promises=0 accepted=0
[TIMEOUT-CAUSE] phase=WaitingForPromises ballot=91 promises=0 accepted=0 quorum=5
[step=1365] DELIVER from=1 to=4 type=Prepare { ballot: 81 } queue_len=188
[PAXOS-TICK] phase=WaitingForPromises elapsed=0 timeout=15 ballot=92 promises=0 accepted=0
[step=1366] DELIVER from=1 to=5 type=Prepare { ballot: 81 } queue_len=188
[PAXOS-TICK] phase=WaitingForPromises elapsed=1 timeout=15 ballot=92 promises=0 accepted=0
[step=1367] DELIVER from=1 to=6 type=Prepare { ballot: 81 } queue_len=188
[PAXOS-TICK] phase=WaitingForPromises elapsed=2 timeout=15 ballot=92 promises=0 accepted=0
[step=1368] DELIVER from=1 to=7 type=Prepare { ballot: 81 } queue_len=188
[PAXOS-TICK] phase=WaitingForPromises elapsed=3 timeout=15 ballot=92 promises=0 accepted=0
[step=1369] DELIVER from=1 to=8 type=Prepare { ballot: 81 } queue_len=188
[PAXOS-TICK] phase=WaitingForPromises elapsed=4 timeout=15 ballot=92 promises=0 accepted=0
[step=1370] DELIVER from=1 to=9 type=Prepare { ballot: 81 } queue_len=188
[PAXOS-TICK] phase=WaitingForPromises elapsed=5 timeout=15 ballot=92 promises=0 accepted=0
[step=1371] DELIVER from=1 to=1 type=Promise { ballot: 72, accepted_ballot: None, accepted_value: None } queue_len=188
[PROMISE-TRACE] from=1 received_ballot=72 current_ballot=92 match=false
[PAXOS-TICK] phase=WaitingForPromises elapsed=6 timeout=15 ballot=92 promises=0 accepted=0
[step=1372] DELIVER from=2 to=1 type=Promise { ballot: 72, accepted_ballot: None, accepted_value: None } queue_len=187
[PROMISE-TRACE] from=2 received_ballot=72 current_ballot=92 match=false
[PAXOS-TICK] phase=WaitingForPromises elapsed=7 timeout=15 ballot=92 promises=0 accepted=0
[step=1373] DELIVER from=3 to=1 type=Promise { ballot: 72, accepted_ballot: None, accepted_value: None } queue_len=186
[PROMISE-TRACE] from=3 received_ballot=72 current_ballot=92 match=false
[PAXOS-TICK] phase=WaitingForPromises elapsed=8 timeout=15 ballot=92 promises=0 accepted=0
[step=1374] DELIVER from=4 to=1 type=Promise { ballot: 72, accepted_ballot: None, accepted_value: None } queue_len=185
[PROMISE-TRACE] from=4 received_ballot=72 current_ballot=92 match=false
[PAXOS-TICK] phase=WaitingForPromises elapsed=9 timeout=15 ballot=92 promises=0 accepted=0
[step=1375] DELIVER from=5 to=1 type=Promise { ballot: 72, accepted_ballot: None, accepted_value: None } queue_len=184
[PROMISE-TRACE] from=5 received_ballot=72 current_ballot=92 match=false
[PAXOS-TICK] phase=WaitingForPromises elapsed=10 timeout=15 ballot=92 promises=0 accepted=0
[step=1376] DELIVER from=6 to=1 type=Promise { ballot: 72, accepted_ballot: None, accepted_value: None } queue_len=183
[PROMISE-TRACE] from=6 received_ballot=72 current_ballot=92 match=false
[PAXOS-TICK] phase=WaitingForPromises elapsed=11 timeout=15 ballot=92 promises=0 accepted=0
[step=1377] DELIVER from=1 to=1 type=Prepare { ballot: 82 } queue_len=182
[PAXOS-TICK] phase=WaitingForPromises elapsed=12 timeout=15 ballot=92 promises=0 accepted=0
[step=1378] DELIVER from=1 to=2 type=Prepare { ballot: 82 } queue_len=182
[PAXOS-TICK] phase=WaitingForPromises elapsed=13 timeout=15 ballot=92 promises=0 accepted=0
[step=1379] DELIVER from=1 to=3 type=Prepare { ballot: 82 } queue_len=182
[PAXOS-TICK] phase=WaitingForPromises elapsed=14 timeout=15 ballot=92 promises=0 accepted=0
[TIMEOUT-CAUSE] phase=WaitingForPromises ballot=92 promises=0 accepted=0 quorum=5
[step=1380] DELIVER from=1 to=4 type=Prepare { ballot: 82 } queue_len=191
[PAXOS-TICK] phase=WaitingForPromises elapsed=0 timeout=15 ballot=93 promises=0 accepted=0
[step=1381] DELIVER from=1 to=5 type=Prepare { ballot: 82 } queue_len=191
[PAXOS-TICK] phase=WaitingForPromises elapsed=1 timeout=15 ballot=93 promises=0 accepted=0
[step=1382] DELIVER from=1 to=6 type=Prepare { ballot: 82 } queue_len=191
[PAXOS-TICK] phase=WaitingForPromises elapsed=2 timeout=15 ballot=93 promises=0 accepted=0
[step=1383] DELIVER from=1 to=7 type=Prepare { ballot: 82 } queue_len=191
[PAXOS-TICK] phase=WaitingForPromises elapsed=3 timeout=15 ballot=93 promises=0 accepted=0
[step=1384] DELIVER from=1 to=8 type=Prepare { ballot: 82 } queue_len=191
[PAXOS-TICK] phase=WaitingForPromises elapsed=4 timeout=15 ballot=93 promises=0 accepted=0
[step=1385] DELIVER from=1 to=9 type=Prepare { ballot: 82 } queue_len=191
[PAXOS-TICK] phase=WaitingForPromises elapsed=5 timeout=15 ballot=93 promises=0 accepted=0
[step=1386] DELIVER from=7 to=1 type=Promise { ballot: 72, accepted_ballot: None, accepted_value: None } queue_len=191
[PROMISE-TRACE] from=7 received_ballot=72 current_ballot=93 match=false
[PAXOS-TICK] phase=WaitingForPromises elapsed=6 timeout=15 ballot=93 promises=0 accepted=0
[step=1387] DELIVER from=8 to=1 type=Promise { ballot: 72, accepted_ballot: None, accepted_value: None } queue_len=190
[PROMISE-TRACE] from=8 received_ballot=72 current_ballot=93 match=false
[PAXOS-TICK] phase=WaitingForPromises elapsed=7 timeout=15 ballot=93 promises=0 accepted=0
[step=1388] DELIVER from=9 to=1 type=Promise { ballot: 72, accepted_ballot: None, accepted_value: None } queue_len=189
[PROMISE-TRACE] from=9 received_ballot=72 current_ballot=93 match=false
[PAXOS-TICK] phase=WaitingForPromises elapsed=8 timeout=15 ballot=93 promises=0 accepted=0
[step=1389] DELIVER from=1 to=1 type=Promise { ballot: 73, accepted_ballot: None, accepted_value: None } queue_len=188
[PROMISE-TRACE] from=1 received_ballot=73 current_ballot=93 match=false
[PAXOS-TICK] phase=WaitingForPromises elapsed=9 timeout=15 ballot=93 promises=0 accepted=0
[step=1390] DELIVER from=2 to=1 type=Promise { ballot: 73, accepted_ballot: None, accepted_value: None } queue_len=187
[PROMISE-TRACE] from=2 received_ballot=73 current_ballot=93 match=false
[PAXOS-TICK] phase=WaitingForPromises elapsed=10 timeout=15 ballot=93 promises=0 accepted=0
[step=1391] DELIVER from=3 to=1 type=Promise { ballot: 73, accepted_ballot: None, accepted_value: None } queue_len=186
[PROMISE-TRACE] from=3 received_ballot=73 current_ballot=93 match=false
[PAXOS-TICK] phase=WaitingForPromises elapsed=11 timeout=15 ballot=93 promises=0 accepted=0
[step=1392] DELIVER from=4 to=1 type=Promise { ballot: 73, accepted_ballot: None, accepted_value: None } queue_len=185
[PROMISE-TRACE] from=4 received_ballot=73 current_ballot=93 match=false
[PAXOS-TICK] phase=WaitingForPromises elapsed=12 timeout=15 ballot=93 promises=0 accepted=0
[step=1393] DELIVER from=5 to=1 type=Promise { ballot: 73, accepted_ballot: None, accepted_value: None } queue_len=184
[PROMISE-TRACE] from=5 received_ballot=73 current_ballot=93 match=false
[PAXOS-TICK] phase=WaitingForPromises elapsed=13 timeout=15 ballot=93 promises=0 accepted=0
[step=1394] DELIVER from=6 to=1 type=Promise { ballot: 73, accepted_ballot: None, accepted_value: None } queue_len=183
[PROMISE-TRACE] from=6 received_ballot=73 current_ballot=93 match=false
[PAXOS-TICK] phase=WaitingForPromises elapsed=14 timeout=15 ballot=93 promises=0 accepted=0
[TIMEOUT-CAUSE] phase=WaitingForPromises ballot=93 promises=0 accepted=0 quorum=5
[step=1395] DELIVER from=1 to=1 type=Prepare { ballot: 83 } queue_len=191
[PAXOS-TICK] phase=WaitingForPromises elapsed=0 timeout=15 ballot=94 promises=0 accepted=0
[step=1396] DELIVER from=1 to=2 type=Prepare { ballot: 83 } queue_len=191
[PAXOS-TICK] phase=WaitingForPromises elapsed=1 timeout=15 ballot=94 promises=0 accepted=0
[step=1397] DELIVER from=1 to=3 type=Prepare { ballot: 83 } queue_len=191
[PAXOS-TICK] phase=WaitingForPromises elapsed=2 timeout=15 ballot=94 promises=0 accepted=0
[step=1398] DELIVER from=1 to=4 type=Prepare { ballot: 83 } queue_len=191
[PAXOS-TICK] phase=WaitingForPromises elapsed=3 timeout=15 ballot=94 promises=0 accepted=0
[step=1399] DELIVER from=1 to=5 type=Prepare { ballot: 83 } queue_len=191
[PAXOS-TICK] phase=WaitingForPromises elapsed=4 timeout=15 ballot=94 promises=0 accepted=0
[step=1400] DELIVER from=1 to=6 type=Prepare { ballot: 83 } queue_len=191
[PAXOS-TICK] phase=WaitingForPromises elapsed=5 timeout=15 ballot=94 promises=0 accepted=0
[step=1401] DELIVER from=1 to=7 type=Prepare { ballot: 83 } queue_len=191
[PAXOS-TICK] phase=WaitingForPromises elapsed=6 timeout=15 ballot=94 promises=0 accepted=0
[step=1402] DELIVER from=1 to=8 type=Prepare { ballot: 83 } queue_len=191
[PAXOS-TICK] phase=WaitingForPromises elapsed=7 timeout=15 ballot=94 promises=0 accepted=0
[step=1403] DELIVER from=1 to=9 type=Prepare { ballot: 83 } queue_len=191
[PAXOS-TICK] phase=WaitingForPromises elapsed=8 timeout=15 ballot=94 promises=0 accepted=0
[step=1404] DELIVER from=7 to=1 type=Promise { ballot: 73, accepted_ballot: None, accepted_value: None } queue_len=191
[PROMISE-TRACE] from=7 received_ballot=73 current_ballot=94 match=false
[PAXOS-TICK] phase=WaitingForPromises elapsed=9 timeout=15 ballot=94 promises=0 accepted=0
[step=1405] DELIVER from=8 to=1 type=Promise { ballot: 73, accepted_ballot: None, accepted_value: None } queue_len=190
[PROMISE-TRACE] from=8 received_ballot=73 current_ballot=94 match=false
[PAXOS-TICK] phase=WaitingForPromises elapsed=10 timeout=15 ballot=94 promises=0 accepted=0
[step=1406] DELIVER from=9 to=1 type=Promise { ballot: 73, accepted_ballot: None, accepted_value: None } queue_len=189
[PROMISE-TRACE] from=9 received_ballot=73 current_ballot=94 match=false
[PAXOS-TICK] phase=WaitingForPromises elapsed=11 timeout=15 ballot=94 promises=0 accepted=0
[step=1407] DELIVER from=1 to=1 type=Promise { ballot: 74, accepted_ballot: None, accepted_value: None } queue_len=188
[PROMISE-TRACE] from=1 received_ballot=74 current_ballot=94 match=false
[PAXOS-TICK] phase=WaitingForPromises elapsed=12 timeout=15 ballot=94 promises=0 accepted=0
[step=1408] DELIVER from=2 to=1 type=Promise { ballot: 74, accepted_ballot: None, accepted_value: None } queue_len=187
[PROMISE-TRACE] from=2 received_ballot=74 current_ballot=94 match=false
[PAXOS-TICK] phase=WaitingForPromises elapsed=13 timeout=15 ballot=94 promises=0 accepted=0
[step=1409] DELIVER from=3 to=1 type=Promise { ballot: 74, accepted_ballot: None, accepted_value: None } queue_len=186
[PROMISE-TRACE] from=3 received_ballot=74 current_ballot=94 match=false
[PAXOS-TICK] phase=WaitingForPromises elapsed=14 timeout=15 ballot=94 promises=0 accepted=0
[TIMEOUT-CAUSE] phase=WaitingForPromises ballot=94 promises=0 accepted=0 quorum=5
[step=1410] DELIVER from=1 to=1 type=Prepare { ballot: 84 } queue_len=194
[PAXOS-TICK] phase=WaitingForPromises elapsed=0 timeout=15 ballot=95 promises=0 accepted=0
[step=1411] DELIVER from=1 to=2 type=Prepare { ballot: 84 } queue_len=194
[PAXOS-TICK] phase=WaitingForPromises elapsed=1 timeout=15 ballot=95 promises=0 accepted=0
[step=1412] DELIVER from=1 to=3 type=Prepare { ballot: 84 } queue_len=194
[PAXOS-TICK] phase=WaitingForPromises elapsed=2 timeout=15 ballot=95 promises=0 accepted=0
[step=1413] DELIVER from=1 to=4 type=Prepare { ballot: 84 } queue_len=194
[PAXOS-TICK] phase=WaitingForPromises elapsed=3 timeout=15 ballot=95 promises=0 accepted=0
[step=1414] DELIVER from=1 to=5 type=Prepare { ballot: 84 } queue_len=194
[PAXOS-TICK] phase=WaitingForPromises elapsed=4 timeout=15 ballot=95 promises=0 accepted=0
[step=1415] DELIVER from=1 to=6 type=Prepare { ballot: 84 } queue_len=194
[PAXOS-TICK] phase=WaitingForPromises elapsed=5 timeout=15 ballot=95 promises=0 accepted=0
[step=1416] DELIVER from=1 to=7 type=Prepare { ballot: 84 } queue_len=194
[PAXOS-TICK] phase=WaitingForPromises elapsed=6 timeout=15 ballot=95 promises=0 accepted=0
[step=1417] DELIVER from=1 to=8 type=Prepare { ballot: 84 } queue_len=194
[PAXOS-TICK] phase=WaitingForPromises elapsed=7 timeout=15 ballot=95 promises=0 accepted=0
[step=1418] DELIVER from=1 to=9 type=Prepare { ballot: 84 } queue_len=194
[PAXOS-TICK] phase=WaitingForPromises elapsed=8 timeout=15 ballot=95 promises=0 accepted=0
[step=1419] DELIVER from=4 to=1 type=Promise { ballot: 74, accepted_ballot: None, accepted_value: None } queue_len=194
[PROMISE-TRACE] from=4 received_ballot=74 current_ballot=95 match=false
[PAXOS-TICK] phase=WaitingForPromises elapsed=9 timeout=15 ballot=95 promises=0 accepted=0
[step=1420] DELIVER from=5 to=1 type=Promise { ballot: 74, accepted_ballot: None, accepted_value: None } queue_len=193
[PROMISE-TRACE] from=5 received_ballot=74 current_ballot=95 match=false
[PAXOS-TICK] phase=WaitingForPromises elapsed=10 timeout=15 ballot=95 promises=0 accepted=0
[step=1421] DELIVER from=6 to=1 type=Promise { ballot: 74, accepted_ballot: None, accepted_value: None } queue_len=192
[PROMISE-TRACE] from=6 received_ballot=74 current_ballot=95 match=false
[PAXOS-TICK] phase=WaitingForPromises elapsed=11 timeout=15 ballot=95 promises=0 accepted=0
[step=1422] DELIVER from=7 to=1 type=Promise { ballot: 74, accepted_ballot: None, accepted_value: None } queue_len=191
[PROMISE-TRACE] from=7 received_ballot=74 current_ballot=95 match=false
[PAXOS-TICK] phase=WaitingForPromises elapsed=12 timeout=15 ballot=95 promises=0 accepted=0
[step=1423] DELIVER from=8 to=1 type=Promise { ballot: 74, accepted_ballot: None, accepted_value: None } queue_len=190
[PROMISE-TRACE] from=8 received_ballot=74 current_ballot=95 match=false
[PAXOS-TICK] phase=WaitingForPromises elapsed=13 timeout=15 ballot=95 promises=0 accepted=0
[step=1424] DELIVER from=9 to=1 type=Promise { ballot: 74, accepted_ballot: None, accepted_value: None } queue_len=189
[PROMISE-TRACE] from=9 received_ballot=74 current_ballot=95 match=false
[PAXOS-TICK] phase=WaitingForPromises elapsed=14 timeout=15 ballot=95 promises=0 accepted=0
[TIMEOUT-CAUSE] phase=WaitingForPromises ballot=95 promises=0 accepted=0 quorum=5
[step=1425] DELIVER from=1 to=1 type=Prepare { ballot: 85 } queue_len=197
[PAXOS-TICK] phase=WaitingForPromises elapsed=0 timeout=15 ballot=96 promises=0 accepted=0
[step=1426] DELIVER from=1 to=2 type=Prepare { ballot: 85 } queue_len=197
[PAXOS-TICK] phase=WaitingForPromises elapsed=1 timeout=15 ballot=96 promises=0 accepted=0
[step=1427] DELIVER from=1 to=3 type=Prepare { ballot: 85 } queue_len=197
[PAXOS-TICK] phase=WaitingForPromises elapsed=2 timeout=15 ballot=96 promises=0 accepted=0
[step=1428] DELIVER from=1 to=4 type=Prepare { ballot: 85 } queue_len=197
[PAXOS-TICK] phase=WaitingForPromises elapsed=3 timeout=15 ballot=96 promises=0 accepted=0
[step=1429] DELIVER from=1 to=5 type=Prepare { ballot: 85 } queue_len=197
[PAXOS-TICK] phase=WaitingForPromises elapsed=4 timeout=15 ballot=96 promises=0 accepted=0
[step=1430] DELIVER from=1 to=6 type=Prepare { ballot: 85 } queue_len=197
[PAXOS-TICK] phase=WaitingForPromises elapsed=5 timeout=15 ballot=96 promises=0 accepted=0
[step=1431] DELIVER from=1 to=7 type=Prepare { ballot: 85 } queue_len=197
[PAXOS-TICK] phase=WaitingForPromises elapsed=6 timeout=15 ballot=96 promises=0 accepted=0
[step=1432] DELIVER from=1 to=8 type=Prepare { ballot: 85 } queue_len=197
[PAXOS-TICK] phase=WaitingForPromises elapsed=7 timeout=15 ballot=96 promises=0 accepted=0
[step=1433] DELIVER from=1 to=9 type=Prepare { ballot: 85 } queue_len=197
[PAXOS-TICK] phase=WaitingForPromises elapsed=8 timeout=15 ballot=96 promises=0 accepted=0
[step=1434] DELIVER from=1 to=1 type=Promise { ballot: 75, accepted_ballot: None, accepted_value: None } queue_len=197
[PROMISE-TRACE] from=1 received_ballot=75 current_ballot=96 match=false
[PAXOS-TICK] phase=WaitingForPromises elapsed=9 timeout=15 ballot=96 promises=0 accepted=0
[step=1435] DELIVER from=2 to=1 type=Promise { ballot: 75, accepted_ballot: None, accepted_value: None } queue_len=196
[PROMISE-TRACE] from=2 received_ballot=75 current_ballot=96 match=false
[PAXOS-TICK] phase=WaitingForPromises elapsed=10 timeout=15 ballot=96 promises=0 accepted=0
[step=1436] DELIVER from=3 to=1 type=Promise { ballot: 75, accepted_ballot: None, accepted_value: None } queue_len=195
[PROMISE-TRACE] from=3 received_ballot=75 current_ballot=96 match=false
[PAXOS-TICK] phase=WaitingForPromises elapsed=11 timeout=15 ballot=96 promises=0 accepted=0
[step=1437] DELIVER from=4 to=1 type=Promise { ballot: 75, accepted_ballot: None, accepted_value: None } queue_len=194
[PROMISE-TRACE] from=4 received_ballot=75 current_ballot=96 match=false
[PAXOS-TICK] phase=WaitingForPromises elapsed=12 timeout=15 ballot=96 promises=0 accepted=0
[step=1438] DELIVER from=5 to=1 type=Promise { ballot: 75, accepted_ballot: None, accepted_value: None } queue_len=193
[PROMISE-TRACE] from=5 received_ballot=75 current_ballot=96 match=false
[PAXOS-TICK] phase=WaitingForPromises elapsed=13 timeout=15 ballot=96 promises=0 accepted=0
[step=1439] DELIVER from=6 to=1 type=Promise { ballot: 75, accepted_ballot: None, accepted_value: None } queue_len=192
[PROMISE-TRACE] from=6 received_ballot=75 current_ballot=96 match=false
[PAXOS-TICK] phase=WaitingForPromises elapsed=14 timeout=15 ballot=96 promises=0 accepted=0
[TIMEOUT-CAUSE] phase=WaitingForPromises ballot=96 promises=0 accepted=0 quorum=5
[step=1440] DELIVER from=7 to=1 type=Promise { ballot: 75, accepted_ballot: None, accepted_value: None } queue_len=200
[PROMISE-TRACE] from=7 received_ballot=75 current_ballot=97 match=false
[PAXOS-TICK] phase=WaitingForPromises elapsed=0 timeout=15 ballot=97 promises=0 accepted=0
[step=1441] DELIVER from=8 to=1 type=Promise { ballot: 75, accepted_ballot: None, accepted_value: None } queue_len=199
[PROMISE-TRACE] from=8 received_ballot=75 current_ballot=97 match=false
[PAXOS-TICK] phase=WaitingForPromises elapsed=1 timeout=15 ballot=97 promises=0 accepted=0
[step=1442] DELIVER from=9 to=1 type=Promise { ballot: 75, accepted_ballot: None, accepted_value: None } queue_len=198
[PROMISE-TRACE] from=9 received_ballot=75 current_ballot=97 match=false
[PAXOS-TICK] phase=WaitingForPromises elapsed=2 timeout=15 ballot=97 promises=0 accepted=0
[step=1443] DELIVER from=1 to=1 type=Prepare { ballot: 86 } queue_len=197
[PAXOS-TICK] phase=WaitingForPromises elapsed=3 timeout=15 ballot=97 promises=0 accepted=0
[step=1444] DELIVER from=1 to=2 type=Prepare { ballot: 86 } queue_len=197
[PAXOS-TICK] phase=WaitingForPromises elapsed=4 timeout=15 ballot=97 promises=0 accepted=0
[step=1445] DELIVER from=1 to=3 type=Prepare { ballot: 86 } queue_len=197
[PAXOS-TICK] phase=WaitingForPromises elapsed=5 timeout=15 ballot=97 promises=0 accepted=0
[step=1446] DELIVER from=1 to=4 type=Prepare { ballot: 86 } queue_len=197
[PAXOS-TICK] phase=WaitingForPromises elapsed=6 timeout=15 ballot=97 promises=0 accepted=0
[step=1447] DELIVER from=1 to=5 type=Prepare { ballot: 86 } queue_len=197
[PAXOS-TICK] phase=WaitingForPromises elapsed=7 timeout=15 ballot=97 promises=0 accepted=0
[step=1448] DELIVER from=1 to=6 type=Prepare { ballot: 86 } queue_len=197
[PAXOS-TICK] phase=WaitingForPromises elapsed=8 timeout=15 ballot=97 promises=0 accepted=0
[step=1449] DELIVER from=1 to=7 type=Prepare { ballot: 86 } queue_len=197
[PAXOS-TICK] phase=WaitingForPromises elapsed=9 timeout=15 ballot=97 promises=0 accepted=0
[step=1450] DELIVER from=1 to=8 type=Prepare { ballot: 86 } queue_len=197
[PAXOS-TICK] phase=WaitingForPromises elapsed=10 timeout=15 ballot=97 promises=0 accepted=0
[step=1451] DELIVER from=1 to=9 type=Prepare { ballot: 86 } queue_len=197
[PAXOS-TICK] phase=WaitingForPromises elapsed=11 timeout=15 ballot=97 promises=0 accepted=0
[step=1452] DELIVER from=1 to=1 type=Promise { ballot: 76, accepted_ballot: None, accepted_value: None } queue_len=197
[PROMISE-TRACE] from=1 received_ballot=76 current_ballot=97 match=false
[PAXOS-TICK] phase=WaitingForPromises elapsed=12 timeout=15 ballot=97 promises=0 accepted=0
[step=1453] DELIVER from=2 to=1 type=Promise { ballot: 76, accepted_ballot: None, accepted_value: None } queue_len=196
[PROMISE-TRACE] from=2 received_ballot=76 current_ballot=97 match=false
[PAXOS-TICK] phase=WaitingForPromises elapsed=13 timeout=15 ballot=97 promises=0 accepted=0
[step=1454] DELIVER from=3 to=1 type=Promise { ballot: 76, accepted_ballot: None, accepted_value: None } queue_len=195
[PROMISE-TRACE] from=3 received_ballot=76 current_ballot=97 match=false
[PAXOS-TICK] phase=WaitingForPromises elapsed=14 timeout=15 ballot=97 promises=0 accepted=0
[TIMEOUT-CAUSE] phase=WaitingForPromises ballot=97 promises=0 accepted=0 quorum=5
[step=1455] DELIVER from=4 to=1 type=Promise { ballot: 76, accepted_ballot: None, accepted_value: None } queue_len=203
[PROMISE-TRACE] from=4 received_ballot=76 current_ballot=98 match=false
[PAXOS-TICK] phase=WaitingForPromises elapsed=0 timeout=15 ballot=98 promises=0 accepted=0
[step=1456] DELIVER from=5 to=1 type=Promise { ballot: 76, accepted_ballot: None, accepted_value: None } queue_len=202
[PROMISE-TRACE] from=5 received_ballot=76 current_ballot=98 match=false
[PAXOS-TICK] phase=WaitingForPromises elapsed=1 timeout=15 ballot=98 promises=0 accepted=0
[step=1457] DELIVER from=6 to=1 type=Promise { ballot: 76, accepted_ballot: None, accepted_value: None } queue_len=201
[PROMISE-TRACE] from=6 received_ballot=76 current_ballot=98 match=false
[PAXOS-TICK] phase=WaitingForPromises elapsed=2 timeout=15 ballot=98 promises=0 accepted=0
[step=1458] DELIVER from=7 to=1 type=Promise { ballot: 76, accepted_ballot: None, accepted_value: None } queue_len=200
[PROMISE-TRACE] from=7 received_ballot=76 current_ballot=98 match=false
[PAXOS-TICK] phase=WaitingForPromises elapsed=3 timeout=15 ballot=98 promises=0 accepted=0
[step=1459] DELIVER from=8 to=1 type=Promise { ballot: 76, accepted_ballot: None, accepted_value: None } queue_len=199
[PROMISE-TRACE] from=8 received_ballot=76 current_ballot=98 match=false
[PAXOS-TICK] phase=WaitingForPromises elapsed=4 timeout=15 ballot=98 promises=0 accepted=0
[step=1460] DELIVER from=9 to=1 type=Promise { ballot: 76, accepted_ballot: None, accepted_value: None } queue_len=198
[PROMISE-TRACE] from=9 received_ballot=76 current_ballot=98 match=false
[PAXOS-TICK] phase=WaitingForPromises elapsed=5 timeout=15 ballot=98 promises=0 accepted=0
[step=1461] DELIVER from=1 to=1 type=Prepare { ballot: 87 } queue_len=197
[PAXOS-TICK] phase=WaitingForPromises elapsed=6 timeout=15 ballot=98 promises=0 accepted=0
[step=1462] DELIVER from=1 to=2 type=Prepare { ballot: 87 } queue_len=197
[PAXOS-TICK] phase=WaitingForPromises elapsed=7 timeout=15 ballot=98 promises=0 accepted=0
[step=1463] DELIVER from=1 to=3 type=Prepare { ballot: 87 } queue_len=197
[PAXOS-TICK] phase=WaitingForPromises elapsed=8 timeout=15 ballot=98 promises=0 accepted=0
[step=1464] DELIVER from=1 to=4 type=Prepare { ballot: 87 } queue_len=197
[PAXOS-TICK] phase=WaitingForPromises elapsed=9 timeout=15 ballot=98 promises=0 accepted=0
[step=1465] DELIVER from=1 to=5 type=Prepare { ballot: 87 } queue_len=197
[PAXOS-TICK] phase=WaitingForPromises elapsed=10 timeout=15 ballot=98 promises=0 accepted=0
[step=1466] DELIVER from=1 to=6 type=Prepare { ballot: 87 } queue_len=197
[PAXOS-TICK] phase=WaitingForPromises elapsed=11 timeout=15 ballot=98 promises=0 accepted=0
[step=1467] DELIVER from=1 to=7 type=Prepare { ballot: 87 } queue_len=197
[PAXOS-TICK] phase=WaitingForPromises elapsed=12 timeout=15 ballot=98 promises=0 accepted=0
[step=1468] DELIVER from=1 to=8 type=Prepare { ballot: 87 } queue_len=197
[PAXOS-TICK] phase=WaitingForPromises elapsed=13 timeout=15 ballot=98 promises=0 accepted=0
[step=1469] DELIVER from=1 to=9 type=Prepare { ballot: 87 } queue_len=197
[PAXOS-TICK] phase=WaitingForPromises elapsed=14 timeout=15 ballot=98 promises=0 accepted=0
[TIMEOUT-CAUSE] phase=WaitingForPromises ballot=98 promises=0 accepted=0 quorum=5
[step=1470] DELIVER from=1 to=1 type=Promise { ballot: 77, accepted_ballot: None, accepted_value: None } queue_len=206
[PROMISE-TRACE] from=1 received_ballot=77 current_ballot=99 match=false
[PAXOS-TICK] phase=WaitingForPromises elapsed=0 timeout=15 ballot=99 promises=0 accepted=0
[step=1471] DELIVER from=2 to=1 type=Promise { ballot: 77, accepted_ballot: None, accepted_value: None } queue_len=205
[PROMISE-TRACE] from=2 received_ballot=77 current_ballot=99 match=false
[PAXOS-TICK] phase=WaitingForPromises elapsed=1 timeout=15 ballot=99 promises=0 accepted=0
[step=1472] DELIVER from=3 to=1 type=Promise { ballot: 77, accepted_ballot: None, accepted_value: None } queue_len=204
[PROMISE-TRACE] from=3 received_ballot=77 current_ballot=99 match=false
[PAXOS-TICK] phase=WaitingForPromises elapsed=2 timeout=15 ballot=99 promises=0 accepted=0
[step=1473] DELIVER from=4 to=1 type=Promise { ballot: 77, accepted_ballot: None, accepted_value: None } queue_len=203
[PROMISE-TRACE] from=4 received_ballot=77 current_ballot=99 match=false
[PAXOS-TICK] phase=WaitingForPromises elapsed=3 timeout=15 ballot=99 promises=0 accepted=0
[step=1474] DELIVER from=5 to=1 type=Promise { ballot: 77, accepted_ballot: None, accepted_value: None } queue_len=202
[PROMISE-TRACE] from=5 received_ballot=77 current_ballot=99 match=false
[PAXOS-TICK] phase=WaitingForPromises elapsed=4 timeout=15 ballot=99 promises=0 accepted=0
[step=1475] DELIVER from=6 to=1 type=Promise { ballot: 77, accepted_ballot: None, accepted_value: None } queue_len=201
[PROMISE-TRACE] from=6 received_ballot=77 current_ballot=99 match=false
[PAXOS-TICK] phase=WaitingForPromises elapsed=5 timeout=15 ballot=99 promises=0 accepted=0
[step=1476] DELIVER from=7 to=1 type=Promise { ballot: 77, accepted_ballot: None, accepted_value: None } queue_len=200
[PROMISE-TRACE] from=7 received_ballot=77 current_ballot=99 match=false
[PAXOS-TICK] phase=WaitingForPromises elapsed=6 timeout=15 ballot=99 promises=0 accepted=0
[step=1477] DELIVER from=8 to=1 type=Promise { ballot: 77, accepted_ballot: None, accepted_value: None } queue_len=199
[PROMISE-TRACE] from=8 received_ballot=77 current_ballot=99 match=false
[PAXOS-TICK] phase=WaitingForPromises elapsed=7 timeout=15 ballot=99 promises=0 accepted=0
[step=1478] DELIVER from=9 to=1 type=Promise { ballot: 77, accepted_ballot: None, accepted_value: None } queue_len=198
[PROMISE-TRACE] from=9 received_ballot=77 current_ballot=99 match=false
[PAXOS-TICK] phase=WaitingForPromises elapsed=8 timeout=15 ballot=99 promises=0 accepted=0
[step=1479] DELIVER from=1 to=1 type=Prepare { ballot: 88 } queue_len=197
[PAXOS-TICK] phase=WaitingForPromises elapsed=9 timeout=15 ballot=99 promises=0 accepted=0
[step=1480] DELIVER from=1 to=2 type=Prepare { ballot: 88 } queue_len=197
[PAXOS-TICK] phase=WaitingForPromises elapsed=10 timeout=15 ballot=99 promises=0 accepted=0
[step=1481] DELIVER from=1 to=3 type=Prepare { ballot: 88 } queue_len=197
[PAXOS-TICK] phase=WaitingForPromises elapsed=11 timeout=15 ballot=99 promises=0 accepted=0
[step=1482] DELIVER from=1 to=4 type=Prepare { ballot: 88 } queue_len=197
[PAXOS-TICK] phase=WaitingForPromises elapsed=12 timeout=15 ballot=99 promises=0 accepted=0
[step=1483] DELIVER from=1 to=5 type=Prepare { ballot: 88 } queue_len=197
[PAXOS-TICK] phase=WaitingForPromises elapsed=13 timeout=15 ballot=99 promises=0 accepted=0
[step=1484] DELIVER from=1 to=6 type=Prepare { ballot: 88 } queue_len=197
[PAXOS-TICK] phase=WaitingForPromises elapsed=14 timeout=15 ballot=99 promises=0 accepted=0
[TIMEOUT-CAUSE] phase=WaitingForPromises ballot=99 promises=0 accepted=0 quorum=5
[step=1485] DELIVER from=1 to=7 type=Prepare { ballot: 88 } queue_len=206
[PAXOS-TICK] phase=WaitingForPromises elapsed=0 timeout=15 ballot=100 promises=0 accepted=0
[step=1486] DELIVER from=1 to=8 type=Prepare { ballot: 88 } queue_len=206
[PAXOS-TICK] phase=WaitingForPromises elapsed=1 timeout=15 ballot=100 promises=0 accepted=0
[step=1487] DELIVER from=1 to=9 type=Prepare { ballot: 88 } queue_len=206
[PAXOS-TICK] phase=WaitingForPromises elapsed=2 timeout=15 ballot=100 promises=0 accepted=0
[step=1488] DELIVER from=1 to=1 type=Promise { ballot: 78, accepted_ballot: None, accepted_value: None } queue_len=206
[PROMISE-TRACE] from=1 received_ballot=78 current_ballot=100 match=false
[PAXOS-TICK] phase=WaitingForPromises elapsed=3 timeout=15 ballot=100 promises=0 accepted=0
[step=1489] DELIVER from=2 to=1 type=Promise { ballot: 78, accepted_ballot: None, accepted_value: None } queue_len=205
[PROMISE-TRACE] from=2 received_ballot=78 current_ballot=100 match=false
[PAXOS-TICK] phase=WaitingForPromises elapsed=4 timeout=15 ballot=100 promises=0 accepted=0
[step=1490] DELIVER from=3 to=1 type=Promise { ballot: 78, accepted_ballot: None, accepted_value: None } queue_len=204
[PROMISE-TRACE] from=3 received_ballot=78 current_ballot=100 match=false
[PAXOS-TICK] phase=WaitingForPromises elapsed=5 timeout=15 ballot=100 promises=0 accepted=0
[step=1491] DELIVER from=4 to=1 type=Promise { ballot: 78, accepted_ballot: None, accepted_value: None } queue_len=203
[PROMISE-TRACE] from=4 received_ballot=78 current_ballot=100 match=false
[PAXOS-TICK] phase=WaitingForPromises elapsed=6 timeout=15 ballot=100 promises=0 accepted=0
[step=1492] DELIVER from=5 to=1 type=Promise { ballot: 78, accepted_ballot: None, accepted_value: None } queue_len=202
[PROMISE-TRACE] from=5 received_ballot=78 current_ballot=100 match=false
[PAXOS-TICK] phase=WaitingForPromises elapsed=7 timeout=15 ballot=100 promises=0 accepted=0
[step=1493] DELIVER from=6 to=1 type=Promise { ballot: 78, accepted_ballot: None, accepted_value: None } queue_len=201
[PROMISE-TRACE] from=6 received_ballot=78 current_ballot=100 match=false
[PAXOS-TICK] phase=WaitingForPromises elapsed=8 timeout=15 ballot=100 promises=0 accepted=0
[step=1494] DELIVER from=7 to=1 type=Promise { ballot: 78, accepted_ballot: None, accepted_value: None } queue_len=200
[PROMISE-TRACE] from=7 received_ballot=78 current_ballot=100 match=false
[PAXOS-TICK] phase=WaitingForPromises elapsed=9 timeout=15 ballot=100 promises=0 accepted=0
[step=1495] DELIVER from=8 to=1 type=Promise { ballot: 78, accepted_ballot: None, accepted_value: None } queue_len=199
[PROMISE-TRACE] from=8 received_ballot=78 current_ballot=100 match=false
[PAXOS-TICK] phase=WaitingForPromises elapsed=10 timeout=15 ballot=100 promises=0 accepted=0
[step=1496] DELIVER from=9 to=1 type=Promise { ballot: 78, accepted_ballot: None, accepted_value: None } queue_len=198
[PROMISE-TRACE] from=9 received_ballot=78 current_ballot=100 match=false
[PAXOS-TICK] phase=WaitingForPromises elapsed=11 timeout=15 ballot=100 promises=0 accepted=0
[step=1497] DELIVER from=1 to=1 type=Prepare { ballot: 89 } queue_len=197
[PAXOS-TICK] phase=WaitingForPromises elapsed=12 timeout=15 ballot=100 promises=0 accepted=0
[step=1498] DELIVER from=1 to=2 type=Prepare { ballot: 89 } queue_len=197
[PAXOS-TICK] phase=WaitingForPromises elapsed=13 timeout=15 ballot=100 promises=0 accepted=0
[step=1499] DELIVER from=1 to=3 type=Prepare { ballot: 89 } queue_len=197
[PAXOS-TICK] phase=WaitingForPromises elapsed=14 timeout=15 ballot=100 promises=0 accepted=0
[TIMEOUT-CAUSE] phase=WaitingForPromises ballot=100 promises=0 accepted=0 quorum=5
[step=1500] DELIVER from=1 to=4 type=Prepare { ballot: 89 } queue_len=206
[PAXOS-TICK] phase=WaitingForPromises elapsed=0 timeout=15 ballot=101 promises=0 accepted=0
[step=1501] DELIVER from=1 to=5 type=Prepare { ballot: 89 } queue_len=206
[PAXOS-TICK] phase=WaitingForPromises elapsed=1 timeout=15 ballot=101 promises=0 accepted=0
[step=1502] DELIVER from=1 to=6 type=Prepare { ballot: 89 } queue_len=206
[PAXOS-TICK] phase=WaitingForPromises elapsed=2 timeout=15 ballot=101 promises=0 accepted=0
[step=1503] DELIVER from=1 to=7 type=Prepare { ballot: 89 } queue_len=206
[PAXOS-TICK] phase=WaitingForPromises elapsed=3 timeout=15 ballot=101 promises=0 accepted=0
[step=1504] DELIVER from=1 to=8 type=Prepare { ballot: 89 } queue_len=206
[PAXOS-TICK] phase=WaitingForPromises elapsed=4 timeout=15 ballot=101 promises=0 accepted=0
[step=1505] DELIVER from=1 to=9 type=Prepare { ballot: 89 } queue_len=206
[PAXOS-TICK] phase=WaitingForPromises elapsed=5 timeout=15 ballot=101 promises=0 accepted=0
[step=1506] DELIVER from=1 to=1 type=Promise { ballot: 79, accepted_ballot: None, accepted_value: None } queue_len=206
[PROMISE-TRACE] from=1 received_ballot=79 current_ballot=101 match=false
[PAXOS-TICK] phase=WaitingForPromises elapsed=6 timeout=15 ballot=101 promises=0 accepted=0
[step=1507] DELIVER from=2 to=1 type=Promise { ballot: 79, accepted_ballot: None, accepted_value: None } queue_len=205
[PROMISE-TRACE] from=2 received_ballot=79 current_ballot=101 match=false
[PAXOS-TICK] phase=WaitingForPromises elapsed=7 timeout=15 ballot=101 promises=0 accepted=0
[step=1508] DELIVER from=3 to=1 type=Promise { ballot: 79, accepted_ballot: None, accepted_value: None } queue_len=204
[PROMISE-TRACE] from=3 received_ballot=79 current_ballot=101 match=false
[PAXOS-TICK] phase=WaitingForPromises elapsed=8 timeout=15 ballot=101 promises=0 accepted=0
[step=1509] DELIVER from=4 to=1 type=Promise { ballot: 79, accepted_ballot: None, accepted_value: None } queue_len=203
[PROMISE-TRACE] from=4 received_ballot=79 current_ballot=101 match=false
[PAXOS-TICK] phase=WaitingForPromises elapsed=9 timeout=15 ballot=101 promises=0 accepted=0
[step=1510] DELIVER from=5 to=1 type=Promise { ballot: 79, accepted_ballot: None, accepted_value: None } queue_len=202
[PROMISE-TRACE] from=5 received_ballot=79 current_ballot=101 match=false
[PAXOS-TICK] phase=WaitingForPromises elapsed=10 timeout=15 ballot=101 promises=0 accepted=0
[step=1511] DELIVER from=6 to=1 type=Promise { ballot: 79, accepted_ballot: None, accepted_value: None } queue_len=201
[PROMISE-TRACE] from=6 received_ballot=79 current_ballot=101 match=false
[PAXOS-TICK] phase=WaitingForPromises elapsed=11 timeout=15 ballot=101 promises=0 accepted=0
[step=1512] DELIVER from=7 to=1 type=Promise { ballot: 79, accepted_ballot: None, accepted_value: None } queue_len=200
[PROMISE-TRACE] from=7 received_ballot=79 current_ballot=101 match=false
[PAXOS-TICK] phase=WaitingForPromises elapsed=12 timeout=15 ballot=101 promises=0 accepted=0
[step=1513] DELIVER from=8 to=1 type=Promise { ballot: 79, accepted_ballot: None, accepted_value: None } queue_len=199
[PROMISE-TRACE] from=8 received_ballot=79 current_ballot=101 match=false
[PAXOS-TICK] phase=WaitingForPromises elapsed=13 timeout=15 ballot=101 promises=0 accepted=0
[step=1514] DELIVER from=9 to=1 type=Promise { ballot: 79, accepted_ballot: None, accepted_value: None } queue_len=198
[PROMISE-TRACE] from=9 received_ballot=79 current_ballot=101 match=false
[PAXOS-TICK] phase=WaitingForPromises elapsed=14 timeout=15 ballot=101 promises=0 accepted=0
[TIMEOUT-CAUSE] phase=WaitingForPromises ballot=101 promises=0 accepted=0 quorum=5
[step=1515] DELIVER from=1 to=1 type=Prepare { ballot: 90 } queue_len=197
[step=1516] DELIVER from=1 to=2 type=Prepare { ballot: 90 } queue_len=197
[step=1517] DELIVER from=1 to=3 type=Prepare { ballot: 90 } queue_len=197
[step=1518] DELIVER from=1 to=4 type=Prepare { ballot: 90 } queue_len=197
[step=1519] DELIVER from=1 to=5 type=Prepare { ballot: 90 } queue_len=197
[step=1520] DELIVER from=1 to=6 type=Prepare { ballot: 90 } queue_len=197
[step=1521] DELIVER from=1 to=7 type=Prepare { ballot: 90 } queue_len=197
[step=1522] DELIVER from=1 to=8 type=Prepare { ballot: 90 } queue_len=197
[step=1523] DELIVER from=1 to=9 type=Prepare { ballot: 90 } queue_len=197
[step=1524] DELIVER from=1 to=1 type=Promise { ballot: 80, accepted_ballot: None, accepted_value: None } queue_len=197
[PROMISE-TRACE] from=1 received_ballot=80 current_ballot=101 match=false
[step=1525] DELIVER from=2 to=1 type=Promise { ballot: 80, accepted_ballot: None, accepted_value: None } queue_len=196
[PROMISE-TRACE] from=2 received_ballot=80 current_ballot=101 match=false
[step=1526] DELIVER from=3 to=1 type=Promise { ballot: 80, accepted_ballot: None, accepted_value: None } queue_len=195
[PROMISE-TRACE] from=3 received_ballot=80 current_ballot=101 match=false
[step=1527] DELIVER from=4 to=1 type=Promise { ballot: 80, accepted_ballot: None, accepted_value: None } queue_len=194
[PROMISE-TRACE] from=4 received_ballot=80 current_ballot=101 match=false
[step=1528] DELIVER from=5 to=1 type=Promise { ballot: 80, accepted_ballot: None, accepted_value: None } queue_len=193
[PROMISE-TRACE] from=5 received_ballot=80 current_ballot=101 match=false
[step=1529] DELIVER from=6 to=1 type=Promise { ballot: 80, accepted_ballot: None, accepted_value: None } queue_len=192
[PROMISE-TRACE] from=6 received_ballot=80 current_ballot=101 match=false
[step=1530] DELIVER from=1 to=1 type=Prepare { ballot: 91 } queue_len=191
[step=1531] DELIVER from=1 to=2 type=Prepare { ballot: 91 } queue_len=191
[step=1532] DELIVER from=1 to=3 type=Prepare { ballot: 91 } queue_len=191
[step=1533] DELIVER from=1 to=4 type=Prepare { ballot: 91 } queue_len=191
[step=1534] DELIVER from=1 to=5 type=Prepare { ballot: 91 } queue_len=191
[step=1535] DELIVER from=1 to=6 type=Prepare { ballot: 91 } queue_len=191
[step=1536] DELIVER from=1 to=7 type=Prepare { ballot: 91 } queue_len=191
[step=1537] DELIVER from=1 to=8 type=Prepare { ballot: 91 } queue_len=191
[step=1538] DELIVER from=1 to=9 type=Prepare { ballot: 91 } queue_len=191
[step=1539] DELIVER from=7 to=1 type=Promise { ballot: 80, accepted_ballot: None, accepted_value: None } queue_len=191
[PROMISE-TRACE] from=7 received_ballot=80 current_ballot=101 match=false
[step=1540] DELIVER from=8 to=1 type=Promise { ballot: 80, accepted_ballot: None, accepted_value: None } queue_len=190
[PROMISE-TRACE] from=8 received_ballot=80 current_ballot=101 match=false
[step=1541] DELIVER from=9 to=1 type=Promise { ballot: 80, accepted_ballot: None, accepted_value: None } queue_len=189
[PROMISE-TRACE] from=9 received_ballot=80 current_ballot=101 match=false
[step=1542] DELIVER from=1 to=1 type=Promise { ballot: 81, accepted_ballot: None, accepted_value: None } queue_len=188
[PROMISE-TRACE] from=1 received_ballot=81 current_ballot=101 match=false
[step=1543] DELIVER from=2 to=1 type=Promise { ballot: 81, accepted_ballot: None, accepted_value: None } queue_len=187
[PROMISE-TRACE] from=2 received_ballot=81 current_ballot=101 match=false
[step=1544] DELIVER from=3 to=1 type=Promise { ballot: 81, accepted_ballot: None, accepted_value: None } queue_len=186
[PROMISE-TRACE] from=3 received_ballot=81 current_ballot=101 match=false
[step=1545] DELIVER from=1 to=1 type=Prepare { ballot: 92 } queue_len=185
[step=1546] DELIVER from=1 to=2 type=Prepare { ballot: 92 } queue_len=185
[step=1547] DELIVER from=1 to=3 type=Prepare { ballot: 92 } queue_len=185
[step=1548] DELIVER from=1 to=4 type=Prepare { ballot: 92 } queue_len=185
[step=1549] DELIVER from=1 to=5 type=Prepare { ballot: 92 } queue_len=185
[step=1550] DELIVER from=1 to=6 type=Prepare { ballot: 92 } queue_len=185
[step=1551] DELIVER from=1 to=7 type=Prepare { ballot: 92 } queue_len=185
[step=1552] DELIVER from=1 to=8 type=Prepare { ballot: 92 } queue_len=185
[step=1553] DELIVER from=1 to=9 type=Prepare { ballot: 92 } queue_len=185
[step=1554] DELIVER from=4 to=1 type=Promise { ballot: 81, accepted_ballot: None, accepted_value: None } queue_len=185
[PROMISE-TRACE] from=4 received_ballot=81 current_ballot=101 match=false
[step=1555] DELIVER from=5 to=1 type=Promise { ballot: 81, accepted_ballot: None, accepted_value: None } queue_len=184
[PROMISE-TRACE] from=5 received_ballot=81 current_ballot=101 match=false
[step=1556] DELIVER from=6 to=1 type=Promise { ballot: 81, accepted_ballot: None, accepted_value: None } queue_len=183
[PROMISE-TRACE] from=6 received_ballot=81 current_ballot=101 match=false
[step=1557] DELIVER from=7 to=1 type=Promise { ballot: 81, accepted_ballot: None, accepted_value: None } queue_len=182
[PROMISE-TRACE] from=7 received_ballot=81 current_ballot=101 match=false
[step=1558] DELIVER from=8 to=1 type=Promise { ballot: 81, accepted_ballot: None, accepted_value: None } queue_len=181
[PROMISE-TRACE] from=8 received_ballot=81 current_ballot=101 match=false
[step=1559] DELIVER from=9 to=1 type=Promise { ballot: 81, accepted_ballot: None, accepted_value: None } queue_len=180
[PROMISE-TRACE] from=9 received_ballot=81 current_ballot=101 match=false
[step=1560] DELIVER from=1 to=1 type=Promise { ballot: 82, accepted_ballot: None, accepted_value: None } queue_len=179
[PROMISE-TRACE] from=1 received_ballot=82 current_ballot=101 match=false
[step=1561] DELIVER from=2 to=1 type=Promise { ballot: 82, accepted_ballot: None, accepted_value: None } queue_len=178
[PROMISE-TRACE] from=2 received_ballot=82 current_ballot=101 match=false
[step=1562] DELIVER from=3 to=1 type=Promise { ballot: 82, accepted_ballot: None, accepted_value: None } queue_len=177
[PROMISE-TRACE] from=3 received_ballot=82 current_ballot=101 match=false
[step=1563] DELIVER from=1 to=1 type=Prepare { ballot: 93 } queue_len=176
[step=1564] DELIVER from=1 to=2 type=Prepare { ballot: 93 } queue_len=176
[step=1565] DELIVER from=1 to=3 type=Prepare { ballot: 93 } queue_len=176
[step=1566] DELIVER from=1 to=4 type=Prepare { ballot: 93 } queue_len=176
[step=1567] DELIVER from=1 to=5 type=Prepare { ballot: 93 } queue_len=176
[step=1568] DELIVER from=1 to=6 type=Prepare { ballot: 93 } queue_len=176
[step=1569] DELIVER from=1 to=7 type=Prepare { ballot: 93 } queue_len=176
[step=1570] DELIVER from=1 to=8 type=Prepare { ballot: 93 } queue_len=176
[step=1571] DELIVER from=1 to=9 type=Prepare { ballot: 93 } queue_len=176
[step=1572] DELIVER from=4 to=1 type=Promise { ballot: 82, accepted_ballot: None, accepted_value: None } queue_len=176
[PROMISE-TRACE] from=4 received_ballot=82 current_ballot=101 match=false
[step=1573] DELIVER from=5 to=1 type=Promise { ballot: 82, accepted_ballot: None, accepted_value: None } queue_len=175
[PROMISE-TRACE] from=5 received_ballot=82 current_ballot=101 match=false
[step=1574] DELIVER from=6 to=1 type=Promise { ballot: 82, accepted_ballot: None, accepted_value: None } queue_len=174
[PROMISE-TRACE] from=6 received_ballot=82 current_ballot=101 match=false
[step=1575] DELIVER from=7 to=1 type=Promise { ballot: 82, accepted_ballot: None, accepted_value: None } queue_len=173
[PROMISE-TRACE] from=7 received_ballot=82 current_ballot=101 match=false
[step=1576] DELIVER from=8 to=1 type=Promise { ballot: 82, accepted_ballot: None, accepted_value: None } queue_len=172
[PROMISE-TRACE] from=8 received_ballot=82 current_ballot=101 match=false
[step=1577] DELIVER from=9 to=1 type=Promise { ballot: 82, accepted_ballot: None, accepted_value: None } queue_len=171
[PROMISE-TRACE] from=9 received_ballot=82 current_ballot=101 match=false
[step=1578] DELIVER from=1 to=1 type=Prepare { ballot: 94 } queue_len=170
[step=1579] DELIVER from=1 to=2 type=Prepare { ballot: 94 } queue_len=170
[step=1580] DELIVER from=1 to=3 type=Prepare { ballot: 94 } queue_len=170
[step=1581] DELIVER from=1 to=4 type=Prepare { ballot: 94 } queue_len=170
[step=1582] DELIVER from=1 to=5 type=Prepare { ballot: 94 } queue_len=170
[step=1583] DELIVER from=1 to=6 type=Prepare { ballot: 94 } queue_len=170
[step=1584] DELIVER from=1 to=7 type=Prepare { ballot: 94 } queue_len=170
[step=1585] DELIVER from=1 to=8 type=Prepare { ballot: 94 } queue_len=170
[step=1586] DELIVER from=1 to=9 type=Prepare { ballot: 94 } queue_len=170
[step=1587] DELIVER from=1 to=1 type=Promise { ballot: 83, accepted_ballot: None, accepted_value: None } queue_len=170
[PROMISE-TRACE] from=1 received_ballot=83 current_ballot=101 match=false
[step=1588] DELIVER from=2 to=1 type=Promise { ballot: 83, accepted_ballot: None, accepted_value: None } queue_len=169
[PROMISE-TRACE] from=2 received_ballot=83 current_ballot=101 match=false
[step=1589] DELIVER from=3 to=1 type=Promise { ballot: 83, accepted_ballot: None, accepted_value: None } queue_len=168
[PROMISE-TRACE] from=3 received_ballot=83 current_ballot=101 match=false
[step=1590] DELIVER from=4 to=1 type=Promise { ballot: 83, accepted_ballot: None, accepted_value: None } queue_len=167
[PROMISE-TRACE] from=4 received_ballot=83 current_ballot=101 match=false
[step=1591] DELIVER from=5 to=1 type=Promise { ballot: 83, accepted_ballot: None, accepted_value: None } queue_len=166
[PROMISE-TRACE] from=5 received_ballot=83 current_ballot=101 match=false
[step=1592] DELIVER from=6 to=1 type=Promise { ballot: 83, accepted_ballot: None, accepted_value: None } queue_len=165
[PROMISE-TRACE] from=6 received_ballot=83 current_ballot=101 match=false
[step=1593] DELIVER from=7 to=1 type=Promise { ballot: 83, accepted_ballot: None, accepted_value: None } queue_len=164
[PROMISE-TRACE] from=7 received_ballot=83 current_ballot=101 match=false
[step=1594] DELIVER from=8 to=1 type=Promise { ballot: 83, accepted_ballot: None, accepted_value: None } queue_len=163
[PROMISE-TRACE] from=8 received_ballot=83 current_ballot=101 match=false
[step=1595] DELIVER from=9 to=1 type=Promise { ballot: 83, accepted_ballot: None, accepted_value: None } queue_len=162
[PROMISE-TRACE] from=9 received_ballot=83 current_ballot=101 match=false
[step=1596] DELIVER from=1 to=1 type=Prepare { ballot: 95 } queue_len=161
[step=1597] DELIVER from=1 to=2 type=Prepare { ballot: 95 } queue_len=161
[step=1598] DELIVER from=1 to=3 type=Prepare { ballot: 95 } queue_len=161
[step=1599] DELIVER from=1 to=4 type=Prepare { ballot: 95 } queue_len=161
[step=1600] DELIVER from=1 to=5 type=Prepare { ballot: 95 } queue_len=161
[step=1601] DELIVER from=1 to=6 type=Prepare { ballot: 95 } queue_len=161
[step=1602] DELIVER from=1 to=7 type=Prepare { ballot: 95 } queue_len=161
[step=1603] DELIVER from=1 to=8 type=Prepare { ballot: 95 } queue_len=161
[step=1604] DELIVER from=1 to=9 type=Prepare { ballot: 95 } queue_len=161
[step=1605] DELIVER from=1 to=1 type=Promise { ballot: 84, accepted_ballot: None, accepted_value: None } queue_len=161
[PROMISE-TRACE] from=1 received_ballot=84 current_ballot=101 match=false
[step=1606] DELIVER from=2 to=1 type=Promise { ballot: 84, accepted_ballot: None, accepted_value: None } queue_len=160
[PROMISE-TRACE] from=2 received_ballot=84 current_ballot=101 match=false
[step=1607] DELIVER from=3 to=1 type=Promise { ballot: 84, accepted_ballot: None, accepted_value: None } queue_len=159
[PROMISE-TRACE] from=3 received_ballot=84 current_ballot=101 match=false
[step=1608] DELIVER from=4 to=1 type=Promise { ballot: 84, accepted_ballot: None, accepted_value: None } queue_len=158
[PROMISE-TRACE] from=4 received_ballot=84 current_ballot=101 match=false
[step=1609] DELIVER from=5 to=1 type=Promise { ballot: 84, accepted_ballot: None, accepted_value: None } queue_len=157
[PROMISE-TRACE] from=5 received_ballot=84 current_ballot=101 match=false
[step=1610] DELIVER from=6 to=1 type=Promise { ballot: 84, accepted_ballot: None, accepted_value: None } queue_len=156
[PROMISE-TRACE] from=6 received_ballot=84 current_ballot=101 match=false
[step=1611] DELIVER from=7 to=1 type=Promise { ballot: 84, accepted_ballot: None, accepted_value: None } queue_len=155
[PROMISE-TRACE] from=7 received_ballot=84 current_ballot=101 match=false
[step=1612] DELIVER from=8 to=1 type=Promise { ballot: 84, accepted_ballot: None, accepted_value: None } queue_len=154
[PROMISE-TRACE] from=8 received_ballot=84 current_ballot=101 match=false
[step=1613] DELIVER from=9 to=1 type=Promise { ballot: 84, accepted_ballot: None, accepted_value: None } queue_len=153
[PROMISE-TRACE] from=9 received_ballot=84 current_ballot=101 match=false
[step=1614] DELIVER from=1 to=1 type=Prepare { ballot: 96 } queue_len=152
[step=1615] DELIVER from=1 to=2 type=Prepare { ballot: 96 } queue_len=152
[step=1616] DELIVER from=1 to=3 type=Prepare { ballot: 96 } queue_len=152
[step=1617] DELIVER from=1 to=4 type=Prepare { ballot: 96 } queue_len=152
[step=1618] DELIVER from=1 to=5 type=Prepare { ballot: 96 } queue_len=152
[step=1619] DELIVER from=1 to=6 type=Prepare { ballot: 96 } queue_len=152
[step=1620] DELIVER from=1 to=7 type=Prepare { ballot: 96 } queue_len=152
[step=1621] DELIVER from=1 to=8 type=Prepare { ballot: 96 } queue_len=152
[step=1622] DELIVER from=1 to=9 type=Prepare { ballot: 96 } queue_len=152
[step=1623] DELIVER from=1 to=1 type=Promise { ballot: 85, accepted_ballot: None, accepted_value: None } queue_len=152
[PROMISE-TRACE] from=1 received_ballot=85 current_ballot=101 match=false
[step=1624] DELIVER from=2 to=1 type=Promise { ballot: 85, accepted_ballot: None, accepted_value: None } queue_len=151
[PROMISE-TRACE] from=2 received_ballot=85 current_ballot=101 match=false
[step=1625] DELIVER from=3 to=1 type=Promise { ballot: 85, accepted_ballot: None, accepted_value: None } queue_len=150
[PROMISE-TRACE] from=3 received_ballot=85 current_ballot=101 match=false
[step=1626] DELIVER from=4 to=1 type=Promise { ballot: 85, accepted_ballot: None, accepted_value: None } queue_len=149
[PROMISE-TRACE] from=4 received_ballot=85 current_ballot=101 match=false
[step=1627] DELIVER from=5 to=1 type=Promise { ballot: 85, accepted_ballot: None, accepted_value: None } queue_len=148
[PROMISE-TRACE] from=5 received_ballot=85 current_ballot=101 match=false
[step=1628] DELIVER from=6 to=1 type=Promise { ballot: 85, accepted_ballot: None, accepted_value: None } queue_len=147
[PROMISE-TRACE] from=6 received_ballot=85 current_ballot=101 match=false
[step=1629] DELIVER from=7 to=1 type=Promise { ballot: 85, accepted_ballot: None, accepted_value: None } queue_len=146
[PROMISE-TRACE] from=7 received_ballot=85 current_ballot=101 match=false
[step=1630] DELIVER from=8 to=1 type=Promise { ballot: 85, accepted_ballot: None, accepted_value: None } queue_len=145
[PROMISE-TRACE] from=8 received_ballot=85 current_ballot=101 match=false
[step=1631] DELIVER from=9 to=1 type=Promise { ballot: 85, accepted_ballot: None, accepted_value: None } queue_len=144
[PROMISE-TRACE] from=9 received_ballot=85 current_ballot=101 match=false
[step=1632] DELIVER from=1 to=1 type=Prepare { ballot: 97 } queue_len=143
[step=1633] DELIVER from=1 to=2 type=Prepare { ballot: 97 } queue_len=143
[step=1634] DELIVER from=1 to=3 type=Prepare { ballot: 97 } queue_len=143
[step=1635] DELIVER from=1 to=4 type=Prepare { ballot: 97 } queue_len=143
[step=1636] DELIVER from=1 to=5 type=Prepare { ballot: 97 } queue_len=143
[step=1637] DELIVER from=1 to=6 type=Prepare { ballot: 97 } queue_len=143
[step=1638] DELIVER from=1 to=7 type=Prepare { ballot: 97 } queue_len=143
[step=1639] DELIVER from=1 to=8 type=Prepare { ballot: 97 } queue_len=143
[step=1640] DELIVER from=1 to=9 type=Prepare { ballot: 97 } queue_len=143
[step=1641] DELIVER from=1 to=1 type=Promise { ballot: 86, accepted_ballot: None, accepted_value: None } queue_len=143
[PROMISE-TRACE] from=1 received_ballot=86 current_ballot=101 match=false
[step=1642] DELIVER from=2 to=1 type=Promise { ballot: 86, accepted_ballot: None, accepted_value: None } queue_len=142
[PROMISE-TRACE] from=2 received_ballot=86 current_ballot=101 match=false
[step=1643] DELIVER from=3 to=1 type=Promise { ballot: 86, accepted_ballot: None, accepted_value: None } queue_len=141
[PROMISE-TRACE] from=3 received_ballot=86 current_ballot=101 match=false
[step=1644] DELIVER from=4 to=1 type=Promise { ballot: 86, accepted_ballot: None, accepted_value: None } queue_len=140
[PROMISE-TRACE] from=4 received_ballot=86 current_ballot=101 match=false
[step=1645] DELIVER from=5 to=1 type=Promise { ballot: 86, accepted_ballot: None, accepted_value: None } queue_len=139
[PROMISE-TRACE] from=5 received_ballot=86 current_ballot=101 match=false
[step=1646] DELIVER from=6 to=1 type=Promise { ballot: 86, accepted_ballot: None, accepted_value: None } queue_len=138
[PROMISE-TRACE] from=6 received_ballot=86 current_ballot=101 match=false
[step=1647] DELIVER from=7 to=1 type=Promise { ballot: 86, accepted_ballot: None, accepted_value: None } queue_len=137
[PROMISE-TRACE] from=7 received_ballot=86 current_ballot=101 match=false
[step=1648] DELIVER from=8 to=1 type=Promise { ballot: 86, accepted_ballot: None, accepted_value: None } queue_len=136
[PROMISE-TRACE] from=8 received_ballot=86 current_ballot=101 match=false
[step=1649] DELIVER from=9 to=1 type=Promise { ballot: 86, accepted_ballot: None, accepted_value: None } queue_len=135
[PROMISE-TRACE] from=9 received_ballot=86 current_ballot=101 match=false
[step=1650] DELIVER from=1 to=1 type=Prepare { ballot: 98 } queue_len=134
[step=1651] DELIVER from=1 to=2 type=Prepare { ballot: 98 } queue_len=134
[step=1652] DELIVER from=1 to=3 type=Prepare { ballot: 98 } queue_len=134
[step=1653] DELIVER from=1 to=4 type=Prepare { ballot: 98 } queue_len=134
[step=1654] DELIVER from=1 to=5 type=Prepare { ballot: 98 } queue_len=134
[step=1655] DELIVER from=1 to=6 type=Prepare { ballot: 98 } queue_len=134
[step=1656] DELIVER from=1 to=7 type=Prepare { ballot: 98 } queue_len=134
[step=1657] DELIVER from=1 to=8 type=Prepare { ballot: 98 } queue_len=134
[step=1658] DELIVER from=1 to=9 type=Prepare { ballot: 98 } queue_len=134
[step=1659] DELIVER from=1 to=1 type=Promise { ballot: 87, accepted_ballot: None, accepted_value: None } queue_len=134
[PROMISE-TRACE] from=1 received_ballot=87 current_ballot=101 match=false
[step=1660] DELIVER from=2 to=1 type=Promise { ballot: 87, accepted_ballot: None, accepted_value: None } queue_len=133
[PROMISE-TRACE] from=2 received_ballot=87 current_ballot=101 match=false
[step=1661] DELIVER from=3 to=1 type=Promise { ballot: 87, accepted_ballot: None, accepted_value: None } queue_len=132
[PROMISE-TRACE] from=3 received_ballot=87 current_ballot=101 match=false
[step=1662] DELIVER from=4 to=1 type=Promise { ballot: 87, accepted_ballot: None, accepted_value: None } queue_len=131
[PROMISE-TRACE] from=4 received_ballot=87 current_ballot=101 match=false
[step=1663] DELIVER from=5 to=1 type=Promise { ballot: 87, accepted_ballot: None, accepted_value: None } queue_len=130
[PROMISE-TRACE] from=5 received_ballot=87 current_ballot=101 match=false
[step=1664] DELIVER from=6 to=1 type=Promise { ballot: 87, accepted_ballot: None, accepted_value: None } queue_len=129
[PROMISE-TRACE] from=6 received_ballot=87 current_ballot=101 match=false
[step=1665] DELIVER from=7 to=1 type=Promise { ballot: 87, accepted_ballot: None, accepted_value: None } queue_len=128
[PROMISE-TRACE] from=7 received_ballot=87 current_ballot=101 match=false
[step=1666] DELIVER from=8 to=1 type=Promise { ballot: 87, accepted_ballot: None, accepted_value: None } queue_len=127
[PROMISE-TRACE] from=8 received_ballot=87 current_ballot=101 match=false
[step=1667] DELIVER from=9 to=1 type=Promise { ballot: 87, accepted_ballot: None, accepted_value: None } queue_len=126
[PROMISE-TRACE] from=9 received_ballot=87 current_ballot=101 match=false
[step=1668] DELIVER from=1 to=1 type=Prepare { ballot: 99 } queue_len=125
[step=1669] DELIVER from=1 to=2 type=Prepare { ballot: 99 } queue_len=125
[step=1670] DELIVER from=1 to=3 type=Prepare { ballot: 99 } queue_len=125
[step=1671] DELIVER from=1 to=4 type=Prepare { ballot: 99 } queue_len=125
[step=1672] DELIVER from=1 to=5 type=Prepare { ballot: 99 } queue_len=125
[step=1673] DELIVER from=1 to=6 type=Prepare { ballot: 99 } queue_len=125
[step=1674] DELIVER from=1 to=7 type=Prepare { ballot: 99 } queue_len=125
[step=1675] DELIVER from=1 to=8 type=Prepare { ballot: 99 } queue_len=125
[step=1676] DELIVER from=1 to=9 type=Prepare { ballot: 99 } queue_len=125
[step=1677] DELIVER from=1 to=1 type=Promise { ballot: 88, accepted_ballot: None, accepted_value: None } queue_len=125
[PROMISE-TRACE] from=1 received_ballot=88 current_ballot=101 match=false
[step=1678] DELIVER from=2 to=1 type=Promise { ballot: 88, accepted_ballot: None, accepted_value: None } queue_len=124
[PROMISE-TRACE] from=2 received_ballot=88 current_ballot=101 match=false
[step=1679] DELIVER from=3 to=1 type=Promise { ballot: 88, accepted_ballot: None, accepted_value: None } queue_len=123
[PROMISE-TRACE] from=3 received_ballot=88 current_ballot=101 match=false
[step=1680] DELIVER from=4 to=1 type=Promise { ballot: 88, accepted_ballot: None, accepted_value: None } queue_len=122
[PROMISE-TRACE] from=4 received_ballot=88 current_ballot=101 match=false
[step=1681] DELIVER from=5 to=1 type=Promise { ballot: 88, accepted_ballot: None, accepted_value: None } queue_len=121
[PROMISE-TRACE] from=5 received_ballot=88 current_ballot=101 match=false
[step=1682] DELIVER from=6 to=1 type=Promise { ballot: 88, accepted_ballot: None, accepted_value: None } queue_len=120
[PROMISE-TRACE] from=6 received_ballot=88 current_ballot=101 match=false
[step=1683] DELIVER from=1 to=1 type=Prepare { ballot: 100 } queue_len=119
[step=1684] DELIVER from=1 to=2 type=Prepare { ballot: 100 } queue_len=119
[step=1685] DELIVER from=1 to=3 type=Prepare { ballot: 100 } queue_len=119
[step=1686] DELIVER from=1 to=4 type=Prepare { ballot: 100 } queue_len=119
[step=1687] DELIVER from=1 to=5 type=Prepare { ballot: 100 } queue_len=119
[step=1688] DELIVER from=1 to=6 type=Prepare { ballot: 100 } queue_len=119
[step=1689] DELIVER from=1 to=7 type=Prepare { ballot: 100 } queue_len=119
[step=1690] DELIVER from=1 to=8 type=Prepare { ballot: 100 } queue_len=119
[step=1691] DELIVER from=1 to=9 type=Prepare { ballot: 100 } queue_len=119
[step=1692] DELIVER from=7 to=1 type=Promise { ballot: 88, accepted_ballot: None, accepted_value: None } queue_len=119
[PROMISE-TRACE] from=7 received_ballot=88 current_ballot=101 match=false
[step=1693] DELIVER from=8 to=1 type=Promise { ballot: 88, accepted_ballot: None, accepted_value: None } queue_len=118
[PROMISE-TRACE] from=8 received_ballot=88 current_ballot=101 match=false
[step=1694] DELIVER from=9 to=1 type=Promise { ballot: 88, accepted_ballot: None, accepted_value: None } queue_len=117
[PROMISE-TRACE] from=9 received_ballot=88 current_ballot=101 match=false
[step=1695] DELIVER from=1 to=1 type=Promise { ballot: 89, accepted_ballot: None, accepted_value: None } queue_len=116
[PROMISE-TRACE] from=1 received_ballot=89 current_ballot=101 match=false
[step=1696] DELIVER from=2 to=1 type=Promise { ballot: 89, accepted_ballot: None, accepted_value: None } queue_len=115
[PROMISE-TRACE] from=2 received_ballot=89 current_ballot=101 match=false
[step=1697] DELIVER from=3 to=1 type=Promise { ballot: 89, accepted_ballot: None, accepted_value: None } queue_len=114
[PROMISE-TRACE] from=3 received_ballot=89 current_ballot=101 match=false
[step=1698] DELIVER from=1 to=1 type=Prepare { ballot: 101 } queue_len=113
[step=1699] DELIVER from=1 to=2 type=Prepare { ballot: 101 } queue_len=113
[step=1700] DELIVER from=1 to=3 type=Prepare { ballot: 101 } queue_len=113
[step=1701] DELIVER from=1 to=4 type=Prepare { ballot: 101 } queue_len=113
[step=1702] DELIVER from=1 to=5 type=Prepare { ballot: 101 } queue_len=113
[step=1703] DELIVER from=1 to=6 type=Prepare { ballot: 101 } queue_len=113
[step=1704] DELIVER from=1 to=7 type=Prepare { ballot: 101 } queue_len=113
[step=1705] DELIVER from=1 to=8 type=Prepare { ballot: 101 } queue_len=113
[step=1706] DELIVER from=1 to=9 type=Prepare { ballot: 101 } queue_len=113
[step=1707] DELIVER from=4 to=1 type=Promise { ballot: 89, accepted_ballot: None, accepted_value: None } queue_len=113
[PROMISE-TRACE] from=4 received_ballot=89 current_ballot=101 match=false
[step=1708] DELIVER from=5 to=1 type=Promise { ballot: 89, accepted_ballot: None, accepted_value: None } queue_len=112
[PROMISE-TRACE] from=5 received_ballot=89 current_ballot=101 match=false
[step=1709] DELIVER from=6 to=1 type=Promise { ballot: 89, accepted_ballot: None, accepted_value: None } queue_len=111
[PROMISE-TRACE] from=6 received_ballot=89 current_ballot=101 match=false
[step=1710] DELIVER from=7 to=1 type=Promise { ballot: 89, accepted_ballot: None, accepted_value: None } queue_len=110
[PROMISE-TRACE] from=7 received_ballot=89 current_ballot=101 match=false
[step=1711] DELIVER from=8 to=1 type=Promise { ballot: 89, accepted_ballot: None, accepted_value: None } queue_len=109
[PROMISE-TRACE] from=8 received_ballot=89 current_ballot=101 match=false
[step=1712] DELIVER from=9 to=1 type=Promise { ballot: 89, accepted_ballot: None, accepted_value: None } queue_len=108
[PROMISE-TRACE] from=9 received_ballot=89 current_ballot=101 match=false
[step=1713] DELIVER from=1 to=1 type=Promise { ballot: 90, accepted_ballot: None, accepted_value: None } queue_len=107
[PROMISE-TRACE] from=1 received_ballot=90 current_ballot=101 match=false
[step=1714] DELIVER from=2 to=1 type=Promise { ballot: 90, accepted_ballot: None, accepted_value: None } queue_len=106
[PROMISE-TRACE] from=2 received_ballot=90 current_ballot=101 match=false
[step=1715] DELIVER from=3 to=1 type=Promise { ballot: 90, accepted_ballot: None, accepted_value: None } queue_len=105
[PROMISE-TRACE] from=3 received_ballot=90 current_ballot=101 match=false
[step=1716] DELIVER from=4 to=1 type=Promise { ballot: 90, accepted_ballot: None, accepted_value: None } queue_len=104
[PROMISE-TRACE] from=4 received_ballot=90 current_ballot=101 match=false
[step=1717] DELIVER from=5 to=1 type=Promise { ballot: 90, accepted_ballot: None, accepted_value: None } queue_len=103
[PROMISE-TRACE] from=5 received_ballot=90 current_ballot=101 match=false
[step=1718] DELIVER from=6 to=1 type=Promise { ballot: 90, accepted_ballot: None, accepted_value: None } queue_len=102
[PROMISE-TRACE] from=6 received_ballot=90 current_ballot=101 match=false
[step=1719] DELIVER from=7 to=1 type=Promise { ballot: 90, accepted_ballot: None, accepted_value: None } queue_len=101
[PROMISE-TRACE] from=7 received_ballot=90 current_ballot=101 match=false
[step=1720] DELIVER from=8 to=1 type=Promise { ballot: 90, accepted_ballot: None, accepted_value: None } queue_len=100
[PROMISE-TRACE] from=8 received_ballot=90 current_ballot=101 match=false
[step=1721] DELIVER from=9 to=1 type=Promise { ballot: 90, accepted_ballot: None, accepted_value: None } queue_len=99
[PROMISE-TRACE] from=9 received_ballot=90 current_ballot=101 match=false
[step=1722] DELIVER from=1 to=1 type=Promise { ballot: 91, accepted_ballot: None, accepted_value: None } queue_len=98
[PROMISE-TRACE] from=1 received_ballot=91 current_ballot=101 match=false
[step=1723] DELIVER from=2 to=1 type=Promise { ballot: 91, accepted_ballot: None, accepted_value: None } queue_len=97
[PROMISE-TRACE] from=2 received_ballot=91 current_ballot=101 match=false
[step=1724] DELIVER from=3 to=1 type=Promise { ballot: 91, accepted_ballot: None, accepted_value: None } queue_len=96
[PROMISE-TRACE] from=3 received_ballot=91 current_ballot=101 match=false
[step=1725] DELIVER from=4 to=1 type=Promise { ballot: 91, accepted_ballot: None, accepted_value: None } queue_len=95
[PROMISE-TRACE] from=4 received_ballot=91 current_ballot=101 match=false
[step=1726] DELIVER from=5 to=1 type=Promise { ballot: 91, accepted_ballot: None, accepted_value: None } queue_len=94
[PROMISE-TRACE] from=5 received_ballot=91 current_ballot=101 match=false
[step=1727] DELIVER from=6 to=1 type=Promise { ballot: 91, accepted_ballot: None, accepted_value: None } queue_len=93
[PROMISE-TRACE] from=6 received_ballot=91 current_ballot=101 match=false
[step=1728] DELIVER from=7 to=1 type=Promise { ballot: 91, accepted_ballot: None, accepted_value: None } queue_len=92
[PROMISE-TRACE] from=7 received_ballot=91 current_ballot=101 match=false
[step=1729] DELIVER from=8 to=1 type=Promise { ballot: 91, accepted_ballot: None, accepted_value: None } queue_len=91
[PROMISE-TRACE] from=8 received_ballot=91 current_ballot=101 match=false
[step=1730] DELIVER from=9 to=1 type=Promise { ballot: 91, accepted_ballot: None, accepted_value: None } queue_len=90
[PROMISE-TRACE] from=9 received_ballot=91 current_ballot=101 match=false
[step=1731] DELIVER from=1 to=1 type=Promise { ballot: 92, accepted_ballot: None, accepted_value: None } queue_len=89
[PROMISE-TRACE] from=1 received_ballot=92 current_ballot=101 match=false
[step=1732] DELIVER from=2 to=1 type=Promise { ballot: 92, accepted_ballot: None, accepted_value: None } queue_len=88
[PROMISE-TRACE] from=2 received_ballot=92 current_ballot=101 match=false
[step=1733] DELIVER from=3 to=1 type=Promise { ballot: 92, accepted_ballot: None, accepted_value: None } queue_len=87
[PROMISE-TRACE] from=3 received_ballot=92 current_ballot=101 match=false
[step=1734] DELIVER from=4 to=1 type=Promise { ballot: 92, accepted_ballot: None, accepted_value: None } queue_len=86
[PROMISE-TRACE] from=4 received_ballot=92 current_ballot=101 match=false
[step=1735] DELIVER from=5 to=1 type=Promise { ballot: 92, accepted_ballot: None, accepted_value: None } queue_len=85
[PROMISE-TRACE] from=5 received_ballot=92 current_ballot=101 match=false
[step=1736] DELIVER from=6 to=1 type=Promise { ballot: 92, accepted_ballot: None, accepted_value: None } queue_len=84
[PROMISE-TRACE] from=6 received_ballot=92 current_ballot=101 match=false
[step=1737] DELIVER from=7 to=1 type=Promise { ballot: 92, accepted_ballot: None, accepted_value: None } queue_len=83
[PROMISE-TRACE] from=7 received_ballot=92 current_ballot=101 match=false
[step=1738] DELIVER from=8 to=1 type=Promise { ballot: 92, accepted_ballot: None, accepted_value: None } queue_len=82
[PROMISE-TRACE] from=8 received_ballot=92 current_ballot=101 match=false
[step=1739] DELIVER from=9 to=1 type=Promise { ballot: 92, accepted_ballot: None, accepted_value: None } queue_len=81
[PROMISE-TRACE] from=9 received_ballot=92 current_ballot=101 match=false
[step=1740] DELIVER from=1 to=1 type=Promise { ballot: 93, accepted_ballot: None, accepted_value: None } queue_len=80
[PROMISE-TRACE] from=1 received_ballot=93 current_ballot=101 match=false
[step=1741] DELIVER from=2 to=1 type=Promise { ballot: 93, accepted_ballot: None, accepted_value: None } queue_len=79
[PROMISE-TRACE] from=2 received_ballot=93 current_ballot=101 match=false
[step=1742] DELIVER from=3 to=1 type=Promise { ballot: 93, accepted_ballot: None, accepted_value: None } queue_len=78
[PROMISE-TRACE] from=3 received_ballot=93 current_ballot=101 match=false
[step=1743] DELIVER from=4 to=1 type=Promise { ballot: 93, accepted_ballot: None, accepted_value: None } queue_len=77
[PROMISE-TRACE] from=4 received_ballot=93 current_ballot=101 match=false
[step=1744] DELIVER from=5 to=1 type=Promise { ballot: 93, accepted_ballot: None, accepted_value: None } queue_len=76
[PROMISE-TRACE] from=5 received_ballot=93 current_ballot=101 match=false
[step=1745] DELIVER from=6 to=1 type=Promise { ballot: 93, accepted_ballot: None, accepted_value: None } queue_len=75
[PROMISE-TRACE] from=6 received_ballot=93 current_ballot=101 match=false
[step=1746] DELIVER from=7 to=1 type=Promise { ballot: 93, accepted_ballot: None, accepted_value: None } queue_len=74
[PROMISE-TRACE] from=7 received_ballot=93 current_ballot=101 match=false
[step=1747] DELIVER from=8 to=1 type=Promise { ballot: 93, accepted_ballot: None, accepted_value: None } queue_len=73
[PROMISE-TRACE] from=8 received_ballot=93 current_ballot=101 match=false
[step=1748] DELIVER from=9 to=1 type=Promise { ballot: 93, accepted_ballot: None, accepted_value: None } queue_len=72
[PROMISE-TRACE] from=9 received_ballot=93 current_ballot=101 match=false
[step=1749] DELIVER from=1 to=1 type=Promise { ballot: 94, accepted_ballot: None, accepted_value: None } queue_len=71
[PROMISE-TRACE] from=1 received_ballot=94 current_ballot=101 match=false
[step=1750] DELIVER from=2 to=1 type=Promise { ballot: 94, accepted_ballot: None, accepted_value: None } queue_len=70
[PROMISE-TRACE] from=2 received_ballot=94 current_ballot=101 match=false
[step=1751] DELIVER from=3 to=1 type=Promise { ballot: 94, accepted_ballot: None, accepted_value: None } queue_len=69
[PROMISE-TRACE] from=3 received_ballot=94 current_ballot=101 match=false
[step=1752] DELIVER from=4 to=1 type=Promise { ballot: 94, accepted_ballot: None, accepted_value: None } queue_len=68
[PROMISE-TRACE] from=4 received_ballot=94 current_ballot=101 match=false
[step=1753] DELIVER from=5 to=1 type=Promise { ballot: 94, accepted_ballot: None, accepted_value: None } queue_len=67
[PROMISE-TRACE] from=5 received_ballot=94 current_ballot=101 match=false
[step=1754] DELIVER from=6 to=1 type=Promise { ballot: 94, accepted_ballot: None, accepted_value: None } queue_len=66
[PROMISE-TRACE] from=6 received_ballot=94 current_ballot=101 match=false
[step=1755] DELIVER from=7 to=1 type=Promise { ballot: 94, accepted_ballot: None, accepted_value: None } queue_len=65
[PROMISE-TRACE] from=7 received_ballot=94 current_ballot=101 match=false
[step=1756] DELIVER from=8 to=1 type=Promise { ballot: 94, accepted_ballot: None, accepted_value: None } queue_len=64
[PROMISE-TRACE] from=8 received_ballot=94 current_ballot=101 match=false
[step=1757] DELIVER from=9 to=1 type=Promise { ballot: 94, accepted_ballot: None, accepted_value: None } queue_len=63
[PROMISE-TRACE] from=9 received_ballot=94 current_ballot=101 match=false
[step=1758] DELIVER from=1 to=1 type=Promise { ballot: 95, accepted_ballot: None, accepted_value: None } queue_len=62
[PROMISE-TRACE] from=1 received_ballot=95 current_ballot=101 match=false
[step=1759] DELIVER from=2 to=1 type=Promise { ballot: 95, accepted_ballot: None, accepted_value: None } queue_len=61
[PROMISE-TRACE] from=2 received_ballot=95 current_ballot=101 match=false
[step=1760] DELIVER from=3 to=1 type=Promise { ballot: 95, accepted_ballot: None, accepted_value: None } queue_len=60
[PROMISE-TRACE] from=3 received_ballot=95 current_ballot=101 match=false
[step=1761] DELIVER from=4 to=1 type=Promise { ballot: 95, accepted_ballot: None, accepted_value: None } queue_len=59
[PROMISE-TRACE] from=4 received_ballot=95 current_ballot=101 match=false
[step=1762] DELIVER from=5 to=1 type=Promise { ballot: 95, accepted_ballot: None, accepted_value: None } queue_len=58
[PROMISE-TRACE] from=5 received_ballot=95 current_ballot=101 match=false
[step=1763] DELIVER from=6 to=1 type=Promise { ballot: 95, accepted_ballot: None, accepted_value: None } queue_len=57
[PROMISE-TRACE] from=6 received_ballot=95 current_ballot=101 match=false
[step=1764] DELIVER from=7 to=1 type=Promise { ballot: 95, accepted_ballot: None, accepted_value: None } queue_len=56
[PROMISE-TRACE] from=7 received_ballot=95 current_ballot=101 match=false
[step=1765] DELIVER from=8 to=1 type=Promise { ballot: 95, accepted_ballot: None, accepted_value: None } queue_len=55
[PROMISE-TRACE] from=8 received_ballot=95 current_ballot=101 match=false
[step=1766] DELIVER from=9 to=1 type=Promise { ballot: 95, accepted_ballot: None, accepted_value: None } queue_len=54
[PROMISE-TRACE] from=9 received_ballot=95 current_ballot=101 match=false
[step=1767] DELIVER from=1 to=1 type=Promise { ballot: 96, accepted_ballot: None, accepted_value: None } queue_len=53
[PROMISE-TRACE] from=1 received_ballot=96 current_ballot=101 match=false
[step=1768] DELIVER from=2 to=1 type=Promise { ballot: 96, accepted_ballot: None, accepted_value: None } queue_len=52
[PROMISE-TRACE] from=2 received_ballot=96 current_ballot=101 match=false
[step=1769] DELIVER from=3 to=1 type=Promise { ballot: 96, accepted_ballot: None, accepted_value: None } queue_len=51
[PROMISE-TRACE] from=3 received_ballot=96 current_ballot=101 match=false
[step=1770] DELIVER from=4 to=1 type=Promise { ballot: 96, accepted_ballot: None, accepted_value: None } queue_len=50
[PROMISE-TRACE] from=4 received_ballot=96 current_ballot=101 match=false
[step=1771] DELIVER from=5 to=1 type=Promise { ballot: 96, accepted_ballot: None, accepted_value: None } queue_len=49
[PROMISE-TRACE] from=5 received_ballot=96 current_ballot=101 match=false
[step=1772] DELIVER from=6 to=1 type=Promise { ballot: 96, accepted_ballot: None, accepted_value: None } queue_len=48
[PROMISE-TRACE] from=6 received_ballot=96 current_ballot=101 match=false
[step=1773] DELIVER from=7 to=1 type=Promise { ballot: 96, accepted_ballot: None, accepted_value: None } queue_len=47
[PROMISE-TRACE] from=7 received_ballot=96 current_ballot=101 match=false
[step=1774] DELIVER from=8 to=1 type=Promise { ballot: 96, accepted_ballot: None, accepted_value: None } queue_len=46
[PROMISE-TRACE] from=8 received_ballot=96 current_ballot=101 match=false
[step=1775] DELIVER from=9 to=1 type=Promise { ballot: 96, accepted_ballot: None, accepted_value: None } queue_len=45
[PROMISE-TRACE] from=9 received_ballot=96 current_ballot=101 match=false
[step=1776] DELIVER from=1 to=1 type=Promise { ballot: 97, accepted_ballot: None, accepted_value: None } queue_len=44
[PROMISE-TRACE] from=1 received_ballot=97 current_ballot=101 match=false
[step=1777] DELIVER from=2 to=1 type=Promise { ballot: 97, accepted_ballot: None, accepted_value: None } queue_len=43
[PROMISE-TRACE] from=2 received_ballot=97 current_ballot=101 match=false
[step=1778] DELIVER from=3 to=1 type=Promise { ballot: 97, accepted_ballot: None, accepted_value: None } queue_len=42
[PROMISE-TRACE] from=3 received_ballot=97 current_ballot=101 match=false
[step=1779] DELIVER from=4 to=1 type=Promise { ballot: 97, accepted_ballot: None, accepted_value: None } queue_len=41
[PROMISE-TRACE] from=4 received_ballot=97 current_ballot=101 match=false
[step=1780] DELIVER from=5 to=1 type=Promise { ballot: 97, accepted_ballot: None, accepted_value: None } queue_len=40
[PROMISE-TRACE] from=5 received_ballot=97 current_ballot=101 match=false
[step=1781] DELIVER from=6 to=1 type=Promise { ballot: 97, accepted_ballot: None, accepted_value: None } queue_len=39
[PROMISE-TRACE] from=6 received_ballot=97 current_ballot=101 match=false
[step=1782] DELIVER from=7 to=1 type=Promise { ballot: 97, accepted_ballot: None, accepted_value: None } queue_len=38
[PROMISE-TRACE] from=7 received_ballot=97 current_ballot=101 match=false
[step=1783] DELIVER from=8 to=1 type=Promise { ballot: 97, accepted_ballot: None, accepted_value: None } queue_len=37
[PROMISE-TRACE] from=8 received_ballot=97 current_ballot=101 match=false
[step=1784] DELIVER from=9 to=1 type=Promise { ballot: 97, accepted_ballot: None, accepted_value: None } queue_len=36
[PROMISE-TRACE] from=9 received_ballot=97 current_ballot=101 match=false
[step=1785] DELIVER from=1 to=1 type=Promise { ballot: 98, accepted_ballot: None, accepted_value: None } queue_len=35
[PROMISE-TRACE] from=1 received_ballot=98 current_ballot=101 match=false
[step=1786] DELIVER from=2 to=1 type=Promise { ballot: 98, accepted_ballot: None, accepted_value: None } queue_len=34
[PROMISE-TRACE] from=2 received_ballot=98 current_ballot=101 match=false
[step=1787] DELIVER from=3 to=1 type=Promise { ballot: 98, accepted_ballot: None, accepted_value: None } queue_len=33
[PROMISE-TRACE] from=3 received_ballot=98 current_ballot=101 match=false
[step=1788] DELIVER from=4 to=1 type=Promise { ballot: 98, accepted_ballot: None, accepted_value: None } queue_len=32
[PROMISE-TRACE] from=4 received_ballot=98 current_ballot=101 match=false
[step=1789] DELIVER from=5 to=1 type=Promise { ballot: 98, accepted_ballot: None, accepted_value: None } queue_len=31
[PROMISE-TRACE] from=5 received_ballot=98 current_ballot=101 match=false
[step=1790] DELIVER from=6 to=1 type=Promise { ballot: 98, accepted_ballot: None, accepted_value: None } queue_len=30
[PROMISE-TRACE] from=6 received_ballot=98 current_ballot=101 match=false
[step=1791] DELIVER from=7 to=1 type=Promise { ballot: 98, accepted_ballot: None, accepted_value: None } queue_len=29
[PROMISE-TRACE] from=7 received_ballot=98 current_ballot=101 match=false
[step=1792] DELIVER from=8 to=1 type=Promise { ballot: 98, accepted_ballot: None, accepted_value: None } queue_len=28
[PROMISE-TRACE] from=8 received_ballot=98 current_ballot=101 match=false
[step=1793] DELIVER from=9 to=1 type=Promise { ballot: 98, accepted_ballot: None, accepted_value: None } queue_len=27
[PROMISE-TRACE] from=9 received_ballot=98 current_ballot=101 match=false
[step=1794] DELIVER from=1 to=1 type=Promise { ballot: 99, accepted_ballot: None, accepted_value: None } queue_len=26
[PROMISE-TRACE] from=1 received_ballot=99 current_ballot=101 match=false
[step=1795] DELIVER from=2 to=1 type=Promise { ballot: 99, accepted_ballot: None, accepted_value: None } queue_len=25
[PROMISE-TRACE] from=2 received_ballot=99 current_ballot=101 match=false
[step=1796] DELIVER from=3 to=1 type=Promise { ballot: 99, accepted_ballot: None, accepted_value: None } queue_len=24
[PROMISE-TRACE] from=3 received_ballot=99 current_ballot=101 match=false
[step=1797] DELIVER from=4 to=1 type=Promise { ballot: 99, accepted_ballot: None, accepted_value: None } queue_len=23
[PROMISE-TRACE] from=4 received_ballot=99 current_ballot=101 match=false
[step=1798] DELIVER from=5 to=1 type=Promise { ballot: 99, accepted_ballot: None, accepted_value: None } queue_len=22
[PROMISE-TRACE] from=5 received_ballot=99 current_ballot=101 match=false
[step=1799] DELIVER from=6 to=1 type=Promise { ballot: 99, accepted_ballot: None, accepted_value: None } queue_len=21
[PROMISE-TRACE] from=6 received_ballot=99 current_ballot=101 match=false
[step=1800] DELIVER from=7 to=1 type=Promise { ballot: 99, accepted_ballot: None, accepted_value: None } queue_len=20
[PROMISE-TRACE] from=7 received_ballot=99 current_ballot=101 match=false
[step=1801] DELIVER from=8 to=1 type=Promise { ballot: 99, accepted_ballot: None, accepted_value: None } queue_len=19
[PROMISE-TRACE] from=8 received_ballot=99 current_ballot=101 match=false
[step=1802] DELIVER from=9 to=1 type=Promise { ballot: 99, accepted_ballot: None, accepted_value: None } queue_len=18
[PROMISE-TRACE] from=9 received_ballot=99 current_ballot=101 match=false
[step=1803] DELIVER from=1 to=1 type=Promise { ballot: 100, accepted_ballot: None, accepted_value: None } queue_len=17
[PROMISE-TRACE] from=1 received_ballot=100 current_ballot=101 match=false
[step=1804] DELIVER from=2 to=1 type=Promise { ballot: 100, accepted_ballot: None, accepted_value: None } queue_len=16
[PROMISE-TRACE] from=2 received_ballot=100 current_ballot=101 match=false
[step=1805] DELIVER from=3 to=1 type=Promise { ballot: 100, accepted_ballot: None, accepted_value: None } queue_len=15
[PROMISE-TRACE] from=3 received_ballot=100 current_ballot=101 match=false
[step=1806] DELIVER from=4 to=1 type=Promise { ballot: 100, accepted_ballot: None, accepted_value: None } queue_len=14
[PROMISE-TRACE] from=4 received_ballot=100 current_ballot=101 match=false
[step=1807] DELIVER from=5 to=1 type=Promise { ballot: 100, accepted_ballot: None, accepted_value: None } queue_len=13
[PROMISE-TRACE] from=5 received_ballot=100 current_ballot=101 match=false
[step=1808] DELIVER from=6 to=1 type=Promise { ballot: 100, accepted_ballot: None, accepted_value: None } queue_len=12
[PROMISE-TRACE] from=6 received_ballot=100 current_ballot=101 match=false
[step=1809] DELIVER from=7 to=1 type=Promise { ballot: 100, accepted_ballot: None, accepted_value: None } queue_len=11
[PROMISE-TRACE] from=7 received_ballot=100 current_ballot=101 match=false
[step=1810] DELIVER from=8 to=1 type=Promise { ballot: 100, accepted_ballot: None, accepted_value: None } queue_len=10
[PROMISE-TRACE] from=8 received_ballot=100 current_ballot=101 match=false
[step=1811] DELIVER from=9 to=1 type=Promise { ballot: 100, accepted_ballot: None, accepted_value: None } queue_len=9
[PROMISE-TRACE] from=9 received_ballot=100 current_ballot=101 match=false
[step=1812] DELIVER from=1 to=1 type=Promise { ballot: 101, accepted_ballot: None, accepted_value: None } queue_len=8
[PROMISE-TRACE] from=1 received_ballot=101 current_ballot=101 match=true
[step=1813] DELIVER from=2 to=1 type=Promise { ballot: 101, accepted_ballot: None, accepted_value: None } queue_len=7
[PROMISE-TRACE] from=2 received_ballot=101 current_ballot=101 match=true
[step=1814] DELIVER from=3 to=1 type=Promise { ballot: 101, accepted_ballot: None, accepted_value: None } queue_len=6
[PROMISE-TRACE] from=3 received_ballot=101 current_ballot=101 match=true
[step=1815] DELIVER from=4 to=1 type=Promise { ballot: 101, accepted_ballot: None, accepted_value: None } queue_len=5
[PROMISE-TRACE] from=4 received_ballot=101 current_ballot=101 match=true
[step=1816] DELIVER from=5 to=1 type=Promise { ballot: 101, accepted_ballot: None, accepted_value: None } queue_len=4
[PROMISE-TRACE] from=5 received_ballot=101 current_ballot=101 match=true
[PAXOS-QUORUM-PROMISE] ballot=101 count=5 quorum=5 current=101
[step=1817] DELIVER from=6 to=1 type=Promise { ballot: 101, accepted_ballot: None, accepted_value: None } queue_len=12
[PROMISE-TRACE] from=6 received_ballot=101 current_ballot=101 match=true
[step=1818] DELIVER from=7 to=1 type=Promise { ballot: 101, accepted_ballot: None, accepted_value: None } queue_len=11
[PROMISE-TRACE] from=7 received_ballot=101 current_ballot=101 match=true
[step=1819] DELIVER from=8 to=1 type=Promise { ballot: 101, accepted_ballot: None, accepted_value: None } queue_len=10
[PROMISE-TRACE] from=8 received_ballot=101 current_ballot=101 match=true
[step=1820] DELIVER from=9 to=1 type=Promise { ballot: 101, accepted_ballot: None, accepted_value: None } queue_len=9
[PROMISE-TRACE] from=9 received_ballot=101 current_ballot=101 match=true
[step=1821] DELIVER from=1 to=1 type=AcceptRequest { ballot: 101, value: "v1" } queue_len=8
Broadcasting AcceptRequest(101, v1)
[step=1822] DELIVER from=1 to=2 type=AcceptRequest { ballot: 101, value: "v1" } queue_len=8
Broadcasting AcceptRequest(101, v1)
[step=1823] DELIVER from=1 to=3 type=AcceptRequest { ballot: 101, value: "v1" } queue_len=8
Broadcasting AcceptRequest(101, v1)
[step=1824] DELIVER from=1 to=4 type=AcceptRequest { ballot: 101, value: "v1" } queue_len=8
Broadcasting AcceptRequest(101, v1)
[step=1825] DELIVER from=1 to=5 type=AcceptRequest { ballot: 101, value: "v1" } queue_len=8
Broadcasting AcceptRequest(101, v1)
[step=1826] DELIVER from=1 to=6 type=AcceptRequest { ballot: 101, value: "v1" } queue_len=8
Broadcasting AcceptRequest(101, v1)
[step=1827] DELIVER from=1 to=7 type=AcceptRequest { ballot: 101, value: "v1" } queue_len=8
Broadcasting AcceptRequest(101, v1)
[step=1828] DELIVER from=1 to=8 type=AcceptRequest { ballot: 101, value: "v1" } queue_len=8
Broadcasting AcceptRequest(101, v1)
[step=1829] DELIVER from=1 to=9 type=AcceptRequest { ballot: 101, value: "v1" } queue_len=8
Broadcasting AcceptRequest(101, v1)
[step=1830] DELIVER from=1 to=1 type=Accepted { ballot: 101, value: "v1" } queue_len=8
[TIMEOUT-CAUSE] phase=WaitingForAccepted ballot=101 promises=9 accepted=1 quorum=5
[step=1831] DELIVER from=2 to=1 type=Accepted { ballot: 101, value: "v1" } queue_len=7
[step=1832] DELIVER from=3 to=1 type=Accepted { ballot: 101, value: "v1" } queue_len=6
[step=1833] DELIVER from=4 to=1 type=Accepted { ballot: 101, value: "v1" } queue_len=5
[step=1834] DELIVER from=5 to=1 type=Accepted { ballot: 101, value: "v1" } queue_len=4
[PAXOS-QUORUM-ACCEPTED] ballot=101 count=5 quorum=5 current=101
[step=1835] DELIVER from=6 to=1 type=Accepted { ballot: 101, value: "v1" } queue_len=3
[step=1836] DELIVER from=7 to=1 type=Accepted { ballot: 101, value: "v1" } queue_len=2
[step=1837] DELIVER from=8 to=1 type=Accepted { ballot: 101, value: "v1" } queue_len=1
[step=1838] DELIVER from=9 to=1 type=Accepted { ballot: 101, value: "v1" } queue_len=0

=== Metrics ===
Messages Sent: 1836
Messages Delivered: 1836
Scheduler Steps: 1840
Stale Messages Ignored: 0
Messages Sent Until Decision: 0
Undelivered Messages At Decision: 0
Timeout triggered: 100
View changes: 0
Decisions: 1
Prepare Messages: 909
Promise Messages: 909
Accept Requests: 9
Accepted Messages: 9
Raft Leader Elected: false
Raft Leader Id: None
Raft Election Count: 0
AppendEntries Messages: 0
AppendResponse Messages: 0
Heartbeat Successes: 0
Heartbeat Rejections: 0
Raft Config Changes: 0
Raft Config Acks: 0
Raft Config Activated: false
Nack Messages: 0
Paxos Retries: 100
Max Ballot Seen: 101
Reached Step Cap: false
Max Steps: 5000
Membership Changes: 0
Membership Acks: 0
Chosen Values: {"v1"}
Safety Violation: false
Paxos Retry Exhausted: false
Critical Messages Delayed: 0
Delayed Messages Released: 0
